0.0,0.0,5.806236988330592,0.0030055113954244204,-0.437323491110526,-0.006457302990790336
0.0,0.0,5.806904959087269,0.0030087978595507723,-0.43754333365732245,-0.006478629764802329
0.0,0.0,5.8130443503055815,0.003010218312408391,-0.4379612108368156,-0.006464076344244984
0.0,0.0,5.814116662196282,0.0030120897477297318,-0.4381960833499867,-0.006485414736409006
0.0,0.0,5.820264504777115,0.0030148541182911624,-0.43861642350882624,-0.006470477353772602
0.0,0.0,5.820293716548923,0.0030168726689530187,-0.438816491279878,-0.006501412334478479
0.0,0.0,5.827062400319803,0.0030199373920299383,-0.43925640190681897,-0.006480093365668882
0.0,0.0,5.82712710524493,0.0030257183062792382,-0.4394549944579282,-0.00650660926517026
0.0,0.0,5.833852033055013,0.0030260520538699215,-0.43989573257582437,-0.006487314584190795
0.0,0.0,5.834582801875788,0.0030271542931621896,-0.4401191980482659,-0.006511218857317507
0.0,0.0,5.839908772211095,0.0030295747974255064,-0.44051371374678766,-0.006502604324648103
0.0,0.0,5.844091092717752,0.003032911895357685,-0.44085821596393543,-0.006498607327688504
0.0,0.0,5.8443763929857875,0.003033950164047795,-0.441084701831314,-0.006529307212407658
0.0,0.0,5.850391777367736,0.0030367478000518297,-0.44149787391588974,-0.006515360216407644
0.0,0.0,5.850617945324848,0.0030449041967160616,-0.4416988344849141,-0.006539407125014783
0.0,0.0,5.8571476881267905,0.0030454027608873098,-0.442130608243454,-0.0065202793550342905
0.0,0.0,5.857794597394351,0.0030486393737919285,-0.44234275559925385,-0.006541223331998707
0.0,0.0,5.864533437947854,0.0030488073016787924,-0.4427895469659263,-0.006524256136854816
0.0,0.0,5.864246656629878,0.003049019978047061,-0.4429700572223505,-0.00655689601394696
0.0,0.0,5.871035608712479,0.003052385918558039,-0.4434193859192833,-0.00653742547339432
0.0,0.0,5.871057817135021,0.00305503968120224,-0.44360532110207096,-0.006564626448263943
0.0,0.0,5.878190453906232,0.003058240918976818,-0.44408131533514833,-0.006543578453406622
0.0,0.0,5.8782762817678185,0.003060362588577253,-0.4442554446397188,-0.006567972788534538
0.0,0.0,5.88406267435815,0.0030624635177708176,-0.4446769945641562,-0.006557321692542419
0.0,0.0,5.885204164792966,0.003064543201970564,-0.4449011514692995,-0.006575727298634681
0.0,0.0,5.891355994867064,0.0030676579184735343,-0.4453297205108487,-0.006560372709732724
0.0,0.0,5.891287515636573,0.003069129825528984,-0.44551946354421273,-0.006588876588589525
0.0,0.0,5.8980076977454265,0.0030724158889689195,-0.4459652894878878,-0.006569962894679658
0.0,0.0,5.901644872215016,0.0030764668522500205,-0.44629321573660735,-0.006569774760762966
0.0,0.0,5.90097693630483,0.00307858953825826,-0.4464776007396546,-0.006605945518037461
0.0,0.0,5.907703844240509,0.00307931676922782,-0.4469192437520419,-0.006589407712981818
0.0,0.0,5.9086474580945625,0.0030822290896618757,-0.44713056669252743,-0.006607854631587209
0.0,0.0,5.914520896587165,0.003085124810063496,-0.4475517982688707,-0.006593478257121724
0.0,0.0,5.915030024316066,0.003087198301024851,-0.44775447450322714,-0.006615286041889021
0.0,0.0,5.921091302402504,0.003089553044557498,-0.4481797242734693,-0.006603000685399698
0.0,0.0,5.922221419359678,0.0030917404877624554,-0.4484017034609115,-0.006621076473596801
0.0,0.0,5.92832309028538,0.0030945608819214995,-0.448833052213515,-0.006608054744454325
0.0,0.0,5.9283535371369664,0.0030961605226184287,-0.44901147262939484,-0.006635759419546535
0.0,0.0,5.935045703522061,0.0030993905600364942,-0.4494667161505624,-0.006617626836837833
0.0,0.0,5.935110757721427,0.0031016276012149234,-0.4496426446146267,-0.006642653089359198
0.0,0.0,5.94175418540891,0.003104426111266088,-0.45009939696256274,-0.006625272017740565
0.0,0.0,5.942660902545484,0.0031065406562874077,-0.4503146497893138,-0.0066449226394265015
0.0,0.0,5.947678109367072,0.0031087658675822975,-0.45070454752589406,-0.0066396118725822115
0.0,0.0,5.949024636537094,0.003110962912657692,-0.45093695871874695,-0.006656913556183041
0.0,0.0,5.955087913980711,0.0031142987823794426,-0.4513653379546977,-0.006642086029270349
0.0,0.0,5.955124230275857,0.003119225038399591,-0.4515497115569058,-0.006665929682971394
0.0,0.0,5.961343764967671,0.00311976376492928,-0.4519849732775209,-0.006653999014096135
0.0,0.0,5.965189476660067,0.0031220816119808636,-0.45231525910508585,-0.00665309247206986
0.0,0.0,5.965295101923153,0.0031223161549627614,-0.4525145235915399,-0.006682518031135364
0.0,0.0,5.971815293676423,0.0031259891744932758,-0.45297258352091874,-0.00666802813093139
0.0,0.0,5.971720185266583,0.0031290079103894293,-0.4531265226322334,-0.006691229540042496
0.0,0.0,5.978146257341496,0.00313164676537063,-0.4535743866166668,-0.00667464054041989
0.0,0.0,5.978375637773623,0.003133762203203867,-0.45374929314191864,-0.006695661579614309
0.0,0.0,5.985148524411571,0.00313624735185334,-0.45421451905506854,-0.0066800280196118835
0.0,0.0,5.985927305512753,0.0031381207256646108,-0.4544103777865811,-0.006699169925812915
0.0,0.0,5.991210292657858,0.003141010536695713,-0.4548190209559424,-0.006693525344648832
0.0,0.0,5.992588235294712,0.003148157379590415,-0.45504400207698903,-0.006708251021086758
0.0,0.0,5.998562485546739,0.0031481449821913208,-0.45547735113913823,-0.006696778384121099
0.0,0.0,5.9985403338943515,0.0031475327961388655,-0.4556455249104762,-0.006724852821718752
0.0,0.0,6.005144869202107,0.003150903699099154,-0.45610660354731053,-0.006707386371520291
0.0,0.0,6.005099747725552,0.0031530794670814113,-0.4562711765012873,-0.006730721335163975
0.0,0.0,6.011753702209378,0.0031562384984724873,-0.4567338511920004,-0.006714080805397554
0.0,0.0,6.012378315069133,0.0031579036996823764,-0.4569293419266067,-0.00673332808898115
0.0,0.0,6.017657569876848,0.0031604524545048376,-0.4573347192305354,-0.0067274087246137985
0.0,0.0,6.0217839014038645,0.003163563984192705,-0.457681766332588,-0.0067250787747459295
0.0,0.0,6.021845893839523,0.00316413519438842,-0.457868659660963,-0.006752426075300105
0.0,0.0,6.027972276943887,0.0031675153105743753,-0.45830467530909635,-0.006740236499242086
0.0,0.0,6.0284449432150025,0.0031756455162920607,-0.45848614075147237,-0.0067568712715802785
0.0,0.0,6.035031128468739,0.003175939427319211,-0.4589457507081309,-0.006742259991181766
0.0,0.0,6.034904306987753,0.0031751331415489506,-0.45909854917547227,-0.006768199894741407
0.0,0.0,6.0416118600386435,0.003177622949602166,-0.4595696791431718,-0.0067536560516859145
0.0,0.0,6.0423536072727755,0.003179758593771772,-0.45975745582928107,-0.006772160844039639
0.0,0.0,6.047621234388831,0.0031826629188440717,-0.46016810146024356,-0.006765647915243663
0.0,0.0,6.048975609502305,0.0031847754207000997,-0.4603862616876184,-0.006780934171196425
0.0,0.0,6.0549341022262535,0.0031879194896691763,-0.4608249530753906,-0.006768886830750761
0.0,0.0,6.054908957424057,0.003189118038307183,-0.4609826171586279,-0.006793051223460152
0.0,0.0,6.061488556154202,0.0031924426042063752,-0.46145200086417737,-0.006778436003981876
0.0,0.0,6.061496763201367,0.0031942216914801996,-0.46160514502520705,-0.006800906246456108
0.0,0.0,6.06809515421247,0.003197481125056895,-0.4620749203801129,-0.006785876386340357
0.0,0.0,6.068853010749463,0.003199429787420746,-0.4622606080890741,-0.0068028154475574705
0.0,0.0,6.074066033566646,0.003201856637094714,-0.4626705061060292,-0.006797579147651207
0.0,0.0,6.0781279918436555,0.0032048037028048638,-0.46301789753495726,-0.006796086618912223
0.0,0.0,6.078047455836208,0.0032050972372979483,-0.46318762296578997,-0.0068234631151161025
0.0,0.0,6.084216584348041,0.00320875472608547,-0.46363531200383024,-0.006811438563642447
0.0,0.0,6.084728055075648,0.0032116497929374687,-0.4638117758506784,-0.006829126866935865
0.0,0.0,6.090794733724895,0.003214724377526947,-0.46425664542845685,-0.006816817390915287
0.0,0.0,6.091631813827784,0.003216610793647164,-0.4644482460481206,-0.0068326822463932076
0.0,0.0,6.097685343876423,0.003218944243333169,-0.4648953094393241,-0.006823273343581266
0.0,0.0,6.097572420291917,0.003219981190981423,-0.4650423792848112,-0.006847160917389628
0.0,0.0,6.104263840129088,0.0032236642477058803,-0.46551732189950495,-0.006832744208818593
0.0,0.0,6.1046246815266425,0.003225816317568974,-0.465687455486928,-0.006852643710078197
0.0,0.0,6.110766207307463,0.003228579440018924,-0.46613481251703,-0.006840994462122338
0.0,0.0,6.11156727107824,0.0032302827313312795,-0.46631978287542675,-0.006858373045383608
0.0,0.0,6.116793645799803,0.0032330229842789265,-0.46673143259713445,-0.0068529931572608
0.0,0.0,6.1181212231975355,0.003235061817386087,-0.4669419300820479,-0.006867594701576617
0.0,0.0,6.1240544092804505,0.0032383084739295736,-0.46738633068274016,-0.006856651320991563
0.0,0.0,6.126794177099815,0.0032408466759368095,-0.46766811557119176,-0.006862374417476096
0.0,0.0,6.127930499239129,0.003241408296562438,-0.4678880317361281,-0.006882407874400192
0.0,0.0,6.133851731208795,0.0032449671226170516,-0.4683289265174499,-0.006871593534379882
0.0,0.0,6.133701984882507,0.0032472470267317856,-0.46846782545212556,-0.006894045446843776
0.0,0.0,6.1403533816540214,0.0032502862938591833,-0.468948696192094,-0.006878918093359314
0.0,0.0,6.1403056799388525,0.003252322892345123,-0.4690848292619417,-0.006898158169259726
0.0,0.0,6.14693542402348,0.0032550106818946814,-0.4695673762814762,-0.006885643305074617
0.0,0.0,6.1476504949399216,0.003256760243505192,-0.4697396603756457,-0.006901573431958817
0.0,0.0,6.152857642237483,0.003259161271407712,-0.4701577686814973,-0.006898264701337607
0.0,0.0,6.154179587521275,0.0032610989048041305,-0.4703622724521669,-0.00691346065959386
0.0,0.0,6.160074907804612,0.0032646067250930626,-0.4708093965211359,-0.006902692795556274
0.0,0.0,6.160021290590105,0.003266197390781845,-0.4709498741071853,-0.006923714880128588
0.0,0.0,6.166542906506003,0.0032692846375198255,-0.47142889013152495,-0.006911131800580454
0.0,0.0,6.166499904039771,0.0032708712392000897,-0.4715645816270734,-0.006931117875288943
0.0,0.0,6.173047424213802,0.003274123628563978,-0.47204598226286293,-0.00691878295623996
0.0,0.0,6.173693403727763,0.003275823206855341,-0.47221780410476544,-0.006935041861085427
0.0,0.0,6.178874031735462,0.003278448243753605,-0.47263239649484484,-0.006931013812165126
0.0,0.0,6.180124421438767,0.0032803510045282857,-0.4728356443913323,-0.006945117774046249
0.0,0.0,6.186065266077629,0.0032837508604154075,-0.47328427976680465,-0.006935068223497008
0.0,0.0,6.188757521675018,0.0032862278654919716,-0.4735632907790209,-0.006940689018541767
0.0,0.0,6.19032537633393,0.003288289892809227,-0.4738099414642641,-0.006957779188849233
0.0,0.0,6.195602679659375,0.0032910130592406985,-0.4742134453895058,-0.006950913289011432
0.0,0.0,6.19554950851924,0.0032946815276000863,-0.47435050384679756,-0.0069718654615225865
0.0,0.0,6.202253685294699,0.0032968086064657483,-0.4748360149910199,-0.006957307511751765
0.0,0.0,6.20222500046774,0.003297937456156368,-0.4749623106035461,-0.006975636619267673
0.0,0.0,6.2088340057817515,0.0033005627513786225,-0.4754518611113921,-0.006964188493020991
0.0,0.0,6.209588172448421,0.00330215530136855,-0.47561681391287297,-0.006979226740586632
0.0,0.0,6.214745779682365,0.0033048713477626906,-0.4760358856427907,-0.006975940483731326
0.0,0.0,6.216470573153303,0.0033090455704405403,-0.47625865621419516,-0.006987395724281492
0.0,0.0,6.22184945540718,0.0033111526596711635,-0.47668207304033633,-0.0069806222749921815
0.0,0.0,6.221961070208471,0.0033113351133653096,-0.47681766565403316,-0.0070018906303162464
0.0,0.0,6.2283616533237565,0.003314893303737419,-0.47730188370383075,-0.006989580033565982
0.0,0.0,6.228697920315812,0.0033166812825245386,-0.47745553214335096,-0.007006994890425765
0.0,0.0,6.234670811334376,0.003319675541937459,-0.4779115743177232,-0.006997770575299653
0.0,0.0,6.235358903869681,0.0033211281006609097,-0.4780802113944635,-0.0070135039899613645
0.0,0.0,6.240506770017505,0.0033241551523010083,-0.47849528118246104,-0.007008865731777595
0.0,0.0,6.244996433272569,0.0033274482983345986,-0.47888002895912235,-0.007006914298947147
0.0,0.0,6.244475054679924,0.0033276607137133793,-0.4789897666966433,-0.0070293096260349765
0.0,0.0,6.250560268934918,0.0033309693201528227,-0.4794513852411688,-0.007021047919676318
0.0,0.0,6.2508086046253295,0.0033332480304429897,-0.47958886006609935,-0.007037581028199715
0.0,0.0,6.257328217055445,0.0033365356983179593,-0.48007444937376215,-0.007025614422015333
0.0,0.0,6.257274978043581,0.0033379193108978504,-0.4801931891290875,-0.007042786243961443
0.0,0.0,6.263831447897161,0.0033409136974819954,-0.4806873479675856,-0.007033417958148305
0.0,0.0,6.264553740628869,0.0033424242899063156,-0.48084534117058925,-0.007048229016489046
0.0,0.0,6.269688655311254,0.003345223948066645,-0.48126552289086233,-0.00704524800277281
0.0,0.0,6.271021937335433,0.003347098534583262,-0.48145838674724817,-0.007058082748664736
0.0,0.0,6.276824666371465,0.003350512076787972,-0.4819147496377726,-0.007049743536670762
0.0,0.0,6.276823552474939,0.003351661882600531,-0.482035368887663,-0.007068731348050157
0.0,0.0,6.283335265557382,0.0033551916381173554,-0.482535802327041,-0.007058085846553907
0.0,0.0,6.283101184177108,0.0033564359980722052,-0.48263782485475704,-0.007076574042703381
0.0,0.0,6.289626650129873,0.0033598966447713837,-0.4831362418438087,-0.007065881297998533
0.0,0.0,6.290283624843448,0.003364305046986601,-0.48329462398987433,-0.007078972271069683
0.0,0.0,6.295365909882269,0.003365202879417035,-0.48371273874487064,-0.0070772782519686215
0.0,0.0,6.299346499149385,0.003367257231948386,-0.48405989990851694,-0.00707731809057775
0.0,0.0,6.299798316821839,0.0033676784148391745,-0.4842201499965842,-0.0070965478731318315
0.0,0.0,6.3048980900709015,0.003371012279863267,-0.4846380985850432,-0.007092782169028562
0.0,0.0,6.3060603219723665,0.0033736956438652427,-0.4848238215953967,-0.007104304994714301
0.0,0.0,6.312020453358474,0.003376912807107859,-0.48528383163371347,-0.0070946682064010344
0.0,0.0,6.311888855423692,0.00337808346177888,-0.485395725189639,-0.007111584328856597
0.0,0.0,6.318437546006724,0.003381123691182993,-0.48589336834759,-0.0071026901609171425
0.0,0.0,6.318439312562799,0.0033857237549217486,-0.4860029922685779,-0.007118021267368664
0.0,0.0,6.325145082535766,0.003387227212989422,-0.486520447725826,-0.007109837882869118
0.0,0.0,6.325462188356301,0.0033872713878305752,-0.4866395022273517,-0.007126043980122759
0.0,0.0,6.330728392597553,0.0033903579759948137,-0.4870740872094906,-0.007122275270798778
0.0,0.0,6.33209751605739,0.0033923836609045955,-0.48726099075276685,-0.007133382663847421
0.0,0.0,6.337818804950964,0.003396206317741154,-0.48772163702368576,-0.007125954363068155
0.0,0.0,6.33782910519904,0.003397002810941075,-0.4878332250618599,-0.007143975798447494
0.0,0.0,6.344135384431845,0.0034001577357562493,-0.4883288978038702,-0.0071351115617427465
0.0,0.0,6.347460859292866,0.003402951728058739,-0.4886391715097045,-0.007136860739054396
0.0,0.0,6.347367126699582,0.0034029313682676565,-0.4887680973574717,-0.00715826753027592
0.0,0.0,6.353519828649226,0.0034066951479279355,-0.4892478293689893,-0.00714989035899417
0.0,0.0,6.35331712369426,0.003408641487763856,-0.4893514364034633,-0.007167165416145637
0.0,0.0,6.359914936223738,0.0034121319103963014,-0.4898536441622086,-0.007155743790889739
0.0,0.0,6.360489164561188,0.0034138788303975224,-0.48999566701493025,-0.007167503423469278
0.0,0.0,6.365669316692414,0.003416187568999439,-0.4904224108451666,-0.007165365775968041
0.0,0.0,6.366941578920263,0.0034195936540628623,-0.49060383581434125,-0.007176231874658617
0.0,0.0,6.372794345577914,0.0034221930003527417,-0.4910681965874219,-0.007170510910835898
0.0,0.0,6.373155428413846,0.003422468539504901,-0.4911980959920189,-0.0071879031811541
0.0,0.0,6.379065083780734,0.0034256773943557067,-0.491668329859598,-0.0071806932596039175
0.0,0.0,6.379194283648098,0.003427020577477006,-0.4917775708260806,-0.007196730324364763
0.0,0.0,6.385538441432054,0.003430769281852871,-0.4922782981605617,-0.007187280650830417
0.0,0.0,6.3862528335003175,0.003432223401766442,-0.4924217963640143,-0.007199795482817299
0.0,0.0,6.391636229088394,0.003435385843499277,-0.4928767369056091,-0.007197307565243624
0.0,0.0,6.392206677335999,0.003436469122369128,-0.49300747995457783,-0.007211050353946502
0.0,0.0,6.398232961438713,0.0034400349482836727,-0.4934895436715849,-0.007203133690184813
0.0,0.0,6.400872306470391,0.0034424590641105248,-0.4937571318899228,-0.00720768787236095
0.0,0.0,6.4019138713553385,0.0034429328055927038,-0.4939435458500281,-0.00722272044371524
0.0,0.0,6.407670562604881,0.003446609600726116,-0.49440566277283904,-0.007216630302890574
0.0,0.0,6.40745071835742,0.0034480589621533855,-0.4945006963553644,-0.007233596311412325
0.0,0.0,6.413953464516389,0.0034516218056258154,-0.4950072457208766,-0.0072241060847467375
0.0,0.0,6.413852785141885,0.003452998293556839,-0.4951003418411834,-0.007238676962125765
0.0,0.0,6.420327949953561,0.0034562331127434677,-0.4956083253604039,-0.007230953158224404
0.0,0.0,6.421003787328361,0.003457549043412259,-0.4957451042862681,-0.007243031085979059
0.0,0.0,6.426068916769964,0.003460325168170881,-0.496172110044072,-0.0072415826799654935
0.0,0.0,6.427530233654775,0.003461997140459456,-0.496361239861973,-0.007252367395268945
0.0,0.0,6.4330362472088085,0.0034654321242922966,-0.4968126381899474,-0.007247159515213442
0.0,0.0,6.433084794767917,0.0034663657912906436,-0.4969115927125974,-0.00726321932660463
0.0,0.0,6.4393740464286395,0.003470003945482914,-0.49741728038799776,-0.007255482490235615
0.0,0.0,6.440073124371611,0.0034744876950236264,-0.49756449677842945,-0.007267657880020459
0.0,0.0,6.445444091149567,0.003475641248553303,-0.49800487578186825,-0.007263702214516766
0.0,0.0,6.446256527657026,0.0034758448362159043,-0.49815403426057503,-0.007277136933865153
0.0,0.0,6.451273298820896,0.00347901886887602,-0.49857793923503496,-0.007274132430387076
0.0,0.0,6.45553303631436,0.003482398639522988,-0.4989541251296549,-0.007273209741025885
0.0,0.0,6.455323110936395,0.0034826491655089303,-0.499044701372015,-0.007289920099957136
0.0,0.0,6.460638388097324,0.003485724057376418,-0.49948849667850953,-0.007287303444337006
0.0,0.0,6.461822921644445,0.003487893409479219,-0.4996573938436763,-0.00729687941614932
0.0,0.0,6.467663955651434,0.0034913296860196695,-0.5001284046756003,-0.007290339997897692
0.0,0.0,6.467591581515092,0.003492178221428586,-0.500216563732922,-0.007304601986461649
0.0,0.0,6.4739755629934015,0.0034955834552965726,-0.5007282407788389,-0.007298526495662015
0.0,0.0,6.47398415538903,0.003496494978295037,-0.5008163317507318,-0.007313275434490978
0.0,0.0,6.480286694895255,0.003500195214672488,-0.501326360762953,-0.007306577695675159
0.0,0.0,6.480923188894459,0.003501574787158223,-0.501451707315316,-0.007318314453450324
0.0,0.0,6.485971094812466,0.003504414438522582,-0.5018843557156659,-0.00731673980084862
0.0,0.0,6.487253065802344,0.00350591335914527,-0.5020554287746536,-0.007327067041898716
0.0,0.0,6.4928885406212276,0.0035094988008009587,-0.5025247011358995,-0.0073218948546813324
0.0,0.0,6.49283638374435,0.0035102467691323588,-0.5026123327088365,-0.0073368882096839175
0.0,0.0,6.49908627919001,0.003513995340399517,-0.5031218036475845,-0.007330183504712224
0.0,0.0,6.499344589585282,0.003515107359938515,-0.5032367533882044,-0.007343823736514947
0.0,0.0,6.505183500118757,0.003518512524940465,-0.5037114733169641,-0.0073384388191732
0.0,0.0,6.508895621884543,0.0035223076306818194,-0.5040537997061394,-0.007339613232957971
0.0,0.0,6.5078590077218115,0.003523863395315906,-0.5040915673627246,-0.007359127804820916
0.0,0.0,6.514591485284206,0.0035255565009671523,-0.5046233711426356,-0.007352010176045151
0.0,0.0,6.515637796573669,0.003527094859360408,-0.504784205203301,-0.007362553562887731
0.0,0.0,6.520033176501051,0.003529809188233744,-0.5051638754312271,-0.00736129419305522
0.0,0.0,6.521437382694317,0.0035314930528052403,-0.5053424938474256,-0.00737021276269809
0.0,0.0,6.527220155955243,0.003534990904706368,-0.505815592238275,-0.007365109474512474
0.0,0.0,6.527215217214907,0.0035384735089076997,-0.50589685643543,-0.007377704301827801
0.0,0.0,6.53349135075414,0.003540469028788149,-0.5064114835362536,-0.007373102581637912
0.0,0.0,6.534004746147522,0.003540468684769245,-0.5065190962649405,-0.007386160476869872
0.0,0.0,6.539929777426857,0.0035440300787119463,-0.5070185059945886,-0.007381405930086092
0.0,0.0,6.540673047723261,0.0035452714512504476,-0.5071529637655798,-0.0073939902088393725
0.0,0.0,6.545099597034681,0.0035480635173363606,-0.5075421820649095,-0.007393235102585731
0.0,0.0,6.546605878702459,0.003549900029334384,-0.5077242996904191,-0.007401508764467548
0.0,0.0,6.552228068603434,0.0035535038062259033,-0.5081965279719352,-0.007396296919719088
0.0,0.0,6.552188278082482,0.0035540226028265686,-0.5082758184280131,-0.007409624112631726
0.0,0.0,6.558398442156842,0.0035577880163648106,-0.5087895087044944,-0.00740431268906633
0.0,0.0,6.561641281267537,0.0035604424441740565,-0.5090956510046348,-0.007406563294005982
0.0,0.0,6.561345422832863,0.0035615123250360937,-0.5091776901722231,-0.0074231510398370905
0.0,0.0,6.567607867265625,0.0035650637343574787,-0.509690164399172,-0.0074179147540902
0.0,0.0,6.567572033040067,0.0035659444531955667,-0.5097745040304623,-0.00743160931548658
0.0,0.0,6.573875204325213,0.003569380848153908,-0.5102864827223543,-0.0074249622426730486
0.0,0.0,6.57429645392524,0.003575224448657265,-0.5103913944987354,-0.0074329277335122195
0.0,0.0,6.579445351477015,0.0035767861069235995,-0.5108292390594416,-0.007432383075528493
0.0,0.0,6.580711533920097,0.003575130436855862,-0.5109899704944929,-0.007444063276333624
0.0,0.0,6.586369138063483,0.003578363688038984,-0.5114663065346211,-0.007440283732752263
0.0,0.0,6.586232597208149,0.0035818733923463847,-0.5115312240358796,-0.007452737700536056
0.0,0.0,6.592566705265849,0.0035844842186147433,-0.5120568328376004,-0.0074470644324044
0.0,0.0,6.592953772130484,0.003584243063639442,-0.5121520051547089,-0.007459117945178102
0.0,0.0,6.5987758461314545,0.003587833767415444,-0.5126493196389115,-0.007455266117998894
0.0,0.0,6.599192940765912,0.0035885517214472857,-0.5127507724496522,-0.007466968989714468
0.0,0.0,6.604947596668326,0.0035924793608200865,-0.5132419964859464,-0.007462917470683345
0.0,0.0,6.604844686692964,0.003592872764195636,-0.5133140302039759,-0.007476209630273356
0.0,0.0,6.6110409227390505,0.003597000282818453,-0.5138306892250315,-0.007470718314417957
0.0,0.0,6.610939770963887,0.003597498147054087,-0.5138997254091607,-0.007483034550970391
0.0,0.0,6.617194167862339,0.0036015193321575567,-0.514418287953319,-0.0074779377012604235
0.0,0.0,6.62042743742303,0.003604089156313117,-0.5147225643081348,-0.007480266281742765
0.0,0.0,6.620109375834104,0.0036034091248666935,-0.5147951023738377,-0.007496830886265704
0.0,0.0,6.626377565318197,0.003607831617882383,-0.5153130533653036,-0.007491758469082394
0.0,0.0,6.626897055229387,0.0036094672331300065,-0.5154236275237533,-0.007501790367305728
0.0,0.0,6.631923174061224,0.003612461812561162,-0.5158562230828865,-0.007500059209704441
0.0,0.0,6.633148688776087,0.003613710280031404,-0.5160116340614844,-0.007508355070579864
0.0,0.0,6.638833215990565,0.0036172449867613796,-0.5164907414217741,-0.007505031861187989
0.0,0.0,6.638672887377218,0.0036174443723364603,-0.5165446768006509,-0.007518166706581964
0.0,0.0,6.645120908013116,0.003621649830226264,-0.5170873710126018,-0.007513340840599653
0.0,0.0,6.645275846367599,0.0036224190719014297,-0.5171550198092855,-0.007524812631718611
0.0,0.0,6.651570050322705,0.0036263635656037475,-0.5176919459564342,-0.007519644438138229
0.0,0.0,6.651444948167323,0.0036266633783673054,-0.5177454960207025,-0.0075325967153660415
0.0,0.0,6.65744567537366,0.003630567163693856,-0.5182654165627436,-0.007528950500369376
0.0,0.0,6.657023912239848,0.003630960261394079,-0.5182995586578922,-0.007542294353479815
0.0,0.0,6.663419724480521,0.003635164593039562,-0.518839256262521,-0.007536385407093992
0.0,0.0,6.666556373559531,0.0036377909264866636,-0.5191359076973794,-0.007538527693973606
0.0,0.0,6.666359171240568,0.00363735913967982,-0.5192072063013975,-0.007553486659735802
0.0,0.0,6.672531271486786,0.0036414990182412864,-0.5197282740373597,-0.007549349229395607
0.0,0.0,6.673028666377076,0.003643025482693992,-0.5198344660889788,-0.0075590310965961745
0.0,0.0,6.677998971358643,0.003646057194736222,-0.5202674941781508,-0.007557750923411144
0.0,0.0,6.679158798675232,0.003647373186662545,-0.5204195697958076,-0.007565710842883278
0.0,0.0,6.684832189672135,0.0036508650541369316,-0.5208996810642901,-0.0075628302521314585
0.0,0.0,6.684751434491819,0.003651229915932282,-0.5209593887030428,-0.0075747581101263785
0.0,0.0,6.690958070385203,0.003655149391411592,-0.5214840994326438,-0.007571141258300607
0.0,0.0,6.691386392463818,0.0036561068840038945,-0.5215722837956172,-0.007581292085149039
0.0,0.0,6.69713962708958,0.003659707353582977,-0.5220704150326757,-0.007578583333117928
0.0,0.0,6.697406494944972,0.0036603821149756633,-0.5221473190889516,-0.00758973996164174
0.0,0.0,6.702628428639977,0.003663738956769911,-0.5226068395335982,-0.007588440292399496
0.0,0.0,6.70399278502625,0.003665286028820442,-0.5227636464717746,-0.007595796661356375
0.0,0.0,6.709079994057362,0.0036685931403217503,-0.5232138517720912,-0.007594226486985801
0.0,0.0,6.712344653367288,0.003671079210015563,-0.523524282895827,-0.007597013994530352
0.0,0.0,6.712812475084859,0.003671229656063256,-0.5236305346748372,-0.007609191529332011
0.0,0.0,6.715138301965456,0.0036732533246136975,-0.5238761352135219,-0.0076164862274177925
0.0,0.0,6.7214955032647605,0.0036781269876967906,-0.524399188250181,-0.007608097053961329
0.0,0.0,6.724506670889585,0.003680551285874627,-0.5246876365002652,-0.007610442115138135
0.0,0.0,6.724938552361103,0.0036801211817953333,-0.5247941274571521,-0.007622315098348584
0.0,0.0,6.730601360683996,0.003683845263002348,-0.5252870743115831,-0.0076213451363078095
0.0,0.0,6.730595188757441,0.0036847070575909964,-0.5253532067819049,-0.007633612459077356
0.0,0.0,6.7365870325389485,0.0036887619815135337,-0.5258624394187913,-0.007629095533808576
0.0,0.0,6.737204043566536,0.003690125300595738,-0.5259667234121922,-0.007637304396053479
0.0,0.0,6.742118799415369,0.003692883657362739,-0.5264010314599563,-0.007637245927802116
0.0,0.0,6.743326713463007,0.003694007721612094,-0.5265483817316488,-0.0076451962189239215
0.0,0.0,6.748885671123604,0.003697669721073889,-0.5270306187513476,-0.007643104234534136
0.0,0.0,6.7491905558366545,0.0036983371971621125,-0.5271070921933999,-0.007653385775476923
0.0,0.0,6.754328333722908,0.003701647209303565,-0.5275627808104443,-0.007652845543911202
0.0,0.0,6.755256010604716,0.0037028468693956393,-0.5276839508802006,-0.007661133428590671
0.0,0.0,6.760885276820495,0.0037065687229195384,-0.5281765780507428,-0.007658483228084239
0.0,0.0,6.761834845365617,0.0037075597084571038,-0.5283016179776319,-0.0076666996332543915
0.0,0.0,6.766465196084279,0.0037105198303608155,-0.5287228609041159,-0.007667587738841574
0.0,0.0,6.767467843793437,0.003711591223391376,-0.5288559618630331,-0.0076763098595813255
0.0,0.0,6.773111090755793,0.0037155046908282294,-0.5293492281895595,-0.007673466019894692
0.0,0.0,6.776101993121002,0.0037179201856757343,-0.5296368776114889,-0.0076764231041739905
0.0,0.0,6.7759619751770925,0.003717617752766664,-0.5296984751563222,-0.0076899484693841395
0.0,0.0,6.78208376842371,0.0037218369280397675,-0.5302264669551136,-0.007686531902024752
0.0,0.0,6.78275034274076,0.0037234126774144663,-0.5303350465384283,-0.007694816364920859
0.0,0.0,6.78742482610127,0.0037262482331499834,-0.5307516896963225,-0.007694661723568918
0.0,0.0,6.78865102440267,0.0037274941403965763,-0.5308980536751713,-0.007701800099442823
0.0,0.0,6.794242924542144,0.003731046961105359,-0.5313829886300069,-0.007699827377888695
0.0,0.0,6.794548242225701,0.0037316696253632394,-0.5314538386352577,-0.007709161904689626
0.0,0.0,6.799614000259794,0.0037352440286575242,-0.5319057401508597,-0.007709454784385544
0.0,0.0,6.801055707845138,0.00373674676175375,-0.5320598118493625,-0.0077164671287613
0.0,0.0,6.80610989027339,0.003739764172707782,-0.5325130654319052,-0.007715744215518127
0.0,0.0,6.8071566899609595,0.0037406892124096096,-0.5326394139827938,-0.007723700260197757
0.0,0.0,6.812137927379374,0.003744044851756436,-0.5330920574808093,-0.00772341606985441
0.0,0.0,6.812530757188165,0.0037447023252202404,-0.5331727246688946,-0.007733068435913453
0.0,0.0,6.81838211987362,0.0037487188808697607,-0.5336909336556266,-0.007730330715702814
0.0,0.0,6.821505884400602,0.003752114169897385,-0.5339912185597885,-0.00773281621339603
0.0,0.0,6.820879077173713,0.003753597653799312,-0.5340079719350914,-0.007745342052808266
0.0,0.0,6.827270759660194,0.003755395587504789,-0.5345621051813402,-0.007743165975669585
0.0,0.0,6.8277812191994185,0.0037558396418060315,-0.5346522603306659,-0.007752045434345066
0.0,0.0,6.832668627512071,0.0037594626784880833,-0.535087495374889,-0.0077510659884887905
0.0,0.0,6.833826616486183,0.003760979646432326,-0.5352255547388767,-0.00775723383295707
0.0,0.0,6.839375092294762,0.0037644447065995216,-0.5357124910282692,-0.007756000842518932
0.0,0.0,6.839730511934351,0.003764841728703172,-0.5357846126253341,-0.007764881735827942
0.0,0.0,6.844889536919456,0.003768205632009263,-0.5362483680471088,-0.007765535481239979
0.0,0.0,6.8459982794701535,0.003769408717687176,-0.5363756962673962,-0.007772606750451718
0.0,0.0,6.851134980547822,0.003772930068716807,-0.536836762434364,-0.007771981859168484
0.0,0.0,6.851443266342911,0.0037734031395037456,-0.5369000104087689,-0.007781094780781114
0.0,0.0,6.857804168815252,0.0037777288510054577,-0.5374650465513934,-0.007777943152671215
0.0,0.0,6.857455691703654,0.0037811625507035177,-0.5374758097101944,-0.007786502103946465
0.0,0.0,6.863295925285044,0.0037828427775169885,-0.5380013299586253,-0.0077863701190017025
0.0,0.0,6.863498043859818,0.0037820527314956763,-0.5380585303637473,-0.0077968178432186305
0.0,0.0,6.869332471465867,0.003786334834987988,-0.5385794331689208,-0.007794161843024252
0.0,0.0,6.872135387854992,0.0037887947377887115,-0.53885097148828,-0.007797053881340612
0.0,0.0,6.872725045571856,0.0037889556349197315,-0.5389574898125645,-0.007806996018292552
0.0,0.0,6.87822720047458,0.003792794985656078,-0.5394498020501233,-0.007806084367245521
0.0,0.0,6.878007612330252,0.0037933207188651378,-0.5394834064472431,-0.00781612911350853
0.0,0.0,6.8841642398432095,0.00379742919249881,-0.5400186765061229,-0.007813031863887489
0.0,0.0,6.883996256703834,0.0037979171583147693,-0.5400448339487718,-0.007821276259878513
0.0,0.0,6.890176554406753,0.0038017431348493012,-0.5405877846490443,-0.007819637992525892
0.0,0.0,6.890984093222347,0.0038025421847282465,-0.5406893565549417,-0.00782650945855501
0.0,0.0,6.895907286444548,0.003805761385565782,-0.5411381520762132,-0.007827646913440196
0.0,0.0,6.8963363537247,0.0038061549963584657,-0.5412106105413017,-0.007837007761259434
0.0,0.0,6.901786776814822,0.00381027625151923,-0.5417004797269113,-0.007835864074613926
0.0,0.0,6.902871200308835,0.0038115067597007174,-0.5418212257014828,-0.00784233010112707
0.0,0.0,6.907946849043522,0.0038147143493197947,-0.5422871295140361,-0.007842550141556354
0.0,0.0,6.9087132078452544,0.00381532105031296,-0.5423869065203473,-0.007850142486487442
0.0,0.0,6.913749818850816,0.0038191712538286826,-0.542848497586938,-0.007850144991943706
0.0,0.0,6.914118687347901,0.003819721813821759,-0.5429174100680598,-0.007858561583421223
0.0,0.0,6.919946338595615,0.0038235393096241535,-0.5434407433575854,-0.007856942868987745
0.0,0.0,6.922731102083244,0.003825772941951834,-0.5437101770617172,-0.007860078143395895
0.0,0.0,6.923317229814878,0.0038258831672560185,-0.5438113030004345,-0.007869609391227519
0.0,0.0,6.928124437528574,0.0038293060389492876,-0.5442527839050391,-0.007870766245078516
0.0,0.0,6.929213419044768,0.0038308095265624045,-0.544382970637483,-0.00787719495859255
0.0,0.0,6.934728064304136,0.0038345572185378585,-0.54487124946337,-0.007875533835558942
0.0,0.0,6.9344635590760255,0.0038346967334992165,-0.5448854319689779,-0.007884013240843896
0.0,0.0,6.9406661434459425,0.0038386430218148374,-0.5454364795994336,-0.007882853935914404
0.0,0.0,6.9414180264547864,0.003839451061322976,-0.5455247389443768,-0.007889509701637275
0.0,0.0,6.9466137386947455,0.003842919939201528,-0.5460026204754872,-0.007890533596516926
0.0,0.0,6.946483859218677,0.003842903632527107,-0.5460169151482346,-0.007899736212962614
0.0,0.0,6.952293507318477,0.0038471180134089103,-0.5465452837017837,-0.007898356213005907
0.0,0.0,6.95335817904226,0.003848282768838882,-0.5466580381297,-0.007904108032334243
0.0,0.0,6.95824275212397,0.0038514726072653377,-0.547113986086284,-0.007905104658770994
0.0,0.0,6.959188457280029,0.0038521736608600806,-0.5472277660026899,-0.007912416644406898
0.0,0.0,6.96407972694394,0.003855700236992344,-0.5476819033113304,-0.00791304756895813
0.0,0.0,6.967104563268579,0.0038581589924947617,-0.547973855746808,-0.007915947716183955
0.0,0.0,6.967686600068846,0.003858507949341267,-0.5480703520821001,-0.007924813454591216
0.0,0.0,6.97247438558513,0.0038618689454830244,-0.5485120210975687,-0.007925833793396925
0.0,0.0,6.973548308661928,0.0038633041764489515,-0.548637765455741,-0.007931805545086894
0.0,0.0,6.979042791596242,0.0038671769268589424,-0.549128198185441,-0.00793055391112124
0.0,0.0,6.978876919208355,0.003867754433300008,-0.5491472030021805,-0.007938338185615837
0.0,0.0,6.984820109643729,0.003871007062348812,-0.549679463485899,-0.00793829366497989
0.0,0.0,6.985818045870378,0.0038717622209620316,-0.549787402218146,-0.007945027341598538
0.0,0.0,6.990554928409032,0.0038753691042298726,-0.5502267792983206,-0.00794602717814644
0.0,0.0,6.99087043854473,0.0038782088470115652,-0.550280010878221,-0.00795317733682378
0.0,0.0,6.997158165849422,0.0038809326537530223,-0.5508524095022543,-0.007951973946246704
0.0,0.0,6.996826003321299,0.0038800906776786477,-0.5508446605597428,-0.00796134551730034
0.0,0.0,7.002340436801418,0.0038837994579440267,-0.5513566897947779,-0.00796124143221948
0.0,0.0,7.00332461757348,0.0038849097616378077,-0.5514650325365582,-0.007967066387219817
0.0,0.0,7.008218767065781,0.0038883923684233856,-0.5519213660632634,-0.007967669917572928
0.0,0.0,7.008425228190313,0.0038885786067191005,-0.5519677921351973,-0.007975352617366104
0.0,0.0,7.014723475906267,0.0038931114308886493,-0.5525410356816755,-0.007973848539150136
0.0,0.0,7.014418905223713,0.0038930254258942648,-0.5525442521496271,-0.007981877099032014
0.0,0.0,7.020151970081259,0.003897012926936446,-0.5530718806783261,-0.007982020589559113
0.0,0.0,7.022976221434617,0.00390044036024565,-0.5533449149753953,-0.007984552962442566
0.0,0.0,7.0228252097484365,0.0039022557006253215,-0.5533749390645462,-0.0079936530390037
-8.0,0.0,0.3408791554212323,0.003903846519173295,-0.5539218416954832,-0.007993994038423057
-8.0,0.0,0.47505861157617796,0.003580474066643395,-0.5053267527646822,-0.007273445011938306
-8.0,0.0,0.7868073069349288,0.0032544665286373224,-0.4703034308288514,-0.0062538790778518365
-8.0,0.0,2.141868076465977,0.0024130941154710643,-0.38352616275904433,-0.002945515724121755
-8.0,0.0,1.5905849589262986,0.0030183174648788754,-0.45540013298673276,-0.004783377981888847
-8.0,0.0,3.062330827478299,0.0022812067941586738,-0.3893467883011862,-0.0037333883755794597
-8.0,0.0,1.8305095310829047,0.0028667788187539986,-0.44204980885430445,-0.005532092960064316
-8.0,0.0,2.7983465187901855,0.0018693387107049295,-0.3774536073598375,-0.004905535292367446
-8.0,0.0,1.5391144097981717,0.0028701946952560168,-0.4267254482981527,-0.005455131225341808
-8.0,0.0,1.9556315503281343,0.002360083817233808,-0.36215209066708975,-0.003920430146773529
-8.0,0.0,1.1562330450929892,0.0026003370056960754,-0.4110003495749554,-0.004747450689345317
-8.0,0.0,1.261875646876838,0.0019457022427822347,-0.3443651989325496,-0.003342236268917836
-8.0,0.0,0.8407843958733492,0.0024650453349178577,-0.39610111759567634,-0.004437060448040711
-8.0,0.0,0.7472125401718777,0.0018561329414600119,-0.32704608114881994,-0.0030230114438341495
-8.0,0.0,0.5911836419635215,0.0023247102452100556,-0.3804312825888457,-0.004074925473462427
-8.0,0.0,0.5072336199419725,0.002291596172265393,-0.37754757225889846,-0.004031934173752267
-8.0,0.0,0.24972654014517465,0.0016854917881340165,-0.3084030522824286,-0.0023575458347573413
-8.0,0.0,0.31078039932512086,0.002138897314437505,-0.35974647418494404,-0.0033903463216012177
-8.0,0.0,-0.003272341796539513,0.0016120477195165884,-0.3015698666611787,-0.0020924842229050004
-8.0,0.0,0.15378451914385355,0.00202845873413353,-0.3473616587889227,-0.003217167737345667
-8.0,0.0,-0.1732383560715613,0.0015336132224423131,-0.28992242197597806,-0.0020958516329699093
-8.0,0.0,0.030999769755181927,0.0019241209431272517,-0.3345235152872292,-0.002981932894344819
-8.0,0.0,-0.2812046107639205,0.0014796428863992016,-0.2790188913714647,-0.0017529630414425687
-8.0,0.0,-0.0650720060409341,0.0018204026840743161,-0.3220794499570197,-0.002636109889735323
-8.0,0.0,-0.34312983516357803,0.0013763701606719664,-0.2686782228584295,-0.0015204489323782057
-8.0,0.0,-0.13818738952297588,0.001714597031779186,-0.3101316293221572,-0.0024135152991481396
0.0,0.0,-0.35680848880726607,0.0012765178400214296,-0.2583159868498973,-0.001403453300033215
0.0,0.0,-0.16920942690761714,0.0018133245776066826,-0.3124780335929762,-0.007589328322896367
0.0,16.0,-0.2825854637861395,0.0018296852624413579,-0.3112368158049672,-0.011292025416645908
0.0,16.0,-0.15821004050581106,-0.038663417394778514,-0.3212689423614834,0.023848905646225306
0.0,16.0,-0.15655697699959623,-0.22080502483471545,-0.2965645111049534,0.25539943081336824
0.0,16.0,-0.13067608124451457,-0.13073493945599046,-0.3122344241523804,0.2015979556078647
16.0,16.0,-0.07209471585834154,-0.2098108890178229,-0.2887334864946511,0.3291927329907577
16.0,16.0,-0.14525660534522672,-0.1347905958055436,-0.34209502973174327,0.1846121158272433
16.0,15.141117737611062,-0.19234129087119567,-0.1343295853472792,-0.3706354126605772,0.1588169931125903
16.0,15.141117737611062,-0.219250163520412,-0.24127108585791285,-0.4165615125771786,0.27743006855204927
11.548049764420702,11.189664403750829,-0.2988254285795176,-0.15991210809300496,-0.3771387426462949,0.2067045920055587
11.548049764420702,11.189664403750829,-0.3599235600843191,-0.20171350041507488,-0.39868705092191276,0.249914219012144
6.859796698207872,8.282733793135861,-0.3781569922490207,-0.13859645563521625,-0.3638896052369685,0.16101145924433016
6.859796698207872,8.282733793135861,-0.3969252680185252,-0.15518550047629934,-0.3639081997348876,0.12071298118149576
3.703405505855668,6.658094677995994,-0.40651895738082816,-0.12418345115544024,-0.34663939524474763,0.10738651393904258
3.703405505855668,6.658094677995994,-0.3616618447832996,-0.12887336085841727,-0.33221023066274885,0.08732578238852168
2.125080210366389,2.7255892303081453,-0.4114612577737912,-0.11516219723344373,-0.33301723853152077,0.10280481915431805
2.125080210366389,2.7255892303081453,-0.3237385391091588,-0.09742692584885405,-0.31291482258682923,0.07093697909796487
1.1505624869008804,2.7325322569597184,-0.41960453288938165,-0.0868305764893682,-0.32340320389504523,0.06932332809593938
1.1505624869008804,2.7325322569597184,-0.31185307399782475,-0.06197963004449589,-0.2996365813111841,2.3199571859283674e-05
8.239301196989372,-16.0,-0.44992350322025915,-0.08537884004225092,-0.3150284178209755,0.04904926004064408
8.239301196989372,-16.0,-0.3302111769911757,0.03386372837550586,-0.32149264754261686,-0.05588814910442359
7.035010140839072,-16.0,-0.45212902116279857,0.05512788070601475,-0.3418792114776768,-0.08628012426763686
7.035010140839072,-16.0,-0.45805433701718085,0.06666115800109074,-0.34220099289800593,-0.1313719118462082
5.439323411150376,-16.0,-0.25282816699763183,0.20489467538523526,-0.3401861578166537,-0.382311825887718
5.439323411150376,-16.0,-0.44084311103283524,0.0900467559738211,-0.3370416838624964,-0.20497809952483595
-4.170286602689725,5.3316134977877,-0.23996544265857284,0.17899125067099086,-0.3334095667792515,-0.2532489153274921
-4.170286602689725,5.3316134977877,-0.47491460068829655,0.08139629553013122,-0.32590714449690833,-0.1107383861416096
-5.281362144165392,9.473135786781745,-0.28037536343992375,-0.07793382478634522,-0.2531882766306377,0.08342769305506004
-5.281362144165392,9.473135786781745,-0.4966552623310458,-0.070370534514819,-0.2818160146583076,0.104422242259947
0.0,-3.700142118653916,-0.28646557360165165,-0.13030560623421938,-0.23411411436784144,0.22988728605757977
0.0,-3.700142118653916,-0.5113489263907176,-0.05621097040021768,-0.27665350945600575,0.08861870963720682
0.0,-5.506678284059809,-0.29413781330379646,0.05914363902203903,-0.27062413282518943,-0.08522645236820005
0.0,-5.506678284059809,-0.5398495026385721,0.026108669876138496,-0.2869686251128415,-0.08843705827724686
0.0,-4.053431644221457,-0.2678096167438183,0.06956117176027019,-0.2626666352146561,-0.16406633975233006
0.0,-4.053431644221457,-0.537350690566277,0.026791355860777008,-0.280580285576346,-0.06175806518771975
0.0,-2.383117084155434,-0.3055299974382795,0.04341666629442903,-0.2605470223905154,-0.02614570598754031
0.0,-2.383117084155434,-0.5505586966715221,0.021154251355444992,-0.27515215255105907,-0.021471290225621147
0.0,-1.2299352450202274,-0.3084294604910262,0.028835491070870068,-0.254858973823019,-0.03231249653109829
0.0,-1.2299352450202274,-0.5603334929248556,0.014285412850503923,-0.27014285251406767,-0.03007534174304515
-2.319208386589048,-16.0,-0.5782715775756586,0.010226919722727741,-0.26925957789960026,-0.02571170002277627
-2.319208386589048,-16.0,-0.30631542441917187,0.06160488835274942,-0.24172322255674497,-0.04908283666164093
-2.0673699060472006,-16.0,-0.5645938628790284,0.11561154706385078,-0.2539640312571233,-0.11274612350858551
-2.0673699060472006,-16.0,-0.29867782663860326,0.24641943410248815,-0.2311241520475822,-0.3154384483927165
-1.3397458088975351,-16.0,-0.581880369564462,0.14002915182715625,-0.2502363775337094,-0.21077004600329655
-1.3397458088975351,-16.0,-0.3441769075918422,0.2027975677055733,-0.23039450159530664,-0.2488402424370258
0.3269994862886002,15.847794942449251,-0.6193081811248027,0.14503247158385024,-0.24705121246447703,-0.15231655331281457
0.3269994862886002,15.847794942449251,-0.3963280705787186,0.09160623732650286,-0.22908910183852346,-0.09246981328388262
0.5879149529182304,16.0,-0.6116557511693581,-0.06757900781393487,-0.24244412826740103,0.063645089594537
0.5879149529182304,16.0,-0.2839127917139978,-0.24732512909929089,-0.22431168265062057,0.4260027718087804
-0.6283189725310018,-16.0,-0.5633023112604576,-0.08747430468031253,-0.23893978484163786,0.21075389072557663
-0.6283189725310018,-16.0,-0.23273809766966597,-0.0047393990987835664,-0.22375855793945212,0.12677781703337332
-0.6592330163421632,-16.0,-0.5687026015353818,0.13630644425544414,-0.23602229435375094,-0.1323581818282934
-0.6592330163421632,-16.0,-0.2599225052280136,0.2790910440678375,-0.22234614555545448,-0.47523070139586543
-0.42584703176236594,-16.0,-0.5965056057438187,0.14095973577518167,-0.23301077663575664,-0.2354338485953693
-0.42584703176236594,-16.0,-0.34731073100455506,0.1987944507494876,-0.2189600463844848,-0.18964378299911283
-0.22604495433914087,-16.0,-0.6413049665227764,0.1487131297217853,-0.22900532593232129,-0.11931780411108267
-0.22604495433914087,-16.0,-0.4317318765803981,0.22636463845755422,-0.21624472251522125,-0.19168059980745905
-0.10586760745349372,-16.0,-0.6935519123545881,0.16344256031703258,-0.22625976074790663,-0.1688085481199794
-0.10586760745349372,-16.0,-0.724954291386984,0.16238129274510657,-0.2255246460464246,-0.17258571094680092
-0.04603175990140057,-14.861513480549924,-0.5486742841815113,0.2414616635524661,-0.21092087967664797,-0.2567934434167106
-0.04603175990140057,-14.861513480549924,-0.765247774668409,0.18228078821259383,-0.22053662153048342,-0.19355559011076406
0.01500419897186426,-11.89489942083695,-0.620423168656401,0.21243188470463018,-0.20930480721629896,-0.20191540282849646
0.01500419897186426,-11.89489942083695,-0.8088319490562503,0.17373120863874028,-0.21652564873450386,-0.1595126758448121
0.0,16.0,-0.6564553225464858,0.17753371056550518,-0.20392244991661523,-0.14221075632564972
0.0,16.0,-0.8144145298258809,0.1090554104100771,-0.2103998284652363,-0.10436048289905561
0.0,16.0,-0.4974470305719225,-0.18515761891750637,-0.18875299618480798,0.2367863335996965
0.0,16.0,-0.6277810886688715,-0.08075196965012571,-0.19907366008053548,0.2065239482041542
-0.07008447628359377,16.0,-0.18380412926275763,-0.1754808645192658,-0.18600402348202483,0.3937854401794061
-0.07008447628359377,16.0,-0.5437158174849779,-0.0567585166790303,-0.19997878169125685,0.14057946454937775
-0.13582053124915677,16.0,-0.06464901911821669,-0.1754115869003437,-0.1883919778673487,0.1811290838899632
-0.13582053124915677,16.0,-0.49498687994659635,-0.08226034940676316,-0.1977336894561441,0.10918275969605658
-0.12886378739090776,16.0,-0.03385041788481574,-0.19149994529198278,-0.18632575234334295,0.24793750817518634
-0.12886378739090776,16.0,-0.4829634608887416,-0.09967883231349699,-0.1949582370371344,0.16020424171633804
-0.09722503630184784,16.0,-0.5210268123510232,-0.09347682338172875,-0.1954096661422278,0.1445683572818695
-0.09722503630184784,16.0,-0.039745294596968794,-0.22478564025335582,-0.17928642500358788,0.2789351165987376
-0.058003494527229166,16.0,-0.49590853204557356,-0.13230486190703386,-0.189315673296275,0.18987886099542406
-0.022071028757280713,16.0,-0.14537408277546798,-0.2006698633858982,-0.18232136425282572,0.24155583750377846
-0.022071028757280713,16.0,-0.5392329659445103,-0.1388223020702417,-0.1869453243370234,0.1684759516764459
-0.022071028757280713,16.0,-0.25195167439828475,-0.21401780217485988,-0.1785973884869439,0.21503999020317513
-0.0019208539894675024,16.0,-0.5926524527887553,-0.1540915795998949,-0.1839006148508158,0.1770842494661634
-0.0019208539894675024,16.0,-0.3649354886308635,-0.22006501370286766,-0.17516594585455683,0.23264666435696918
0.017971559787808157,9.582053182298102,-0.6509048747175588,-0.16573343086194042,-0.18061722144093564,0.1899069335275696
0.017971559787808157,9.582053182298102,-0.466279708104164,-0.1958374302036528,-0.1715889401711178,0.20429345319523234
0.029896860637049272,6.918659180300576,-0.6901761919619696,-0.1288501085355236,-0.17740735033438218,0.14085542693797293
0.029896860637049272,6.918659180300576,-0.49031082594783165,-0.12141216038703065,-0.1677203938828455,0.07301250952582178
0.010335897367999992,5.929760470560225,-0.6944001658138561,-0.11366488134726756,-0.1742677586755223,0.09262620641006727
0.010335897367999992,5.929760470560225,-0.4719804483578122,-0.10897092486078684,-0.16571113120136635,0.06546994353988489
0.2211719760836658,2.439147488741817,-0.6853534008193789,-0.10841865520212586,-0.1716989566561175,0.09684224135745331
0.2211719760836658,2.439147488741817,-0.4374079179163561,-0.08369745610484121,-0.16463129240210042,0.058149995102448365
0.17585272950779307,2.711937656585473,-0.6789773349105332,-0.08360200098575199,-0.17064404722518905,0.0696655867620802
0.17585272950779307,2.711937656585473,-0.6500975058189374,-0.07852808140027004,-0.16986951303960093,0.055712321193217125
0.0,-16.0,-0.35886501280179767,-0.05315786785284937,-0.16040369091164064,-0.013623460507111357
0.0,-16.0,-0.6203378279684562,-0.06178334198064192,-0.16621309567520512,0.030167884173540216
0.0,-16.0,-0.23138889209878172,0.18441943916714776,-0.16285110273760606,-0.20991764557245213
0.0,-16.0,-0.5195887767843916,0.09223764795801995,-0.16487251876549058,-0.15880724685787856
0.0,-11.576353055477686,-0.07895639054318576,0.19563085598916868,-0.16380606792316063,-0.34488235676219325
0.0,-11.576353055477686,-0.45921851256782203,0.0779982663392449,-0.16555472295370288,-0.15169117597194695
2.8633506295979467,3.265745458041084,-0.04192277751068024,0.12537486975497444,-0.16529447375523096,-0.14295700190643815
2.8633506295979467,3.265745458041084,-0.44771073482703855,0.03826808895304554,-0.16830211622244526,-0.05028222805492208
2.705369155177903,6.096705271054359,-0.09151550844053785,-0.06311519239989591,-0.18416820772175843,0.07167564464505408
2.705369155177903,6.096705271054359,-0.4769363190945745,-0.04706498664909729,-0.17505570936611703,0.06306547902676914
-1.2450422756756363,16.0,-0.1698403075922868,-0.08184666522554823,-0.18137096097712946,0.12261979466634701
-1.2450422756756363,16.0,-0.5172967471100646,-0.06873833482335866,-0.16718760633713095,0.07065291862057037
-1.7410754427873765,16.0,-0.19645285041495325,-0.22378887167968253,-0.14571455508207798,0.2289269268102075
-1.7410754427873765,16.0,-0.5248490432497102,-0.13717292383243707,-0.15418413778450762,0.16043019395079133
-1.2690533629408163,-16.0,-0.27972525259039,-0.20892193824097144,-0.14095170972884732,0.25570700285058096
-1.2690533629408163,-16.0,-0.5432395421848268,-0.05216933277734484,-0.15200481502520058,0.09345549835873876
-0.7364588930823707,-16.0,-0.22090168734732046,0.24129268545904514,-0.14506338212768186,-0.2792862439412081
-0.7364588930823707,-16.0,-0.47743371757001557,0.09651754052790767,-0.15287332268597176,-0.18832425242982614
-0.4287425955832565,-16.0,-0.4769300407827392,0.07804765757433492,-0.1539280555720753,-0.15896339388240657
-0.4287425955832565,-16.0,-0.12263625739287848,0.2121016417046099,-0.1484105815502881,-0.3015109898713438
0.01227108960628448,0.25788946818635683,-0.44057291512403757,0.11795425202524644,-0.15246843212881112,-0.16444635821459722
0.01227108960628448,0.25788946818635683,-0.1305339051109608,0.13624253571416753,-0.15268103944778155,-0.16937050047088587
0.10105030117268501,3.417772837234564,-0.44642547821679374,0.008656418114434093,-0.1511809498723406,-0.02788836782359812
0.10105030117268501,3.417772837234564,-0.1521560449315264,-0.04998720584827914,-0.14934712115655738,0.1237592112863678
0.08961582604977439,2.990533442305826,-0.44843234834443496,-0.015300633174476143,-0.14925711502899777,0.05918986388327929
0.08961582604977439,2.990533442305826,-0.167443101715327,-0.030445712964613465,-0.14755433523553899,0.06644645798796292
0.0,-0.2809304880569232,-0.45024601169852957,-0.010539749760337154,-0.1480210750681967,0.005951500680473384
0.0,-0.2809304880569232,-0.18185222694520115,-0.015442855443953622,-0.14644958156206228,0.0020397136906150914
0.0,-0.7638368058283094,-0.4515295321301,0.008200263441190726,-0.14667825279857485,-0.013163179257703179
0.0,-0.7638368058283094,-0.19221803064091086,0.015392934481040284,-0.14519634576629906,-0.016943762989568116
-0.19521775027112676,1.5153949623222949,-0.4527487171713411,0.010774110280666008,-0.14556192165950763,-0.014973237563425851
-0.19521775027112676,1.5153949623222949,-0.47495228502526604,0.008664410189327563,-0.14549890835202073,-0.012795360216990535
-0.16829559281330914,1.4927710693520422,-0.1771725279591993,-0.016937087306635453,-0.13932083639608056,0.018779298268646206
-0.16829559281330914,1.4927710693520422,-0.18089846347712019,-0.020845056217842054,-0.1403422266210994,0.03986018923002782
0.0,0.8169653928975293,-0.45125750082248406,-0.005645199988426576,-0.14277100048379848,0.010994813843840273
0.0,0.8169653928975293,-0.4626338747684723,-0.004878522130507495,-0.14184171441705484,0.004203803830882327
0.0,0.5920641398567004,-0.2105428959227213,-0.010028171671199255,-0.13823235476098458,0.009566942938603962
0.0,0.5920641398567004,-0.4456741249855322,-0.00427906683080865,-0.13963302860802568,0.004066223719360575
0.0,0.4315248268907925,-0.20911443379316158,-0.006038144151948833,-0.1393659672940317,0.007793205272161045
0.0,0.4315248268907925,-0.4550209054001221,-0.003179358389059913,-0.1387119749269072,0.00277671028958288
0.0,-0.08043647189667835,-0.1982712002969535,-0.0049796746365008485,-0.1380948600677513,0.004246692940098004
0.0,-0.08043647189667835,-0.44602510287963065,-0.002212518304950451,-0.13752222007268072,0.0011555790999450894
0.0,-0.10276706088092968,-0.22464096280394957,0.0018204733631140906,-0.13707035966499956,-0.003054613478364906
0.0,-0.10276706088092968,-0.44646643665382746,0.0008237126596285522,-0.1363822994123321,-0.003335214775386611
0.0,-0.2854934303241907,-0.2551217886870019,0.0013397607803721657,-0.13593456113852453,-0.004697930766218864
0.0,-0.2854934303241907,-0.4323162485383568,0.0009639895571575696,-0.13511562095152257,-0.0028721790230559303
0.0,-0.1774437629926271,-0.22922257315272193,0.00400049850337514,-0.134531599442465,-0.004945075841210504
0.0,-0.1774437629926271,-0.44451179965885895,0.0019846935680365866,-0.13430264529514854,-0.0038635974552503087
0.0,-0.04029819942105717,-0.2333549211832761,0.0024074182561703195,-0.13356658763406193,-0.004553028900194453
0.0,-0.04029819942105717,-0.4438178040373097,0.0011461510593580308,-0.13316891945414905,-0.0028372808028547664
0.0,-0.5057791034599255,-0.23566777904598174,0.0006975958740734233,-0.132400076955035,-0.0013747843767401317
0.0,-0.5057791034599255,-0.4425792665111447,0.00180662853867464,-0.1320899832238837,-0.0024331530651832385
0.0,-0.4087342496817923,-0.46737126028147347,0.0036808775675088046,-0.13183271295780324,-0.004523842265546762
0.0,-0.4087342496817923,-0.19605700732384912,0.008689147474662345,-0.12953606618007635,-0.011997340120726688
0.0,-0.5067538760745904,-0.4346538026167269,0.004263600291357785,-0.1298691354587167,-0.007733306641888628
0.0,-0.5067538760745904,-0.23164604115685078,0.005442276276717424,-0.13097506177187407,-0.007376335859608786
0.0,-0.3454702724611234,-0.43689673810995533,0.004793666151485874,-0.12919811073547616,-0.0053974298445253
0.0,-0.3454702724611234,-0.23695451159313613,0.007031149648078158,-0.1293879931385426,-0.0070470729054755285
0.0,-0.18783197964911474,-0.4359801715944342,0.0043115559513089,-0.12813258895380733,-0.005701216815887895
0.0,-0.18783197964911474,-0.2389493739329826,0.004467339741866411,-0.12837673373424216,-0.00544070522170695
0.0,-0.3646678609896972,-0.4346820190171378,0.0033228329028129034,-0.12718541594999414,-0.0041444908525191965
0.0,-0.3646678609896972,-0.24009923119437476,0.004250117569714879,-0.1273504883052605,-0.0032623776352280823
0.0,-0.2751768004150713,-0.4330207221292927,0.004751500914265061,-0.12628247274096827,-0.004911734958043436
0.0,-0.2751768004150713,-0.24121369683700083,0.00586855709978489,-0.12645690935131,-0.006946737852251618
0.0,-0.16922341108852357,-0.43143456914288,0.004281015589455485,-0.12534806689635952,-0.00552355108399712
0.0,-0.16922341108852357,-0.24258872875624554,0.004085053645245148,-0.12557690158050758,-0.004081792900234628
0.0,-0.09514954221935136,-0.4309378374064416,0.0036051695778025646,-0.12452570928879245,-0.003686649123804277
0.0,-0.09514954221935136,-0.4391603951368101,0.003513430525214009,-0.12437379047214275,-0.0035124170994876814
0.0,-0.05199462364339796,-0.24069067421083135,0.0024990502017399143,-0.12296001026331191,-0.0014498460854755605
0.0,-0.05199462364339796,-0.4242951290695817,0.002932744969554543,-0.1224784164836425,-0.002554299104989629
0.0,-0.03372516670881238,-0.236146022707778,0.0020001810245041662,-0.12379363890305414,-0.00128713017163707
0.0,-0.03372516670881238,-0.4233073128205029,0.0026021223988200986,-0.12185237029989865,-0.002500352583635092
0.0,-0.018143572306057277,-0.23925482075194132,0.001700561536587653,-0.1227316062790654,-0.0013319960184746587
0.0,-0.018143572306057277,-0.42589600325347376,0.0023668810876782687,-0.12096812019385,-0.002233212573675241
0.0,0.0,-0.23405945178117238,0.001374913855455151,-0.12192339428873877,-0.0008308543063681069
0.0,0.0,-0.4209783330279639,0.0020896154636579523,-0.12021100838803817,-0.001843565467241902
18.295603562684374,-18.295603562684374,-0.24389934062389257,0.0010867051961959233,-0.12104966692650754,-0.0006559423848100368
18.295603562684374,-18.295603562684374,-0.4334121638450924,0.038062115348180936,-0.14776157992989072,-0.02583597731068679
18.276590819453187,-18.276590819453187,-0.42039950826356715,0.26060648019081745,-0.27386232577682407,-0.26974078429946635
18.276590819453187,-18.276590819453187,-0.5887743033310877,0.1575736880547351,-0.2081658409077284,-0.21321482054158067
9.939772400139585,-17.895755763607365,-0.7115521884377387,0.23976445282260508,-0.27967225404741214,-0.3235795654646664
9.939772400139585,-17.895755763607365,-0.7351304684287587,0.1555125219061801,-0.2053843322833044,-0.17202569761392303
-13.841226043460175,-8.376815659824203,-0.8892001697051399,0.24428086335468147,-0.22488526486256993,-0.18517269011850493
-13.841226043460175,-8.376815659824203,-0.7960517541320242,0.14343310247253804,-0.1458837419918923,-0.12197984337410384
-15.709280135578155,12.218801205388445,-0.7770945001755476,0.11472433873468596,-0.03468529967368281,-0.059268352578679254
-15.709280135578155,12.218801205388445,-0.6746828076267288,0.038441655702183095,-0.08472514845536944,-0.0165062435564087
-1.4544420192768435,14.407105823249827,-0.6074333895803339,-0.033250562138667714,-0.07677534302941397,0.0641583681121789
-1.4544420192768435,14.407105823249827,-0.2897779549898822,-0.1860134977128143,-0.03469305300720149,0.34930027678055997
13.460305363011237,-2.1713765306883346,-0.45043970762934354,-0.07041608986043592,-0.11730932058616766,0.19136972981168016
13.460305363011237,-2.1713765306883346,-0.1638282068124745,-0.09261369676590742,-0.15976460332898018,0.21368673334049046
9.409219100376685,-12.844339531589656,-0.4664310811308054,0.040657168873924524,-0.18301662060642315,-0.004575934839448969
9.409219100376685,-12.844339531589656,-0.3427613576452934,0.12564026846878476,-0.23274464241931378,-0.21374736412298467
-8.306006270042673,-6.864371257641203,-0.5568580617839856,0.11977211933593651,-0.17785237610021098,-0.16257428612989305
-8.306006270042673,-6.864371257641203,-0.4773878706054232,0.1599441126337061,-0.15861567421850806,-0.20250499160372312
-11.293001863087724,7.719597654972738,-0.5601573269978871,0.07887064676555613,-0.1076302900393418,-0.06697809204225111
-11.293001863087724,7.719597654972738,-0.34960274061134583,0.007887819779107567,-0.05544235917004561,0.05577842492116909
-1.7493489195481935,9.49637655751259,-0.46210679965939544,-0.02609104604043983,-0.08529583563310807,0.0800914458658396
-1.7493489195481935,9.49637655751259,-0.14148601720763637,-0.11583361561926105,-0.07171690595906866,0.21774888958135427
8.266413663943855,-1.6349017773973316,-0.3851584635728688,-0.04188529559198248,-0.11617699468043816,0.10365424710124972
8.266413663943855,-1.6349017773973316,-0.11632706083546512,-0.04141189822816867,-0.1513388042881973,0.08842563491929646
4.616693842936744,-8.042753506257576,-0.4126372039231951,0.031396280997479514,-0.15826081715811838,-0.01011577920155356
4.616693842936744,-8.042753506257576,-0.4427059952338725,0.04377258603717142,-0.15811495419733843,-0.04261742791833416
-2.9136364298791904,-5.551848964841316,-0.27031067756277344,0.11856433956878608,-0.16709998398577822,-0.16051049887436156
-2.9136364298791904,-5.551848964841316,-0.46815895240932603,0.07897601710313235,-0.14273922637937114,-0.09581819330738464
-8.280434325488802,5.01045954769199,-0.2939460009921832,0.07627411601778492,-0.10897391995172051,-0.08369248011185534
-8.280434325488802,5.01045954769199,-0.4497160044620774,0.044790894428674,-0.11092772287672492,-0.022193988040578212
-4.445511756524983,7.586167956957269,-0.20259450478225655,-0.06274370059856085,-0.06022300616299853,0.1128911905053105
-4.445511756524983,7.586167956957269,-0.3727038429731767,-0.02962810211466706,-0.0901683489835082,0.08717611523931415
5.755683787435432,3.640240879379583,-0.09394966188090254,-0.089089777796322,-0.08410777158556448,0.16031952055993762
5.755683787435432,3.640240879379583,-0.33210281947476855,-0.03455401781683044,-0.11057471580289074,0.07599250287952218
6.650491956427353,-5.402868110290353,-0.1298749032367033,-0.033531162240999286,-0.16357079697671179,0.041097045700919155
6.650491956427353,-5.402868110290353,-0.37937575017753983,0.0025568572989116737,-0.14307621696657727,0.0062843875911031966
0.6913097714337884,-6.367059066999495,-0.24903942829852682,0.08414762710997434,-0.17306087076346852,-0.09942647799272952
0.6913097714337884,-6.367059066999495,-0.43456959627557823,0.05354795009923368,-0.13932484036572879,-0.06388057969424178
-5.984952428709391,-0.07087170125872078,-0.30346756508731093,0.086419779229733,-0.12840130786712628,-0.10871592796418221
-5.984952428709391,-0.07087170125872078,-0.4356313940531242,0.0403598902161011,-0.11357092611096631,-0.03987008550902185
-5.491623817257643,5.491623817257643,-0.2583754450013738,-0.0034810400721893876,-0.07333007983808065,0.024775317768598162
-5.491623817257643,5.491623817257643,-0.3863640680377724,-0.001367392576271765,-0.09496256843513409,0.02972631155871701
0.8608784793751827,5.032719199399874,-0.3872506058757362,-0.01896016815019366,-0.09578826622807686,0.0435691881974549
0.8608784793751827,5.032719199399874,-0.11623336969533382,-0.08346213850156457,-0.07736413321699631,0.12778096919178095
4.725743916851861,-1.8385491574897905,-0.3428517988129425,-0.031697677981301034,-0.11233788573990441,0.06663384806832398
4.725743916851861,-1.8385491574897905,-0.15319895017437507,-0.029130877231490236,-0.13323468495635882,0.052923398742171585
3.5013396655721953,-4.530462192796884,-0.36601964210917654,0.016694579978447248,-0.1309571061610846,-0.007101955962133252
3.5013396655721953,-4.530462192796884,-0.24761129629658302,0.05303018670787804,-0.14923791842892292,-0.09251179669480364
-2.875410620892776,-2.0353459658634847,-0.4035340350764482,0.03833632769617948,-0.12919291807532035,-0.05631630237481867
-2.875410620892776,-2.0353459658634847,-0.3084344789048754,0.04990312014351385,-0.12323821677587526,-0.06910767457484347
-3.9806161066289403,3.078566358480927,-0.399370444881908,0.02186645741653919,-0.1032312114325662,-0.017730291377933975
-3.9806161066289403,3.078566358480927,-0.25712689917796666,0.0008601001946873695,-0.08671450056864505,0.019596454795664783
-1.0732054919624678,3.6477074708696966,-0.37368254438805487,-0.014341831606862794,-0.09547243387230164,0.032571348299633374
-1.0732054919624678,3.6477074708696966,-0.20277433668005312,-0.04637710877441628,-0.08968762340584463,0.07967467225076733
2.732235027682627,-0.575676940563584,-0.363393134243125,-0.019230620201494738,-0.10407138808766173,0.04096024823471049
2.732235027682627,-0.575676940563584,-0.182311574705198,-0.022395293770774823,-0.11526265795464848,0.037334981503629336
2.111922077926298,-3.244490255145446,-0.3648531273562589,0.007256716631330435,-0.11900605188483146,0.00036722732668702934
2.111922077926298,-3.244490255145446,-0.25307156341460696,0.03223111440633937,-0.12993063187606577,-0.049229721843282837
-1.5840920530006013,-0.9343960695868478,-0.38694575572823825,0.026358142683944853,-0.11778965171315062,-0.03226513176126773
-1.5840920530006013,-0.9343960695868478,-0.2796623543087359,0.034190910483216756,-0.11155832648868091,-0.04878749880012207
-2.6908778524390122,2.2974747842876475,-0.38492546424620916,0.010664368859617794,-0.1027010018823887,-0.009875279920501552
-2.6908778524390122,2.2974747842876475,-0.3858200672101328,0.006000886400028543,-0.10101181227350386,0.0030066481056181134
-1.2536395418345245,2.6891927924547145,-0.2502451135939224,-0.026399898429942652,-0.0864804289019965,0.04333805571931577
-1.2536395418345245,2.6891927924547145,-0.3502442639552992,-0.01673378454439772,-0.09445895368862824,0.035444067833399505
2.0638348077614665,-0.22191295137613665,-0.20758442266562244,-0.03306206590807976,-0.09582070235716586,0.05489789015174722
2.0638348077614665,-0.22191295137613665,-0.3466962928179686,-0.01321932738785409,-0.10190929528765069,0.02591897981555715
2.6399999999999997,-2.6399999999999997,-0.23650393704007397,0.007196567871560967,-0.12089156042068894,-0.008134958811174748
2.6399999999999997,-2.6399999999999997,-0.35860632929038466,0.008303709220985599,-0.11338974514604358,-0.014508274168355324
-0.12584853499248805,-2.293849791875515,-0.26634513008177535,0.03640778020194538,-0.12662366674485293,-0.054024297537361675
-0.12584853499248805,-2.293849791875515,-0.3827734137296232,0.02198601107152653,-0.1124871911517796,-0.02930350073853266
-2.6399999999999997,1.273917900208696,-0.28467956664989663,0.030455093130906278,-0.10539280930941561,-0.03591826988672399
-2.6399999999999997,1.273917900208696,-0.379491376555475,0.013831469798369208,-0.10014603866766095,-0.010873037918189811
-2.6399999999999997,2.6399999999999997,-0.25846096682252256,-0.018381346399716295,-0.08396026022859152,0.030462000707701203
-2.6399999999999997,2.6399999999999997,-0.35851430322673744,-0.01078691140479919,-0.09163212466092444,0.024582787279061186
0.7261562255242664,1.492739036511586,-0.22051412613814064,-0.03298042584031573,-0.08183534513796739,0.050791884873352476
0.7261562255242664,1.492739036511586,-0.34095310461691225,-0.01370276957384578,-0.0957149621772978,0.025213427834352153
2.6399999999999997,-1.5914527339835374,-0.22063971848069913,-0.015743431461277806,-0.10755931457614876,0.018932563471857046
2.6399999999999997,-1.5914527339835374,-0.35097461251348333,4.735191743295312e-05,-0.10670566985714156,0.0040943561477915155
1.422705063376425,-2.4213671057506243,-0.3634015640233656,0.011164732650852528,-0.11017285746436331,-0.00882000060563912
1.422705063376425,-2.4213671057506243,-0.26947585501810833,0.029800901714486717,-0.11960349866818126,-0.045204901915872314
-1.8987857225105214,0.10506937678941952,-0.37404279425506615,0.018962462264773865,-0.10645794273214267,-0.02804837098244209
-1.8987857225105214,0.10506937678941952,-0.28120179676493734,0.0234193851298124,-0.10431317093165138,-0.037233797645610155
-2.6399999999999997,2.432133305379913,-0.3693404330598777,0.0023760965550763966,-0.0929148602490995,-0.004121025545128973
-2.6399999999999997,2.432133305379913,-0.25783860092738314,-0.01613678856801789,-0.08284765735412158,0.03171102606310719
0.10923440825057895,1.3603331540870363,-0.3499116475896084,-0.01571247370162967,-0.08719240064843756,0.029342245408631226
0.10923440825057895,1.3603331540870363,-0.22459024945917933,-0.028222199786142533,-0.08695338592190788,0.050214561866510445
2.3917192884656497,-1.332155678286326,-0.3409456142404192,-0.009131039358656341,-0.09660788358809894,0.018802417245133145
2.3917192884656497,-1.332155678286326,-0.23557881583445486,7.140427782837506e-05,-0.10775468782946943,-0.0032151420360796625
1.039772472598103,-1.7885921594335898,-0.35367739250539904,0.009660524240990538,-0.10612519192936498,-0.013112693761133245
1.039772472598103,-1.7885921594335898,-0.2734346712959769,0.024130099974989678,-0.11339180667488635,-0.03979986905480831
-1.7059048839336501,0.2731003090850601,-0.36728885297602004,0.01338241846041596,-0.1015992473809943,-0.019177617504291557
-1.7059048839336501,0.2731003090850601,-0.2834642046356008,0.011361754975823644,-0.09594063950905041,-0.015874170225825383
-1.7592058187802375,1.6179647484702016,-0.36140605830064926,-0.0007365764069281063,-0.08991033993691852,0.00234184435029753
-1.7592058187802375,1.6179647484702016,-0.25841081526515114,-0.013365921401514236,-0.08350154240606383,0.024183920979368775
0.5326682459670653,0.5678288693332592,-0.3478531755241014,-0.009970643759092034,-0.08796325337973629,0.016908480861154165
0.5326682459670653,0.5678288693332592,-0.34848903733958725,-0.009667239363751266,-0.08902300764311111,0.015169570071081453
1.8046985977722105,-0.7003658346441446,-0.2426721990881126,-0.008815755248003338,-0.0986365656481892,0.015956070311341938
1.8046985977722105,-0.7003658346441446,-0.3459038680168604,-0.0024714511702794684,-0.09711831944475124,0.004911584312762222
0.7999057364097535,-1.217822733530377,-0.2624553844753083,0.010643918230520275,-0.11006545468959264,-0.015700179464419598
0.7999057364097535,-1.217822733530377,-0.3630047165179364,0.006884074711579443,-0.1002509988298391,-0.01178639001539788
-1.5829447896701778,-0.1366222597613893,-0.2797429905244445,0.01674736395648557,-0.10250908072741854,-0.025384932350480543
-1.5829447896701778,-0.1366222597613893,-0.3621000531558506,0.00910075920584163,-0.09508947390400248,-0.011006742181922661
-2.346960777081506,1.3436478283515547,-0.27269988844168774,0.001744510968635267,-0.08332283652010852,0.0013019872107549605
-2.346960777081506,1.3436478283515547,-0.3512900960410989,-0.0005727055182405639,-0.08563001328475456,0.005225662355240471
-0.07417140421316915,1.2449163673469692,-0.24497691131528881,-0.01748117517293806,-0.07576061763943104,0.025176459414904314
-0.07417140421316915,1.2449163673469692,-0.3350334849805063,-0.009413216811302869,-0.08521587762178562,0.01588148003009176
2.5062367517906186,-0.4894174117222865,-0.2344427495700388,-0.014993272836038098,-0.09253429273460165,0.02094815619002344
2.5062367517906186,-0.4894174117222865,-0.33787080703181754,-0.005569557209240212,-0.09506281214194401,0.008842770568679284
1.8075572115814211,-1.62909997594498,-0.3488123451485639,0.0023123060944789066,-0.10033623883515388,-0.00047997831552218026
1.8075572115814211,-1.62909997594498,-0.27451635679992353,0.013286937664406567,-0.11154089772341935,-0.021749767332093158
-1.4828024926063186,-0.5728351779152696,-0.28613902390965434,0.023245064056332424,-0.10754368432443998,-0.0361593609531497
-1.4828024926063186,-0.5728351779152696,-0.3650645138308009,0.00816082743410704,-0.09189502843346792,-0.012833041434273598
-2.6399999999999997,1.2688011892150515,-0.3662000598357287,0.0036593007370741707,-0.0860171491471182,-0.003774739234392901
-2.6399999999999997,1.2688011892150515,-0.2710468041184785,0.0012528643887240523,-0.07738098111629849,0.00440693684623494
-0.5332877575002561,1.4466574987657732,-0.34237117618102747,-0.00677162421982733,-0.07919653310241118,0.009418765574820636
-0.5332877575002561,1.4466574987657732,-0.2367432744379328,-0.02014127639266001,-0.07586760795142447,0.0295555885660072
2.248548168441644,-0.2938238470218608,-0.329586414200816,-0.010486551252401593,-0.08556983619502226,0.017556483005806693
2.248548168441644,-0.2938238470218608,-0.23609224671716328,-0.010432828223322583,-0.09445571618897766,0.01726330242409146
1.8330890781851052,-1.5030228423391434,-0.33738250070625836,0.0014791258215093987,-0.0967270884015555,-0.00012046066319229467
1.8330890781851052,-1.5030228423391434,-0.2698330365055867,0.013328247773988723,-0.1074718702188193,-0.02374569713988084
-1.12055472554035,-0.5367436918668848,-0.3529982377358177,0.010857050910274332,-0.0964301090532291,-0.01755124608322317
-1.12055472554035,-0.5367436918668848,-0.2898405578869369,0.016647739680703492,-0.09469309123267439,-0.02391082524210692
-2.2499546829745816,1.0308586323206193,-0.35201537403955513,0.004588935266704213,-0.08455642327728863,-0.005712781892145402
-2.2499546829745816,1.0308586323206193,-0.26953725230033027,-0.0033146747099178737,-0.07673805329921282,0.008170792349648608
-0.17186441583281364,0.9742495022612467,-0.33713981635191775,-0.006550798912898467,-0.07845429039537413,0.010542499991341703
-0.17186441583281364,0.9742495022612467,-0.2426526950804238,-0.014288038092746935,-0.07891868158544743,0.02340316934869322
1.807275183491487,-0.3546882117244,-0.33145257696536384,-0.006248022057582905,-0.08534157494049896,0.010422457179133447
1.807275183491487,-0.3546882117244,-0.33186444949304295,-0.005385220441699347,-0.08619652647989269,0.006771121992698442
1.8353718461153519,-1.1247423936459036,-0.2547599286732551,0.0034224301948735025,-0.10089064434689349,-0.004617191721766195
1.8353718461153519,-1.1247423936459036,-0.34029669070162843,0.004243651717615026,-0.09368543169351204,-0.007040174100739963
-0.6923225514209519,-0.5265247898417592,-0.2807183364612413,0.01587995684525856,-0.10298325134694519,-0.02393593934294683
-0.6923225514209519,-0.5265247898417592,-0.35276592382081123,0.00864237398043201,-0.09225795406870466,-0.014011188212973955
-2.6399999999999997,0.8969525225092905,-0.28704508672496926,0.006653338661957007,-0.08344609278256254,-0.010653928837489482
-2.6399999999999997,0.8969525225092905,-0.3492309472962977,0.0023141115320851596,-0.08161533283095872,-0.0016006211707384835
-1.934089493996938,1.3646353597099983,-0.2539660489382448,-0.012590957213620049,-0.06645874243720379,0.01944345438746901
-1.934089493996938,1.3646353597099983,-0.32675763163523913,-0.007528609725664134,-0.07444325199706261,0.013688467464073232
1.5387575754301908,0.07755693006257824,-0.2412606753158502,-0.01621701691322092,-0.07160321672874623,0.023540620312554314
1.5387575754301908,0.07755693006257824,-0.311149304217941,-0.009209755076992848,-0.07840737704278768,0.013022131680329882
2.6399999999999997,-1.4905784849266495,-0.23350369935867102,-0.000271248882488799,-0.09752442931983188,0.0010195846582475997
1.4781459585160055,-1.1593751151725251,-0.32774237956435,0.0032758261722070445,-0.09101787067742853,-0.005236284200253652
1.4781459585160055,-1.1593751151725251,-0.28007753666601176,0.018564439580624936,-0.10104318822419288,-0.027532261672037643
1.4781459585160055,-1.1593751151725251,-0.34034294492568595,0.00965891763310838,-0.09024174208637516,-0.017051387932309838
-1.0680167464336523,0.53259439584266,-0.29038684003851906,0.014843162295569189,-0.0977722413190217,-0.021092330266804897
-1.0680167464336523,0.53259439584266,-0.34981363771538815,0.004504317219388959,-0.08560334944186596,-0.006726700911765087
-2.6399999999999997,1.572167985843747,-0.3497616822249892,-0.0023735675988674904,-0.0801226102617365,0.0022001112966828448
-2.6399999999999997,1.572167985843747,-0.27846985410721015,-0.01241118259280076,-0.07257917851382267,0.021134738878847398
-0.6628954630378547,0.5066321856239593,-0.3309093857995206,-0.010520988415355127,-0.07195190846503313,0.01678193801583674
-0.6628954630378547,0.5066321856239593,-0.24246533804850384,-0.018020636074818387,-0.06731311101902449,0.029208589219866476
2.2301341601844014,-1.2284692908944108,-0.31763718347986025,-0.00463081395529267,-0.07781652621230642,0.009766108239214522
2.2301341601844014,-1.2284692908944108,-0.23894648472411,0.003648315082067403,-0.08691182013752277,-0.006958587064014481
2.3441700266997123,-1.2000186413088036,-0.3243386907992399,0.008492367589759981,-0.08959049124188251,-0.013280698209550839
2.3441700266997123,-1.2000186413088036,-0.272016661669023,0.019026499677110866,-0.1021967553569714,-0.03345798339876758
-0.8042800627402944,0.43746442640222327,-0.34149620456715685,0.009241226777743366,-0.09145299787301292,-0.01618162040406733
-0.8042800627402944,0.43746442640222327,-0.29894093276050576,0.007297385752582101,-0.09228832888364252,-0.010258751971843793
-2.6399999999999997,1.3055706314092934,-0.34491473809401824,-0.0021063671566639627,-0.07921578736081947,0.0031940902679171053
-2.6399999999999997,1.3055706314092934,-0.28294167994875,-0.012257651473668882,-0.07015315123274316,0.022427974475575242
-0.8792682813333871,0.6901162080731666,-0.33000124490738875,-0.008661425294337053,-0.07037695527482243,0.014365869908822954
-0.8792682813333871,0.6901162080731666,-0.252816262159647,-0.013417308906909316,-0.06791762867263867,0.020177439903263875
1.7907547037865656,-0.7400125438253019,-0.31632320656307455,-0.005048526316500926,-0.07573642548698326,0.007294081017967924
1.7907547037865656,-0.7400125438253019,-0.24569288909748904,0.0007147593910890879,-0.08538314648430786,-0.0019628992928931686
1.4266519760418936,-0.8323677526163497,-0.32376704313648025,0.004908125775804257,-0.08628000041503434,-0.006815341096150531
1.4266519760418936,-0.8323677526163497,-0.27880287045899693,0.011426232878859213,-0.09363019664531538,-0.019125286919304513
0.0,0.0,-0.331203680283708,0.0063085916566734445,-0.08596117158844135,-0.010768602934405723
0.0,0.0,-0.3394841595833041,0.004743579587048748,-0.08431283117866745,-0.0073204562961343205
-1.5839999999999999,0.37018460063780023,-6.620646566485164,0.0007844097142459813,-0.08201280147146398,-0.0024314663126580203
-1.5839999999999999,0.37018460063780023,-6.6534471314159225,-0.0004486409236878475,-0.06732272310829074,0.0015681331649049337
-1.561489723732303,0.7161409077597591,-5.614132355101814,-0.005339983652756685,0.021149050186832274,0.012262877887826196
-1.561489723732303,0.7161409077597591,-5.689491099527569,-0.0033123213815415254,-0.01987984896344394,0.0077520736759419786
0.619118764525037,0.1195268621291654,-3.773722032789797,-0.009388465625245184,0.01413412945590517,0.014714402544478401
1.5839999999999999,-0.6883293361463111,-4.7669743538858595,-0.0044773248762567126,-0.023306012709504748,0.008118491659014623
1.5839999999999999,-0.6883293361463111,-2.3575372647463273,0.003342729897924392,-0.018081816562070058,0.0012280517407972646
1.5839999999999999,-0.6883293361463111,-4.018955403432194,0.005300977295229313,-0.03597731800661655,-0.00492999891859816
0.36475239504256246,-0.0813506679871048,-1.3323251711707444,0.010180873452326857,-0.03438908996825771,-0.017132505777990987
0.36475239504256246,-0.0813506679871048,-3.409759646828016,0.003169691982313838,-0.03871526432329908,-0.0068282023910338835
-1.4477463451444048,0.646166348719067,-0.5847212941624271,-0.0012004170289440757,-0.03394237477460507,0.0011211173285302523
-1.4477463451444048,0.646166348719067,-2.8911850004952906,-0.0017308410048359484,-0.035294359435372624,0.003949171212902847
-1.3635412064869248,0.5053990257137165,-0.009135883924411725,-0.009273436651546962,-0.024539352075011428,0.014078329925264416
-1.3635412064869248,0.5053990257137165,-2.449614562716903,-0.004327624558641405,-0.033218684525414655,0.007931297362028116
0.6051803149452291,-0.32000484774121424,-2.3831394056744335,-0.003051809948054403,-0.038627457781698404,0.0055802536464431675
0.6051803149452291,-0.32000484774121424,0.6211321778705503,-0.003029626395955005,-0.01649271896615936,0.006227288633894007
1.5839999999999999,-0.6584621880130721,-1.8531735899236847,0.00192725694475519,-0.03314104833496104,0.0002737042963013806
1.5839999999999999,-0.6584621880130721,0.9150595721816457,0.00778607881834039,-0.0588146860550714,-0.011869926473869209
0.3819096417788553,-0.07516418251533032,-1.5765921516859558,0.004893311855160425,-0.04401857053347502,-0.008736690527858299
0.3819096417788553,-0.07516418251533032,1.0004216438066,0.006265615315623159,-0.06480136418826463,-0.013325989530552324
-1.307412813777078,0.5586245688427847,-1.3627136606869386,0.0005851504588463893,-0.04403298724770102,-0.0026533114762778806
-1.307412813777078,0.5586245688427847,1.0313729426421891,-0.003611209948027604,-0.05535153932745507,0.006439512519003965
-1.0381927539191178,0.3506882554993743,-1.1720112654505106,-0.003994014905131358,-0.039392584810585746,0.006959183691480259
-1.0381927539191178,0.3506882554993743,1.0445394396046133,-0.0066911085160106035,-0.0481515769123039,0.012363139131917273
0.6335571736636727,-0.3056125450588565,-1.010291931973464,-0.002346542690965764,-0.041392046627900414,0.004814841698799566
0.6335571736636727,-0.3056125450588565,1.0229281994738135,0.00032034200268552687,-0.05502293228416222,-0.00041076381810736784
1.1668458702421163,-0.42827079176711247,-0.9196127237198477,0.002299071704832724,-0.049988945021648246,-0.0030716380708366536
1.1668458702421163,-0.42827079176711247,1.0243457739225443,0.0061218684249286165,-0.06671693386237412,-0.010522525943839137
-0.02278711314972267,0.05546397798573029,-0.7862427660240849,0.0031183383338447244,-0.05530055283049087,-0.005141401384755469
-0.02278711314972267,0.05546397798573029,0.8658646413592199,0.0025542557530939423,-0.065163279811886,-0.004739980011893549
-0.9424359535968017,0.3454579480036756,-0.6972080962063971,-0.00029439763365445937,-0.05230950577650384,9.002050802002536e-05
-0.9424359535968017,0.3454579480036756,-0.7059845251293724,-0.000729723484664783,-0.05539316462432589,0.0015400237579545702
-0.7921597927716711,0.24819115307873513,0.8535219877959781,-0.004564064941236619,-0.045199835087307155,0.007454320325695799
-0.7921597927716711,0.24819115307873513,-0.5186677887194318,-0.0025194227449099604,-0.044981453673743066,0.004753478080100251
0.4803868988604318,-0.20426714161803125,0.8347265177439285,-0.0025693678704815396,-0.05859048379171805,0.004807658864395468
0.4803868988604318,-0.20426714161803125,-0.4553907673908519,-0.0009683247692875368,-0.04947723338131302,0.0014831472681311715
1.298143261514183,-0.4393914951735087,0.7321262769882346,0.00350391416163539,-0.06792066393699583,-0.005093185052080658
1.298143261514183,-0.4393914951735087,-0.4186465161599892,0.0023455039030026814,-0.05610964160078774,-0.0041632994791648194
0.42024945008302855,-0.10159181650092046,0.5758521324797843,0.006055269130395633,-0.07476529461121863,-0.009419660906387297
0.42024945008302855,-0.10159181650092046,-0.3733225796677178,0.0032543387494028382,-0.05973784136643061,-0.005292114543761052
-1.1991532991899763,0.4155374376132216,0.5218248032574815,0.0012893155876761452,-0.06895375431550105,-0.0027690268654066968
-1.1991532991899763,0.4155374376132216,-0.3667032071467899,-6.301099849498912e-05,-0.05654223668798272,0.00027949647728817313
-1.3401932994044197,0.4019436717221964,0.4420467317607975,-0.005554247429857771,-0.05608925773752216,0.008213372802748472
-1.3401932994044197,0.4019436717221964,-0.33599873497345173,-0.0028876498256777735,-0.05194712548401653,0.005229810370854839
0.3606947338862156,-0.16024140412848206,0.3851059399693401,-0.004613394798282118,-0.05372534730329212,0.007369702069958446
0.3606947338862156,-0.16024140412848206,-0.30858151647779525,-0.0012425982507196574,-0.05468926090212972,0.0024395386893508357
1.5839999999999999,-0.5063152197694625,0.31564496451102825,0.003256316984289167,-0.06701868250026458,-0.0044271453251259075
1.5839999999999999,-0.5063152197694625,-0.30013451486641646,0.002480632184698661,-0.062090076616580864,-0.003956097743096874
0.6314154492675533,-0.1504297406258105,0.23084794009314596,0.007239130177350537,-0.07688751092793863,-0.010517447636667936
0.6314154492675533,-0.1504297406258105,-0.29925130100115366,0.0027597292388659546,-0.06353796930925418,-0.004933973541221136
-1.1876050589514806,0.388527575121257,-0.30842730304020055,0.0012516387586566646,-0.06284390602231127,-0.00244216219856485
-1.1876050589514806,0.388527575121257,0.16215888863400857,1.5926298498565366e-05,-0.06293016740721269,0.0002490673368728282
-1.2960715083067704,0.3577381900533015,-0.26411740603926914,-0.0020888673708832706,-0.05425722122959423,0.0026568691530138035
-1.2960715083067704,0.3577381900533015,0.13644705905488302,-0.005573811031890861,-0.055654119351409084,0.009390460644196642
0.395169205827554,-0.15789178503129878,-0.25106892202848363,-0.002423270737239075,-0.0536781578810943,0.004832536780734383
0.395169205827554,-0.15789178503129878,0.09473103851470077,-0.001598835182166185,-0.059797113650676414,0.0033350072469098837
1.371068168578646,-0.3931674818910428,-0.24717778274600438,0.001254261910766477,-0.0602310285953927,-0.0014383109507147811
1.371068168578646,-0.3931674818910428,0.03853127166412057,0.004489944784509169,-0.07131821517803179,-0.00828363203209567
0.3130924267240981,-0.05685015076422816,-0.2529801960667062,0.0031179245082419687,-0.06502281464829852,-0.005443357180889329
0.3130924267240981,-0.05685015076422816,-0.028672003884276098,0.003850710939662629,-0.0719052769802911,-0.006617147279488087
-1.0372666744621417,0.2967586053055029,-0.252895260359004,0.0008326969096767208,-0.06181440271236726,-0.0015756756400607398
-1.0372666744621417,0.2967586053055029,-0.056225366130000176,-0.0013969407794994925,-0.06238174907004124,0.0031078806762015482
-0.7404028524479509,0.17795373942209225,-0.25353460232165675,-0.0016300086107295495,-0.05637070583277681,0.002996027215793491
-0.7404028524479509,0.17795373942209225,-0.07535735304328187,-0.0031338483243735257,-0.057279993442039726,0.00588990973861471
0.5173067387706654,-0.156211020379207,-0.2480260161962787,-0.0009305059800890313,-0.05714011154199203,0.0018815672099705431
0.5173067387706654,-0.156211020379207,-0.2503940784298565,-0.0004902771179019516,-0.05799162567270123,0.0005857649088823428
0.7612256598177504,-0.1919808182522884,-0.10143524236711682,0.0022892479620554122,-0.06672155099587246,-0.0031436561132558868
0.7612256598177504,-0.1919808182522884,-0.24337938266002124,0.0016939453090013678,-0.06207466939425954,-0.0028740011503412526
0.23228206489208852,-0.04276382490775595,-0.13059664302399954,0.0029518310363346742,-0.0701414935363903,-0.005209551207246697
0.23228206489208852,-0.04276382490775595,-0.2500568208255256,0.0015956664551093729,-0.06303840354418958,-0.0025822939554886997
-0.7239890716547056,0.1847058539933765,-0.16042081291548055,0.0007835639216337152,-0.06610099794734631,-0.0007631383530428179
-0.7239890716547056,0.1847058539933765,-0.25346126339691666,0.0003080450499997207,-0.06054100233100855,0.00014575035386660425
-0.8270825069475557,0.1849634392138295,-0.17940753167809237,-0.002106629879103311,-0.05837983091588112,0.003424152212726548
-0.8270825069475557,0.1849634392138295,-0.2493072218318867,-0.0011628510584325348,-0.0571640221369375,0.002210645746185528
0.19646860504464347,-0.06707847743981327,-0.18345994216627523,-0.002024183235903334,-0.0571352600018199,0.003334390805443223
0.19646860504464347,-0.06707847743981327,-0.24789090262583136,-0.0005915332017785875,-0.05789984413906518,0.0011358173143033961
1.0357882114071026,-0.24207140828305043,-0.19668372569150855,0.0014664096587289873,-0.0648390572925479,-0.0018789356013538688
1.0357882114071026,-0.24207140828305043,-0.25163143566797475,0.0012300410787386639,-0.061959368882351346,-0.001976630888050916
0.4826644742513571,-0.09254064323781805,-0.2193801290090219,0.0036424094034597067,-0.0713566412008415,-0.0053542768726859355
0.4826644742513571,-0.09254064323781805,-0.25968291523952025,0.0017768509246880704,-0.06343353742575156,-0.002932514307957205
-0.7755432601571612,0.1836565526284525,-0.238379519404614,0.001355758850243883,-0.06697860719972193,-0.001993012237500439
-0.7755432601571612,0.1836565526284525,-0.2629141031167521,0.0002689169023134167,-0.05990053154258289,-0.0003138829078197106
-0.9844888353999964,0.20328355233960163,-0.2617449568644682,-0.0007652143086198499,-0.05725245845110541,0.001033491023398577
-0.9844888353999964,0.20328355233960163,-0.23986336048315768,-0.0026281703891521133,-0.0561106591027917,0.004787863939992417
0.16911062566274604,-0.05547739462919469,-0.2558673486676899,-0.0012390579912246132,-0.055740050349693177,0.002654579340981541
0.16911062566274604,-0.05547739462919469,-0.2364542816060094,-0.0012519442041448979,-0.05762086549790253,0.0025657996983936195
1.0337068571989487,-0.21945419454552986,-0.25471762708025936,0.0005430130275666974,-0.059780694853952515,-0.0004094911992125951
1.0337068571989487,-0.21945419454552986,-0.24683984240768533,0.0021707398981340954,-0.06627146286094049,-0.004213197051814963
0.3944166732189812,-0.06793955950786353,-0.2606271378386216,0.0018165485623802592,-0.06338536746748759,-0.0031773177617112234
0.3944166732189812,-0.06793955950786353,-0.26473703602512844,0.0028706209770821014,-0.06905102727378878,-0.004817094941623044
-0.7704353501857847,0.1628052345902001,-0.26643490715436235,0.000932563008978292,-0.06145418507368659,-0.0015982887736679134
-0.7704353501857847,0.1628052345902001,-0.2718241445112769,-0.00027491061504135883,-0.06109865115141448,0.0010469745115139846
-0.7192893926907049,0.1332700544708386,-0.2652447348699625,-0.0007933261540342101,-0.056584019997735796,0.0015618551494444883
-0.7192893926907049,0.1332700544708386,-0.2660506625687741,-0.0019503139181833542,-0.05587388009950815,0.003862335920070922
0.31493915771163916,-0.07284092830930072,-0.26134273595513124,-0.0006561303099612077,-0.05618309874488474,0.001448616446168308
0.31493915771163916,-0.07284092830930072,-0.26291400991067165,-0.00013358303448009006,-0.05972978531883262,0.0003181302353434919
0.723487450689322,-0.13766933314382077,-0.2617031316949981,0.0007737403431149199,-0.05996302737860301,-0.001029762070226339
0.723487450689322,-0.13766933314382077,-0.2700085901183878,0.0018464238214531026,-0.06506636130588316,-0.0031051846036269128
0.03478293501892431,-6.775202442112032e-05,-0.2669161786445942,0.0013539944047435595,-0.06211287271703643,-0.0021565989968069686
0.03478293501892431,-6.775202442112032e-05,-0.2806294395163912,0.001314436959188895,-0.06427105931066063,-0.002242649264108815
-0.5563204808662783,0.10224300271610046,-0.26870000973349006,0.0003181869498870691,-0.05906971994183166,-0.00047122544074853514
-0.48239526120232956,0.08178613909549808,-0.2679891862195306,0.00012645298348316805,-0.05823367253895284,0.0001203626385038179
-0.48239526120232956,0.08178613909549808,-0.27902868350989585,-0.0009890775652209866,-0.05716322341853955,0.002030323770580866
-0.48239526120232956,0.08178613909549808,-0.26661643417558634,-0.00038515907572580057,-0.05650244799930859,0.0010929482985138903
0.21791329644865762,-0.040083508076546204,-0.2754716309991645,-0.0006777038461720109,-0.05689590311828549,0.0012463579670058836
0.21791329644865762,-0.040083508076546204,-0.2642380220824794,-0.00015598295882461122,-0.05679325050439123,0.0002661461155421317
0.711302814859561,-0.12071320858380273,-0.27617769405187886,0.0009062199148634996,-0.06204537806650315,-0.0012546839098518281
0.711302814859561,-0.12071320858380273,-0.26638153455173247,0.0007644937429797832,-0.059450121937461506,-0.0012046832990838972
0.2668231557897305,-0.04360527102785994,-0.2836588346406278,0.0019575509827605797,-0.06582454440065746,-0.002850661993605447
0.2668231557897305,-0.04360527102785994,-0.2708990398000193,0.001074639053479409,-0.0603216433146313,-0.0016826265953757637
-0.5952052457279121,0.09618121924529217,-0.28930363008564974,0.0007962550994999454,-0.06229142613712908,-0.0011499387035926623
-0.5952052457279121,0.09618121924529217,-0.27232202556059054,0.00034170297015315057,-0.05790151136612516,-0.0003214647647443614
-0.7101278351238267,0.1107780619876872,-0.2858065447202107,-0.0010317602047445011,-0.05538724504291315,0.0017423630038244983
-0.7101278351238267,0.1107780619876872,-0.26931585455149787,-0.00048204107670384553,-0.055039354156703926,0.0010985283308556414
0.16050554517904336,-0.027782897568445514,-0.27880314933645284,-0.0011272029451021843,-0.05418285606701842,0.0019296821328520673
0.16050554517904336,-0.027782897568445514,-0.2657810957176729,-0.00014801362454794662,-0.05601654325642355,0.000531514320301085
0.8027068719236817,-0.12380939968866755,-0.2784237722091266,0.0008370502908664308,-0.060790591794957355,-0.0010838086575755248
0.8027068719236817,-0.12380939968866755,-0.26806795606662903,0.0007713850848606423,-0.05906886650697486,-0.0011301808527513892
0.3119861517902696,-0.04659378501737735,-0.2691845250253756,0.0010681594572244494,-0.059941296134034455,-0.0014629466448816133
0.3119861517902696,-0.04659378501737735,-0.28957113410810176,0.001882444290968318,-0.06466112710427094,-0.003092943598723319
-0.5967519281621241,0.08732667252607298,-0.27375806592457463,0.0007406242388864728,-0.05855575901276694,-0.0014355444599388812
-0.5967519281621241,0.08732667252607298,-0.2924306100711032,0.00015471083335092967,-0.05881429646330634,-0.00014632940529778486
-0.6254153471044602,0.08859378286443301,-0.2729298353934437,-0.0002988272499569397,-0.05470833062091947,0.0006951849547883414
-0.6254153471044602,0.08859378286443301,-0.2856640728942507,-0.0010711513662964604,-0.053835210182432175,0.0025236096532248896
0.2096684026295991,-0.031240646541158663,-0.26937327044211723,-0.00037938640986172226,-0.05395165037030189,0.0010677444318116735
0.2096684026295991,-0.031240646541158663,-0.280241200601019,-0.0003039368427910881,-0.056425703780312794,0.0006183133869851252
0.6339526921535911,-0.09033065388530069,-0.2689907958210219,0.0004402061600490446,-0.056906819565227876,-0.0005380119843486132
0.6339526921535911,-0.09033065388530069,-0.2837189331981512,0.001216605711051128,-0.06143433415494462,-0.0021457519630994513
0.11090355736845726,-0.016577725868082788,-0.27197709509365087,0.0009152554197124025,-0.058612282342744154,-0.001468076839176402
0.11090355736845726,-0.016577725868082788,-0.28988395927021504,0.0011291122520818108,-0.06133239407076557,-0.0018085388112921597
-0.49191572340105,0.06545135630541288,-0.2740125065426269,0.0004139387058947363,-0.05661171796953238,-0.0005955289953589292
-0.49191572340105,0.06545135630541288,-0.2896409905438818,-0.00010282735491488795,-0.05648580068300507,0.0004929148474389579
0.0,0.0,2.5439023610256117,-0.00016201022917444535,-0.053939161840606,0.0004496293933098918
0.0,0.0,2.3819347630867678,-3.2080740069559324e-05,-0.07777750124063494,0.00046218457665149785
0.0,0.0,2.2851435130317324,0.0005454620917791365,-0.07625694128036599,-0.0008935593191372888
0.0,0.0,2.1177536986153616,0.0006443924690082586,-0.07826774831510792,-0.0015769290815971098
0.0,0.0,1.2973017868953554,0.0008122926297800256,-0.09710064755718546,-0.003011174507530521
0.0,0.0,1.7100577466745628,0.0005125258833732451,-0.07810608481558527,-0.0016272377031881819
0.0,0.0,0.6448792948612165,0.0005411290870472572,-0.08700400702639113,-0.0011426594087905455
0.0,0.0,1.3645979688346797,0.0004742468988534604,-0.0765027262359251,-0.000755190501446305
0.0,0.0,0.16640572959671857,0.000524397304201657,-0.08210431569653542,-0.0007374142616167461
0.0,0.0,1.0793549622846905,0.0004661284487736839,-0.07525830895696961,-0.0009122155278863159
0.0,0.0,-0.18837516727541342,0.00047553847267147527,-0.0783110909620093,-0.0010457286943451644
0.0,0.0,0.8427012975566524,0.00044013534551534607,-0.07341365911946805,-0.0009135335323167443
0.0,0.0,-0.4388111844900526,0.0004274981162209709,-0.07491353639976131,-0.0006588589630535807
0.0,0.0,0.6471518349384964,0.0004186275648164694,-0.07194168544790673,-0.0007067408476947017
0.0,0.0,-0.6184697714890526,0.00040561189508118,-0.07270652189597313,-0.0005161314099870289
0.0,0.0,0.48421314044267555,0.0003995492615584146,-0.07007163841606581,-0.0006652903121961355
0.0,0.0,-0.7358008509632028,0.0009004338465418665,-0.07043969889712456,-0.00048510048389623176
0.0,0.0,0.34773992001221116,1.6369988951198838e-05,-0.06872178629852081,-0.0006039351992282098
0.0,0.0,-0.8106226493527795,9.508351783699229e-05,-0.06851580280778972,-0.00038129063494637223
0.0,0.0,0.2372128887377694,0.00039854862014367706,-0.06693961711774828,-0.0005367368498348382
0.0,0.0,0.22939450260940936,0.00039020932564738425,-0.06453240070460166,-0.00047501536045645816
0.0,0.0,-0.9032853009353266,0.0004061780309925194,-0.07288861098630053,-0.000421601288674082
0.0,0.0,0.0670369067337438,0.00036781771902733495,-0.06861441492992296,-0.0005749882101589035
0.0,0.0,-0.941119498175286,0.0003097431695419998,-0.062337361613825845,-0.00033857745699484654
0.0,0.0,-0.0067668446782040426,4.221000076151671e-05,-0.06614221396487106,-0.0004415488944364812
0.0,0.0,-0.9226751867428671,3.271686378091183e-05,-0.061722669883167464,-0.0001469276633350872
0.0,0.0,-0.06290074353413039,0.00032985752469105126,-0.06465436965119778,-0.0003693288732567227
0.0,0.0,-0.8901529240758361,0.000356999125732827,-0.0608966502791103,-0.0001997673479325094
0.0,0.0,-0.10790161980446461,9.713870932935207e-06,-0.0633069311019013,-0.00037342737100547283
0.0,0.0,-0.8511005853309097,7.90421521991594e-05,-0.06027313630130178,-0.00020307402200107428
0.0,0.0,10.07780782921718,0.00028837095206209624,-0.06212209818880599,-0.0003424538696998524
0.0,0.0,8.958949582330842,0.0010585404480904638,-0.1267490913761703,-0.0015908960892935674
0.0,0.0,9.148690948667946,0.0014491394532227188,-0.13885877459014,-0.0030079549230688936
0.0,0.0,6.0961115977731355,0.0025944878543729347,-0.20475743694029797,-0.007547176682940137
0.0,0.0,7.61095010568842,0.001343629598408347,-0.13517008018365023,-0.00438293467741107
0.0,0.0,7.3413327919652875,0.0010270203642546252,-0.12738044779394497,-0.003251964126416318
0.0,0.0,2.574494037369985,0.0019124214372011653,-0.1972591460410268,-0.004592343039922252
0.0,0.0,5.781715064592692,0.0014259554138352849,-0.14459643213103002,-0.0034730169216014906
0.0,0.0,1.1106522933754899,0.0011933372843356321,-0.14455450963231586,-0.003319837300161999
0.0,0.0,4.77088917556125,0.001089181385563003,-0.13535421750370127,-0.0026861994456736597
0.0,0.0,-0.06424780863006346,0.0009996901333175245,-0.13511933030728998,-0.0019910958847240315
0.0,0.0,3.9320072759171127,0.0010521165289990818,-0.13112245123508587,-0.0022636724888821405
0.0,0.0,-0.9033731531293452,0.0009026651642683194,-0.1244543364105931,-0.0017670956002666834
0.0,0.0,3.2425438151854014,0.0009632394271489531,-0.12481070685232035,-0.002134180278252795
0.0,0.0,-1.4699731313605142,0.0008075927775808549,-0.11682769509974789,-0.0013759631825246035
0.0,0.0,2.65681638545501,0.0009121515881078046,-0.121080716339762,-0.0018436223102932586
0.0,0.0,-1.8684290423477032,0.0007487876780086816,-0.10997150784364373,-0.0009954375204156431
0.0,0.0,2.1798035502565254,0.0008392675851405248,-0.11393320254336001,-0.0015738426739124178
0.0,0.0,-2.076860702662233,0.0006862055376904415,-0.10349471978593842,-0.0007091720627945277
0.0,0.0,1.7801110985741084,0.0007959065108157903,-0.11032741722520888,-0.0013808840781536881
0.0,0.0,-2.215892307677735,0.0006558890411914086,-0.10070283495871947,-0.0006157495886810196
0.0,0.0,1.4447024311181715,0.0007385461955259848,-0.10388833804105019,-0.0012122548612985176
0.0,0.0,-2.248099163356354,0.0006124459560806217,-0.09605613389701306,-0.00043192342691008613
0.0,0.0,1.152761919019605,0.0007061925998382569,-0.10142547830269452,-0.0010609312753200543
0.0,0.0,1.142098879287589,0.0006515547553342498,-0.09354920733354592,-0.0008852173541648192
0.0,0.0,-2.4107297910842638,0.0006950726350474277,-0.11202743720172934,-0.0007057276025117134
0.0,0.0,0.6728650045299525,0.0007261562753398175,-0.1057240492463316,-0.0012172403793224043
0.0,0.0,-2.4302664185999046,0.0005113567764335913,-0.07913623055909355,-0.0004125488646000543
0.0,0.0,0.4869900409073747,0.00064019318927525,-0.09794278833069744,-0.0007850293812891264
0.0,0.0,-2.2910006755486947,0.00045891379160097404,-0.07830821526686882,0.00017252010774518865
0.0,0.0,0.3445591068633734,0.0006050395777440475,-0.0939855942131772,-0.0005731789250120469
0.0,0.0,-2.1502307967130925,0.0004620107978292884,-0.07780901456404832,-8.227438544352607e-05
0.0,0.0,0.21577835662993855,0.0005755771875937526,-0.0903601876844704,-0.0006524053103868612
0.0,0.0,-1.9940989475898652,0.00042956908507266824,-0.07420323567188848,-0.00010734083161448348
0.0,0.0,-7.61812627509193,0.0005397795249743075,-0.08669078158507715,-12.606159548853757
0.0,0.0,-9.207501335370779,-0.06070748819673323,-0.04821731512984731,-9.186622065048178
0.0,0.0,-6.850964599136578,-0.09053302733549767,-0.06761243326671865,-6.45557911855119
0.0,0.0,-6.095194577674766,-0.16817991084028994,-0.07330925780137193,2.3769776141009533
0.0,0.0,-5.299767376206448,-0.06280943226710918,-0.06457334648054933,-4.72691703310285
0.0,0.0,-3.324216805141991,-0.05439279169882366,-0.02966573830836828,-1.8150359151857591
0.0,0.0,-4.178135382158202,-0.0648507846035398,-0.07978053179221523,-5.172908788301132
0.0,0.0,-3.9867118135620805,-0.0661866418758409,-0.08382403146999656,-5.078470635984907
0.0,0.0,-1.5955827871292356,-0.12449296962571783,-0.1062756871636199,0.8087956308432735
0.0,0.0,-3.2701275218001467,-0.08526666263644511,-0.09880148992222945,-2.8464358511412993
0.0,0.0,-0.7508686973003329,-0.0638553954238125,-0.08874633416475967,-0.3490198885881206
0.0,0.0,-2.763966404860957,-0.06283315476471937,-0.09121930494648942,-3.452571165865896
0.0,0.0,-0.17753090130486288,-0.07210011680892278,-0.10626480814902126,-0.7361486494177569
0.0,0.0,-2.3465174762580405,-0.07054496827668022,-0.09996488959002343,-2.792927724219866
0.0,0.0,0.22716151377237442,-0.07209153222783617,-0.1165674899712568,-0.0039604247514191115
0.0,0.0,-2.0034908317963587,-0.06560366098534162,-0.10244079630586658,-2.317551642730426
0.0,0.0,0.3159553737812136,-0.059880175360584084,-0.11068165161178735,-0.35395941856292357
0.0,0.0,-1.6087949912167196,-0.06296112921091769,-0.10355633210968919,-1.9536878439500405
0.0,0.0,0.7067882529587031,-0.05878501723699476,-0.11595671671812097,0.009897174686940069
0.0,0.0,-1.4731880168162383,-0.05872139308502321,-0.10533664827893052,-1.8221319188049314
0.0,0.0,0.7868802960122669,-0.05158766069948046,-0.1117113717019952,-0.1377516169299553
0.0,0.0,-1.2733303585159816,-0.056716364571202396,-0.10628906469070654,-1.5711941567177443
0.0,0.0,0.8466771928916381,-0.050156220977909255,-0.11236678514120896,0.04680732585117253
0.0,0.0,-1.1037168926577783,-0.05386088724438167,-0.10640330603210875,-1.3287020938558785
0.0,0.0,-1.1019396759582432,-0.05044627713535524,-0.10712487535179435,-1.4577872798820906
0.0,0.0,0.9411212405106919,-0.04932515888638383,-0.10531172730179666,0.4097943130046402
0.0,0.0,-0.834038602584299,-0.05456056301275762,-0.10488765493826055,-0.7323902617267797
0.0,0.0,0.9627294558464061,-0.038395766555806045,-0.11139022747074365,0.16270239574081113
0.0,0.0,-0.7347472094344809,-0.04566150435380309,-0.10266440897985202,-0.9731672675434642
0.0,0.0,0.8801801630704962,-0.035225068211369226,-0.10775234725723037,-0.2133869842130962
0.0,0.0,-0.6579313646293417,-0.0454752144134676,-0.1037128927864206,-0.8416669874358971
0.0,0.0,0.7952347277736176,-0.037038109327204985,-0.10924902357414046,0.08192416898544419
0.0,0.0,-0.5923487988364726,-0.0433280907246466,-0.1035574169713569,-0.6294789283765734
0.0,0.0,0.7109111121045231,-0.032448417225034686,-0.10482766241521742,0.038735035060341705
0.0,0.0,-0.5356020729823474,-0.0403099286578525,-0.10210190682626444,-0.5872146690746745
0.0,0.0,0.6315343309143644,-0.03011951538615754,-0.10300646768088695,0.003016266496561837
5.833978055312073,-16.0,-0.49174208890710797,-0.0381948648070573,-0.10166495516578247,0.11959200180692742
5.833978055312073,-16.0,0.5524155230093772,0.062306519373042026,-0.12476047513652806,0.40445546849312086
5.746267054039334,-16.0,-0.45265530900490786,0.08141135964445599,-0.12667553340897886,-0.2570920597421433
5.746267054039334,-16.0,0.47002328362274143,0.20349175509776232,-0.14876099599113218,-0.5128152544850366
0.3810714739468253,-16.0,-0.4368628552932305,0.08852367722771237,-0.13106302129362354,-0.3985973551015698
0.3810714739468253,-16.0,-0.48718284021789576,0.07972556187977266,-0.12921560115091413,-0.31169118315034305
-7.124373070360104,-16.0,0.4182019801102968,0.19661595831980117,-0.10838797855275058,-0.0826475045428598
-7.124373070360104,-16.0,-0.3983095910560774,0.1147690601963551,-0.10172537881015042,-0.20676535421868425
-6.002855487356,-16.0,0.26099716748399143,0.17833869309380013,-0.05180867598061581,-0.19111559033739955
-6.002855487356,-16.0,-0.4079552173213163,0.12252111170862362,-0.07399377440032298,-0.2828597519165392
3.625083743205323,-16.0,0.1432597225082866,0.1905152782787803,-0.052567739970289476,-0.2534595930548053
3.625083743205323,-16.0,-0.42809052562666755,0.13613054104755215,-0.08335583452667578,-0.2662205976119654
9.784318442035245,-16.0,-0.0021329757048823006,0.19634369182855327,-0.1228938168841632,-0.19500884832665444
9.784318442035245,-16.0,-0.495907973308297,0.14537422614307066,-0.11893258021997673,-0.24046561824146834
3.2703428964737347,-16.0,-0.15223821288745037,0.20781333654652506,-0.175118472377975,-0.19213917462785407
3.2703428964737347,-16.0,-0.5450448886982175,0.15757363894551585,-0.13019320689097374,-0.2339201448133973
-8.618830047698763,-16.0,-0.3249320675623649,0.20742580520866577,-0.12299541386536503,-0.1844341316004945
-8.618830047698763,-16.0,-0.5877334003306285,0.16615315732697739,-0.09412894365697093,-0.21705915090156236
-9.770041213632801,-16.0,-0.4013384976238982,0.21160374182787955,-0.026409599580481613,-0.17349475391057173
-9.770041213632801,-16.0,-0.6004333074261741,0.173531370136425,-0.05881319421880507,-0.2151555507509847
2.3161921296089467,-4.242942428279065,-0.43663089403400196,0.2147646782138909,-0.010842824105243884,-0.20015445622717087
2.3161921296089467,-4.242942428279065,-0.598599590213077,0.14364778628535216,-0.0734529238702157,-0.19947256640803512
11.42904043103689,8.294449126282018,-0.5871249583564124,0.09979276181082926,-0.09245067940356755,-0.15139070334949206
11.42904043103689,8.294449126282018,-0.3536651901283755,0.014258257493825005,-0.11593338312099041,0.05838763891735571
4.695828674991708,4.709715117398858,-0.4977359534560411,0.014179647410575563,-0.12619532031584585,0.019017284482328034
4.695828674991708,4.709715117398858,-0.1884306477057146,-0.08692858647231057,-0.14976122969193895,0.24901692945102832
-8.214435609644696,-7.95526567614742,-0.40671773190012817,0.024205489831325824,-0.10808061378603157,0.0457437959124804
-8.214435609644696,-7.95526567614742,-0.09570696131366607,0.030883491867215396,-0.0827941319085958,0.043643511683074565
-9.217031843399692,-10.663348416660227,-0.3670470391316188,0.1081204372421688,-0.05926669858222022,-0.10432056739273393
-9.217031843399692,-10.663348416660227,-0.11404695953380378,0.15237908859455956,-0.019654803316087113,-0.1922833986020281
2.282420112945976,-0.5371828158043286,-0.35758077519046616,0.12895764331957887,-0.04730617027519763,-0.1577250397464161
2.282420112945976,-0.5371828158043286,-0.13144929258661336,0.10287660013845315,-0.0469994014862572,-0.10778016324406109
9.216263279845945,6.663749080786616,-0.35306889831163085,0.057057669801895125,-0.08627740209372675,-0.04394739789463342
9.216263279845945,6.663749080786616,-0.1272497897806658,-0.021993158461940596,-0.1201728759211021,0.10941589464650237
2.320562054766336,1.7974401021855755,-0.3341710356765307,0.007944037831110945,-0.1144581997190202,0.04615747980835705
2.320562054766336,1.7974401021855755,-0.10010383947225565,-0.04335413001578696,-0.12500559997302746,0.1398994360805431
-6.964838352585298,-5.775859081084178,-0.3089715634288508,0.034201014009191885,-0.09259011457264374,0.015251924344217849
-6.964838352585298,-5.775859081084178,-0.10795387799473286,0.05431325178851208,-0.05962892986677304,-0.02163159673802323
-5.082516050208562,-4.580099445881402,-0.29848383280528684,0.08217469087869636,-0.05565738039518114,-0.06320669825573938
-5.082516050208562,-4.580099445881402,-0.3009116349260786,0.08378436672438788,-0.055080010004539166,-0.07178359924010591
0.8746647559074603,-0.06941158717704354,-0.11408289909813396,0.08131763124511215,-0.03443157564227589,-0.08199323217816845
0.8746647559074603,-0.06941158717704354,-0.2814865087568869,0.0663880864571121,-0.06026025538842063,-0.047832704913660096
6.696492563600959,4.444889974354425,-0.13454334505541515,0.019006356108419865,-0.07892072866496393,0.020771215958957832
6.696492563600959,4.444889974354425,-0.27127176377858775,0.030510939091155473,-0.08150794647931602,0.018833049094779876
4.539186115407826,3.1080113289293365,-0.14043097447574243,-0.03596133642847776,-0.12165839693737909,0.09917577642350162
4.539186115407826,3.1080113289293365,-0.27997980049769344,0.004599581270723789,-0.09976202893238069,0.050818424994177366
-4.369677371547399,-2.9815541857908343,-0.17323642362609828,-0.014742422208739586,-0.10714594929731792,0.06698104838439774
-4.369677371547399,-2.9815541857908343,-0.2774596380650593,0.019266366762037922,-0.08515582860772072,0.023821321158737824
-8.901512998854674,-5.919895182620394,-0.17189759646380698,0.06020240642050331,-0.041145908519714745,-0.03517203100517241
-8.901512998854674,-5.919895182620394,-0.2744357618042622,0.059841864590567784,-0.051070113456706825,-0.03831535109836925
-1.854617532083131,-1.1480304565982493,-0.16851959052600649,0.0939757574976352,-0.004923809245062624,-0.09542129601142492
-1.854617532083131,-1.1480304565982493,-0.2591356054776485,0.0632118991370358,-0.04490278966151702,-0.05075947398481232
8.408390464950251,5.301189616585049,-0.16301270995624834,0.027099787955918542,-0.05309682941268,-0.01471308337979893
8.408390464950251,5.301189616585049,-0.2616888833118744,0.01862577765818971,-0.08014815181900595,0.015754669276748567
7.453661750681705,4.403676598713844,-0.27096522174968996,-0.0029316533607057285,-0.09882352535034475,0.04444465525776009
7.453661750681705,4.403676598713844,-0.21016861888704144,-0.06060866830950173,-0.13048577263303587,0.13141578572610035
-3.8883144091348463,-2.4264517947231354,-0.2828935569600602,-0.00908759258787957,-0.1006149528970991,0.07442606662797435
-3.8883144091348463,-2.4264517947231354,-0.24322161694653316,-0.008302500895359971,-0.0960259545053918,0.05656096628030072
-7.379448466083408,-5.484797067917377,-0.2881735060687595,0.03676141174073329,-0.058832018805232825,-0.0037502321475475636
-7.379448466083408,-5.484797067917377,-0.23908888346827184,0.06875549520968738,-0.028693842969389968,-0.0904628439202178
-3.338432781184105,-0.7780178452672715,-0.2726611934788761,0.062481927431798846,-0.038570890559894586,-0.0621995345071259
-3.338432781184105,-0.7780178452672715,-0.2141555868467377,0.06644343374173767,-0.021110817924965664,-0.08218478550662328
4.99349174708845,4.619704045036109,-0.26464389140033695,0.028529561799251816,-0.050449308049742694,-0.006352547573529876
4.99349174708845,4.619704045036109,-0.2132672124059225,-0.008735610468048147,-0.06384877376099157,0.05602283989430684
5.733356474054959,3.209887698433718,-0.27224947509173103,-0.009915983718873457,-0.0814108744883604,0.05916243262819526
5.733356474054959,3.209887698433718,-0.24751236145543876,-0.04429507235022524,-0.10401778217720435,0.09776332507514529
-1.575095854098839,-2.1682824780283347,-0.28881344158735106,-0.004053210393878265,-0.08709428339419653,0.047612244897928147
-1.575095854098839,-2.1682824780283347,-0.27817694300793583,0.004596521649904683,-0.08099653050847935,0.012018105259520295
-5.318876513692872,-3.482960327377395,-0.29431947296598776,0.030893440167360245,-0.06000736565078896,-0.007945787025452511
-5.318876513692872,-3.482960327377395,-0.27123745066545546,0.05300565190587959,-0.03594310174370513,-0.06364473812050997
-1.7679435613469057,0.3731746007653065,-0.2846311299634392,0.039464416078283646,-0.04304416706402783,-0.023903601565746058
-1.7679435613469057,0.3731746007653065,-0.28099111435552093,0.03548484579184332,-0.04389962696846715,-0.012826229746108309
1.6172441758210985,3.2708984851746012,-0.2449271554622803,0.008050366826629615,-0.043914963100162824,-0.0033711922145293616
1.6172441758210985,3.2708984851746012,-0.27330031233556973,0.007608234699693546,-0.05447106133128321,0.020286960124758557
2.9388453876849416,2.9388453876849416,-0.24588433629641682,-0.03298282151518113,-0.06955208558765266,0.06561921490532613
2.9388453876849416,2.9388453876849416,-0.27795900606319585,-0.011535518619084903,-0.06615264974081583,0.05391536784335993
1.1721762191997935,2.660235277611687,-0.26428522025608636,-0.027094380331081136,-0.07971368657788544,0.05912560987717008
1.1721762191997935,2.660235277611687,-0.28866910038433924,-0.0096548305533104,-0.06922527642195575,0.038001738277310015
-2.4412858078244546,2.4412858078244546,-0.2799996433757742,-0.02624349298577016,-0.06656808199335533,0.030921106218880556
-2.4412858078244546,2.4412858078244546,-0.292617277969781,-0.012239619586727202,-0.05955116444395232,0.03440555331884915
-2.274718445323801,-0.5619104686622336,-0.2746386059971003,-0.026643624216568945,-0.03805259676817618,0.04004733333546617
-2.274718445323801,-0.5619104686622336,-0.2847197219627968,-0.008466520435114568,-0.0479721156650261,0.0366234161271804
-0.5666368285033855,-2.154835029905624,-0.26007851348444316,0.013117097709949146,-0.03888996987858291,-0.004090853204845202
-0.5666368285033855,-2.154835029905624,-0.2786007253261714,0.010605113974639854,-0.04973043774819062,0.002726481229963329
2.045719797836379,-1.615589504386655,-0.2573474079090047,0.0310906776275801,-0.05113468712967538,-0.04242846961164898
2.045719797836379,-1.615589504386655,-0.27998115903259074,0.017853818311971744,-0.05712470569039234,-0.008355788043480583
1.92,1.2703246093724694,-0.27109048459316976,0.02322219312965329,-0.07062406398208575,-0.023697585614979755
1.92,1.2703246093724694,-0.28969119629961754,0.008448515685058314,-0.0627277368925167,0.0065351287136145575
-0.33483744130609294,1.92,-0.28789768550320904,-0.015611659704207515,-0.06874910811533892,0.02531654880786227
-0.33483744130609294,1.92,-0.2959822541228747,-0.006789790797760985,-0.057741727786377164,0.03132220095887611
-4.413173871211917,-4.413173871211917,-0.296041872620712,-0.007737072879115026,-0.05361663992595822,0.033202430420400886
-4.413173871211917,-4.413173871211917,-0.2862732314380264,-0.0023177835526434574,-0.04102267319759219,0.02080714458692773
-4.319955062591865,-4.319955062591865,-0.2867245648322006,0.03238543945060237,-0.03650002940128345,-0.010360051859953978
-4.319955062591865,-4.319955062591865,-0.2570224434412284,0.0758203093468386,-0.017752505236335245,-0.1040455629567355
-0.9084764661219706,-4.172567461387093,-0.27161419074145327,0.04020830172357929,-0.033087157190689956,-0.05217550829835399
-0.9084764661219706,-4.172567461387093,-0.23677021895293754,0.05508987135112696,-0.0277936968270045,-0.06756866649959462
3.7725290978280315,-1.93965951904595,-0.26681620808464246,0.04004557239084014,-0.04366897572483113,-0.023834944471484674
3.7725290978280315,-1.93965951904595,-0.24325957221740968,0.054352082568139753,-0.05669761092804326,-0.03991612800145976
3.2057755382382913,2.9011212336663768,-0.27872748818234905,0.02946976485569061,-0.06198958498725751,-0.01433821969320065
3.2057755382382913,2.9011212336663768,-0.28197933875529674,0.007096482186076277,-0.07640177210592256,-0.0016249884033397999
-1.5405262852906128,3.3027843891188446,-0.2937656909555919,-0.004237058420795286,-0.06093886828771594,0.024486696961012976
-1.5405262852906128,3.3027843891188446,-0.2964930019097986,-0.03668891905752961,-0.05601933075901978,0.07597305510594879
-3.1831938249144693,-0.6403637556131088,-0.29271669023299707,-0.010007540020339527,-0.042704470278973644,0.04564868579726733
-3.1831938249144693,-0.6403637556131088,-0.27804217370793927,-0.0119609085316092,-0.028396781717963004,0.03677160533398116
-0.2561802804508222,-2.7559646787663468,-0.28124349360627554,0.014611526782552476,-0.03492696590877871,0.005351441607820306
-0.2561802804508222,-2.7559646787663468,-0.25906269383131875,0.03432145230367305,-0.034696043521860856,-0.04388965206651113
2.6194308800524793,-0.4946225101727375,-0.2778565066335641,0.029106196026230026,-0.04521054059354358,-0.021436774048454288
2.6194308800524793,-0.4946225101727375,-0.2801205532875032,0.02681816546663031,-0.04777916065121389,-0.015308829073507113
2.51065076731362,1.7276225472425448,-0.27654171886686024,0.01594154738949234,-0.06602763592640787,-0.02055426143958922
2.51065076731362,1.7276225472425448,-0.2909118927426776,0.01047911305553835,-0.057383652731256306,0.003806608873326192
-0.9514172303649402,2.202874254404957,-0.2956127845470111,-0.01611300905887307,-0.06588462318327998,0.035341541161049816
-0.9514172303649402,2.202874254404957,-0.2987261569258364,-0.004525335510849108,-0.053182417606230326,0.0336895087016138
-2.3472807208262783,-0.06615147615641881,-0.29461218964620495,-0.020793444233016364,-0.03883469752222196,0.04538287678813302
-2.3472807208262783,-0.06615147615641881,-0.2932129852147009,-0.005957936903385016,-0.04091923134198577,0.029479263703693026
-1.96145340259343,-2.224563575369822,-0.27787520185883496,0.0073091554375217145,-0.028268409419560478,0.00021574028584320226
-1.96145340259343,-2.224563575369822,-0.2836964756842555,0.012532359078434526,-0.03635266073359583,-0.0006557925644533058
1.2933300616589283,-1.6459952871633305,-0.2647269317620083,0.03434842232279245,-0.031159454962695596,-0.038929396436486075
1.2933300616589283,-1.6459952871633305,-0.2766532148575102,0.02416349137288003,-0.03967214092215574,-0.019700155803990614
1.965357574931286,1.369863601387996,-0.26594782359136737,0.026272743235511868,-0.05468096775625875,-0.031059549635940764
1.965357574931286,1.369863601387996,-0.28615371246264487,0.012674369552735805,-0.050056067929798984,0.0002141480968639864
1.92,1.92,-0.2850156003860809,-0.014795639743602148,-0.05914290352875633,0.030107984449374514
1.92,1.92,-0.294216542846922,-0.004146058175206618,-0.051762599833396344,0.029087261825302302
1.92,1.92,-0.29755200058233344,-0.018617172524523072,-0.059220756413886286,0.03696526377772724
1.92,1.92,-0.30065015529781075,-0.006905683649553627,-0.05275198474258365,0.02633657917120369
1.92,1.92,-0.30292576610395366,-0.0068878034845410675,-0.05291667370697571,0.024655033508194202
1.92,1.92,-0.3111360474920727,-0.022672718498498362,-0.06082292208642259,0.027878890594253303
1.349983716373671,1.92,-0.308902932148192,-0.011536936007480413,-0.054468283917039395,0.028286648974735762
1.349983716373671,1.92,-0.3191861996696531,-0.02145432273036376,-0.05936733474897238,0.030729782730323507
0.0,0.0,-0.3131870190348619,-0.0129407151661072,-0.052989832483194985,0.029602552949997418
0.0,0.0,-0.3209947012279829,-0.015002600394192737,-0.05301847250901482,0.022661131684442143
-1.92,-1.92,-14.391558583497147,-0.0012866236417636463,-0.04797513732428474,0.015352905690333655
-1.92,-1.92,-13.917211791993578,0.012556503294970206,0.040808068752912416,-0.016591925826263662
-1.92,-1.1066187791447817,-13.230333273841186,0.012528820253104884,0.06702414749916409,-0.0038351808209108815
-1.92,-1.1066187791447817,-9.94546296593158,0.02065384156338848,0.16482695862775304,-0.025849882522483165
0.41644093264003423,1.1082458593764677,-11.02031606653355,0.0058814575914548925,0.07144150638682323,0.0014447836504169892
0.41644093264003423,1.1082458593764677,-6.323541946195992,-0.006131571385368682,0.12347502467446204,0.006096135667704117
1.7011324934163505,1.4864017238949037,-9.296285549019196,-0.011062134641938854,0.05480122880496187,0.024612113634313926
1.7011324934163505,1.4864017238949037,-3.7488001058597336,-0.023407707006268666,0.08414785419092735,0.03721593644637272
0.25579987090930345,-0.18518640386959628,-7.848874365197222,-0.012193393320906958,0.041890131784885196,0.03016707357602355
0.25579987090930345,-0.18518640386959628,-1.8803875029750607,-0.00824058970285729,0.06250040912636277,0.01700070502476142
-1.4621316418370824,-1.222954837348643,-6.659704212034259,0.00027944670469886527,0.03823128287677251,0.012155290073575797
-1.4621316418370824,-1.222954837348643,-6.435710902051851,0.0018804646557542219,0.02974427802340389,0.008333352669473548
-1.5891256162378027,-0.8985589865390978,0.08371719943995154,0.014456385823909835,0.09555997756675935,-0.024399974551381876
-1.5891256162378027,-0.8985589865390978,-5.102140634801295,0.005947262461491681,0.060042357291062665,-0.004926636082456692
0.269551488936179,0.7059093907804614,1.1061844937499277,0.0041574133255714765,0.04112020231704493,-0.014706235863159056
0.269551488936179,0.7059093907804614,-4.299738400612422,-0.0009957321406688924,0.05130479516299813,0.006517521849274566
-2.4606831873074935,-2.4606831873074935,1.6355390401705943,-0.017115645455623454,0.02294178523460838,0.016996782640328056
-2.4606831873074935,-2.4606831873074935,-3.6788671648776097,-0.004337156785838208,0.041644299023658835,0.01873129816702418
-2.460529616170001,-2.460529616170001,1.90115393448226,0.027516271070420678,0.038320420349460815,-0.02700463089888605
-2.460529616170001,-2.460529616170001,-3.1614927216720377,0.013724758989541836,0.04889739229546164,-0.020009438783364253
-2.4256307036078484,-2.4256307036078484,2.0803072784922767,0.015254016296572838,0.044124434359950004,-0.0515642451915736
-2.4256307036078484,-2.4256307036078484,-2.7009142881741246,0.007642828928229036,0.048950716981365175,-0.017288297242933796
-2.3389241621388073,0.9568690361367223,2.189008871082235,0.009606188175406604,0.04847766200130339,-0.02731810530296863
-2.3389241621388073,0.9568690361367223,-2.3956781475709024,-0.0028355552751880703,0.04863914237211349,-0.005260433634393382
-0.7088096020480528,2.204682594798059,2.383017707172046,-0.03827697570878157,0.05193045807579716,0.019645572255705793
-0.7088096020480528,2.204682594798059,-1.9507165073281592,-0.021263769498714506,0.049347760006139635,0.023345111951848962
2.0471558594837838,1.725236575739305,-1.9552341358098497,-0.022102945742214622,0.03368268880077745,0.02705167784478013
2.0471558594837838,1.725236575739305,2.3557698505933136,-0.043145933135278446,0.05909546103013483,0.04524187819141007
1.92,-0.987977767934967,-1.4020862850494356,-0.022550675390093,0.04404336071112211,0.029462890747517123
1.92,-0.987977767934967,2.364792308148144,-0.017596319921872522,0.0007375500714712074,0.015372951315007988
0.12125481079764988,-1.92,-1.1949632778106178,-0.0015109544354986269,0.030146868688592746,0.0008735849928970252
0.12125481079764988,-1.92,2.1622092090271154,0.013322384854524971,0.0025571978242679844,-0.039033918107818755
-1.5621693786006707,-0.3937552028299889,-1.027388413159345,0.004910485582579964,0.03125106939975475,-0.017084917231768353
-1.5621693786006707,-0.3937552028299889,1.97915523134629,0.006569707377933524,0.013432613869937687,-0.02792355691277454
-0.795069635627554,1.6055545281728403,-0.8787748330300686,-0.006373386768840783,0.0347075944222346,0.0020166134650591583
-0.795069635627554,1.6055545281728403,1.813011787721692,-0.018337052792378097,0.02016650345979051,0.017093776863330246
1.2151600130894487,1.284770377226656,-0.7469478671612502,-0.01966746053543148,0.030583941717196764,0.02438588776054229
1.2151600130894487,1.284770377226656,1.6500074233209256,-0.028778318620936112,0.009424456540084197,0.035114853115024325
1.534228284094234,-0.6550763538288309,-0.6462326495619808,-0.016365656315640624,0.018663394491361965,0.022169707547342543
1.534228284094234,-0.6550763538288309,1.3063584279387863,-0.009647024794498388,-0.002537128003316909,0.006160867410222561
-0.12004754116521799,-1.3271746160086648,-0.47929067081955407,-0.0020888023537921005,0.013014645068818342,0.0005896339004551159
-0.12004754116521799,-1.3271746160086648,1.3183847561469058,0.009274428933209403,-0.0016317887260271086,-0.02499208735799424
-1.1932588872952712,-0.030588448700941573,-0.48937313015080036,0.002096010995244287,0.014777645605395448,-0.006176115772240143
-1.1932588872952712,-0.030588448700941573,1.1659850384986545,0.0028006009770839696,0.008398116542386987,-0.013317912239974139
-0.23756837152462396,1.0615628628548928,-0.42189698198894526,-0.0065166683071825405,0.017414028375303287,0.006792003067732644
-0.23756837152462396,1.0615628628548928,-0.43540587474236764,-0.008023393408874802,0.013883085969755477,0.01233859494021855
0.0,0.0,1.0568096728643608,-0.018811354161104372,0.012881534581271854,0.020139711260941384
0.0,0.0,-0.284428115416091,-0.012808971841870808,0.015969330076703467,0.019098655477409188
0.0,0.0,0.9579398182313865,-0.003030036823092442,-0.003229430326277625,0.004749107967856991
0.0,0.0,-0.2526313362333234,-0.004193982405514949,0.011434922306552409,0.004639668433459421
0.0,0.0,0.811386330469906,-0.003257753818459515,-0.00289101948007138,-0.007335824887058473
0.0,0.0,-0.2325782498075723,-0.005306243331176329,0.009157575245791943,0.005659754327957678
0.0,0.0,0.6777298875510611,-0.003437949367874834,-0.0037248544096648017,0.0031840592681815494
0.0,0.0,-0.15999489287678387,-0.0032188922135045293,-0.032096638251066054,0.009376307892559055
0.0,0.0,0.9926038871189593,0.003437039731328477,-0.1360781087080839,0.0024141396834893025
0.0,0.0,0.18513072682425818,-0.0009177783163328013,-0.07157124533286247,0.00790830178706542
0.0,0.0,1.464116804402046,0.002867519111195001,-0.14643071575325195,-0.00017429325006124152
0.0,0.0,0.4941017691095058,-0.0004123883992348792,-0.0898100912587402,0.007229686914814848
0.0,0.0,1.816473178239608,0.0035941470077630504,-0.1664842860603193,0.00011671331304058397
0.0,0.0,0.756257329494969,0.00039907726845676665,-0.10857111677489895,0.007262128147767222
0.0,0.0,0.8112006856533829,0.0004226374887163777,-0.11583416474592277,0.008255261058280674
0.0,0.0,2.1047729739660097,0.004487152631479655,-0.1824815982356206,-0.0011232966315694523
0.0,0.0,1.152734075187345,0.0017738807109907318,-0.1334599071192205,0.004812833930051321
0.0,0.0,2.404416765674856,0.004735838111851208,-0.20919142985823624,-0.0023110274877614044
0.0,0.0,1.2778511079181707,0.002104223385260247,-0.1501279179666492,0.006313023071046975
0.0,0.0,2.480716312063864,0.005302044551927214,-0.22601124679279255,0.0004052609945466301
22.0,0.0,16.549848879764344,0.002830988461011469,-0.16734833839521054,-0.4658188548360269
22.0,0.0,17.177510692586704,0.00712071634540695,-0.40065479474698285,-0.3802312349050588
22.0,0.0,15.467276597285867,0.00673404905170518,-0.4063355556793846,-0.2505437654683994
22.0,0.0,12.986995972497368,0.017857850593135337,-0.6755339967239917,0.1445620538716157
22.0,0.0,13.366147679008545,0.01202019202136241,-0.42715486720706886,-0.08381735724018435
22.0,0.0,9.424032962274953,0.01851635468855959,-0.5951668389841015,0.011341783271666461
22.0,0.0,11.653483530852089,0.011941243354374754,-0.4161338674241616,-0.1679710179813429
22.0,0.0,6.838328722929256,0.017996074695504634,-0.5219685976953421,-0.05983547105379017
22.0,0.0,10.278546877429626,0.013433481559316911,-0.39323437528133875,-0.1351002690440986
22.0,0.0,4.965122411829824,0.01948048290937577,-0.4431956425745161,0.008966512016968436
22.0,0.0,9.158624158125532,0.014134879417095727,-0.3607283471928229,-0.0973918560953427
22.0,0.0,3.6060513262601104,0.01779938872034781,-0.36613416590472314,-0.000980712553143498
22.0,0.0,8.217533850023326,0.01383107651575825,-0.3251570950927778,-0.09103040739519902
22.0,0.0,8.060195193095286,0.013135632556595844,-0.3045460028817791,-0.09807934176521067
8.966566467504009,0.0,2.102017527563201,0.017611010276103834,-0.3024519024754781,0.025498883501012315
8.966566467504009,0.0,6.946777390935426,0.01438322093419514,-0.2736121489503108,-0.0464173450750269
0.0,0.0,1.223104160893686,0.013373868119552296,-0.09918132291297768,0.020945798681138328
0.0,0.0,6.188406226656688,0.012067714906393998,-0.19444072765606252,-0.049138051436301095
0.0,0.0,0.5240420020619083,0.01072827657155813,-0.035069215698565165,0.002845070272893213
0.0,0.0,5.47424235884124,0.011111222496026838,-0.15547745907429933,-0.03693590392932433
0.0,0.0,0.0072366422485686255,0.010111522517040998,-0.04441906951005739,0.015463305222625748
0.0,0.0,4.8822662274925746,0.01073085643019461,-0.14689307575392874,-0.019554014729159963
0.0,0.0,-0.33843020792291617,0.009640430046151765,-0.057681622084157835,0.017033723918020195
0.0,0.0,4.375462139930411,0.01040166905031517,-0.13990149425637838,-0.009899151076949442
0.0,0.0,-0.4979681780533067,0.00946718737190693,-0.06775049092615043,0.01339951109695714
0.0,0.0,3.978267597521322,0.010232422398490483,-0.1382819393404193,-0.0007615655567160332
0.0,0.0,-0.5930355523209798,0.009478058329650074,-0.08832091467266509,0.016193643890142113
0.0,0.0,3.634846364956731,0.010166926178865361,-0.13539992685634075,0.010123962563520918
0.0,0.0,-0.43024261005036574,0.009613965297266686,-0.10603417891132942,0.017393393628659375
0.0,0.0,3.2384350201371435,0.010169359284761476,-0.1409234224171264,0.019246759673005882
0.0,0.0,3.313068795083614,0.010138730288326897,-0.13475674074295924,0.03817333035435863
0.0,0.0,-0.7417986559449778,0.00996273281082299,-0.14627758243349592,0.006464307230514686
0.0,0.0,2.8256832191043673,0.010316801441559683,-0.1532646528314121,0.04214925906473242
0.0,0.0,-0.7089285579796611,0.011475357480783651,-0.12435550300512238,0.006977893101339727
0.0,0.0,2.6490490469808026,0.010869672299875099,-0.15473196011588278,0.055592099382385594
0.0,0.0,-0.5252969024397036,0.01157346504487969,-0.146062321587571,0.012214899044811725
0.0,0.0,2.5100425007717977,0.010941824322265616,-0.1614725783559612,0.06762397103732087
0.0,0.0,-0.32968770286137444,0.010365127069860028,-0.16371701234502967,0.01124208577768801
0.0,0.0,2.395245314154879,0.010742823126300177,-0.16996570724717067,0.07829424050386707
0.0,0.0,-0.1528413037893827,0.010851083486283268,-0.18188774760473714,0.010099114108295129
0.0,0.0,2.2968143047229286,0.010897704529297659,-0.17823647254282077,0.0916841137185298
0.0,0.0,0.026460589019147218,0.010950342377475573,-0.1979521977117886,0.013364514542951483
0.0,0.0,2.2170073664898937,0.01095643538899988,-0.18786555711764757,0.10738178565868171
0.0,0.0,0.18736721613490542,0.011045616885248175,-0.21455143544228977,0.012363137308505079
0.0,0.0,2.1496546358345365,0.010973940791432244,-0.19710958779550294,0.12484352439912949
0.0,0.0,0.34787711412552397,0.011032377724535867,-0.2291732807760202,0.015719614355273553
0.0,0.0,2.095012552450414,0.010953061825702699,-0.20768800679262817,0.14640320942676335
0.0,0.0,2.1182277809233554,0.010918580545555119,-0.2078824174049959,0.14591703214661808
0.0,0.0,0.46955949694047777,0.010871364399430351,-0.26041302671225036,0.007717717235189103
0.0,0.0,1.9634659276750936,0.010723232422200035,-0.22818000426681917,0.10000358997123998
0.0,0.0,0.5693924278499669,0.010424166806504914,-0.25432078651949463,0.046798642984400896
0.0,0.0,1.9344364031259296,0.010710815942349248,-0.23649362213171196,0.1640182801433327
0.0,0.0,0.8095912675145984,0.010418699654807939,-0.26704829925172313,0.1167185413313962
0.0,0.0,1.8635079647272896,0.010375294376165698,-0.24964858849061888,0.19103425301663246
0.0,0.0,0.827595699841871,0.009365904204260757,-0.283651286850248,0.0936425097993252
0.0,0.0,1.890595619640891,0.009726061968382224,-0.2574449445411273,0.22925638915870006
0.0,0.0,0.9537131759467867,0.00852474871943575,-0.2946511355902911,0.14270254364495089
0.0,0.0,1.8829299677881137,0.009069814520414774,-0.2680787039040154,0.2997322240642323
0.0,0.0,1.0661637902128722,0.007032062683543536,-0.3074259175320517,-1.1851006490882106
0.0,0.0,1.8770595783656334,0.00934927895628001,-0.2791736165085649,-0.8349304465869849
-2.6399999999999997,2.5240915031006845,1.1644578446186278,0.020615611880380635,-0.3217088987297495,-0.02135963595029211
-2.6399999999999997,2.5240915031006845,1.8707255193421763,0.011994496301526844,-0.2840576711005679,-0.09553315970465925
-2.6399999999999997,1.4785538679316883,1.8827101057724465,0.0015032361827248212,-0.2786143315320037,-0.11211683318911103
-2.6399999999999997,1.4785538679316883,1.2254266747709484,-0.011589668497234503,-0.31714005706523424,0.2946909699126907
-2.6399999999999997,-1.536257800166387,1.8208352700576624,0.0032804594529749374,-0.29359077786769416,-0.10208342219776134
-2.6399999999999997,-1.536257800166387,1.7802375223265166,0.02577039395648605,-0.3611207139473001,-0.15663023717499425
1.3661846885862272,-0.49284695697391645,2.136848615647999,0.023871245229101452,-0.3123676049380179,-0.3023501747594935
1.3661846885862272,-0.49284695697391645,1.8642950089261465,0.032493716222520216,-0.3574308850130724,-0.10344257862486905
2.6399999999999997,1.1616683891772666,2.092414812738386,0.01879563266136972,-0.338858680698329,-0.15310140693262853
