0.0,0.0,-32.64503309522707,-0.008206668266440308,-0.19123680365283835,1.056400632056417
0.0,0.0,-25.37724772413959,0.005450599830904087,-0.040896713463675544,0.7087775719523188
0.0,0.0,-30.722751962737075,0.007923692770555716,-0.2196198033697282,0.9792791678658784
0.0,0.0,-31.09961507778464,-0.006908728748494463,-0.20082083148485141,1.0134159199560318
0.0,0.0,-22.766555045975622,0.014729866529442102,-0.01235615997665837,0.707927060561843
0.0,0.0,-28.125317535197503,0.001901735193591741,-0.134202538533232,0.7617903767657912
0.0,0.0,-18.886028428704577,-0.06226218589211756,-0.14381245358619824,0.663725015012224
0.0,0.0,-27.912669087993063,-0.008603478071255947,-0.1970061475454508,0.966919266026957
0.0,0.0,-18.900273424632843,0.01796200994508159,-0.08705514776389918,0.7772857282731371
0.0,0.0,-26.822007837453427,-0.010334054208069522,-0.20089760601753875,0.9125243766940416
0.0,0.0,-18.47629145811499,-0.038226400178680044,-0.13498941628248307,0.7619586171598156
0.0,0.0,-26.052370376609968,-0.006917442029308525,-0.18943877338620235,0.9007034018579723
0.0,0.0,-18.311797977596864,0.081297034066964,-0.16283205112876226,0.767181982506157
0.0,0.0,-25.401431483959165,0.02354369965035577,-0.16427814100875507,0.8587129056479457
0.0,0.0,-16.935545083890954,-0.02991830004694516,-0.04501289710349131,0.46017854256684876
0.0,0.0,-24.218811310327595,-0.0026009147082200357,-0.17889135284585356,0.7634407082452427
0.0,0.0,-16.5305841740437,-0.01998534107462668,-0.15968357386402715,0.7293746078034404
0.0,0.0,-23.30415761279122,-0.004405904447917336,-0.18394248661961146,0.8787976741449202
0.0,0.0,-17.58187128230137,-0.0239988643221776,-0.18485553546276892,0.8632375008137827
0.0,0.0,-22.74311677701266,-0.0028485296248526837,-0.1424312998584915,0.7822742287092168
0.0,0.0,-22.815218581851283,0.0020972640764609276,-0.20910691298235456,0.7857867265211784
0.0,0.0,-17.0512516678826,0.005385260316921287,-0.10083313141291228,0.6330086622100053
0.0,0.0,-22.192214984582392,-0.01265062012042553,-0.25785000531658386,0.8491985547773888
0.0,0.0,-18.405596377491523,-0.019799909338154866,-0.18434104054230888,0.9432693483075422
0.0,0.0,-22.101888774730355,0.023585304353043436,-0.2127879083521677,0.8750784868978451
0.0,0.0,-18.63747008470585,0.012774872296713818,-0.18928445233621893,0.782961333908246
0.0,0.0,-22.682941876641788,-0.002339236988174969,-0.23287259466785218,0.8412406943876484
0.0,0.0,-20.303317488195052,-0.026951436896254927,-0.2599323482513409,0.9254703341236412
0.0,0.0,-23.338847104864296,-0.011998104558218044,-0.25118495993347706,1.0005173300105845
0.0,0.0,-20.27895863071594,0.009197988959348442,-0.05596138517488276,0.6364345371195714
0.0,0.0,-22.37126456440974,-0.018025600613759834,-0.1949520514011543,0.696355313621587
0.0,0.0,-19.022942480416955,-0.005685830114903613,-0.07868953128451601,0.531672052189053
0.0,0.0,-21.463247698324583,-0.0035044695677852677,-0.1664882295030039,0.7055258751893947
0.0,0.0,-18.435354074675686,0.0001659358952533635,-0.21945551887693177,0.7522639375034967
0.0,0.0,-21.490078163960135,-0.003052268203378185,-0.1852485198275379,0.8244610079899002
0.0,0.0,-21.545208073633976,-0.003559262570906313,-0.2642975915206699,0.8767077053495658
0.0,0.0,38.84755494020581,-0.0035068143736377033,0.03532181897346333,-1.4200391398200847
0.0,0.0,38.91611506761156,-0.0037390716536033247,0.10795390823374103,-1.3832845334654673
0.0,0.0,40.549007145843106,-0.004464670284312165,-0.002443609303865668,-1.2508537449794697
0.0,0.0,38.697044648673526,-0.003799500484502942,0.11168400014567062,-1.3547567454204217
0.0,0.0,-20.136161406403986,-0.0005867035949421364,-0.18058594541486564,0.8587542519804504
0.0,0.0,40.22613472771989,0.0001705437650709662,0.08856913226017775,-1.3948367293783064
0.0,0.0,-21.410609947953265,-2.770568455602064e-06,-0.1542142843629267,0.7248179310255778
0.0,0.0,38.871889940022946,-0.0015117023985556045,0.08089089794683325,-1.481795901796763
0.0,0.0,-20.402674200748802,0.0004254474974904501,-0.24204942403260354,0.7458738838277892
0.0,0.0,38.75891554926745,-0.005058167682774516,-0.027092995375559134,-1.2051372541257672
0.0,0.0,-22.204936802401058,-0.0037954270253140084,-0.24516475663406032,0.9088777557721663
0.0,0.0,38.16352069788611,0.014231980299124874,0.07589370281861765,-1.3261122246084085
0.0,0.0,-21.228110125235112,0.029162779483341048,-0.1252957054768473,0.8056121097293272
0.0,0.0,38.58212012261502,0.012190873138844645,0.06317460920562176,-1.3453178962476156
0.0,0.0,-22.282181490321946,0.0016967303437597555,-0.26490322758582513,0.8519503938729851
0.0,0.0,38.2379939920182,0.013253770945688532,0.09884292352695559,-1.4109455335321643
0.0,0.0,-21.279703231907448,0.026900783590047682,-0.10388276880516019,0.6582728441229357
0.0,0.0,38.647100165477625,0.013346979936909047,0.08463493505392464,-1.46038436019396
0.0,0.0,-22.12379467937441,0.003541483717219704,-0.24224308749431045,0.7943662568353121
0.0,0.0,38.13631119183396,-0.002872255246988648,0.045236950534114126,-1.3553623827261378
0.0,0.0,-21.704745750688467,-0.0030941664229357825,-0.18180444109904212,0.8126712088369469
0.0,0.0,37.599268099359676,-0.0039131395079477355,-0.01708753707058197,-1.1726223308999035
0.0,0.0,-22.889709370399157,-0.0005851496304180915,-0.32440580236322425,0.997440239370484
0.0,0.0,37.12629513743737,-0.000600554462312546,0.019644264573079134,-1.1989119017973189
0.0,0.0,-23.943606151165092,0.013824461521651642,-0.21590157439924212,1.059271016289355
0.0,0.0,35.94470657138132,0.02730268008222725,0.0921681500810182,-1.1864105742214601
0.0,0.0,-23.36197057825432,0.01747616765378744,-0.2025044041892154,0.8966354956580482
0.0,0.0,37.41496944173614,0.006691131992011115,0.11965553835029955,-1.4515642642034932
0.0,0.0,-22.683094296815867,0.009737597085267969,-0.04352326182374938,0.47140080815820845
0.0,0.0,38.1973108049199,-0.019068324172407457,0.21231560402466107,-1.7739146061731548
0.0,0.0,-22.013374971003795,-0.01881304365323839,-0.15228154136467736,0.6207913637263056
0.0,0.0,38.14320999409772,-0.021534540825911087,0.03637555592676307,-1.4000122805717683
0.0,0.0,-22.0116656861071,-0.019923516261346134,-0.23038795828884095,0.7655580317492077
0.0,0.0,38.7797234786973,-0.015393825953228276,0.14990916955392683,-1.39252079231012
0.0,0.0,-21.31961404948922,-0.015116715843176325,-0.11055936265379457,0.7733953587258937
0.0,0.0,39.17272128788877,-0.01407566957885322,0.14406580652474338,-1.5035372899432953
0.0,0.0,-21.08392193350694,-0.011223173096291172,-0.12859194149169373,0.6733767504875094
0.0,0.0,39.58215410792221,-0.009520284556031282,0.12807623073558988,-1.5673911110844725
0.0,0.0,-19.328989664622878,-0.007083117033237255,-0.107524110801549,0.4939438513127504
0.0,0.0,40.529845733069735,-0.001003747843086255,0.08959924609870362,-1.5305975886008516
0.0,0.0,-20.654808439433683,-0.0002526958359560321,-0.20292479052267443,0.7173911960033225
0.0,0.0,39.9173159329936,-0.0014799156721742623,0.10784321376559439,-1.4531683709193868
0.0,0.0,-18.892980836662396,0.0018009372692306684,-0.10157445285105555,0.6850641352809116
0.0,0.0,41.20719169035333,-0.0015096695458333717,0.11542586907422663,-1.4353147955766095
0.0,0.0,-20.241976478162954,-0.001423028568140276,-0.20282323001385413,0.7546313061792564
0.0,0.0,40.187821293178054,-0.002117958224728803,0.09019404234759523,-1.4666215657200494
0.0,0.0,-18.90191112291877,0.0012289187189651546,-0.1276034952512432,0.6490295721595137
0.0,0.0,40.94755666830952,-0.0015377820157930083,0.05633821504899873,-1.4180672074784666
0.0,0.0,-20.32047433887286,-0.0017175989902477793,-0.26492835406475845,0.8041680067419295
0.0,0.0,39.85226034530854,-0.003513926298201419,0.07286199041138536,-1.3717483612566927
0.0,0.0,-19.488167292495714,-0.0003561708451319067,-0.1296703222317595,0.774428096789973
0.0,0.0,40.697599739907595,-0.000567766507333113,0.1376393566884966,-1.4409986250572957
0.0,0.0,-20.226431747474454,-0.00036050051867807676,-0.1874371006911688,0.74215651620099
0.0,0.0,40.095284327584736,0.019861813217108427,0.07089833987221254,-1.4766475656324412
0.0,0.0,-19.260141554623882,0.04358663903471328,-0.1436388963664653,0.5913661059847279
0.0,0.0,40.86851617478516,0.03730557557336392,0.1273992791529963,-1.5540497869664924
0.0,0.0,-20.040854311709523,0.018825096981625315,-0.18674097427227856,0.7001095505726075
0.0,0.0,40.128915179253326,-7.099725720938936e-05,0.03849296083951213,-1.418756306925307
0.0,0.0,-19.857915695328686,-0.004031436999867531,-0.22050163187499533,0.8142914383303627
0.0,0.0,40.01127283077875,-0.0033942168295738027,0.09974104847596343,-1.3840086513969128
0.0,0.0,-20.987090546818564,-0.001144770986500416,-0.27089413265022166,0.9303617761182253
0.0,0.0,38.514886443019705,0.03886856114555309,-0.037315322730476136,-1.0930214923627364
0.0,0.0,-21.46051279683261,0.06365862915168481,-0.14763172163798083,0.8903064263475446
0.0,0.0,38.96636527692006,0.022911417767948833,0.1717343796472003,-1.4693729962842506
0.0,0.0,-20.792289757288398,0.0075072910846220664,-0.162408775193087,0.6985954650466144
0.0,0.0,39.65597903212024,-0.00019528690963614963,0.09019414493666515,-1.5335559634111546
0.0,0.0,-20.498706352165645,0.0014239258926225917,-0.17651867432878576,0.6320382894274295
0.0,0.0,39.987479792759316,0.0035276428151064737,0.12631415176947533,-1.574253351091583
0.0,0.0,-20.307007299613378,0.0035960442588653463,-0.12428370246036531,0.5429096673826805
0.0,0.0,39.4371028739746,0.0018518068803309064,0.03189815002478756,-1.4396208547995892
0.0,0.0,-20.583720342178363,0.004927964500252827,-0.25002491186451625,0.772184331134024
0.0,0.0,39.60616719224079,0.017171719956155733,0.08039357280935247,-1.35732533459274
0.0,0.0,-21.07793763245549,0.006333343613868566,-0.16018797455823658,0.9054300541583367
0.0,0.0,38.6578157078393,-0.030965368768094137,0.055547379229098845,-1.2048212603360597
0.0,0.0,-20.99453828804057,-0.01802632989899526,-0.23489055413931081,0.8724041381456369
0.0,0.0,39.401658792878365,-0.010378532048304448,0.07747998981193843,-1.3923635200285491
0.0,0.0,-21.523632034897158,-0.008769259208908448,-0.15752689219590083,0.7738947982257844
0.0,0.0,37.88368331111126,-0.013206635919489253,0.03433479788513558,-1.3294294988036692
0.0,0.0,-21.467262986351386,-0.011346894792123832,-0.2632848055269137,0.8348595099908994
0.0,0.0,38.74737538074463,-0.011364135267617237,0.050802953010806326,-1.339282434338288
0.0,0.0,-22.71345349094272,-0.011970733246558165,-0.1608286771581826,0.8732545156188075
0.0,0.0,37.484531214059636,-0.00045869371392670864,0.12889417751942614,-1.330452969515285
0.0,0.0,-21.507287849650677,0.002732359345005607,-0.18802522773402083,0.795832550868327
0.0,0.0,38.80295545946497,0.0019764833019300966,0.06571120687106546,-1.4114282977709365
0.0,0.0,-21.995517173289745,0.0059178882376153775,-0.11062491081385561,0.6429817640556345
0.0,0.0,38.48505107675481,0.0022212325079335694,0.14867478626472858,-1.5489008356297942
0.0,0.0,-21.13365266122767,0.001774478794269053,-0.19810635648284572,0.7114129739039126
0.0,0.0,39.28997593302068,-0.0005316823725212579,0.08755499341678964,-1.4583949554710833
0.0,0.0,-21.1333760284416,0.001539274814187944,-0.1361241592973359,0.6460551744382935
0.0,0.0,39.14919750855957,0.0002290371723440479,0.1451572912584819,-1.492989104094987
0.0,0.0,-20.728313957919465,0.0014669375607610756,-0.15991355928963696,0.73029296832122
0.0,0.0,39.72431523243573,-0.00023504718723671376,0.09989915092448517,-1.4416365682890073
0.0,0.0,-20.41533146353886,0.0014002490680059452,-0.16703205749152822,0.7242356841923061
0.0,0.0,40.10117587209437,0.0006047491250628592,0.12745886545500648,-1.48443228933181
0.0,0.0,-20.643936479660596,0.0008694631875571839,-0.19258387363650117,0.7787790740281598
0.0,0.0,38.745876754390636,-0.0030130467480300694,-0.0029207130061959796,-1.2258375396090675
0.0,0.0,-20.85930714935199,-0.00018977031909521913,-0.2219177092629145,0.8525018084854192
0.0,0.0,39.63785800522872,0.00017179196828207499,0.12265257680932758,-1.4131850746344181
0.0,0.0,-20.79990798147361,0.0032305274470576014,-0.09898202657621898,0.7047068828521665
0.0,0.0,38.98166821438423,-0.017238964298253556,0.072558864685783,-1.4158682896042514
0.0,0.0,-20.832898992205884,-0.01630325616763103,-0.23478306517276915,0.7899229991071514
0.0,0.0,39.80444422409894,-0.012661707245491628,0.12519471273558908,-1.4684891903432167
0.0,0.0,-20.88444406908931,-0.012117980114823634,-0.13916538746498613,0.7010349378010574
0.0,0.0,38.392054246761035,-0.003158753358378677,-0.002994037441840819,-1.2675674496683755
0.0,0.0,-21.40882743751776,-0.0007620056405880818,-0.2805627033251472,0.9090183689844199
0.0,0.0,38.992085379056896,0.010952731699888186,0.07015169636924545,-1.3123542691254912
0.0,0.0,-22.08337906977795,0.005974944936517696,-0.1401171521854262,0.8724368098185986
0.0,0.0,37.67231042671232,-0.012239516650647455,0.11561132201832597,-1.3267131816277413
0.0,0.0,-21.468855217682826,-0.004182019460963929,-0.20662632693925076,0.8164341150474582
0.0,0.0,39.10630838100188,-0.0021507091737668514,0.10262144497868653,-1.452986306240532
0.0,0.0,-21.610075931314196,0.014458901617381479,-0.112890460367606,0.5991161805382895
0.0,0.0,39.405800454814184,0.013187608510872865,0.14255481976563217,-1.5286840373841786
0.0,0.0,-21.29653914870267,0.01576119912684685,-0.21517387907793373,0.7785550855687907
0.0,0.0,37.68685865796674,0.013928243894720159,-0.03197746697664797,-1.2591173224780365
0.0,0.0,-22.787304898755373,-0.0007299327999420178,-0.24154861848704764,0.999862369195109
0.0,0.0,38.65850315057199,-0.0030277846430325044,0.10889477613411776,-1.2885089767312894
0.0,0.0,-22.230865134056966,-0.002785977478063595,-0.2623178946802854,0.9852840201400535
0.0,0.0,35.375770205484365,-0.00701241015283435,-0.08508438414911802,-0.9474756308918262
0.0,0.0,-22.641508756123905,-0.0008335298492694199,-0.2691318883922054,0.9955113338288857
0.0,0.0,37.32168099089086,-0.0003393215047702015,0.03729128535551135,-1.2266642013721571
0.0,0.0,-25.631433041437912,0.002568686828415282,-0.21010553563642573,1.0278435640553463
0.0,0.0,33.9966330782391,0.0015868599159196111,0.049986216958883334,-1.2082970119833325
0.0,0.0,-23.441412993942354,0.00200395122261108,-0.23429812122603264,0.875841774117778
0.0,0.0,36.52555309155935,0.00015374925406041106,0.04681445864957749,-1.3272979463526469
0.0,0.0,-26.395320562536565,0.0013789499114032914,-0.2142107147163902,0.8867770660627536
0.0,0.0,32.534585002489194,-0.0023012624104489948,-0.024552067670025067,-1.087967637804583
0.0,0.0,-24.510418931704756,-0.00023159215632461263,-0.2903169037325366,1.019930076780232
0.0,0.0,35.17651549757508,-0.001892682313605612,-0.027679979478574354,-1.0921378854064376
0.0,0.0,-29.693059772067496,-0.0013586555066101473,-0.3356467803794044,1.347133578298803
0.0,0.0,34.60937177765891,-0.0014541544436507848,0.015279636206643195,-1.052032420554065
0.0,0.0,-26.448361040082123,0.000410399835322269,-0.31265860513745825,1.20323778201505
0.0,0.0,28.668879666270204,-0.0009611641081693138,-0.1023891959522002,-0.7462214128145077
0.0,0.0,-31.783403775821245,0.002230820211591683,-0.24176773677741084,1.2225758862954053
0.0,0.0,33.30801573827099,0.0003579230103290952,0.0750423315322469,-1.1414437060783424
0.0,0.0,-27.319935136327782,-0.017388352725481927,-0.23621610044899286,1.0124372253374962
0.0,0.0,28.27250267593376,-0.005154343815877097,0.03395968995564107,-1.206212365794038
0.0,0.0,-31.546673025489913,0.02224344641389379,-0.20170733308367098,0.8518320732808289
0.0,0.0,33.074758267210996,0.007881006186679569,0.061493247750514034,-1.266345117783758
0.0,0.0,-27.578446973584427,-0.017538700575127388,-0.22019004647605178,1.0227269242860746
0.0,0.0,27.760966303193488,-0.03203269976960288,-0.01800949517626517,-0.9942914492875259
0.0,0.0,-32.003827635030746,-0.012971898382789003,-0.2700136162853236,1.180070925630131
0.0,0.0,32.26864915410777,-0.003870794478141594,0.05287529539610119,-1.1097761312793157
0.0,0.0,-28.617333471869166,-0.017175034385229368,-0.2509817253542506,1.1516013359548603
0.0,0.0,26.487354332914165,-0.026930365002811894,-0.07224708957220889,-0.7851581949726207
0.0,0.0,-34.22850234667793,-0.010296690560685851,-0.3090931303962177,1.354211504994788
0.0,0.0,30.951968270497343,-0.004100871962254156,0.03958392605247403,-1.0281520067343117
0.0,0.0,-29.156876515901537,-0.021551080076477575,-0.18287342023770997,1.0744957611220982
0.0,0.0,25.78722229447563,-0.02914002062527662,0.0006512483744244742,-0.9716962772394075
0.0,0.0,-29.932493457539277,-0.010957196438601059,-0.3192937348188988,1.1420617694026372
0.0,0.0,30.247176683376747,-0.004577773219149506,0.034337972898217474,-1.0742333539831668
0.0,0.0,-34.666425555939824,0.0020699047185656445,-0.19700928036329368,1.1485705450954546
0.0,0.0,24.919563805093542,-0.014603196485992193,-0.0061544557312216905,-0.9230519264379176
0.0,0.0,-30.665171217434416,-0.01762148634086521,-0.30488656385736335,1.1897595584821434
0.0,0.0,29.542846080750774,-0.020840695443230698,0.024361972452856862,-1.033604264684434
0.0,0.0,-35.297620548451235,-0.019270813195480647,-0.17872327567518456,1.1530189104462574
0.0,0.0,24.56808935807096,-0.004983658667880995,0.04765582528687105,-0.9964875300378684
0.0,0.0,-31.27308888654375,-0.003264382645520692,-0.2773311973294009,1.1518560594973128
0.0,0.0,29.203773773207587,-0.003918842369990214,0.044336035242014314,-1.0773205086660542
0.0,0.0,-35.38305086175832,-0.01965686055672542,-0.24322113344554833,1.1957275470321083
0.0,0.0,28.767117457794566,-0.02572354901721028,0.007096062118643467,-0.984275340217164
0.0,0.0,-32.51024538665002,-0.01508923484176772,-0.3244276851471556,1.3090778278224404
0.0,0.0,22.734090176453936,-0.014064944171741759,-0.08110454813934723,-0.6915497589560025
0.0,0.0,-36.95239985242023,-0.0009899780681417412,-0.19871870318491386,1.316306143084823
0.0,0.0,27.996377578889287,-0.004747762615540874,0.09158367113579445,-1.0050928804897605
0.0,0.0,-32.58522650657176,-0.003394409974977401,-0.24330158176506234,1.1770098601022063
0.0,0.0,22.57880083090731,-0.001991795007098893,-0.03738338975815403,-0.9084273356218675
0.0,0.0,-37.18910835310596,-0.0019134012145221773,-0.23044588496803695,1.1776730666321638
0.0,0.0,27.54759371441941,-0.006155606088954486,0.09042178414089166,-1.0594761683323912
0.0,0.0,-32.60899822078653,-0.004894956640493454,-0.17250524352639326,1.1034955102826607
0.0,0.0,23.768502530146804,-0.0040907707059679626,0.08132926046377162,-1.086420594566517
0.0,0.0,-35.75853869833114,-0.0015005244125270035,-0.17051047692657365,1.0050586960033494
0.0,0.0,28.063286399575517,-0.005382282439668394,0.10641707610217074,-1.1376502902451977
0.0,0.0,-32.203583773386995,-0.0046204728755856,-0.18070498737275856,1.0998073493674725
0.0,0.0,25.020026366688967,-0.004307659648103026,0.07437136169876304,-1.0649986253666797
0.0,0.0,-34.33247198211462,-0.0015550945560138625,-0.15069963232941574,1.034143581716426
0.0,0.0,28.54852865735861,-0.004942871702345791,0.12484650875480746,-1.1307889687538446
0.0,0.0,-31.741592888759225,-0.003852566949698417,-0.17753637868208633,1.0756268068935309
0.0,0.0,25.867464597092773,-0.0040916343198035415,0.022173281483836068,-1.0232660858827787
0.0,0.0,-32.17451676137238,-0.0045091222937341975,-0.28318434622750205,1.1722092795096397
0.0,0.0,28.301738723493973,0.012732737017010958,0.07768083291915323,-1.0447934452379433
0.0,0.0,-33.98939337444875,0.025411095196644976,-0.19700414266791955,1.2157519456967507
0.0,0.0,25.483503830723986,0.007165315846673402,-0.019815239944985588,-0.7824183420096529
0.0,0.0,-32.8161189056784,-0.0016472744387278598,-0.28343146726418506,1.3086649167877522
0.0,0.0,28.105416270104676,-0.005685162571095273,0.08798621575588887,-1.0138054203695381
0.0,0.0,-34.26868361355038,-0.0034761726468959873,-0.07446032392429769,1.08022552388659
0.0,0.0,26.711382316577577,0.027797737329590445,0.30155358566063917,-1.4461687867743112
0.0,0.0,-31.22804475077884,0.023322077814444987,-0.09161227206319741,0.854340635318414
0.0,0.0,28.83395766288547,0.0059947726378989435,0.018809544853357084,-1.1528735652956965
0.0,0.0,-31.98266206440245,0.019073750213818623,-0.20669224016685994,0.9996199392937828
0.0,0.0,28.946968640433877,0.010409551153314876,0.10497347639834631,-1.0832598595406364
0.0,0.0,-31.326890249304906,0.012944600341912289,-0.18186843713503986,1.1533458338922626
0.0,0.0,28.27133888106083,0.01225003542069911,0.05025214183423707,-0.9522290707151753
0.0,0.0,-31.55313696214948,0.0023058477617008176,-0.17451827546982446,1.141158528368311
0.0,0.0,29.153416941482355,-0.00010101401163024382,0.1219020555830718,-1.0785645321414867
0.0,0.0,-31.20535730082016,0.0008091450947092659,-0.18106559040453638,1.0913848108582975
0.0,0.0,28.630919167665958,-0.012649649526137879,0.06570707220806465,-1.1034551065764877
0.0,0.0,-30.983031237681214,-0.02436085973447716,-0.16458920584250128,0.9894355584019161
0.0,0.0,29.48258775658951,-0.015623668612891215,0.1196850474019924,-1.151691764358158
0.0,0.0,-30.922141047660926,-0.002352381074848962,-0.1803621342985426,1.0951010618389516
0.0,0.0,28.830745871391148,-0.0024335859735201493,0.0034459611654288763,-0.9749843202682906
0.0,0.0,-31.582600063842172,0.0025671665549400107,-0.2747221513126843,1.2612593812055604
0.0,0.0,29.00756801534657,-0.0005271115861616622,0.0673466851706384,-0.9970795092552986
0.0,0.0,-31.512424533173654,0.0006619628437991178,-0.1808532461472825,1.1967518052306003
0.0,0.0,28.29789694156785,0.0011170017689662057,0.127084177430712,-1.0135083690425901
0.0,0.0,-31.08181789417281,0.0016801876796076918,-0.16255822745783866,1.060609310956958
0.0,0.0,28.961746474065183,-0.0006830647031177678,0.03350638603854288,-1.085294372674137
0.0,0.0,-31.724995178858048,0.0010067470420766324,-0.22693060036376336,1.096951520703904
0.0,0.0,28.690672092031303,-0.0013090196352915772,0.07780430773142061,-1.0406150684149695
0.0,0.0,-32.20581344630761,-0.03245777134334034,-0.2896991422174658,1.295767144654455
0.0,0.0,26.514866463892613,-0.0379573997339239,-0.11096805591133344,-0.6448737016684867
0.0,0.0,-34.269809100796614,-0.0064621463905386225,-0.3102253140979117,1.5522103899566662
0.0,0.0,27.359214971086903,-0.002365252332836448,0.04249997657686999,-0.8311794682726352
0.0,0.0,-33.144182197586886,0.0036153826216744882,-0.20759697681683092,1.281413198887841
0.0,0.0,25.308735373132542,0.006884931476099646,0.05191857281680289,-0.9116291339486312
0.0,0.0,-34.69991595783378,0.005493952503943651,-0.1706886498845522,1.0370176300950444
0.0,0.0,27.21530714019439,-0.0008135875391999839,0.10100154313421136,-1.0970464615827304
0.0,0.0,-33.21536269567266,-0.0014036226635208318,-0.1848618903394285,1.123960197375769
0.0,0.0,25.3286648057663,-0.0032493428822308245,0.05305380363995448,-1.0409007475447636
0.0,0.0,-34.30333000863365,-0.0005411954570991154,-0.1788985265459673,1.0965014124859458
0.0,0.0,27.362446240688396,-0.0019648027886696763,0.11264952739651934,-1.0700449020566993
0.0,0.0,-32.99870679610022,-0.022773494269051592,-0.16612249494325082,1.1551941437868078
0.0,0.0,25.915395108373875,-0.03298908388102877,0.055819520006659296,-0.9466559332828539
0.0,0.0,-33.11146732219982,-0.012035700881940593,-0.24215642067966936,1.2142547203675316
0.0,0.0,27.17648577385028,-0.0037928359970937076,0.06617829099500179,-0.9758006760039213
0.0,0.0,-34.410158225507985,0.0022591800808128074,-0.22817416986762076,1.3112483014384027
0.0,0.0,24.483575066484757,0.000685749119361756,-0.0792759155075649,-0.6359351585280895
0.0,0.0,-34.39814509618263,-0.0019000382024901557,-0.32605368029059645,1.4282653101822762
0.0,0.0,25.770879647320616,-0.004352899757912536,0.02845146889025038,-0.798527080291258
0.0,0.0,-36.20688701225896,-0.00038769487635495047,-0.14593367337826096,1.3701973196402681
0.0,0.0,23.82018319782075,-0.0008584696694463366,0.07991161755957524,-0.9071060939356697
0.0,0.0,-34.62836167378532,-0.001424331086011498,-0.2689660780067783,1.2553961647931104
0.0,0.0,25.304737559739365,-0.003631285409854729,0.00611152950757609,-0.8977268321895658
0.0,0.0,-36.85377150739879,-0.00020130491477142205,-0.18409625642726718,1.2444209275163585
0.0,0.0,25.51684784040625,-0.0027552580107813454,0.12326903092664118,-0.9706451480088198
0.0,0.0,-35.105428292061326,-0.01705459890564831,-0.2520661017712522,1.2774589752652583
0.0,0.0,22.84734067941398,-0.03267856977160874,-0.030933690942412995,-0.8072368800711167
0.0,0.0,-36.79019487178438,-0.018235365616468605,-0.1567831296479815,1.283405117309067
0.0,0.0,25.323247517769,-0.007629436135413024,0.15307150412522644,-0.9539740344948096
0.0,0.0,-34.951709044582806,0.0002968824723555922,-0.19203704307469255,1.2012472779163885
0.0,0.0,23.911173941485274,0.0031336908650655467,0.04779326263272836,-0.995333069980088
0.0,0.0,-35.954802865479955,0.0033989870439825,-0.16399740329380147,1.105885914655498
0.0,0.0,25.56187926874692,-0.0026623337124231446,0.1291205599547017,-1.0324391726778264
0.0,0.0,-34.76392458270541,-0.0035272477044100674,-0.1945812613509076,1.2122618885973593
0.0,0.0,23.493324895449742,-0.005239465515501771,-0.016534134701627422,-0.8453775140387109
0.0,0.0,-36.50097024425848,-0.0036951125864091742,-0.28087321958846906,1.4066824365724875
0.0,0.0,25.04531064172455,-0.005156746668331129,0.05532705990684455,-0.8451312755074838
0.0,0.0,-35.819160989454964,-0.0036228140472554524,-0.27059472155816255,1.4329919389054677
0.0,0.0,21.58125256859527,-0.004760349980155503,-0.1208715231870041,-0.4282757513583343
0.0,0.0,-39.41466216213058,-0.002138990192585368,-0.3630407762620768,1.7605861370819746
0.0,0.0,23.331570490282957,-0.004195628404127369,0.007148911586409314,-0.677382806360852
0.0,0.0,-37.49865625409445,-0.0015785308352506402,-0.24473705713266108,1.4632737009854393
0.0,0.0,22.605812748875866,-0.0031492349503810394,0.021382138921475904,-0.6993898326733241
0.0,0.0,-41.815145753240806,0.023276955280762002,-0.35832008768683055,1.613774924643373
0.0,0.0,18.616880953459773,0.02072107968755305,-0.08739812749356869,-0.5624453205678764
0.0,0.0,-38.961128849230185,-0.01731048071542235,-0.2619177646868193,1.5155354900491838
0.0,0.0,21.204357578213507,-0.018923973601911323,0.00450899566609449,-0.650179776835246
0.0,0.0,-44.217843277700645,0.007510665309661558,-0.3659815524166441,1.79193302585829
0.0,0.0,15.416052294839124,0.006475890632533511,-0.10652425173488876,-0.3491840437430446
0.0,0.0,-40.553442370300104,0.008592727772212299,-0.22932444602968438,1.5376831352013383
0.0,0.0,19.963798995854948,0.00625371793469706,0.0353394970649822,-0.6377928494019953
0.0,0.0,-40.79557864712516,0.0017209999146793856,-0.263243090579986,1.5100784917910648
0.0,0.0,14.550208367987736,0.024834554393585635,-0.020360216582009913,-0.6195665572510102
0.0,0.0,-45.20439683728857,0.03077663285173584,-0.21029178718075164,1.3973411222888403
0.0,0.0,19.17442466555838,0.007416793749293679,0.07944418877496216,-0.8011023773984728
0.0,0.0,-41.02476979047611,-0.01658864242482967,-0.22412823915922253,1.4041810301219368
0.0,0.0,14.930747446246684,-0.03451663206587026,-0.005581807474207666,-0.6981021254636461
0.0,0.0,-45.162483702398575,-0.018186705153341635,-0.25054596200818813,1.508895857488371
0.0,0.0,18.978492330586608,-0.004966042798052095,0.05937290778556724,-0.7144796439689334
0.0,0.0,-41.51167937436252,0.002943974441953554,-0.25076707564696876,1.547397125740382
0.0,0.0,14.25857252322036,0.004124685920055953,-0.05441462050976123,-0.4251499357854836
0.0,0.0,-46.234801046163035,0.022220603512815115,-0.2540124393650743,1.691501698819589
0.0,0.0,18.33723607847204,0.01699191031189625,0.07513637690756521,-0.6563909072261802
0.0,0.0,-42.39358481137111,0.011633387843171684,-0.22292937236175683,1.4861187981606434
0.0,0.0,14.316709248208493,0.009114311743706085,0.0019949542644003646,-0.6305503152826724
0.0,0.0,-45.606067699121056,0.0007530238629237865,-0.20737723313623868,1.42832131558281
0.0,0.0,18.109144550286917,-0.0009344358103108132,0.09828906849977924,-0.787864383055441
0.0,0.0,-41.50786046876811,0.0016354077491012363,-0.10636662922060264,1.309546428301989
0.0,0.0,18.650022853910006,2.478699955069325e-05,0.160023074869704,-0.8560333866211158
0.0,0.0,-41.24735632964845,0.002278631850987605,-0.19298646655472068,1.2930850567968748
0.0,0.0,17.20028850655692,0.0006944395952328212,0.06588067437310424,-0.9822770001052774
0.0,0.0,-42.463044126599314,0.002234334311213014,-0.16713966258050494,1.221438761282046
0.0,0.0,19.203899412183297,0.0006066966568437368,0.10880081278257614,-0.8516395166018481
0.0,0.0,-41.103105631490045,0.0010417945152722127,-0.21843591269863524,1.40507510691425
0.0,0.0,18.447849393341773,0.043168681500333095,0.1172700181510696,-0.8369312354812904
0.0,0.0,-40.626266860089906,0.06206562566749568,-0.03893748803054839,1.2269749973179875
0.0,0.0,20.116208684272184,0.025484282026383587,0.17973943608558568,-0.8846498285911555
0.0,0.0,-39.579206233186504,-0.0038045194825380817,-0.15825318218815765,1.230488849359876
0.0,0.0,20.564651122406026,-0.02552131921490255,0.04483235351720796,-0.9337257747268667
0.0,0.0,-39.34627547307432,-0.022840030430038613,-0.16863507052462956,1.2926082032116866
0.0,0.0,20.829870384193786,-0.004799856516126391,0.15917905010904998,-0.8609319164291197
0.0,0.0,-39.55939642606264,0.0045838807548261775,-0.21769006160413915,1.4153591105332255
0.0,0.0,20.711297268424744,0.003482798590946308,-0.013544541091606493,-0.6169514590494825
0.0,0.0,-39.48238758363083,0.004310620421776968,-0.23259858289885732,1.5489988145579705
0.0,0.0,20.587964742554014,0.0022939994184698748,0.08477079345863231,-0.7260464239724174
0.0,0.0,-39.86031147558674,0.012704122003960823,-0.1901424683001563,1.4449006664604658
0.0,0.0,20.221473926370905,0.016215895327237377,0.027645229223552177,-0.6554054009263974
0.0,0.0,-39.77355590933971,-0.0029068328223274785,-0.2150236214614613,1.430220078873316
0.0,0.0,20.458843908406365,-0.009164417091944587,0.09548861262543142,-0.79475934270646
0.0,0.0,-40.04481635061381,-0.002024967882478371,-0.20583232677673213,1.4289673900004316
0.0,0.0,19.79855878684956,-0.005444282479947845,-0.0006685448470335892,-0.6299676500110368
0.0,0.0,-40.6128217545214,0.0021203972837379945,-0.2703747776829872,1.5685427363854616
0.0,0.0,19.84465418690307,0.002163015230130036,0.051587198263456265,-0.6939888701473657
0.0,0.0,-40.44970258430821,0.004374902513489952,-0.1801569079326797,1.4409613237185772
0.0,0.0,19.697119720173447,0.0028135319435520266,0.08771751241307407,-0.7235694568470128
0.0,0.0,-41.73316049579982,-0.02603258633546079,-0.3270450609521842,1.6316238547615445
0.0,0.0,18.37581564673647,-0.02871561019185483,-0.0651708142617543,-0.5265233795216777
0.0,0.0,-41.224484913270864,-0.027309090191674944,-0.15033698543705476,1.5234243224434407
0.0,0.0,19.013400092140866,-0.026330619516476625,0.11002094536937732,-0.649365932833802
0.0,0.0,-41.292815670182414,-0.016298991645888578,-0.23596858433215953,1.4938248886982308
0.0,0.0,18.500136403963385,-0.030585603618269376,0.06925414513994374,-0.7267168173277819
0.0,0.0,-41.29006165147005,-0.03861829387717436,-0.1565920611639527,1.3539260238413648
0.0,0.0,19.2093408927368,-0.029132421169457044,0.07473085287761685,-0.7626069351053268
0.0,0.0,-41.1623772545356,-0.020128074871060924,-0.19737190937319032,1.4608401086526892
0.0,0.0,18.459140586167614,-0.007577442614274082,0.012731003032257271,-0.6526022823183373
0.0,0.0,-42.01657874830015,0.031058038460062425,-0.2653436269362903,1.5844325695627197
0.0,0.0,18.542298951879495,0.020973312426378794,0.0512839774411216,-0.6148916183312426
0.0,0.0,-41.99814778928047,0.01246649038606306,-0.26305716602348295,1.6147998530710055
0.0,0.0,16.66409697128983,0.010428249135505746,-0.09527068365859405,-0.32874361888967063
0.0,0.0,-44.37089733364343,-0.04970358744668829,-0.3169303260350336,1.9157355837092118
0.0,0.0,17.21383344382548,-0.05697209024886602,0.04838233835771887,-0.455429594574033
0.0,0.0,-43.09474752252522,0.003275086053171526,-0.21928045959705506,1.6264532027232892
0.0,0.0,17.16960190175449,0.001142267744587369,0.04671348944715947,-0.5447657171252726
0.0,0.0,-45.335256973272834,0.04493018693477439,-0.2712484351252421,1.6191599364447937
0.0,0.0,14.341109597922893,0.0494725634025273,-0.010633434425636488,-0.5356896898431097
0.0,0.0,-44.107713017894284,0.00017160837931640897,-0.28600237932772105,1.6417075663873404
0.0,0.0,16.062867216032917,-0.0014332216846699893,-0.019719760966343855,-0.5239812544217467
0.0,0.0,-48.23832437592063,-0.013363873830248056,-0.3886178468630124,2.0112397084982723
0.0,0.0,12.051334366053393,-0.01474453503577198,-0.1195136859264522,-0.16284059669901663
0.0,0.0,-45.917675431940694,-0.0018692969986720703,-0.29415494495339867,1.8605567538714038
0.0,0.0,14.184388666451948,-0.0034689356530032056,-0.028717928839784225,-0.30025540991738864
0.0,0.0,-51.12008046602202,0.004040784117247494,-0.3603931962768216,2.0436747726332696
0.0,0.0,9.514145334803498,0.0021116407399735847,-0.0884043333139884,-0.14430575244902405
0.0,0.0,-47.62916414021924,-0.02215499337322021,-0.29673483227741665,1.8276965488604138
0.0,0.0,12.273416793317189,-0.024926141895789834,-0.03244998787832652,-0.3283347758658297
0.0,0.0,-48.44168127130486,-0.013048645814798032,-0.3033439784266779,1.8309571413179748
0.0,0.0,6.7355299925402,-0.01270485617686837,-0.10314016013404427,-0.160301216572868
0.0,0.0,11.442956865533722,-0.0015384948838628888,0.010153700588912878,-0.37581865335273423
0.0,0.0,-52.55882141007943,0.0009338526238891064,-0.3116537697890882,1.9255209481809326
0.0,0.0,10.371381448103905,-0.0006449057249088355,-0.03519096833594016,-0.3299918923210785
0.0,0.0,-49.4618899969402,0.0006653809934683355,-0.2996828384826642,1.82845153005248
0.0,0.0,13.618438255021719,0.009167077620768542,0.6121566340545964,-1.4455717524718825
0.0,0.0,-46.560703376971475,0.010770428238566635,0.34588846649488036,0.7202835472127143
0.0,0.0,19.011059758998016,0.011058248242982098,0.3817168533454386,-1.6219847697714034
0.0,0.0,-41.09379582107807,0.012942570317598868,0.1217721745581388,0.5231413383280044
0.0,0.0,-30.779374225306984,0.052811043800072024,0.36608897349433883,-0.451052447678876
0.0,0.0,29.148779134656554,0.05029153245817475,0.6228998453228998,-2.5828830066402673
0.0,0.0,26.57493293817292,0.0605964533956503,0.3812301083987685,-1.7722616872941783
0.0,0.0,-33.80360917872364,0.06112126055182503,0.11029788482286937,0.4113975843332097
0.0,0.0,-21.113738197891276,0.06903051094945793,0.18488333033342078,0.2757571404936964
0.0,0.0,38.26418547451502,0.06538591168771077,0.4409748288404808,-1.8561422562796097
0.0,0.0,-29.5258555454062,0.014113808633476953,0.005199737497625367,0.8250338754680342
0.0,0.0,31.165747878360985,0.012478192196967724,0.27496214362591065,-1.3543520532916982
0.0,0.0,37.30737183950273,-0.028434824601995735,-0.35792848768846774,-0.13917307927358713
0.0,0.0,-22.12872931613838,-0.028413057354154246,-0.6449599667792585,2.0601057007802286
0.0,0.0,26.928717807477803,-0.0008502013809737006,0.05868424757320155,-0.321707019821618
0.0,0.0,-33.38804756177204,0.0009417521846993016,-0.20610689789076542,1.8328295762932219
0.0,0.0,37.3099158114727,0.06067725671898994,0.5562141688071129,-1.6968430738147613
0.0,0.0,-22.86659853922179,0.06228018894737518,0.28993597445642866,0.46898907259578115
0.0,0.0,31.806963470025774,0.04058867981089953,0.3705551277989353,-1.9819307593872626
0.0,0.0,-28.578095479615687,0.04169916684860161,0.10068994538443979,0.2024715683959759
0.0,0.0,34.10157805571635,0.028599828535404367,0.32216076621521944,-2.0771892810296535
0.0,0.0,-26.590989474297434,0.02971233109962975,0.050799522705168174,0.128568101317325
0.0,0.0,47.96339844736692,0.02775310399848678,0.5145521590355682,-2.581316215033884
0.0,0.0,-12.2150922790881,0.02935889784881323,0.2483043050667072,-0.415518616589458
0.0,0.0,37.53476894884744,0.02123403741718711,0.3681554689559099,-1.7898545617159543
0.0,0.0,-22.91184421348981,0.022783098024027393,0.09942194163485635,0.38540465765917764
0.0,0.0,52.63915385522073,0.009213180791011825,0.40265467713976477,-1.79934819616756
0.0,0.0,-6.98991274767437,0.01064866187709219,0.1393513111859452,0.35750153811506885
0.0,0.0,39.86102407396504,0.06464329024519666,0.3194834485722687,-1.5891183666718083
0.0,0.0,-19.78347317688409,0.06795031127665273,0.0553985621683007,0.5685183602967112
0.0,0.0,56.51861466810394,0.05891615874346309,0.34352248941098207,-2.006442527426571
0.0,0.0,-4.796167626196865,0.05917935332451521,0.07442272053699964,0.18202647735088817
0.0,0.0,42.40792919878477,0.04845171991135249,0.2806946003072215,-1.764585531850292
0.0,0.0,-17.77037739264117,0.05005787780972787,0.014446709212677739,0.40120800507664733
0.0,0.0,-3.213150293074867,0.027387671627543998,0.03798837276557021,0.14683888672420753
0.0,0.0,55.92542834259878,0.02584876883182342,0.3031945017872473,-1.999508095506778
0.0,0.0,43.61496558278825,0.01732871153166432,0.15043585857404954,-1.6322674056907216
0.0,0.0,-16.812536591527373,0.019118518829883413,-0.11350933639627454,0.5355506385958251
0.0,0.0,50.39002316381698,-0.01376536442149414,-0.1090757474800825,-0.6487773265161132
0.0,0.0,-9.788532694457238,-0.012160722595109516,-0.37533802179267356,1.5170521920888071
0.0,0.0,42.50114825917291,0.017087555739062905,0.3214529380459684,-1.3683765960682848
0.0,0.0,-17.874328975514803,0.018804127838263476,0.053560433054210765,0.7957997809148989
0.0,0.0,53.10235160437185,0.04561022604762792,0.4035239552196319,-2.308765032589001
0.0,0.0,-7.07560948306764,0.04721608347286946,0.13727360616163078,-0.14296720469925783
0.0,0.0,44.60931930676627,0.05893189808088892,0.310330679192969,-2.0737451282888193
0.0,0.0,-15.764149547117388,0.05992985970716039,0.04314231346690068,0.10171009359749783
0.0,0.0,45.137796823720876,0.03509512247444084,0.2700205471782132,-1.953241674788408
0.0,0.0,-14.837816311315764,0.036833892731354984,0.003910050825748941,0.20565738275868023
0.0,0.0,56.304266031364826,0.01049642831908544,0.34398720454018716,-2.092718465595644
0.0,0.0,-3.4776911855595882,0.011771300738736588,0.07917800183088819,0.06449897364216062
0.0,0.0,47.43047827648111,0.001021170486082551,0.29316674194484943,-1.8210112072225169
0.0,0.0,-12.954211206553733,0.003100754767260964,0.02652943647288411,0.347655239197209
0.0,0.0,56.82293756671595,-0.000490831043788123,0.2872151907625983,-1.8953847884033217
0.0,0.0,-2.247342461489697,-0.0002594984238136408,0.02161270141210614,0.25887616600415553
0.0,0.0,49.47302553719053,0.022517774171738877,0.3096380300142865,-1.8872145792617752
0.0,0.0,-11.336791120486657,0.024117677561206263,0.041564413004449796,0.288685273842726
0.0,0.0,59.214450777064116,0.001667933278437627,0.2816496577553309,-2.1320843253039303
0.0,0.0,-0.9633108566623847,0.003273643397132594,0.015399797827089806,0.03371176986643809
0.0,0.0,49.99734460646792,0.011523314469804122,0.2562792218607204,-1.926557181299636
0.0,0.0,-10.360604659894408,0.01329252331669972,-0.009520845523673205,0.24213533045574728
0.0,0.0,51.3836897474842,-0.3383532851508105,-2.0136661722247626,-1.3403395600708414
0.0,0.0,-8.388356523104127,-0.3500098958220219,-2.364813083802399,0.841738985583875
0.0,0.0,42.21503523858943,0.137931787776244,-0.5970020183154993,-1.3755908933144372
0.0,0.0,-17.936981043195885,0.14554171226437104,-0.8895652346039854,0.8048144535893693
0.0,0.0,41.507116587143244,-0.012793243319537994,0.10567331568430807,-1.8547542766924956
0.0,0.0,-18.675256258868348,-0.011185383263312323,-0.16056880883877267,0.31118055034485015
0.0,0.0,41.7622954705612,-0.00121086233477376,-0.08055425402051383,-1.7292705901649548
0.0,0.0,-18.420628673034436,0.00039498899712405035,-0.34337679460158044,0.43667614110059916
0.0,0.0,41.74427614453416,-0.00036675060685242193,0.012019722682064839,-1.7184970012592475
0.0,0.0,-18.436593271371354,0.0012577305666954422,-0.2541544551837634,0.44758283842776575
0.0,0.0,-18.361752373929477,0.00019164603383482122,-0.2563882821629609,0.4401398867467945
0.0,0.0,41.820649903395775,-0.0014120196194461895,0.009833122259285173,-1.725875586251949
0.0,0.0,41.671841844964206,-0.0013149179607044566,-0.04043042875134616,-1.67678831938504
0.0,0.0,-18.51053098280355,0.00029293501662006543,-0.30667259187639656,0.48914636409819395
0.0,0.0,36.78758889259,0.007036226477427163,-0.3389749406598571,-0.5455810525281584
0.0,0.0,-23.29750359140743,0.008497116080975236,-0.5990998267443741,1.599213835449358
0.0,0.0,-20.653929098563236,-0.003988066007618115,-0.18401528395159245,0.9658624815112915
0.0,0.0,39.61218597538661,-0.005412495696563079,0.07832612030770718,-1.2152325331470994
0.0,0.0,38.84748195695592,-0.021618976358161426,0.07369797834482018,-1.6987008477486165
0.0,0.0,-21.284088812661054,-0.01965748768205841,-0.19409888913024917,0.4691263203339323
0.0,0.0,-22.513231073626258,0.002550876666143232,-0.541552316063578,0.9038329434135978
0.0,0.0,37.74835270039352,0.0008703174336318451,-0.2702367244633522,-1.2685693286613884
0.0,0.0,34.21938736832975,0.00871934084971774,-0.07234136917184308,-0.886360334155172
0.0,0.0,-25.825832596594903,0.01012193480392805,-0.3378453357763806,1.2670758351057545
0.0,0.0,35.873529759081215,0.005173903291960834,-0.17307969060817946,-0.9241860271660742
0.0,0.0,-24.30889284898621,0.006781731988802869,-0.4393220934900928,1.24174946891343
0.0,0.0,33.87014358226847,-0.022890416628429024,0.31006246968139844,-1.4945502125499528
0.0,0.0,-26.31227902579895,-0.02128258793158699,0.04382006679948508,0.6713852835295515
0.0,0.0,38.75416320573876,-0.007822964538483069,0.139020990339058,-1.898066613533644
0.0,0.0,-21.428259402328656,-0.006215135841641034,-0.12722141254285535,0.2678688825458604
0.0,0.0,-19.68176090486335,0.0047040011735672415,0.06809615711672815,-0.36042865506250676
0.0,0.0,40.50066170320407,0.0030961724767252057,0.3343385599986415,-2.526364151142011
0.0,0.0,-18.04246578396029,0.0013538904145664512,-0.09385823589184625,0.1496538773202098
0.0,0.0,42.16666461078794,-0.00020867650956841143,0.17492650329928955,-2.0236087139455146
0.0,0.0,44.65610923070899,-0.004887368024044129,-0.02989510460370899,-1.6060985406502828
0.0,0.0,-15.449855817475822,-0.0033236387783637748,-0.2975146703750168,0.5605268385576151
0.0,0.0,40.9903059195885,-0.00254844555998531,-0.09572439075836411,-1.0493525810818591
0.0,0.0,-19.19214067309128,-0.0009406064885122485,-0.3619664696553646,1.1165827121123573
0.0,0.0,41.82244569474547,-0.0011460603405813933,0.1333065915656283,-1.272424248226002
0.0,0.0,-16.730682804432305,0.004195936075957786,0.02858272104610121,0.8326799900565371
0.0,0.0,-16.209702367799473,0.0048433113904521605,-0.06460326768549915,0.2161405221246117
0.0,0.0,45.50133903300815,0.006616593645096019,0.3500918530551212,-1.9938461991684029
0.0,0.0,-13.917132049841324,0.004662831684448855,-0.39546524825733137,0.051207012882825254
0.0,0.0,46.264804505881095,0.0030541466204313025,-0.12926030575751896,-2.1147144663701685
0.0,0.0,40.89715800735497,-0.0006794361339133086,-0.2899880935017125,-1.0526969842669283
0.0,0.0,-19.26562061144197,0.0009175845477930938,-0.550209114197751,1.1025100840160365
0.0,0.0,38.77316876619022,0.0034470286457852035,-0.24865647228027493,-0.5630593069409418
0.0,0.0,-21.4685012028526,0.005143266945854643,-0.5197542437112695,1.6220722701841432
0.0,0.0,37.446986386635686,0.007171002055364895,0.2431032399268322,-0.677176342652819
0.0,0.0,-22.734930649795423,0.008779665663582945,-0.02310050353612797,1.4887392517054523
0.0,0.0,-19.176354069496366,0.005809453488780765,-0.05512018009053696,0.3792599456751984
0.0,0.0,41.01783413040017,0.004124045462294871,0.20757392255013385,-1.7803627143858076
0.0,0.0,-16.184373002886872,0.01288112893851384,0.10870765761878995,-0.9908678453267554
0.0,0.0,44.04316762229466,0.011476185767639504,0.3812687076572177,-3.1881396130176043
0.0,0.0,-15.88727804515322,0.006721740407162374,-0.11459249923201428,-0.22891690256196107
0.0,0.0,44.25030877530611,0.00504511316563813,0.1500419150540892,-2.381088843533556
0.0,0.0,-19.103605680432686,-0.005931396368520532,-0.8206785842742675,1.6528464221692256
0.0,0.0,41.099045456574636,-0.007372515646519866,-0.543070623523057,-0.5346480288569302
0.0,0.0,38.28618944834915,0.005318812209784349,-0.288486520854503,-0.20370306316576303
0.0,0.0,-21.759010308105857,0.006770700408857936,-0.5440622126863217,1.9137515983945772
0.0,0.0,30.25484152612975,-0.0008279360367883339,-0.22259266003141356,0.601632193319193
0.0,0.0,-30.15301951766735,0.0007421640128342751,-0.49270265921844897,2.805915381956976
0.0,0.0,-23.435196393175044,-0.015996738681301675,-0.0839416388771276,0.8712137708649806
0.0,0.0,36.83579449035854,-0.01726531657633834,0.17837235421751288,-1.2944378095470563
0.0,0.0,34.269858003022755,-0.009121799382478667,0.07972661918039249,-2.7675758103917625
0.0,0.0,-25.536384353505273,-0.007065814843393752,-0.19131551955517517,-0.5235527714639296
0.0,0.0,-24.292213800318866,0.0024044653540663276,-0.3605276618037961,0.5653286847427744
0.0,0.0,36.334925373198594,0.000609837816371439,-0.08656366268008828,-1.5846662714601307
0.0,0.0,33.052739679414486,0.0005610383751760632,0.08136874715353078,-1.1068656210774266
0.0,0.0,-26.567138128816236,0.0020450675843283485,-0.19153425916595565,1.035744834594531
0.0,0.0,-24.680059305044725,0.002842594276975953,-0.34638002797825307,1.2729041288443126
0.0,0.0,35.5935484647772,0.0011928765467541617,-0.07879115495458001,-0.9023637504335149
0.0,0.0,-27.57827269366836,0.03068143629708251,-0.28360163097672353,1.1621192844934123
0.0,0.0,32.86784400802303,0.028070500383408598,-0.017183802033473645,-1.0158208547109542
0.0,0.0,-27.15231625700598,0.01365480636872917,-0.5309695292512865,1.3383036968324378
0.0,0.0,33.03305217135445,0.0120465759983006,-0.26476853222651753,-0.8276745709639988
0.0,0.0,-28.468911448891486,0.009314739454244075,-0.5196691944341398,1.534660251410557
0.0,0.0,22.557950406787793,0.01509600998236948,-0.4718941844795582,0.14464191026342044
0.0,0.0,-40.74826103910033,0.02136220758644511,-0.7102759118455932,2.46916743272665
0.0,0.0,28.085206007481364,0.013039454586314798,-0.24560058573796134,-0.4018082236954925
0.0,0.0,-33.204042856194036,0.013237727796066329,-0.46472413973716986,1.6251609744401563
0.0,0.0,15.419448105543541,0.018486962066372705,-0.35654695768095274,-0.035968322878822345
0.0,0.0,-48.23771718170091,0.020418787805090398,-0.629274108913022,2.1401592020094107
0.0,0.0,23.44611354706794,0.012224964383873545,-0.21131376140364322,-0.5106571513242186
0.0,0.0,-37.28950385353761,0.031094198829741224,-0.46753354967949656,1.6041747522877432
0.0,0.0,23.13316529465804,0.029083536484198008,-0.20003931434052857,-0.5682768433951002
0.0,0.0,-52.43042080592185,0.01712841097810351,-0.6212209553265163,2.123506023910682
0.0,0.0,6.685684261128736,0.01577208371066727,-0.36339734115528904,-0.009960900077337298
0.0,0.0,-41.04610986452177,0.00921074656997932,-0.5020926868205144,1.8102853447675
0.0,0.0,19.66549517682144,0.0076706503809513054,-0.23305771124798186,-0.3718770262518277
0.0,0.0,-55.02460226360447,0.015174987315059271,-0.4709021687363763,2.0672575241699427
0.0,0.0,4.639834140520986,0.013645751524144226,-0.20557874044835234,-0.08615737641266563
0.0,0.0,-44.94062984942097,0.032956382538322705,-0.4840872215643228,1.8013202046505654
0.0,0.0,15.891294469815382,0.03050882335330827,-0.2159164465862511,-0.3781178852053966
0.0,0.0,-58.30665250005086,0.03437211871403004,-0.44056415173187485,1.9394307296578384
0.0,0.0,2.41500906324194,0.032382777812813776,-0.17438890697009607,-0.23454752357156883
0.0,0.0,15.293121078828534,0.013063776292146445,-0.14727519297367073,-0.46045830447154423
0.0,0.0,-43.926766074811155,0.014698169531123774,-0.41496506947145256,1.692663728694255
0.0,0.0,-58.36558207118044,0.00193725841806946,-0.09077302501493045,1.5178937709979772
0.0,0.0,3.818194114280673,0.0012972789787661712,0.15011104884579266,-0.6462367925626584
0.0,0.0,-42.348954232761514,0.004682915500938939,-0.19141869136318906,1.0657296596757444
0.0,0.0,17.48223632860887,0.0027330301519794802,0.08264314298410125,-1.1173060156509815
0.0,0.0,-42.991790560813975,0.006213257508969492,-0.36493642677950033,1.2541710034817881
0.0,0.0,7.875624758752893,0.002004454468234983,-0.17546447387124217,-0.8635754548720824
0.0,0.0,-52.89510245797571,0.012078725786328034,-0.5170327153638214,1.8203675783061724
0.0,0.0,15.91044002987518,0.012797664994628493,-0.18255961384726122,-0.387901826829415
0.0,0.0,-44.87314126834171,0.04365806734625921,-0.41552441483718217,1.9749461715412764
0.0,0.0,15.303080451325435,0.042053047264831916,-0.14943491564792508,-0.1906319497415283
0.0,0.0,-55.78490541168071,0.07109018587299365,-0.5190969028993115,2.4573703932876043
0.0,0.0,4.39131630798643,0.06948516579156636,-0.2530074037100545,0.29179227200479985
0.0,0.0,-47.61320463089288,0.03176844497988314,-0.4795173579930396,2.0199616058762637
0.0,0.0,12.563017088774252,0.030163424898455846,-0.21342785880378246,-0.14561651540654097
0.0,0.0,-58.466914417042915,0.0023226572373542705,-0.42874989662892216,2.0089037891457053
0.0,0.0,1.7093073026242258,0.0007176371559269763,-0.162660397439665,-0.15667433213709914
0.0,0.0,-48.88571984772738,-0.014086519692318868,-0.39244851473714004,1.745200575867755
0.0,0.0,11.10440826989524,-0.016309331740143023,-0.12587459688272407,-0.41966145232904184
0.0,0.0,-58.75694578255991,-0.031020634659904955,-0.368174717042304,1.7344810003886397
0.0,0.0,1.7818481200939622,-0.03175496701906337,-0.10296799894442855,-0.4315544052237297
0.0,0.0,-50.20112825888159,0.010146287879201622,-0.4440498658401679,1.862449705218813
0.0,0.0,9.974974981835981,0.008541054427006534,-0.17796015031654144,-0.3031282759777645
0.0,0.0,-59.82725785796926,0.02484823939922453,-0.4279033854627907,2.237382269447874
0.0,0.0,0.6910017512062161,0.02302110673366752,-0.16160774231415828,0.06277768797316524
0.0,0.0,-50.894907608906145,0.03223516420400495,-0.37288306094559975,1.9745636664830073
0.0,0.0,9.730848476495092,0.029670395801003262,-0.10911284651005478,-0.20102188618464967
0.0,0.0,-56.51251999854079,0.022225227179999158,-0.35286031633597054,1.8622009381438631
0.0,0.0,3.391522547743734,0.020753940895727966,-0.08563904831452891,-0.3020222650836047
0.0,0.0,12.048881651271696,0.0073751023635356605,-0.04506453216358794,-0.47945497175384005
0.0,0.0,-47.541994025438754,0.009889530896397785,-0.3238861361828542,1.7017834275664467
0.0,0.0,12.991575554141445,0.005656473933219099,-0.11096557617098463,-0.48808686768897824
0.0,0.0,-47.08814491840254,-0.08858056332844191,-0.13053182786536538,1.3593361341331374
0.0,0.0,19.838574227309813,-0.10256839633753645,0.34555740583677935,-1.212608337784971
0.0,0.0,-40.47273821037579,-0.03637402004083965,-0.08665292649106865,1.166056034691307
0.0,0.0,23.806202385149913,-0.004076252910809474,0.24100200300822813,-1.3363126284817817
0.0,0.0,-28.11699633799574,0.00645906733618133,0.20261328979771415,0.0475419367426988
0.0,0.0,38.675674344042946,0.06133443018894186,0.40566377590233327,-2.4270999086300282
0.0,0.0,-29.468131692329894,0.06225809073125897,-0.10839876754254088,0.5079372285388543
0.0,0.0,30.35940236202364,0.017975278882428582,0.15577971433519,-1.4361507026863287
0.0,0.0,-29.579705655825055,0.019764415966805622,-0.10709915868624151,0.7159625469311446
0.0,0.0,-13.485225313982898,-0.0014155148850311817,0.14650830259712777,-0.12102982721131506
0.0,0.0,47.793732317814886,-0.003432879529334476,0.42785878041885006,-2.3427208544885714
0.0,0.0,34.68192213149893,0.005278143217119766,0.04846560935814602,-1.5288990661265478
0.0,0.0,-25.21246283835953,0.006836939982418951,-0.21734429288993332,0.6250682883862283
0.0,0.0,44.679416398269375,0.005040291245875091,-0.20948623640139105,-0.6409856764865826
0.0,0.0,-16.38035891581257,0.006710986825286837,-0.4668492371484212,1.5131536883005325
0.0,0.0,34.43637946734101,0.007789805282580943,0.1880656139356987,-1.073360954465786
0.0,0.0,-24.73297562550273,0.009448862132586553,-0.06464878405798163,1.0814630125767002
0.0,0.0,49.59238002791406,0.039252552679514205,0.35794869851345956,-2.3360946208249302
0.0,0.0,-13.331498675359242,0.03771682411637371,0.06017280525054908,-0.035515834475498886
0.0,0.0,37.96018608579669,0.017757233176913894,0.16572103353666467,-1.9109805799229362
0.0,0.0,-20.462750241589447,0.02028831563874669,-0.08771504729546292,0.15339613884078973
0.0,0.0,40.57416625635072,0.008296596365159496,0.1579719339894582,-1.874472677254018
0.0,0.0,-20.547173248872117,0.010035247308622718,-0.11300729129218523,0.3323353070951788
0.0,0.0,54.291330488244746,-0.07929509119958472,0.2556992866904068,-2.0971071138378177
0.0,0.0,-4.782302375853258,-0.08102655289949635,-0.0037774183114952786,0.03566458229692071
0.0,0.0,42.175910144647766,-0.03399770469965092,0.17616129860946952,-1.6692558889926619
0.0,0.0,-18.290268436858625,-0.031740650859363825,-0.0913310511396287,0.5030021219591816
0.0,0.0,55.997278097772245,-0.00918582075652883,0.19036293913565916,-1.8829085702283033
0.0,0.0,-4.184431595923541,-0.007588971545079771,-0.07565939494911104,0.28256041895209416
0.0,0.0,44.23342102760431,0.0033113884839590575,0.1892654425864101,-1.7346540548832783
0.0,0.0,-16.493388809675096,0.004727259420464902,-0.0795288176241229,0.44330769985157953
0.0,0.0,57.58419156090203,-0.03656688982935714,0.17048057925946003,-2.05832942595994
0.0,0.0,-0.9911440348835356,-0.03696898533810827,-0.09260559824979894,0.0707628949940936
0.0,0.0,46.51278770565529,-0.01549909067809993,0.182283503384993,-1.8236327709246871
0.0,0.0,-14.500250399792504,-0.013304054982846533,-0.08693946109408299,0.36077835793935553
0.0,0.0,59.4801257826969,0.02920304517490301,0.17713011113668964,-2.0280862924296432
0.0,0.0,-1.6943711929580083,0.02955888996147676,-0.09058352558354837,0.15580696120500087
0.0,0.0,46.80859748095788,0.00518892644240873,0.11570165127354036,-1.752683399805838
0.0,0.0,-13.371581126059871,0.006785300934420108,-0.1502949234112031,0.41265834843099714
0.0,0.0,58.97980901488789,-0.0291648346376963,0.16594743407858978,-1.9198297704106215
0.0,0.0,-0.7366225650950391,-0.028076858822606625,-0.09943288246875578,0.239180001063878
0.0,0.0,47.61662669563869,0.020787147339741376,0.12182801777053735,-1.778670925707178
0.0,0.0,-12.350800496955658,0.02283816258471353,-0.14443470725857266,0.383680392097822
0.0,0.0,48.192804511311635,0.014119464020185593,0.10761124851633265,-1.797580812817457
0.0,0.0,-1.2857294841025955,0.019445585916695384,-0.11148167752050399,0.19849400134486284
0.0,0.0,58.816870543030824,0.02571909694584382,0.12983753350221877,-1.925587546401766
0.0,0.0,-11.860668677736431,0.023265806991062385,-0.1774570657184188,0.39832640804544794
0.0,0.0,48.59006783483887,0.007109199333892664,0.10341182894297019,-1.762656210767932
0.0,0.0,-1.855936012744521,0.007967483098495182,-0.10873841242251796,0.2629904993071672
0.0,0.0,58.566225946100396,-7.52194575821593e-05,0.17358350375627418,-1.9483797605174187
0.0,0.0,-10.798283372333522,0.002194292630464386,-0.14132140628653211,0.3437797421181694
0.0,0.0,50.27739441282,0.01778298321175497,0.1121677080679801,-1.8592843884612027
0.0,0.0,-9.020980618506409,0.020742163170624616,-0.15579099521002351,0.29301198724804733
0.0,0.0,59.226888157984746,0.04785211292182998,0.21515974252562708,-2.0744337845680896
0.0,0.0,-1.621016901278263,0.047865447232909766,-0.053758448738040365,0.10342608259493385
0.0,0.0,51.27544645491723,-0.04013544336371756,0.1461949551929457,-1.9301850747014735
0.0,0.0,-9.075051080157293,-0.03765142239106097,-0.11988635639894037,0.23832098793955156
0.0,0.0,53.73571894322852,0.018122440198167958,-1.3883822663573056,-1.9039270128517949
0.0,0.0,-6.438499862657625,0.01972014016750853,-1.6543617036019849,0.26135887595953655
0.0,0.0,42.731429136873004,0.19126600006965333,-0.043044376229300726,-1.7935186652838258
0.0,0.0,-17.442789669013134,0.1928637000389939,-0.3090238134739802,0.3717672235275057
0.0,0.0,42.91723519429162,0.08383693134684107,0.12288507453181143,-1.8312349038391285
0.0,0.0,-17.267571267089508,0.08297363148475786,-0.009929174979294603,0.2467621392909756
0.0,0.0,44.14904634172767,-0.023854478231284476,0.24698580524216676,-2.003576127608598
0.0,0.0,-16.015174863771374,-0.02002057323448112,-0.139995128422999,0.24101592914770587
0.0,0.0,44.15705708565224,-0.27426982917833304,-0.21494200748686473,-1.9939370702587644
0.0,0.0,-15.961381789134297,-0.217606224839494,-0.5030310231803424,0.16939307362213302
0.0,0.0,43.73829097910775,0.06756591963981483,0.002767794393379272,-1.7550127678468623
0.0,0.0,-16.500898391621696,0.02616649934282536,-0.23840787280349415,0.4196441189540384
0.0,0.0,43.76374844037964,-0.025966887967107756,-0.024539652660931294,-1.8088029818516798
0.0,0.0,-16.347809819455723,-0.022074671268649322,-0.28174931842892315,0.35407240330783385
0.0,0.0,43.926597932542876,0.0018451717582902872,0.010703497980443111,-1.8188215244533754
0.0,0.0,-16.30734850116261,0.002330414765715934,-0.2621809429733196,0.3481617797566522
0.0,0.0,43.9416163189392,-0.0002777530259784206,0.006508549599974232,-1.827637036470075
0.0,0.0,-16.23258089704425,0.001336540432158388,-0.2594820022229309,0.3375098421012699
0.0,0.0,43.971253946769565,-0.00037019801785175357,0.02756745327062026,-1.7415751796544967
0.0,0.0,-16.202928113136483,0.0012383842130761376,-0.23838649217744393,0.4236838142506112
0.0,0.0,44.135141079411476,0.0020181094270390835,-0.016865405593049873,-1.8289598278642623
0.0,0.0,-16.038362353240892,0.00359025771719776,-0.2823981417143388,0.3362393937851057
0.0,0.0,44.16928411387645,-0.0019991097539745675,0.005124472095165242,-1.8064158061797937
0.0,0.0,-16.004877729777714,-0.0004305657644685808,-0.26082004913631357,0.3593168144625431
0.0,0.0,44.13799074649155,5.137311317393502e-05,-0.009155277169179955,-1.7904894613698181
0.0,0.0,-16.03271080590349,0.0016583907152286227,-0.27486302577658484,0.3739800158233519
0.0,0.0,44.41940709614003,0.00010836127692025985,0.016943572887821324,-1.8246975748489807
0.0,0.0,-15.753696223537965,0.0017145036616112185,-0.24925177474349308,0.34035742372084626
0.0,0.0,44.25676093614985,-6.73683942913854e-05,-0.007804880750219796,-1.7845102930697871
0.0,0.0,-15.93159461717092,0.001537385997285075,-0.2746974428985408,0.3844784223897403
0.0,0.0,44.613172371387556,0.0005474948943210137,0.016448781845502126,-1.8096775619825154
0.0,0.0,-15.565243865384687,0.0021459532030613645,-0.2497365135733515,0.3552573986039213
0.0,0.0,44.53879444830007,0.006189750859217999,0.013089846311653042,-1.822162302356966
0.0,0.0,-15.636900587051851,0.007798346823056176,-0.2528639324790242,0.34314421552872354
0.0,0.0,44.63450967258416,-0.007099234815299489,-0.004131569232604411,-1.8108096087669838
0.0,0.0,-15.538537480349502,-0.005222105919306733,-0.2697521715384605,0.35363983312283204
0.0,0.0,44.701964542205125,0.0003632082061725197,0.004733658519722547,-1.8348833671240217
0.0,0.0,-15.476871664208618,0.002008075063148941,-0.261204830209289,0.3303838565861295
0.0,0.0,-15.410746585697169,0.001858824320652611,-0.2613149030537479,0.3320054689028905
0.0,0.0,44.77255841134684,0.00023085872915535178,0.004633551893816955,-1.8336559320176902
0.0,0.0,43.63865531029226,0.0013217251161243835,-0.18992319991497364,-1.5644113187817876
0.0,0.0,-16.49763864056955,0.002882502327448821,-0.44908027925514205,0.5914889181259757
0.0,0.0,-18.756946633287168,0.007610424917562514,-0.5388994412693455,1.0975791270910116
0.0,0.0,38.69009012965338,0.009976424627315274,-0.17837151933427003,-0.5757853604556498
0.0,0.0,-21.490111931159596,0.031238123169995344,-0.28214308336425153,1.3205340978771585
0.0,0.0,41.33657414069263,0.026282227417082762,-0.09472435727048076,-1.3097167983611269
0.0,0.0,-20.911150988291304,-0.000780663679974424,-0.5565758732982128,1.0349341440934936
0.0,0.0,39.26973058625883,-0.002388428805591712,-0.29060309942813556,-1.1304189475710127
0.0,0.0,-32.27221047409989,0.014257056403350472,-0.8818500869454651,2.384880518064289
0.0,0.0,27.90867110045024,0.012649291277733184,-0.6158773130753878,0.21952742639978262
0.0,0.0,-27.47463953674512,0.02456660885872331,-0.5895382619842945,1.7568755245742078
0.0,0.0,32.70624203780502,0.022958843733106027,-0.32356548811421715,-0.4084775670902985
0.0,0.0,19.65401497864315,0.03277349326566188,-0.4510296358792322,0.02658611066626393
0.0,0.0,-40.52686659590698,0.034381258391279174,-0.7170024097493095,2.1919392023307704
0.0,0.0,26.50436840846326,0.0031996806038638494,-0.2616545824130663,-0.5904702294562956
0.0,0.0,-33.67651316608687,0.004807445729481138,-0.5276273562831436,1.5748828622082107
0.0,0.0,18.624061829173286,-0.07527996873174815,0.4025592196497906,-1.8142500571457685
0.0,0.0,-41.55681974537684,-0.07367220360613086,0.13658644577971324,0.3511030345187377
0.0,0.0,31.893930380822813,-0.016519805993924677,0.1726051400762691,-1.9758350915928853
0.0,0.0,-28.286951193727322,-0.014912040868307391,-0.09336763379380819,0.189518000071621
0.0,0.0,-29.8977987848744,0.008056667292022882,0.15963921262746367,-0.42897961982229194
0.0,0.0,30.44720183112941,0.006314792925335213,0.41657038728794354,-2.571763178564227
0.0,0.0,35.922105016031985,0.0014316820342396433,0.07956542719591914,-1.7782650817855767
0.0,0.0,-24.202902479628353,0.003003034636734985,-0.18871731157048482,0.3937432359983941
0.0,0.0,-28.132016058203007,0.005708568396843344,-0.2062770369325084,1.5479826347883034
0.0,0.0,32.04888304395494,0.004100794704985837,0.059695193506010186,-0.6173684996643034
0.0,0.0,-24.555394031881033,0.02600125176232568,-0.30998389152377037,1.1082858532594464
0.0,0.0,35.6255050702769,0.024393478070468176,-0.04401166108525176,-1.0570652811931605
0.0,0.0,33.845259248752065,0.0024753559195529375,-0.23919336081108575,-0.8949434636186182
0.0,0.0,-26.25347127370306,0.004079671703770333,-0.5013877060230076,1.2622934996610096
0.0,0.0,-35.25582580355071,-0.0030017513079513207,-0.5986681303671055,2.13875824115496
0.0,0.0,25.172941132517835,-0.0044837469468177096,-0.3274856188888486,-0.04993381306204214
0.0,0.0,32.010584534259436,0.003462283568239589,0.07749258283185353,-1.0578054196990645
0.0,0.0,-28.072784249230523,0.005039166497263354,-0.19109486682156962,1.1051508147638114
0.0,0.0,24.523609207164466,0.00844395303758239,-0.07942178861118732,-1.2396528080236873
0.0,0.0,-35.65667141600265,0.010051844945677683,-0.345395732166987,0.9256852319182262
0.0,0.0,31.599269218507047,0.01612218054510944,0.18946514733476444,-1.6733790687805297
0.0,0.0,-28.581011404660075,0.017730072453204734,-0.07650879622103524,0.4919589711613839
0.0,0.0,-27.173062875940673,0.018861084235166622,0.22118128167430995,-0.4438881771251604
0.0,0.0,33.123851596338525,0.016775996156352026,0.46872890562772834,-2.560980859548005
0.0,0.0,36.14019897198231,0.0023576637948395417,0.08840841170601953,-1.8966752527041517
0.0,0.0,-24.04391741211875,0.004056316197163718,-0.18049626261452076,0.28842763041134956
0.0,0.0,-26.349245092728278,-0.0030368009884836067,-0.3701593712686094,1.4246704072393819
0.0,0.0,33.8728077469339,-0.004479052058448251,-0.10205912562197064,-0.7524874175351186
0.0,0.0,35.50220257429068,0.002897073037508749,0.023447092673324545,-1.0306631093755725
0.0,0.0,-24.678475779517264,0.0045047609074001915,-0.24252630125802344,1.1346848191281302
0.0,0.0,-27.677914165725777,0.00933776777363012,-0.3351190844854013,1.4713400851652074
0.0,0.0,32.37180478091458,0.007874578472374633,-0.07186808073734445,-0.6714410706374074
0.0,0.0,34.41193932822296,0.005124574407612228,-0.007715158416714594,-1.257216711493542
0.0,0.0,-25.795222815510076,0.0067515677953125415,-0.27381439849183314,0.9081384279048421
0.0,0.0,32.88731105522393,0.005463218558361583,-0.16133403848057568,-1.0883946840367704
0.0,0.0,-27.29298532016293,0.007071098983146654,-0.42730751738520395,1.0769428292722671
0.0,0.0,32.97436599267346,0.0056716371933527914,0.3383023677544075,-1.6266779719572948
0.0,0.0,-27.205930382713404,0.007279517618137861,0.07232888884977923,0.5386595413517428
0.0,0.0,36.2521080039061,-0.006704806737197656,0.24076883663663778,-1.8543788567499557
0.0,0.0,-23.928188371480765,-0.005096926312412585,-0.025204642267990518,0.31095865655908184
0.0,0.0,41.066004291688216,-0.008076022022750234,0.4145916426899931,-2.607081800203063
0.0,0.0,-19.216762138458208,-0.006262397682847326,0.1418859045030017,-0.4190485018575669
0.0,0.0,40.358792570172135,0.00713171182695416,0.2365010777103792,-2.0352039988569226
0.0,0.0,-15.099917313291748,0.011583025654729209,0.08339282905271622,-0.1756169581870517
0.0,0.0,47.71060987410267,0.006054671336555858,0.3281991987429553,-2.0478245228645884
0.0,0.0,-16.933475545859682,0.004564890136876522,-0.04756968255479262,0.43610535452393695
0.0,0.0,43.61392650003359,0.001486441581587378,0.21737003867349436,-1.6718209721179293
0.0,0.0,-16.56492237618984,0.003095059310730462,-0.04857706521068604,0.49342183141250695
0.0,0.0,-7.6637118863998195,-0.040652921061520055,0.049570959288464694,0.15953769966821207
0.0,0.0,52.23174514608344,-0.041454860614193526,0.31202228852156366,-1.9979245145357392
0.0,0.0,-14.482297107080084,-0.009828514400213748,-0.18517828802099262,0.3962128322976082
0.0,0.0,45.697163781378116,-0.011437199421136145,0.08077553217390333,-1.7690616616380996
0.0,0.0,46.033110744284485,-0.08755810297275,-0.5883154327970335,-0.27303019429887954
0.0,0.0,-14.287782783894087,-0.08439303023449082,-0.8411409862877239,1.8675982059759155
0.0,0.0,39.79712296745865,-0.042621255141983595,-0.1094117206782044,-0.5416581508811129
0.0,0.0,-20.381631397224798,-0.04101306573063543,-0.3753622967619898,1.623591283061768
0.0,0.0,42.7985623619889,0.010345824102034808,0.3442819533129122,-1.4700332664511435
0.0,0.0,-17.380192002694542,0.011954013513382974,0.07833137722912681,0.6952161674917374
0.0,0.0,42.43801173730654,0.007030045477330356,0.21856407332106415,-2.0590626591011576
0.0,0.0,-17.740742627376907,0.008638234888678521,-0.04738650276272122,0.10618677484172312
0.0,0.0,48.15764573685329,0.009497439445251697,0.33521788084931264,-2.843400024707001
0.0,0.0,-12.02110862783016,0.011105628856599863,0.06926730476552731,-0.6781505907641199
0.0,0.0,-14.829429989210507,-0.0028808771934399563,-0.06490579890073475,0.13697911599241275
0.0,0.0,45.25147635528912,-0.004541683264576872,0.19950413660404312,-2.0208284317141687
0.0,0.0,49.70255062980131,-0.015942291364561843,-0.14452446266571578,-1.233737613499344
0.0,0.0,-10.652872912126638,-0.014174428524964585,-0.40561407516335257,0.923957677088193
0.0,0.0,42.985486187790364,-0.0099741325645454,-0.0453692742108268,-0.9434814236569613
0.0,0.0,-17.154999797405896,-0.008401807411667662,-0.3139413946695781,1.2339479467727403
0.0,0.0,43.67088544203589,-0.030872419450398564,0.15469108378833002,-1.2534006605250703
0.0,0.0,-16.55690868902194,-0.028851164705862437,-0.11251778252507078,0.9064091702719306
0.0,0.0,48.568773866584415,-0.02866142089841813,0.3673214464453865,-2.0600607845615198
0.0,0.0,-11.609906723552367,-0.027053371852042683,0.10136998719840296,0.10519263064420215
0.0,0.0,51.048680118025736,0.017375035077265955,0.26636291428635106,-2.6404644535825907
0.0,0.0,-9.29829612509866,0.018471057573127114,-0.0021810469968118196,-0.4566921601836834
0.0,0.0,47.351378315544636,-0.02310723416502438,0.14304420975004048,-1.968804842803583
0.0,0.0,-12.727703018396966,-0.02176201105429641,-0.12268895391158764,0.19092220777035407
0.0,0.0,-11.718847399498621,-0.020579690487546154,-0.08809912868868167,0.3710473112111831
0.0,0.0,47.799615740392355,-0.020903619101434744,0.17292809640739143,-1.7846004425484923
0.0,0.0,-7.109656922385352,-0.00541764738065359,-0.23033569115314478,0.5467067260297391
0.0,0.0,53.26940916077412,-0.0069458836244661705,0.03377175961200707,-1.6169607068105258
0.0,0.0,-14.619016674212984,-0.00897159168676779,-0.46977123596469905,1.0827214306157857
0.0,0.0,45.565132244559194,-0.010582564678588705,-0.20378664503356375,-1.0827191291543536
0.0,0.0,-19.978106177680473,-0.03156387826010957,-0.8371526676237802,2.498897989153652
0.0,0.0,40.00217440898677,-0.034370632637254206,-0.6074621970054445,0.4412088981430873
0.0,0.0,-22.31179498785794,-0.005510419632636782,-0.5626890720298874,1.927626781927109
0.0,0.0,37.98562666746421,-0.007239305853969251,-0.2902716450816145,-0.26161781173919696
0.0,0.0,-24.02646986527984,0.005375792452288024,-0.49897337426722593,1.6007384846298935
0.0,0.0,27.91527805676759,0.017855165401520996,-0.4536114956180544,0.0021618309878861375
0.0,0.0,-35.612793242737126,0.033561973083494664,-0.6539362196833008,1.931922630533267
0.0,0.0,32.16034517528948,0.02001755179844428,-0.1844728906620248,-0.7568398340762166
0.0,0.0,30.943331434135043,0.007518830955745495,-0.20471542894412648,-0.8372389991882714
0.0,0.0,-29.234870164192582,0.009124932957043107,-0.47064614890505724,1.3279793321298072
0.0,0.0,-44.04274099294434,0.009444378399410121,-0.5389274858876375,1.836737066573094
0.0,0.0,16.614911514658374,0.0075870103330791935,-0.2692116073139312,-0.34357922391104556
0.0,0.0,-30.855752127116645,-0.0019613516154523476,-0.16166444992540766,1.012613064083089
0.0,0.0,29.323179014577732,-0.0035676754667357457,0.10426179475052441,-1.1526025956010713
0.0,0.0,-43.776132057101506,-9.943584494090689e-05,-0.5219060772385733,1.2155134618140981
0.0,0.0,17.26198155065353,-0.0018105987022994448,-0.24923323757954938,-0.9546903892767686
0.0,0.0,25.51730682583509,0.019394789264222497,-0.22407551260866204,-0.6317315837554156
0.0,0.0,-33.540175966491006,0.01899665232081597,-0.4782035972759086,1.4959754877978901
0.0,0.0,-47.93421220957111,0.009925250921289836,-0.31823493844631695,2.165701552828225
0.0,0.0,14.057059846860593,0.007591996465422502,-0.05536528494436765,-0.07076693962020164
0.0,0.0,25.845147942664514,0.007125153135479349,0.14541777967747405,-1.0510225705796434
0.0,0.0,-33.75243562246436,0.008278723173190741,-0.1333107411980832,1.119978381183506
0.0,0.0,14.634617016183796,0.014148361739245881,-0.21336222366927765,-1.1478051886894125
0.0,0.0,-44.76125624091544,0.01522917979795224,-0.47426765645735075,1.0244192512155152
0.0,0.0,23.089248561153195,-0.023408567860792793,-0.19052580344698708,-0.7357930527828297
0.0,0.0,-36.66247770531774,-0.02093967115482869,-0.452715087897795,1.4211341236105701
0.0,0.0,15.998608099153273,-0.041136895347373886,0.5404746146400617,-1.3438156990602452
0.0,0.0,-43.453554074667736,-0.037980587713095496,0.2497217099704595,0.8369193454668242
0.0,0.0,27.734445977117538,-0.01983292924005107,0.21682421889464193,-1.561796296692421
0.0,0.0,-32.443750124234995,-0.018226969358185963,-0.049134025726912334,0.6034868586189576
0.0,0.0,29.61104382855567,-0.00794628424955322,0.2582182595093034,-1.7277811667169272
0.0,0.0,-31.905116620358097,-0.0005894018599165696,0.22624003434970305,-0.24459989971201046
0.0,0.0,31.174169799455257,0.004014903826218178,0.40738846544899754,-2.3017756280738055
0.0,0.0,-27.733796928869626,0.0006208090000909949,-0.06773051296722404,0.4713485424390726
0.0,0.0,-26.217587066908546,-0.0016181332510736316,-0.038738126337492906,0.6164891912872363
0.0,0.0,33.83251614669992,-0.003402727215399652,0.21161829427646534,-1.5197157705184356
0.0,0.0,38.50103527546274,0.000478306727848544,0.27118582943080966,-1.7603919257311202
0.0,0.0,-21.43279049768183,0.0023098185675323128,0.013665437990295098,0.38398431685744727
0.0,0.0,34.306063742232155,-0.005139459814080991,-0.10310522944939063,-1.025908416841321
0.0,0.0,-25.871810637838045,-0.0035309276441913566,-0.36903211027774074,1.1392417359213778
0.0,0.0,38.266646670665665,-0.026692885864073552,0.3366315650467401,-1.1543615557771447
0.0,0.0,-22.00962307610759,-0.02469300070935652,0.06580839066814645,1.0088970955570278
0.0,0.0,-22.495981456209197,-0.003627096973505438,0.008592961284913186,0.5322324301075783
0.0,0.0,37.68195076390733,-0.005235313602205794,0.27451575792025473,-1.6329098682344212
0.0,0.0,-16.41264987482459,0.041341898225096735,-0.14644181412468707,-0.025386559024397792
0.0,0.0,43.57103398277932,0.03888957726022918,0.11920864628357679,-2.174075143092394
0.0,0.0,36.53213905761468,-0.01247410887867839,-0.1988490574249006,-1.0785983582850067
0.0,0.0,-23.69169622874016,-0.01068768103978921,-0.4593427754621727,1.0813909003855935
0.0,0.0,-26.112939998274427,-0.024684666912055196,-0.5197747618846463,2.5499020379030117
0.0,0.0,34.06497660949138,-0.026292838085305817,-0.25385058048114645,0.3847580965058932
0.0,0.0,-25.3289870052236,-0.01844427266558391,-0.11021177583942551,1.3200979535078081
0.0,0.0,34.82502590494724,-0.019544009250171638,0.15195677693705648,-0.8569290250153954
0.0,0.0,30.854608083467696,-0.002282803621859707,-0.37441857612554724,-0.8299124333384581
0.0,0.0,-29.3898915406895,-0.0005873869795841209,-0.6485526997239258,1.3413823415413775
0.0,0.0,-29.604369046392023,0.0027361615159319647,-0.333485042026161,1.3084328706540866
0.0,0.0,30.506745235514543,0.0012676921087938081,-0.06916835880425266,-0.8517400870012991
0.0,0.0,-31.286299413880162,0.004348697490376099,-0.17577892123940406,0.9015040199973106
0.0,0.0,28.89174408314064,0.002739856596451735,0.09015085426032646,-1.263644816447683
0.0,0.0,29.262172410980945,-0.002565378519622849,-0.18761314174341262,-0.8405489061253355
0.0,0.0,-30.837616777708764,-0.0009992377924429737,-0.4499437876082137,1.319809151593153
0.0,0.0,-37.80504258066448,0.005021811327044957,-0.3101630801090162,1.9713206967521097
0.0,0.0,22.58465676600672,0.003260384636667178,-0.04341853518956784,-0.21050007342799937
0.0,0.0,-31.51649073008513,0.022811749169472487,-0.2054572174484446,1.1263020486984163
0.0,0.0,28.66148637083941,0.02120294417217033,0.06047236637243546,-1.0388418847565801
0.0,0.0,-32.76498936939713,0.002144558263946799,-0.3820999579756109,1.1844498357894462
0.0,0.0,21.252327225437273,-0.01559085892420854,-0.2947409366786413,-0.7276738577252311
0.0,0.0,-41.00897703460312,-0.018076169838252082,-0.5870481576691149,1.835039828239546
0.0,0.0,24.74035325996043,-0.005360030654878465,-0.16451659581224767,-0.5476690261082822
0.0,0.0,-36.75905851290238,0.004634606509715908,-0.40696333179796507,1.760728326251646
0.0,0.0,23.5691556151633,0.0029078041191127257,-0.13920289303578343,-0.414201678526817
0.0,0.0,-47.50556189839445,0.016266590442321916,-0.6017687478837073,2.3881496734160605
0.0,0.0,12.670425720636398,0.014654149157153205,-0.3358801976726874,0.223080620212599
0.0,0.0,-40.70303580715528,0.009216601941799367,-0.4699984947449315,1.929962902353087
0.0,0.0,19.472951811875568,0.007604160656630655,-0.20410994453391154,-0.23510615085037445
0.0,0.0,-52.97170105549503,0.010156523398552641,-0.50762062470476,2.136976745040964
0.0,0.0,7.6141757496878,0.008386061202122198,-0.23896472453207834,-0.04077706555189364
0.0,0.0,15.804717993656919,0.021063064022793315,-0.19255929028135715,-0.3584677963596736
0.0,0.0,-43.477356574142895,0.02123203947826751,-0.4520114786360784,1.7844764763381884
0.0,0.0,5.31853759352703,0.021147326162346644,0.10011391911209953,-0.4756437105916247
0.0,0.0,-55.7277650191546,0.023473640132263874,-0.157865551632876,1.6958976702105162
0.0,0.0,-41.6753591473266,0.0013230737991735816,-0.0077500857835313686,0.9488240271260082
0.0,0.0,18.641941963442402,-0.0002122929524827847,0.25193655440002716,-1.205777421438208
0.0,0.0,16.56690563609669,-0.004992158591948804,0.3757817575317497,-2.387163259851247
0.0,0.0,-43.43721570524296,-0.0032224188083393897,0.10197750086596025,-0.1910045190563998
0.0,0.0,20.87224715967382,-0.058733507915282375,0.005188324023599884,-1.0960961918739571
0.0,0.0,-39.304295515126206,-0.0571210450468506,-0.2607062583749954,1.0689926458121077
0.0,0.0,23.151193660572787,-0.035332674599670856,0.581299663669303,-1.2808323513595115
0.0,0.0,-36.994767426437534,-0.03313961766893128,0.30473459471703435,0.8918410476590315
0.0,0.0,26.778658987141586,0.010912952230668228,0.3018221966345854,-1.4037291171568815
0.0,0.0,-33.39886749111388,0.012525155818132124,0.03592925239701683,0.7613734255043383
0.0,0.0,34.090158899491534,0.0228419663984861,0.5112871431563867,-2.39275519298965
0.0,0.0,-26.087367578763942,0.024454169985949997,0.24539419891881806,-0.22765265032842996
0.0,0.0,31.49787431669689,0.003044383722883392,0.22914940819023202,-1.6892034560889668
0.0,0.0,-28.796419803148105,0.004570692204920782,-0.03899951783894377,0.48692142743260103
0.0,0.0,32.811147100369816,-0.011826400763007242,0.2572162410045753,-1.522214858878934
0.0,0.0,-18.967677008347085,-0.025525079976299644,0.17742457768782227,0.26737376179389827
0.0,0.0,44.675588946586124,0.007216425952574455,0.4296094448201203,-1.9280744960566403
0.0,0.0,-24.8616842025815,0.022043955372825625,-0.027480721104743117,0.6341895561432855
0.0,0.0,36.321875735423774,0.044901915613272794,0.24962428223319466,-1.5598131545206433
0.0,0.0,-13.92366152696615,0.08433404422068067,0.13444866678442746,0.19051390157435555
0.0,0.0,47.36402125091226,0.049473676443346895,0.3619907306593336,-2.0514502632481304
0.0,0.0,-21.370748268667217,0.017360453748927772,-0.03561353845001083,0.45897834650662034
0.0,0.0,40.19104095333594,-0.0013582939205774597,0.22161986345354284,-1.6881039512197478
0.0,0.0,-10.530733907596478,-0.0020618999322056294,0.037103374958742164,0.21239717778362188
0.0,0.0,50.07778075169121,-0.000268886525880389,0.1851738809785488,-1.7342595577737754
0.0,0.0,-20.26226170864369,0.004284727708229014,-0.16134905242684533,0.7091902681784877
0.0,0.0,39.75978775009026,0.0033077816781841313,0.11938883984592073,-1.378880134083751
0.0,0.0,-21.085108801793904,0.005099643109988847,-0.14184273689062796,0.7844162201310492
0.0,0.0,48.5453518299618,-0.03753312409365836,0.2536282573911501,-1.5356113374744655
0.0,0.0,-8.706544342782365,-0.042694060359534734,-0.0006418695833567828,0.6076195388149584
0.0,0.0,42.36767306622592,-0.026660888843516924,0.24646632755040665,-1.6404509994773604
0.0,0.0,-18.7936478852825,-0.02252013415129738,-0.02452761390573368,0.54471823732336
0.0,0.0,51.61551807861548,0.0034256106787437903,0.2545436347330454,-2.01278265999235
0.0,0.0,-7.796801336767291,0.005208004253466952,-0.008888359700843333,0.12999777270517243
0.0,0.0,43.3910812231295,0.009024844638029987,0.23476649773147212,-1.787950588890609
0.0,0.0,-16.971776917773404,0.010468493946952411,-0.031621845685427585,0.38225941418614595
0.0,0.0,43.62801335959235,0.0051995009392251,0.21734329226763924,-1.750041259028053
0.0,0.0,-7.691166960011507,0.009604912388782378,0.018756736790035616,0.20696461264959615
0.0,0.0,53.6066713854109,-0.022389394469396057,0.23716308290301044,-1.882422113963136
0.0,0.0,-14.976507782951433,-0.02565605648528753,-0.09525015941639137,0.47961584594532025
0.0,0.0,45.00615411310437,-0.025714737519513163,0.18886845532342608,-1.6309029843631297
0.0,0.0,-5.986661333791701,-0.025204246751839927,-0.021473388500590135,0.42094635461431906
0.0,0.0,54.43167105993933,0.0006475574058154689,0.23368855398455476,-1.786080291572662
0.0,0.0,-14.573118299995512,0.003675830629733404,-0.08204188672340251,0.4820642610690602
0.0,0.0,45.71825168753077,0.0048525682820087885,0.15146581529809824,-1.7108072137985302
0.0,0.0,-14.283651607217964,0.006620027442297441,-0.11534207910126679,0.451761869110429
0.0,0.0,54.36261013873361,0.003512423847430816,0.2337649918299184,-1.800075107903594
0.0,0.0,-6.121043030085253,0.005022008273060351,-0.032470730846959284,0.3680132419591482
0.0,0.0,46.784827519823935,0.0008173809015101104,0.21405215196409116,-1.7708730947995956
0.0,0.0,-5.973506690930118,0.008293467905549455,-0.06813804450630676,0.2788907650190383
0.0,0.0,53.64864357413281,0.0038942560268261286,0.10325615889548917,-1.7721261290083057
0.0,0.0,-13.79133353563319,4.795097988436679e-05,-0.14729272771842766,0.501035559077635
0.0,0.0,46.16233662682525,-0.0066039409453425915,0.09828900474908114,-1.5944150090465348
0.0,0.0,-13.881601655181608,-0.0050849689046429565,-0.1693136688123379,0.5713282687250665
0.0,0.0,52.3383486357815,-0.00168062809997217,0.258097466208985,-1.6636916777734776
0.0,0.0,-7.599783596252343,-6.103970287524882e-05,-0.00641366999524319,0.5007290490592471
0.0,0.0,47.216947235478415,0.0023697249816505804,0.17420773230248832,-1.7576125828123554
0.0,0.0,-13.065109501911977,0.003915774973526036,-0.09107864954017275,0.408845702780384
0.0,0.0,52.93878079424961,0.029770699073896248,0.20012362522475777,-1.9491668128088984
0.0,0.0,-7.225874305277398,0.03139041191211363,-0.06559286533630712,0.21542463090865094
0.0,0.0,47.61187156295984,0.006097866633709879,0.16266524102294594,-1.7841229821823559
0.0,0.0,-12.552783536567166,0.00771757947192726,-0.10305124953811898,0.38046846153519354
0.0,0.0,53.481133371940444,-0.004014858756972385,0.22142975989556324,-1.851467034549419
0.0,0.0,-6.891287296424667,-0.0022865186479877338,-0.04477195093147544,0.3157841315262797
0.0,0.0,48.533664563311746,0.0012932905094709419,0.19659501230077428,-1.807664890940255
0.0,0.0,-11.72954954895977,0.002915388044198666,-0.06909319506916468,0.3584436886793107
0.0,0.0,48.73310373733117,0.035728183847621706,0.18236061527423314,-1.8301211126512937
0.0,0.0,-6.310636098125163,0.08292777057091036,-0.09727142280703152,0.3016897110072808
0.0,0.0,53.36395261401333,0.06174327770677045,0.13859379039458863,-1.7544951133455469
0.0,0.0,-11.448460700451854,0.023268126660715684,-0.1149428138107613,0.43758796034574154
0.0,0.0,52.774256180051914,-0.01534367012253697,0.16274553980247747,-1.7095144673812126
0.0,0.0,-7.230935399470124,-0.014170565289415061,-0.10350031319079878,0.4556738961918736
0.0,0.0,49.10792231513412,0.002750495271714745,0.17098918151152492,-1.7658699018198343
0.0,0.0,-11.055428463012122,0.004379578752593706,-0.0947297526932004,0.39871466353497026
0.0,0.0,48.97205039529372,0.007615381360221289,0.14401350948558816,-1.7742873672041308
0.0,0.0,-7.465109877544017,0.008704108606208405,-0.10844448605998891,0.3679216323361587
0.0,0.0,52.366893191987955,0.0030808536711742023,0.11670729116338381,-1.6922712876621255
0.0,0.0,-11.48851391783886,0.00540427172641561,-0.1577254690388626,0.4883291664614392
0.0,0.0,48.65191568853322,0.0028818207564985715,0.11133856821853445,-1.6542742597341111
0.0,0.0,-8.744147640302629,0.0014479786672321193,-0.13709184670257152,0.5728068013525223
0.0,0.0,51.550100142991,0.0032141718943559296,0.23131749428789738,-1.7254941167093936
0.0,0.0,-11.028237368388606,0.007394967165030589,-0.051771715068070684,0.387431440535946
0.0,0.0,49.156553633518925,0.006851716232951845,0.13414964583368244,-1.8117873782058826
0.0,0.0,-11.004864085499833,0.008480079643578116,-0.13156160877628947,0.3528057419686643
0.0,0.0,51.32007392631328,0.003014599794175016,0.16329625322061314,-1.8051971684217665
0.0,0.0,-8.67191853371024,0.004524975176126352,-0.10286026710094545,0.3574333696493719
0.0,0.0,49.40106132732191,0.0035036026997454666,0.15318633395184297,-1.7569195687495178
0.0,0.0,-10.848164051837871,0.005221709384431826,-0.11175058963325883,0.40770494828846093
0.0,0.0,51.18857098081782,0.002408597540125252,0.16798522598512833,-1.7642418797063966
0.0,0.0,-8.512469584497165,0.0036480622861637317,-0.0983445276150748,0.39986310219601695
0.0,0.0,48.48399648426768,-0.15831308170766928,-0.3038839255740926,-1.7093507630418294
0.0,0.0,-11.733140652539676,-0.1477077347807515,-0.5434843277802626,0.452553936038419
0.0,0.0,42.2888076991677,-0.11803385334094832,-0.4461228303446313,-0.5685140314374424
0.0,0.0,-17.877065904889637,-0.11640847837559017,-0.7118630698116822,1.596190734618824
0.0,0.0,44.89193892907719,-0.0003171288077073661,0.16941909509977465,-1.3424178247217322
0.0,0.0,-15.324223451439465,0.001642250999090409,-0.09469327601959447,0.8279128962255149
0.0,0.0,44.22265017915517,0.03627207214610112,0.335037077121444,-2.1927369008266315
0.0,0.0,-15.8261435000754,0.0360342576447963,0.060667575817427405,-0.008176529055022363
0.0,0.0,46.36524880933903,-0.003946384833978085,0.158124269929116,-2.0925105565885187
0.0,0.0,-13.779744577661921,-0.0024753773508539153,-0.108487867615231,0.07985918979187229
0.0,0.0,46.760158837435085,-0.012270576822124455,0.21738727939993813,-2.0807972371623196
0.0,0.0,-13.426566971111512,-0.010672457647946738,-0.044728838459942646,0.07095788077049259
0.0,0.0,47.77899646884701,0.00907208045697678,0.18293384037709587,-1.787696504574297
0.0,0.0,-12.393549008301852,0.01031241882452542,-0.08387561353556729,0.37763619990304154
0.0,0.0,48.19894643191901,0.017175941195849347,0.15519480509978298,-1.7030745699903935
0.0,0.0,-11.229626725875589,0.035580811265458014,-0.08198606929101399,0.5257530615330117
0.0,0.0,48.51897111822957,0.010719515867258014,0.08212401676925943,-1.530392428133489
0.0,0.0,-12.35089758794808,-0.003349524637261882,-0.2099542098818586,0.5750294560653428
0.0,0.0,48.05125995841997,-0.009927387480662405,0.13710942735658255,-1.679845826981145
0.0,0.0,-11.455324758753545,-0.007443965956634685,-0.06358780472000852,0.4152020662262839
0.0,0.0,48.988138800940284,-0.00354237393742767,0.18463356397800945,-1.829088514848609
0.0,0.0,-11.779055572533274,-0.002553558657486899,-0.14058341964223653,0.39674505046243164
0.0,0.0,48.63895680325573,-0.002896481958921917,0.14102390601333867,-1.8025657284801229
0.0,0.0,-10.63196597778733,0.0017540932739354706,-0.06603907914505863,0.26885451600166377
0.0,0.0,50.013962185664155,-0.00012487498891584643,0.2407066296910662,-1.9647790822205902
0.0,0.0,-10.790167872960689,-0.0006916785854778631,-0.06711775533794788,0.2625925585154387
0.0,0.0,50.07631632010471,-0.0017590282531045288,0.21666409984157264,-1.9728326618693826
0.0,0.0,-10.192912454744127,-0.0003094054467785274,-0.052797727518071894,0.20257610354560532
0.0,0.0,53.19698916575316,0.002092261799358672,0.24510471313160603,-2.2099938469237372
0.0,0.0,-7.237813756767866,0.0033418644516957047,-0.025625383441374994,-0.02252295677336058
0.0,0.0,49.07791619037393,0.06364372272182439,-0.5417465442213607,-1.7584331359290697
0.0,0.0,-11.084217956142995,0.0652734888874059,-0.8074378976568685,0.40616177424196764
0.0,0.0,48.64427677280239,-0.061457704013197924,0.022507557577316095,-1.4305234945234546
0.0,0.0,-11.51307968139123,-0.05870029669735909,-0.24182196784181237,0.7269837888798403
0.0,0.0,48.78657495077425,-0.013701056351906979,0.11098434064359089,-1.6742674652703444
0.0,0.0,-11.380968898272767,-0.012432184658715355,-0.15400606071723474,0.494722201126403
0.0,0.0,49.37940217892057,0.012169426450482985,0.2010498756417776,-1.9416632821469957
0.0,0.0,-10.790735615736569,0.013489132518523947,-0.06659253383970258,0.22582210126041868
0.0,0.0,49.35954348574961,0.027723367697898006,-0.0030202717324185197,-1.8523270881267777
0.0,0.0,-10.8067256047241,0.02879955586324817,-0.266806468211323,0.3131803388782076
0.0,0.0,47.88841052808556,-0.006878229160001019,-0.24902495846640255,-1.4521123397917002
0.0,0.0,-12.324750221228346,-0.00548925416267653,-0.5277111329552862,0.7259031331613068
0.0,0.0,48.306227093016666,-0.004595702867013782,0.10815051553430424,-1.6192533040011108
0.0,0.0,-11.87489322853103,-0.003029216793580053,-0.15672255887267367,0.5482385956151323
0.0,0.0,48.63911861396684,0.00036858315875108673,0.14092692408880755,-1.7908435675592962
0.0,0.0,-11.864402803347403,0.004386215461584834,-0.06675782882678383,0.2686283863364034
0.0,0.0,48.42102357905053,0.02662936121147219,0.13289129650464113,-1.9652252741817364
0.0,0.0,-11.399483784014183,0.026030263452853863,-0.18794600791572888,0.2958150337499682
0.0,0.0,49.01543389771909,0.007994073206033734,0.08863455236426376,-1.8547778709347225
0.0,0.0,-11.218665450204856,0.007449527065914557,-0.12436132881631953,0.25299958692983804
0.0,0.0,49.13921273768548,-0.0035841757716224376,0.143913252784786,-1.8723072331420787
0.0,0.0,-10.955189851398458,2.2644038724122482e-05,-0.16962854353047613,0.34384586368922854
0.0,0.0,49.50105546937888,-0.0006193079248445418,0.1037723142331784,-1.8251683288256673
0.0,0.0,-10.327410249736905,0.0008178098979972977,-0.10755699791814674,0.2881550568306625
0.0,0.0,49.50317476504209,0.0001840578013944348,0.06711979818963491,-1.7721070168563657
0.0,0.0,-10.985445679811198,0.0020497235175573544,-0.24973186853871926,0.4403886833477423
0.0,0.0,49.158509738687954,0.0001568641837856971,0.05950823228705422,-1.701747437457601
0.0,0.0,-10.992224397569345,0.001804496886081214,-0.20565507361608457,0.4608152121645682
0.0,0.0,48.73555387596953,7.357096051059978e-05,0.1001051397381088,-1.6679872390948878
0.0,0.0,-11.440061621525679,0.0016855487085817836,-0.16524040585962377,0.49888615078556614
0.0,0.0,49.221100325910434,0.07359198627052951,0.10146213307306666,-1.7988823222277315
0.0,0.0,-10.992280401059633,0.08305454654447669,-0.16249325507611223,0.3646571387162999
0.0,0.0,49.76913875924078,0.05881833768393272,0.21972167355715427,-2.110859640560477
0.0,0.0,-10.401372667123734,0.0558169658594088,-0.058062135396509354,0.08295566773479202
0.0,0.0,50.22120689249746,0.01689435370476771,0.13883815948696793,-2.0029862926940427
0.0,0.0,-9.946797182708936,0.018447953761470647,-0.1275211958231639,0.16473054436250273
0.0,0.0,50.819618885190195,0.004021754976962779,0.1220740959342958,-1.9192379128237134
0.0,0.0,-9.339555564032027,0.005653131139279247,-0.14356642130939215,0.24520725547419508
0.0,0.0,50.4105236869823,0.006015593448237275,0.09922173066668248,-1.7920374718220744
0.0,0.0,-9.755457920712397,0.00775978973225987,-0.16632170908826954,0.37136252890237753
0.0,0.0,51.06731960867275,0.004500090091091909,0.14331055314938757,-1.7799670816789002
0.0,0.0,-8.995732895460504,0.005423446121851226,-0.11847732840466846,0.3909762966278964
0.0,0.0,50.75651276289407,0.008476567111510411,0.12586734922757,-1.857820067639707
0.0,0.0,-9.426247051704152,0.010197674907076718,-0.1404222175972739,0.30732889156886484
0.0,0.0,51.29496544634024,0.005611991929602122,0.10645037219391532,-1.8897726470973908
0.0,0.0,-8.849649324040222,0.007145076294961985,-0.15926276947426246,0.2739313435339845
0.0,0.0,51.102181749442764,-0.07363207020934735,0.09484468861825379,-1.931132867608744
0.0,0.0,-9.07176543837284,-0.07056685371066806,-0.17055117293248429,0.23477524056220192
0.0,0.0,50.57102637824849,-0.06191804043429024,-0.17711435776759402,-1.8356269735523207
0.0,0.0,-9.827026250859968,-0.0727288199610355,-0.44719996309763055,0.4405549371190231
0.0,0.0,-10.824492191831023,0.0019846868972695163,-0.3115948459190367,0.6444951391169029
0.0,0.0,49.31246167544473,-0.01930532701316711,-0.06170356438275748,-1.4648707450205118
0.0,0.0,49.70429610979836,0.009811676377131064,0.11893529067109376,-1.6537308239777593
0.0,0.0,-13.041910036722157,0.021382524995409092,-0.39725777598476886,0.9245437225481045
0.0,0.0,43.64275036864841,0.012783230465557714,-0.35259825440645237,-0.7869629276929895
0.0,0.0,-13.968867457294255,0.004776737802684306,-0.38255919549469,0.9842636322631269
0.0,0.0,46.670722499308795,0.014786565012873688,0.10469582434390749,-1.4932001062143383
0.0,0.0,-13.424409440895573,0.016117085721006084,-0.16223082162296082,0.6674312852740026
0.0,0.0,43.92444558591246,0.01558012709524405,0.16768677851115474,-1.9115638817739602
0.0,0.0,-16.238674081728828,0.017207920224744384,-0.09802708713073824,0.25310937087524693
0.0,0.0,47.16446848018146,-0.0006102876751121964,0.07999282096463402,-1.902671272809037
0.0,0.0,-12.944884970521905,0.0010479189428022958,-0.18619122363206675,0.2652789582592958
0.0,0.0,45.50651296702136,-0.0298758176455035,0.14891641907862257,-1.8923998902390764
0.0,0.0,-14.655233119278883,-0.028247961069677745,-0.1167961100319585,0.27224284105108665
0.0,0.0,47.99452658466932,-0.008264746450937124,0.11401219986619004,-1.7889175982672842
0.0,0.0,-12.167219501630923,-0.006636889875111367,-0.15170032924439103,0.3757251330228788
0.0,0.0,46.773079791039315,-0.020553007876304964,0.09552580978537957,-1.7274532773527307
0.0,0.0,-13.388666295260927,-0.018925151300479205,-0.1701867193252015,0.43718945393743236
0.0,0.0,47.943355526326584,-0.025573113928688385,0.05099900963305664,-1.6558156520620837
0.0,0.0,-12.282010848484758,-0.024721052316488558,-0.215479470690464,0.512585063748517
0.0,0.0,48.20402420026104,-0.019988378888236354,0.13397892989121074,-1.7245579409447278
0.0,0.0,-12.723352509825155,-0.034388188917264535,-0.08448344278373436,0.4030076295474238
0.0,0.0,47.268459098938756,-0.02784017101399218,0.10293118418030855,-1.7892438248144336
0.0,0.0,-12.174861803959242,-0.008569150104052738,-0.22490773479530832,0.4093761902459301
0.0,0.0,-11.651759726380863,0.023904052374821686,-0.13596049928041498,0.3596078999212273
0.0,0.0,48.64282933139912,0.01846350567849314,0.12355490220030614,-1.7991841743708332
0.0,0.0,-12.48078625160904,0.06629005733306406,-0.32180627771648984,0.5572139329543782
0.0,0.0,47.62237560488049,0.06736184962751161,-0.061346971702645,-1.6019303323707488
0.0,0.0,-14.605068900166668,0.009728290488520946,-0.5327666744266416,1.0992760165340945
0.0,0.0,45.41340674703707,0.00841200643765425,-0.27982165419049554,-1.0397571872572287
0.0,0.0,-23.966370380281948,-0.0013331015906412704,-0.6539159991491208,2.4166703871578132
0.0,0.0,36.438669708976605,-0.0028990553557754917,-0.38088749731693916,0.21867246577370203
0.0,0.0,41.300766231896006,0.0016583816475764675,0.051855342148567185,-0.9932840916807062
0.0,0.0,-18.58088112845131,0.00323397550452655,-0.21587803127693161,1.1520708571452942
0.0,0.0,32.20043769603099,-0.018629029763470854,-0.10771460940997998,-1.2230835056010965
0.0,0.0,-27.969606473089637,-0.017001540541140663,-0.37343644536029014,0.9417676991783908
0.0,0.0,-19.469600949399894,-0.004232019266744174,-0.11804059273418654,0.38850238035588536
0.0,0.0,40.94715843986879,-0.0057010321104549845,0.1422816919446246,-1.764638259356679
0.0,0.0,35.65028867403228,0.004478324483407169,0.10629284279025915,-2.2801977903966337
0.0,0.0,-24.08582347084326,0.005879006414829977,-0.1630404194241749,-0.0858613808364288
0.0,0.0,-20.78982396740367,0.0030313957428083024,-0.4016061243884727,0.8934672151750767
0.0,0.0,39.38035910441357,0.0014038520736610555,-0.13588515538853402,-1.2713751413885115
0.0,0.0,-26.491029136008603,0.005180963853834859,-0.251734341399215,1.4397615130438153
0.0,0.0,34.557846498008956,0.003249566618302362,0.013177282760684144,-0.7786183559752612
0.0,0.0,36.55256497226238,0.006369671237791867,-0.24884380922822252,-0.6732839494483612
0.0,0.0,-22.935758170747597,0.0074905977942952475,-0.49611767623440683,1.434847917454439
0.0,0.0,35.367714808586,0.009297693410896517,-0.2322702953517215,-0.5960545728266073
0.0,0.0,-33.74537588367608,0.01577819050217535,-0.3719167929029009,1.9147570923324149
0.0,0.0,28.21349594639617,0.006649534248415983,0.3079813641176989,-1.1452625344006353
0.0,0.0,-23.512578705332473,0.003867629672693787,-0.07230617141795442,0.7052809803504373
0.0,0.0,38.10425401773997,0.0008153652902482555,0.24589796258689742,-1.9682628660674115
0.0,0.0,-22.068953933033264,0.002444128175002741,-0.01979860247995882,0.19669405363982762
0.0,0.0,35.63709566880948,0.025629157743404823,0.2976650875745507,-2.8289043422773696
0.0,0.0,-24.536112281963756,0.02725792062815931,0.031968522507694414,-0.6639474225701303
0.0,0.0,39.5548988530197,0.006750437923094814,0.357034555775313,-2.2900773131068375
0.0,0.0,-20.55597892778408,0.008325332706221131,0.08595857793281866,-0.11151248626941057
0.0,0.0,42.56655260918081,-0.002138723341023076,0.18715714036662004,-1.5909634160783759
0.0,0.0,-17.61877691142234,-0.0007438918593268085,-0.07407738690353605,0.5731530298036503
0.0,0.0,43.543758017136064,-0.00042561562214724546,0.2032063881946905,-1.5666265173451088
0.0,0.0,-16.64231904730706,0.0012721715014778153,-0.06469099250046453,0.5982383965309984
0.0,0.0,46.470069610194635,-0.017944853521567904,0.3134992118254718,-1.9781822252810954
0.0,0.0,-13.703132342870543,-0.0163160806266597,0.04780267180077366,0.18677484634100244
0.0,0.0,-14.262524435820783,-0.01781128545287176,-0.05805576300648331,0.20081617151816272
0.0,0.0,45.910677517244395,-0.019440058347779968,0.20764077701821484,-1.9641409001039352
0.0,0.0,49.33847188014929,0.01733819221849359,-0.0029216633300431644,-1.9693826256875533
0.0,0.0,-10.29297071843068,0.02054386376219474,-0.2795596496959918,0.16726393685437096
0.0,0.0,44.336211517955626,0.006241940196271477,-0.04982531849136548,-1.2374737056390062
0.0,0.0,-15.863910065961408,0.0076713851880971405,-0.3096270330394036,0.91167328413922
0.0,0.0,-15.34620124845434,-0.011542091910259077,-0.10659653409624423,0.8243544825937613
0.0,0.0,46.4218578785658,-0.027263601867489284,0.27222892551582295,-1.3503954775647529
0.0,0.0,45.901218100493764,-0.0029137556759707946,0.09944321195068051,-1.7238393500051759
0.0,0.0,-12.587464023312634,-0.01652015579552793,-0.04670978012011347,0.45593896617366353
0.0,0.0,-16.376923585902844,0.004128037195279274,-0.4102406674705428,0.7902343547612894
0.0,0.0,43.79898361937719,0.0024955622790398743,-0.14449752707409774,-1.3748139256449672
0.0,0.0,-17.184852871467857,0.006886239695184161,-0.31603830966330265,0.993887649362877
0.0,0.0,42.99105433381217,0.005253764778944762,-0.05029516926685762,-1.1711606310433795
0.0,0.0,-19.344735293032304,0.002483469920602472,-0.47319511425170036,1.21772060068613
0.0,0.0,40.77045125514273,0.0008787204497353685,-0.21263101909744037,-0.9361996905107042
0.0,0.0,-29.359584140922923,0.013614841610196706,-0.8171188166792416,2.538744514949194
0.0,0.0,31.063060545717324,0.011754464428931714,-0.5403994376842942,0.3395191550902579
0.0,0.0,-26.18689100880549,0.013329883032758446,-0.513016825641366,1.809701489274635
0.0,0.0,34.32364468315646,0.011309272406240689,-0.23872591644220367,-0.389605679015256
0.0,0.0,19.714024061407112,0.02007021928931174,-0.4204719226500827,0.04479908478073136
0.0,0.0,-38.82173287348965,0.020434184006995343,-0.6590453567311638,2.1211469017187587
0.0,0.0,-31.954694938701,0.011896319459521078,-0.4110152941042853,1.4925987477398184
0.0,0.0,28.476750409541754,0.01013329658804283,-0.1436902476993138,-0.6809837096319897
0.0,0.0,-40.81214477631158,0.0003440574879262281,-0.10978618113513625,0.6161708750232198
0.0,0.0,19.363628884515,-0.0012886776210487465,0.15596200323296264,-1.5488881839491646
0.0,0.0,-32.35068269085474,0.0035290541567964007,-0.42606583263489906,1.0566871438062377
0.0,0.0,28.047269947877208,0.0019243855855985426,-0.15827687583512948,-1.108773512594823
0.0,0.0,-45.14109116038266,0.016586147774443005,-0.5933275521096384,2.1138127081320253
0.0,0.0,14.134038577457648,0.015375242061711838,-0.33732695178313776,-0.01225184938079149
0.0,0.0,-36.73252004735353,0.01859640252697687,-0.487236302545546,1.9916369865499717
0.0,0.0,23.715878177747168,0.016729992710453848,-0.21892767755703718,-0.189293326462335
0.0,0.0,8.405624038295663,0.023062099243812004,-0.30133352079701636,0.3576877764889499
0.0,0.0,-50.74010103260592,0.024082643711466838,-0.5599320227798512,2.4770932753306796
0.0,0.0,20.595713552089137,0.011359521362246331,-0.06405224903887957,-0.4618786378322982
0.0,0.0,-39.868012477626195,0.013072576079794805,-0.3288344523122979,1.7101798630697866
0.0,0.0,22.811916006666944,0.001143122219913229,0.2779578129921536,-1.218632995676506
0.0,0.0,-37.1463034618138,0.002893069912524339,0.005110170517655277,0.9541940258110135
0.0,0.0,18.644837553696096,-0.007461548307328912,0.572001212147198,-2.8324200616769604
0.0,0.0,-41.81557191678644,-0.006090546203460748,0.3180107265585986,-0.7036241896687787
0.0,0.0,28.279975293429143,0.013584386393030414,0.24895641210247385,-2.1532004104518925
0.0,0.0,-31.896133432996002,0.0152175411618398,-0.016802898483542744,0.011897654382857059
0.0,0.0,-30.4354054157064,0.02576697495084001,0.2767896709810226,-0.1748066306553474
0.0,0.0,29.687579773956827,0.024462358999698106,0.5524704541929258,-2.362539680842028
0.0,0.0,33.37758753983388,0.006333657598136372,0.22320674564840304,-1.5451036456622136
0.0,0.0,-26.799276838179914,0.00796722408869268,-0.042551191030995,0.6199969574799513
0.0,0.0,-27.935415909312567,-0.006498673308667316,-0.35279022726489084,1.7934695971717325
0.0,0.0,32.24699496845603,-0.007051510752765483,-0.0763398711241449,-0.43137379661136854
0.0,0.0,33.71116268356411,0.003941698579141023,0.23175731523398532,-0.9634349843330958
0.0,0.0,-26.595880954635483,0.005801257178713191,-0.0496543203157751,1.1824018680506065
0.0,0.0,-27.456156255860847,-0.013519031211462931,-0.31810780993712884,1.2268684413954092
0.0,0.0,32.71373329975764,-0.014762707676389602,-0.05008614374003084,-0.9422682083018725
0.0,0.0,33.46943962054551,-0.0016633776535148119,0.1649142656315904,-1.3923372776820782
0.0,0.0,-26.77260322751872,0.0002937996278013933,-0.10640554967735248,0.786354417567932
0.0,0.0,-28.091474122709588,-0.018791980236736894,-0.2949403667167153,0.981102809826912
0.0,0.0,32.09628008222939,-0.019559641401438593,-0.025636260330005024,-1.1831989002131507
0.0,0.0,33.03766078121203,-0.002375388448982494,0.11766993484606061,-1.2932539162053371
0.0,0.0,-27.13990275802787,-0.0007413536293874859,-0.14808157525030216,0.8718570039816554
0.0,0.0,31.17871685661407,-0.021377852522765212,-0.019241089775723405,-0.8425567845197464
0.0,0.0,-28.97811520491233,-0.019330754696941607,-0.28342618770949285,1.31651500068888
0.0,0.0,32.99724363080668,-0.0023305704955863815,0.21471563336580352,-1.2958425977993941
0.0,0.0,-27.212075892682538,-0.0006380391993171581,-0.05670916003831994,0.8748108967706854
0.0,0.0,34.237080276249756,0.006902305375267997,0.26911353894722734,-1.6239824225698398
0.0,0.0,-22.837163404850703,0.017078450603684004,0.18817024411308,-0.07126121349813508
0.0,0.0,39.425188899597984,-0.007428278233785803,0.38963140143876573,-2.37178289204505
0.0,0.0,-23.92358425496214,-0.01326216812106426,-0.054044496150943075,0.3864130723231156
0.0,0.0,37.48952031949183,-0.009702094006003527,0.2127896366442717,-1.6808924111975088
0.0,0.0,-17.503485360444383,-0.0065016917986338175,0.07603711366460494,0.1915631923403367
0.0,0.0,43.942895360760254,-0.031024777166401084,0.2813423338574558,-1.8145957350484612
0.0,0.0,-21.40382154256535,-0.030543212173445782,-0.10673345625291572,0.6332562642151615
0.0,0.0,39.17873410056691,-0.022328387243925538,0.16565404391273128,-1.4770814215619426
0.0,0.0,-15.08615188429914,-0.018657924425841098,-0.00026320064501700324,0.5362586500963147
0.0,0.0,46.59294365089782,0.0026828695163472775,0.2272695712112674,-1.6660309378170801
0.0,0.0,-19.731956059063975,0.002631327177267622,-0.13659963593998603,0.6489770250962916
0.0,0.0,40.23789591932735,0.00014297152902248596,0.10694222669364592,-1.476480850511553
0.0,0.0,-13.915076473058617,0.004757492925948104,-0.11229753218779828,0.6123946509222246
0.0,0.0,45.72819674220382,-0.001154150283691514,0.16244858341759197,-1.5097231900296237
0.0,0.0,-19.720686542811734,-0.0020195773194058605,-0.14503227791428294,0.7202787886867713
0.0,0.0,40.46115396941044,-0.003163775556508825,0.12326795739234526,-1.4883764276961047
0.0,0.0,-19.521128536047122,-0.001479750431036422,-0.14331009521320526,0.6743928175498817
0.0,0.0,48.14874602324079,0.005986499019060017,0.35973909557152806,-1.900381614342239
0.0,0.0,-12.740481204781688,0.007057869376850024,0.08247398531724426,0.28976331620073004
0.0,0.0,42.987268696889494,0.004849723768784171,0.23955337118458786,-1.870380961352938
0.0,0.0,-11.299928125813448,0.01107583205975595,0.015257310364515303,-0.01617282645371554
0.0,0.0,49.756636235232065,0.0031250856318037505,0.1957842555613816,-2.0369619269671753
