40,634000000,odom,base_link,-1.8431776369109765,0.09374891666567714,-0.10526208786809009,-8.152374717846378e-06,0.004502879832483659,-0.0004950897009385131,0.9999897393938305,0.0,0.0,0.0,0.0,0.0,0.0,0.0,0.0,0.0,0.0,0.0,0.0,0.0,0.0,0.0,0.0,0.0,0.0,0.0,0.0,0.0,0.0,0.0,0.0,0.0,0.0,0.0,0.0,0.0,0.0,0.0,0.0,0.0,0.0,0.0,0.0,0.005306120173929721,5.78567660077372e-05,9.088707187736258e-05,-1.3369797047246834e-06,-0.00010972053630098344,8.530385571248189e-05,0.0,0.0,0.0,0.0,0.0,0.0,0.0,0.0,0.0,0.0,0.0,0.0,0.0,0.0,0.0,0.0,0.0,0.0,0.0,0.0,0.0,0.0,0.0,0.0,0.0,0.0,0.0,0.0,0.0,0.0,0.0,0.0,0.0,0.0,0.0,0.0
40,668000000,odom,base_link,-1.8429972431578947,0.09375070621408033,-0.10526061312562378,-8.180859872385408e-06,0.004501039013424489,-0.0004935958757263211,0.9999897484194449,0.0,0.0,0.0,0.0,0.0,0.0,0.0,0.0,0.0,0.0,0.0,0.0,0.0,0.0,0.0,0.0,0.0,0.0,0.0,0.0,0.0,0.0,0.0,0.0,0.0,0.0,0.0,0.0,0.0,0.0,0.0,0.0,0.0,0.0,0.0,0.0,0.005304452146826739,5.790027741662557e-05,9.110713936061835e-05,-1.0818864693007413e-06,-0.0001061098103605218,8.425453899008062e-05,0.0,0.0,0.0,0.0,0.0,0.0,0.0,0.0,0.0,0.0,0.0,0.0,0.0,0.0,0.0,0.0,0.0,0.0,0.0,0.0,0.0,0.0,0.0,0.0,0.0,0.0,0.0,0.0,0.0,0.0,0.0,0.0,0.0,0.0,0.0,0.0
40,702000000,odom,base_link,-1.8428169060170627,0.0937524988911569,-0.10525916550354411,-8.20294055327459e-06,0.004499275160640592,-0.000492361861128524,0.9999897569653092,0.0,0.0,0.0,0.0,0.0,0.0,0.0,0.0,0.0,0.0,0.0,0.0,0.0,0.0,0.0,0.0,0.0,0.0,0.0,0.0,0.0,0.0,0.0,0.0,0.0,0.0,0.0,0.0,0.0,0.0,0.0,0.0,0.0,0.0,0.0,0.0,0.0053027970855058825,5.7982034196040335e-05,8.967613143225614e-05,-8.794076578055865e-07,-0.00010303178044068773,6.660245475131887e-05,0.0,0.0,0.0,0.0,0.0,0.0,0.0,0.0,0.0,0.0,0.0,0.0,0.0,0.0,0.0,0.0,0.0,0.0,0.0,0.0,0.0,0.0,0.0,0.0,0.0,0.0,0.0,0.0,0.0,0.0,0.0,0.0,0.0,0.0,0.0,0.0
40,736000000,odom,base_link,-1.8426366257244693,0.09375429401065362,-0.10525772212945318,-8.237497308925791e-06,0.004497464377446798,-0.0004912308520292017,0.9999897656669129,0.0,0.0,0.0,0.0,0.0,0.0,0.0,0.0,0.0,0.0,0.0,0.0,0.0,0.0,0.0,0.0,0.0,0.0,0.0,0.0,0.0,0.0,0.0,0.0,0.0,0.0,0.0,0.0,0.0,0.0,0.0,0.0,0.0,0.0,0.0,0.0,0.005301116552108467,5.802337223802869e-05,9.05265888432633e-05,-1.5740225345339809e-06,-0.00010818380289379093,6.816340700765977e-05,0.0,0.0,0.0,0.0,0.0,0.0,0.0,0.0,0.0,0.0,0.0,0.0,0.0,0.0,0.0,0.0,0.0,0.0,0.0,0.0,0.0,0.0,0.0,0.0,0.0,0.0,0.0,0.0,0.0,0.0,0.0,0.0,0.0,0.0,0.0,0.0
40,770000000,odom,base_link,-1.8424564022984016,0.09375609090730166,-0.10525626644611677,-8.267716749529685e-06,0.0044956309309153305,-0.0004900585609970558,0.9999897744861118,0.0,0.0,0.0,0.0,0.0,0.0,0.0,0.0,0.0,0.0,0.0,0.0,0.0,0.0,0.0,0.0,0.0,0.0,0.0,0.0,0.0,0.0,0.0,0.0,0.0,0.0,0.0,0.0,0.0,0.0,0.0,0.0,0.0,0.0,0.0,0.0,0.005299448804245422,5.807018916096505e-05,9.029362657519876e-05,-1.27139362371409e-06,-0.00010629569899833768,6.668625545103168e-05,0.0,0.0,0.0,0.0,0.0,0.0,0.0,0.0,0.0,0.0,0.0,0.0,0.0,0.0,0.0,0.0,0.0,0.0,0.0,0.0,0.0,0.0,0.0,0.0,0.0,0.0,0.0,0.0,0.0,0.0,0.0,0.0,0.0,0.0,0.0,0.0
40,804000000,odom,base_link,-1.8422762355856648,0.09375789051443922,-0.1052548496842872,-8.29154302701103e-06,0.004493859547083877,-0.000489058865493339,0.9999897829373295,0.0,0.0,0.0,0.0,0.0,0.0,0.0,0.0,0.0,0.0,0.0,0.0,0.0,0.0,0.0,0.0,0.0,0.0,0.0,0.0,0.0,0.0,0.0,0.0,0.0,0.0,0.0,0.0,0.0,0.0,0.0,0.0,0.0,0.0,0.0,0.0,0.005297793721502081,5.814051524910382e-05,8.861783122081341e-05,-1.0361525082380751e-06,-0.00010369907670337852,5.5016209898894886e-05,0.0,0.0,0.0,0.0,0.0,0.0,0.0,0.0,0.0,0.0,0.0,0.0,0.0,0.0,0.0,0.0,0.0,0.0,0.0,0.0,0.0,0.0,0.0,0.0,0.0,0.0,0.0,0.0,0.0,0.0,0.0,0.0,0.0,0.0,0.0,0.0
40,838000000,odom,base_link,-1.8420961257648585,0.09375969188677963,-0.10525343261198608,-8.317512168443368e-06,0.004492035748603048,-0.00048801821882907146,0.9999897916398299,0.0,0.0,0.0,0.0,0.0,0.0,0.0,0.0,0.0,0.0,0.0,0.0,0.0,0.0,0.0,0.0,0.0,0.0,0.0,0.0,0.0,0.0,0.0,0.0,0.0,0.0,0.0,0.0,0.0,0.0,0.0,0.0,0.0,0.0,0.0,0.0,0.005296112050626059,5.816336858209784e-05,8.957771845197376e-05,-1.2601914844978523e-06,-0.00010834248556079729,6.507993219884156e-05,0.0,0.0,0.0,0.0,0.0,0.0,0.0,0.0,0.0,0.0,0.0,0.0,0.0,0.0,0.0,0.0,0.0,0.0,0.0,0.0,0.0,0.0,0.0,0.0,0.0,0.0,0.0,0.0,0.0,0.0,0.0,0.0,0.0,0.0,0.0,0.0
40,872000000,odom,base_link,-1.841916072756385,0.09376149471036625,-0.10525200917149383,-8.34417811403611e-06,0.004490213868896511,-0.00048686280945461707,0.9999898003851794,0.0,0.0,0.0,0.0,0.0,0.0,0.0,0.0,0.0,0.0,0.0,0.0,0.0,0.0,0.0,0.0,0.0,0.0,0.0,0.0,0.0,0.0,0.0,0.0,0.0,0.0,0.0,0.0,0.0,0.0,0.0,0.0,0.0,0.0,0.0,0.0,0.005294447644934197,5.820401707697539e-05,8.920836800388089e-05,-1.1222879070516e-06,-0.00010525275158101977,6.644769854347032e-05,0.0,0.0,0.0,0.0,0.0,0.0,0.0,0.0,0.0,0.0,0.0,0.0,0.0,0.0,0.0,0.0,0.0,0.0,0.0,0.0,0.0,0.0,0.0,0.0,0.0,0.0,0.0,0.0,0.0,0.0,0.0,0.0,0.0,0.0,0.0,0.0
40,906000000,odom,base_link,-1.841736076437718,0.09376329989643176,-0.10525062583272055,-8.3674457308822e-06,0.0044884539687485205,-0.00048580242566114606,0.9999898088015495,0.0,0.0,0.0,0.0,0.0,0.0,0.0,0.0,0.0,0.0,0.0,0.0,0.0,0.0,0.0,0.0,0.0,0.0,0.0,0.0,0.0,0.0,0.0,0.0,0.0,0.0,0.0,0.0,0.0,0.0,0.0,0.0,0.0,0.0,0.0,0.0,0.005292791895813386,5.826062373417397e-05,8.763547950466514e-05,-1.0267132921626398e-06,-0.00010308414744031325,6.0746126706590076e-05,0.0,0.0,0.0,0.0,0.0,0.0,0.0,0.0,0.0,0.0,0.0,0.0,0.0,0.0,0.0,0.0,0.0,0.0,0.0,0.0,0.0,0.0,0.0,0.0,0.0,0.0,0.0,0.0,0.0,0.0,0.0,0.0,0.0,0.0,0.0,0.0
40,940000000,odom,base_link,-1.8415561369917337,0.09376510666338925,-0.10524923432289914,-8.393768436802871e-06,0.004486636986465389,-0.0004846582799433347,0.9999898175103825,0.0,0.0,0.0,0.0,0.0,0.0,0.0,0.0,0.0,0.0,0.0,0.0,0.0,0.0,0.0,0.0,0.0,0.0,0.0,0.0,0.0,0.0,0.0,0.0,0.0,0.0,0.0,0.0,0.0,0.0,0.0,0.0,0.0,0.0,0.0,0.0,0.005291109122207858,5.828231963613521e-05,8.86967531468461e-05,-1.2498247659031847e-06,-0.00010799877614431352,7.089827747108757e-05,0.0,0.0,0.0,0.0,0.0,0.0,0.0,0.0,0.0,0.0,0.0,0.0,0.0,0.0,0.0,0.0,0.0,0.0,0.0,0.0,0.0,0.0,0.0,0.0,0.0,0.0,0.0,0.0,0.0,0.0,0.0,0.0,0.0,0.0,0.0,0.0
40,974000000,odom,base_link,-1.8413762544134886,0.09376691488588991,-0.10524783859255162,-8.4201276996703e-06,0.004484815198664984,-0.00048340067237309463,0.9999898262910104,0.0,0.0,0.0,0.0,0.0,0.0,0.0,0.0,0.0,0.0,0.0,0.0,0.0,0.0,0.0,0.0,0.0,0.0,0.0,0.0,0.0,0.0,0.0,0.0,0.0,0.0,0.0,0.0,0.0,0.0,0.0,0.0,0.0,0.0,0.0,0.0,0.005289443115662748,5.832215380269209e-05,8.82780679677209e-05,-1.047492392824978e-06,-0.0001053374269588403,7.214106929609443e-05,0.0,0.0,0.0,0.0,0.0,0.0,0.0,0.0,0.0,0.0,0.0,0.0,0.0,0.0,0.0,0.0,0.0,0.0,0.0,0.0,0.0,0.0,0.0,0.0,0.0,0.0,0.0,0.0,0.0,0.0,0.0,0.0,0.0,0.0,0.0,0.0
41,8000000,odom,base_link,-1.8411964285413214,0.09376872568715859,-0.10524648088619215,-8.442698927331668e-06,0.004483057224165863,-0.00048228692816698767,0.9999898347113158,0.0,0.0,0.0,0.0,0.0,0.0,0.0,0.0,0.0,0.0,0.0,0.0,0.0,0.0,0.0,0.0,0.0,0.0,0.0,0.0,0.0,0.0,0.0,0.0,0.0,0.0,0.0,0.0,0.0,0.0,0.0,0.0,0.0,0.0,0.0,0.0,0.005287786077989657,5.83861604442295e-05,8.693262907194917e-05,-9.945618884010798e-07,-0.00010312712035442928,6.278617661337194e-05,0.0,0.0,0.0,0.0,0.0,0.0,0.0,0.0,0.0,0.0,0.0,0.0,0.0,0.0,0.0,0.0,0.0,0.0,0.0,0.0,0.0,0.0,0.0,0.0,0.0,0.0,0.0,0.0,0.0,0.0,0.0,0.0,0.0,0.0,0.0,0.0
41,42000000,odom,base_link,-1.8410166595289326,0.09377053826085258,-0.10524510748036554,-8.468720734873744e-06,0.00448124149921594,-0.00048113410241356296,0.9999898434048627,0.0,0.0,0.0,0.0,0.0,0.0,0.0,0.0,0.0,0.0,0.0,0.0,0.0,0.0,0.0,0.0,0.0,0.0,0.0,0.0,0.0,0.0,0.0,0.0,0.0,0.0,0.0,0.0,0.0,0.0,0.0,0.0,0.0,0.0,0.0,0.0,0.005286102383408527,5.8412846700536454e-05,8.806451511991839e-05,-1.2342460165015723e-06,-0.0001077548134276185,7.053063129092152e-05,0.0,0.0,0.0,0.0,0.0,0.0,0.0,0.0,0.0,0.0,0.0,0.0,0.0,0.0,0.0,0.0,0.0,0.0,0.0,0.0,0.0,0.0,0.0,0.0,0.0,0.0,0.0,0.0,0.0,0.0,0.0,0.0,0.0,0.0,0.0,0.0
41,76000000,odom,base_link,-1.8408369473138935,0.093772352667315,-0.10524372690024142,-8.494677763894687e-06,0.00447944130215174,-0.00047995481566341164,0.9999898520369274,0.0,0.0,0.0,0.0,0.0,0.0,0.0,0.0,0.0,0.0,0.0,0.0,0.0,0.0,0.0,0.0,0.0,0.0,0.0,0.0,0.0,0.0,0.0,0.0,0.0,0.0,0.0,0.0,0.0,0.0,0.0,0.0,0.0,0.0,0.0,0.0,0.005284438089028666,5.846705318390392e-05,8.778510062336634e-05,-1.0786257109707265e-06,-0.00010398890424312413,6.545131867596865e-05,0.0,0.0,0.0,0.0,0.0,0.0,0.0,0.0,0.0,0.0,0.0,0.0,0.0,0.0,0.0,0.0,0.0,0.0,0.0,0.0,0.0,0.0,0.0,0.0,0.0,0.0,0.0,0.0,0.0,0.0,0.0,0.0,0.0,0.0,0.0,0.0
41,110000000,odom,base_link,-1.840657291832459,0.09377416978129093,-0.10524237954899954,-8.51769754625053e-06,0.004477689092386563,-0.0004789523721378213,0.999989860364827,0.0,0.0,0.0,0.0,0.0,0.0,0.0,0.0,0.0,0.0,0.0,0.0,0.0,0.0,0.0,0.0,0.0,0.0,0.0,0.0,0.0,0.0,0.0,0.0,0.0,0.0,0.0,0.0,0.0,0.0,0.0,0.0,0.0,0.0,0.0,0.0,0.005282775771781026,5.852920393859111e-05,8.666659624368978e-05,-1.0745925815847102e-06,-0.0001037669314030154,5.725377967280565e-05,0.0,0.0,0.0,0.0,0.0,0.0,0.0,0.0,0.0,0.0,0.0,0.0,0.0,0.0,0.0,0.0,0.0,0.0,0.0,0.0,0.0,0.0,0.0,0.0,0.0,0.0,0.0,0.0,0.0,0.0,0.0,0.0,0.0,0.0,0.0,0.0
41,144000000,odom,base_link,-1.840477693285202,0.09377598846769412,-0.10524101096938611,-8.544424280706598e-06,0.004475870411801978,-0.0004778691522483645,0.9999898690247432,0.0,0.0,0.0,0.0,0.0,0.0,0.0,0.0,0.0,0.0,0.0,0.0,0.0,0.0,0.0,0.0,0.0,0.0,0.0,0.0,0.0,0.0,0.0,0.0,0.0,0.0,0.0,0.0,0.0,0.0,0.0,0.0,0.0,0.0,0.0,0.0,0.005281091113725272,5.855176528658396e-05,8.782930644195418e-05,-1.2838525575986637e-06,-0.00010770460008302507,6.702369859112878e-05,0.0,0.0,0.0,0.0,0.0,0.0,0.0,0.0,0.0,0.0,0.0,0.0,0.0,0.0,0.0,0.0,0.0,0.0,0.0,0.0,0.0,0.0,0.0,0.0,0.0,0.0,0.0,0.0,0.0,0.0,0.0,0.0,0.0,0.0,0.0,0.0
41,178000000,odom,base_link,-1.8402981515731545,0.09377780875132063,-0.1052396322863969,-8.57098629153548e-06,0.004474068133019917,-0.00047670949749388633,0.9999898776432361,0.0,0.0,0.0,0.0,0.0,0.0,0.0,0.0,0.0,0.0,0.0,0.0,0.0,0.0,0.0,0.0,0.0,0.0,0.0,0.0,0.0,0.0,0.0,0.0,0.0,0.0,0.0,0.0,0.0,0.0,0.0,0.0,0.0,0.0,0.0,0.0,0.005279423977641565,5.859683571233291e-05,8.771697474764607e-05,-1.1110742881292879e-06,-0.00010420943894473567,6.60583729938935e-05,0.0,0.0,0.0,0.0,0.0,0.0,0.0,0.0,0.0,0.0,0.0,0.0,0.0,0.0,0.0,0.0,0.0,0.0,0.0,0.0,0.0,0.0,0.0,0.0,0.0,0.0,0.0,0.0,0.0,0.0,0.0,0.0,0.0,0.0,0.0,0.0
41,212000000,odom,base_link,-1.8401186665946057,0.09377963139690362,-0.10523827451308135,-8.59443136881924e-06,0.0044723132895056516,-0.0004756499221958127,0.9999898859974173,0.0,0.0,0.0,0.0,0.0,0.0,0.0,0.0,0.0,0.0,0.0,0.0,0.0,0.0,0.0,0.0,0.0,0.0,0.0,0.0,0.0,0.0,0.0,0.0,0.0,0.0,0.0,0.0,0.0,0.0,0.0,0.0,0.0,0.0,0.0,0.0,0.005277758351183658,5.8649574715960884e-05,8.715380846997022e-05,-1.0795193405854775e-06,-0.00010379263528648153,6.186315673062381e-05,0.0,0.0,0.0,0.0,0.0,0.0,0.0,0.0,0.0,0.0,0.0,0.0,0.0,0.0,0.0,0.0,0.0,0.0,0.0,0.0,0.0,0.0,0.0,0.0,0.0,0.0,0.0,0.0,0.0,0.0,0.0,0.0,0.0,0.0,0.0,0.0
41,246000000,odom,base_link,-1.839939238520345,0.09378145559265998,-0.10523688841408034,-8.620757211921966e-06,0.004470501112852955,-0.0004745047963922691,0.9999898946442812,0.0,0.0,0.0,0.0,0.0,0.0,0.0,0.0,0.0,0.0,0.0,0.0,0.0,0.0,0.0,0.0,0.0,0.0,0.0,0.0,0.0,0.0,0.0,0.0,0.0,0.0,0.0,0.0,0.0,0.0,0.0,0.0,0.0,0.0,0.0,0.0,0.005276074022346204,5.8674611003170376e-05,8.820082095061869e-05,-1.2303070562325047e-06,-0.00010721844887484622,7.017640086814936e-05,0.0,0.0,0.0,0.0,0.0,0.0,0.0,0.0,0.0,0.0,0.0,0.0,0.0,0.0,0.0,0.0,0.0,0.0,0.0,0.0,0.0,0.0,0.0,0.0,0.0,0.0,0.0,0.0,0.0,0.0,0.0,0.0,0.0,0.0,0.0,0.0
41,280000000,odom,base_link,-1.8397598672567672,0.09378328174740776,-0.1052354974564886,-8.64551921198116e-06,0.0044687193425162475,-0.0004733660370348605,0.9999899031476707,0.0,0.0,0.0,0.0,0.0,0.0,0.0,0.0,0.0,0.0,0.0,0.0,0.0,0.0,0.0,0.0,0.0,0.0,0.0,0.0,0.0,0.0,0.0,0.0,0.0,0.0,0.0,0.0,0.0,0.0,0.0,0.0,0.0,0.0,0.0,0.0,0.005274409461724458,5.873349290711045e-05,8.786709119145268e-05,-1.0236102521155033e-06,-0.00010311422684594618,6.2913600373804e-05,0.0,0.0,0.0,0.0,0.0,0.0,0.0,0.0,0.0,0.0,0.0,0.0,0.0,0.0,0.0,0.0,0.0,0.0,0.0,0.0,0.0,0.0,0.0,0.0,0.0,0.0,0.0,0.0,0.0,0.0,0.0,0.0,0.0,0.0,0.0,0.0
41,314000000,odom,base_link,-1.8395805528117475,0.09378511051468626,-0.10523413764572667,-8.667910543761733e-06,0.0044669724626554864,-0.00047238684205735504,0.9999899114153885,0.0,0.0,0.0,0.0,0.0,0.0,0.0,0.0,0.0,0.0,0.0,0.0,0.0,0.0,0.0,0.0,0.0,0.0,0.0,0.0,0.0,0.0,0.0,0.0,0.0,0.0,0.0,0.0,0.0,0.0,0.0,0.0,0.0,0.0,0.0,0.0,0.005272741773888766,5.87896952112683e-05,8.707066816301189e-05,-1.0765594193884453e-06,-0.00010412911279900072,5.736278332335587e-05,0.0,0.0,0.0,0.0,0.0,0.0,0.0,0.0,0.0,0.0,0.0,0.0,0.0,0.0,0.0,0.0,0.0,0.0,0.0,0.0,0.0,0.0,0.0,0.0,0.0,0.0,0.0,0.0,0.0,0.0,0.0,0.0,0.0,0.0,0.0,0.0
41,348000000,odom,base_link,-1.8394012953595966,0.09378694072401939,-0.10523275083820655,-8.694509916606534e-06,0.0044651573707778095,-0.0004713005744606379,0.9999899200341112,0.0,0.0,0.0,0.0,0.0,0.0,0.0,0.0,0.0,0.0,0.0,0.0,0.0,0.0,0.0,0.0,0.0,0.0,0.0,0.0,0.0,0.0,0.0,0.0,0.0,0.0,0.0,0.0,0.0,0.0,0.0,0.0,0.0,0.0,0.0,0.0,0.005271056538042847,5.881154749581539e-05,8.812329080701876e-05,-1.2738697874326022e-06,-0.0001073457816858081,6.72451371031002e-05,0.0,0.0,0.0,0.0,0.0,0.0,0.0,0.0,0.0,0.0,0.0,0.0,0.0,0.0,0.0,0.0,0.0,0.0,0.0,0.0,0.0,0.0,0.0,0.0,0.0,0.0,0.0,0.0,0.0,0.0,0.0,0.0,0.0,0.0,0.0,0.0
41,382000000,odom,base_link,-1.8392220947900941,0.0937887725335532,-0.10523135470622079,-8.72072171620483e-06,0.004463363075033903,-0.00047014210642711945,0.999989928589488,0.0,0.0,0.0,0.0,0.0,0.0,0.0,0.0,0.0,0.0,0.0,0.0,0.0,0.0,0.0,0.0,0.0,0.0,0.0,0.0,0.0,0.0,0.0,0.0,0.0,0.0,0.0,0.0,0.0,0.0,0.0,0.0,0.0,0.0,0.0,0.0,0.005269387490303733,5.885643440369224e-05,8.806177226186447e-05,-1.099137025839525e-06,-0.00010393908596029178,6.618389463142194e-05,0.0,0.0,0.0,0.0,0.0,0.0,0.0,0.0,0.0,0.0,0.0,0.0,0.0,0.0,0.0,0.0,0.0,0.0,0.0,0.0,0.0,0.0,0.0,0.0,0.0,0.0,0.0,0.0,0.0,0.0,0.0,0.0,0.0,0.0,0.0,0.0
41,416000000,odom,base_link,-1.8390429510444561,0.09379060657841173,-0.10522997218228244,-8.744408677995634e-06,0.004461601153149986,-0.0004690578991555714,0.999989936961054,0.0,0.0,0.0,0.0,0.0,0.0,0.0,0.0,0.0,0.0,0.0,0.0,0.0,0.0,0.0,0.0,0.0,0.0,0.0,0.0,0.0,0.0,0.0,0.0,0.0,0.0,0.0,0.0,0.0,0.0,0.0,0.0,0.0,0.0,0.0,0.0,0.005267714947361231,5.89032945141106e-05,8.786840972970846e-05,-1.100931223962931e-06,-0.00010489341519814843,6.446102602808423e-05,0.0,0.0,0.0,0.0,0.0,0.0,0.0,0.0,0.0,0.0,0.0,0.0,0.0,0.0,0.0,0.0,0.0,0.0,0.0,0.0,0.0,0.0,0.0,0.0,0.0,0.0,0.0,0.0,0.0,0.0,0.0,0.0,0.0,0.0,0.0,0.0
41,450000000,odom,base_link,-1.8388638642682715,0.09379244217087222,-0.10522856160989194,-8.770464853373873e-06,0.0044597922916692736,-0.0004678900024618352,0.9999899455768242,0.0,0.0,0.0,0.0,0.0,0.0,0.0,0.0,0.0,0.0,0.0,0.0,0.0,0.0,0.0,0.0,0.0,0.0,0.0,0.0,0.0,0.0,0.0,0.0,0.0,0.0,0.0,0.0,0.0,0.0,0.0,0.0,0.0,0.0,0.0,0.0,0.005266032660559466,5.893186517070862e-05,8.860808677247064e-05,-1.1966150958997446e-06,-0.00010668464440755088,7.086916085086159e-05,0.0,0.0,0.0,0.0,0.0,0.0,0.0,0.0,0.0,0.0,0.0,0.0,0.0,0.0,0.0,0.0,0.0,0.0,0.0,0.0,0.0,0.0,0.0,0.0,0.0,0.0,0.0,0.0,0.0,0.0,0.0,0.0,0.0,0.0,0.0,0.0
41,484000000,odom,base_link,-1.838684834443671,0.09379427911430802,-0.10522711675424831,-8.798034082453847e-06,0.004457964142827598,-0.0004665923011279616,0.9999899543345024,0.0,0.0,0.0,0.0,0.0,0.0,0.0,0.0,0.0,0.0,0.0,0.0,0.0,0.0,0.0,0.0,0.0,0.0,0.0,0.0,0.0,0.0,0.0,0.0,0.0,0.0,0.0,0.0,0.0,0.0,0.0,0.0,0.0,0.0,0.0,0.0,0.0052643469157062795,5.895456100761681e-05,8.992979530871235e-05,-1.2409743455066291e-06,-0.00010783509551970383,7.947237037342347e-05,0.0,0.0,0.0,0.0,0.0,0.0,0.0,0.0,0.0,0.0,0.0,0.0,0.0,0.0,0.0,0.0,0.0,0.0,0.0,0.0,0.0,0.0,0.0,0.0,0.0,0.0,0.0,0.0,0.0,0.0,0.0,0.0,0.0,0.0,0.0,0.0
41,518000000,odom,base_link,-1.838505861565483,0.09379611761942215,-0.10522565061692403,-8.824788412185652e-06,0.004456149432526147,-0.0004652101524592457,0.9999899630665661,0.0,0.0,0.0,0.0,0.0,0.0,0.0,0.0,0.0,0.0,0.0,0.0,0.0,0.0,0.0,0.0,0.0,0.0,0.0,0.0,0.0,0.0,0.0,0.0,0.0,0.0,0.0,0.0,0.0,0.0,0.0,0.0,0.0,0.0,0.0,0.0,0.005262673854286359,5.899880615382365e-05,8.991499802929118e-05,-1.0411551620848059e-06,-0.00010482796000133021,7.788575402400966e-05,0.0,0.0,0.0,0.0,0.0,0.0,0.0,0.0,0.0,0.0,0.0,0.0,0.0,0.0,0.0,0.0,0.0,0.0,0.0,0.0,0.0,0.0,0.0,0.0,0.0,0.0,0.0,0.0,0.0,0.0,0.0,0.0,0.0,0.0,0.0,0.0
41,552000000,odom,base_link,-1.838326945516091,0.09379795916397299,-0.10522421838640462,-8.84588051479429e-06,0.004454409945798622,-0.00046408191234671606,0.9999899713405949,0.0,0.0,0.0,0.0,0.0,0.0,0.0,0.0,0.0,0.0,0.0,0.0,0.0,0.0,0.0,0.0,0.0,0.0,0.0,0.0,0.0,0.0,0.0,0.0,0.0,0.0,0.0,0.0,0.0,0.0,0.0,0.0,0.0,0.0,0.0,0.0,0.00526101433396446,5.907941938371171e-05,8.832942511139457e-05,-8.63362908942733e-07,-0.0001015930124026454,6.050040362026721e-05,0.0,0.0,0.0,0.0,0.0,0.0,0.0,0.0,0.0,0.0,0.0,0.0,0.0,0.0,0.0,0.0,0.0,0.0,0.0,0.0,0.0,0.0,0.0,0.0,0.0,0.0,0.0,0.0,0.0,0.0,0.0,0.0,0.0,0.0,0.0,0.0
41,586000000,odom,base_link,-1.838148086535017,0.09379980297250014,-0.1052227907504532,-8.869555353039271e-06,0.00445261937324264,-0.0004630351654602788,0.9999899798000396,0.0,0.0,0.0,0.0,0.0,0.0,0.0,0.0,0.0,0.0,0.0,0.0,0.0,0.0,0.0,0.0,0.0,0.0,0.0,0.0,0.0,0.0,0.0,0.0,0.0,0.0,0.0,0.0,0.0,0.0,0.0,0.0,0.0,0.0,0.0,0.0,0.005259327890286507,5.9117106229123266e-05,8.916550455972677e-05,-1.1635073349225422e-06,-0.00010665568126455582,6.320031147311056e-05,0.0,0.0,0.0,0.0,0.0,0.0,0.0,0.0,0.0,0.0,0.0,0.0,0.0,0.0,0.0,0.0,0.0,0.0,0.0,0.0,0.0,0.0,0.0,0.0,0.0,0.0,0.0,0.0,0.0,0.0,0.0,0.0,0.0,0.0,0.0,0.0
41,620000000,odom,base_link,-1.837969284570818,0.09380164854671469,-0.10522135485392485,-8.895276808802136e-06,0.004450819428636296,-0.00046195636954084277,0.9999899883116832,0.0,0.0,0.0,0.0,0.0,0.0,0.0,0.0,0.0,0.0,0.0,0.0,0.0,0.0,0.0,0.0,0.0,0.0,0.0,0.0,0.0,0.0,0.0,0.0,0.0,0.0,0.0,0.0,0.0,0.0,0.0,0.0,0.0,0.0,0.0,0.0,0.00525765684298605,5.916523010705497e-05,8.883828651830999e-05,-1.1255467891047033e-06,-0.00010413928706043407,6.086668840055154e-05,0.0,0.0,0.0,0.0,0.0,0.0,0.0,0.0,0.0,0.0,0.0,0.0,0.0,0.0,0.0,0.0,0.0,0.0,0.0,0.0,0.0,0.0,0.0,0.0,0.0,0.0,0.0,0.0,0.0,0.0,0.0,0.0,0.0,0.0,0.0,0.0
41,654000000,odom,base_link,-1.8377905394855334,0.09380349672161468,-0.10521996053815058,-8.919722367843094e-06,0.004449081260402446,-0.00046103907621559845,0.9999899964696383,0.0,0.0,0.0,0.0,0.0,0.0,0.0,0.0,0.0,0.0,0.0,0.0,0.0,0.0,0.0,0.0,0.0,0.0,0.0,0.0,0.0,0.0,0.0,0.0,0.0,0.0,0.0,0.0,0.0,0.0,0.0,0.0,0.0,0.0,0.0,0.0,0.005255997445263902,5.923225245666807e-05,8.709227618444935e-05,-1.3513071439597013e-06,-0.00010156392491467159,5.045796029889971e-05,0.0,0.0,0.0,0.0,0.0,0.0,0.0,0.0,0.0,0.0,0.0,0.0,0.0,0.0,0.0,0.0,0.0,0.0,0.0,0.0,0.0,0.0,0.0,0.0,0.0,0.0,0.0,0.0,0.0,0.0,0.0,0.0,0.0,0.0,0.0,0.0
41,688000000,odom,base_link,-1.837611851393896,0.09380534665381002,-0.10521856673166384,-8.95428191209867e-06,0.004447296708330015,-0.00046009095373827235,0.99999000484411,0.0,0.0,0.0,0.0,0.0,0.0,0.0,0.0,0.0,0.0,0.0,0.0,0.0,0.0,0.0,0.0,0.0,0.0,0.0,0.0,0.0,0.0,0.0,0.0,0.0,0.0,0.0,0.0,0.0,0.0,0.0,0.0,0.0,0.0,0.0,0.0,0.0052543121486793,5.9256279314663836e-05,8.801863119147665e-05,-1.6108416378557422e-06,-0.00010636685772169585,5.960742299748745e-05,0.0,0.0,0.0,0.0,0.0,0.0,0.0,0.0,0.0,0.0,0.0,0.0,0.0,0.0,0.0,0.0,0.0,0.0,0.0,0.0,0.0,0.0,0.0,0.0,0.0,0.0,0.0,0.0,0.0,0.0,0.0,0.0,0.0,0.0,0.0,0.0
41,722000000,odom,base_link,-1.8374332203144566,0.09380719792063466,-0.10521716812614887,-8.983042240684883e-06,0.004445505238539099,-0.00045901905010393014,0.9999900133021282,0.0,0.0,0.0,0.0,0.0,0.0,0.0,0.0,0.0,0.0,0.0,0.0,0.0,0.0,0.0,0.0,0.0,0.0,0.0,0.0,0.0,0.0,0.0,0.0,0.0,0.0,0.0,0.0,0.0,0.0,0.0,0.0,0.0,0.0,0.0,0.0,0.00525264230469268,5.9293378043681906e-05,8.763221454397607e-05,-1.1611262951127799e-06,-0.00010355755790669718,6.212542942307664e-05,0.0,0.0,0.0,0.0,0.0,0.0,0.0,0.0,0.0,0.0,0.0,0.0,0.0,0.0,0.0,0.0,0.0,0.0,0.0,0.0,0.0,0.0,0.0,0.0,0.0,0.0,0.0,0.0,0.0,0.0,0.0,0.0,0.0,0.0,0.0,0.0
41,756000000,odom,base_link,-1.8372546461165065,0.09380905137899734,-0.10521581023564139,-9.004419254975216e-06,0.004443770863165604,-0.00045801807100961586,0.9999900214696559,0.0,0.0,0.0,0.0,0.0,0.0,0.0,0.0,0.0,0.0,0.0,0.0,0.0,0.0,0.0,0.0,0.0,0.0,0.0,0.0,0.0,0.0,0.0,0.0,0.0,0.0,0.0,0.0,0.0,0.0,0.0,0.0,0.0,0.0,0.0,0.0,0.005250980730793772,5.934633024681246e-05,8.60088995605559e-05,-8.920820471214341e-07,-0.00010187992955934533,5.763200334740759e-05,0.0,0.0,0.0,0.0,0.0,0.0,0.0,0.0,0.0,0.0,0.0,0.0,0.0,0.0,0.0,0.0,0.0,0.0,0.0,0.0,0.0,0.0,0.0,0.0,0.0,0.0,0.0,0.0,0.0,0.0,0.0,0.0,0.0,0.0,0.0,0.0
41,790000000,odom,base_link,-1.8370761289964703,0.09381090635159951,-0.10521444703272984,-9.028087722046584e-06,0.0044419781841347926,-0.0004569316482372624,0.9999900299311859,0.0,0.0,0.0,0.0,0.0,0.0,0.0,0.0,0.0,0.0,0.0,0.0,0.0,0.0,0.0,0.0,0.0,0.0,0.0,0.0,0.0,0.0,0.0,0.0,0.0,0.0,0.0,0.0,0.0,0.0,0.0,0.0,0.0,0.0,0.0,0.0,0.0052492932298005635,5.936811018920358e-05,8.701822445915097e-05,-1.1169102087649208e-06,-0.00010637726362006106,6.733616544352117e-05,0.0,0.0,0.0,0.0,0.0,0.0,0.0,0.0,0.0,0.0,0.0,0.0,0.0,0.0,0.0,0.0,0.0,0.0,0.0,0.0,0.0,0.0,0.0,0.0,0.0,0.0,0.0,0.0,0.0,0.0,0.0,0.0,0.0,0.0,0.0,0.0
41,824000000,odom,base_link,-1.8368976688703644,0.09381276284992651,-0.1052130779538702,-9.052460599075403e-06,0.004440193018874564,-0.0004557600620267045,0.9999900383937702,0.0,0.0,0.0,0.0,0.0,0.0,0.0,0.0,0.0,0.0,0.0,0.0,0.0,0.0,0.0,0.0,0.0,0.0,0.0,0.0,0.0,0.0,0.0,0.0,0.0,0.0,0.0,0.0,0.0,0.0,0.0,0.0,0.0,0.0,0.0,0.0,0.005247623209775958,5.941259162713146e-05,8.669346070543526e-05,-1.007411631892552e-06,-0.00010306425366479743,6.62081369284806e-05,0.0,0.0,0.0,0.0,0.0,0.0,0.0,0.0,0.0,0.0,0.0,0.0,0.0,0.0,0.0,0.0,0.0,0.0,0.0,0.0,0.0,0.0,0.0,0.0,0.0,0.0,0.0,0.0,0.0,0.0,0.0,0.0,0.0,0.0,0.0,0.0
41,858000000,odom,base_link,-1.8367192656277531,0.09381462191575696,-0.10521174702154207,-9.073936669902181e-06,0.004438467597373877,-0.00045474347335817944,0.9999900465161762,0.0,0.0,0.0,0.0,0.0,0.0,0.0,0.0,0.0,0.0,0.0,0.0,0.0,0.0,0.0,0.0,0.0,0.0,0.0,0.0,0.0,0.0,0.0,0.0,0.0,0.0,0.0,0.0,0.0,0.0,0.0,0.0,0.0,0.0,0.0,0.0,0.0052459610101126515,5.947601362295099e-05,8.510351664281986e-05,-9.496865738256588e-07,-0.00010123637181891354,5.682960342312526e-05,0.0,0.0,0.0,0.0,0.0,0.0,0.0,0.0,0.0,0.0,0.0,0.0,0.0,0.0,0.0,0.0,0.0,0.0,0.0,0.0,0.0,0.0,0.0,0.0,0.0,0.0,0.0,0.0,0.0,0.0,0.0,0.0,0.0,0.0,0.0,0.0
41,892000000,odom,base_link,-1.8365409194930986,0.09381648273363034,-0.10521041148851586,-9.098521486325027e-06,0.004436683399482674,-0.00045369775988046837,0.9999900549085338,0.0,0.0,0.0,0.0,0.0,0.0,0.0,0.0,0.0,0.0,0.0,0.0,0.0,0.0,0.0,0.0,0.0,0.0,0.0,0.0,0.0,0.0,0.0,0.0,0.0,0.0,0.0,0.0,0.0,0.0,0.0,0.0,0.0,0.0,0.0,0.0,0.005244272170829784,5.9502765592917866e-05,8.613630892496764e-05,-1.1884134565320892e-06,-0.00010597986772609147,6.428317789186622e-05,0.0,0.0,0.0,0.0,0.0,0.0,0.0,0.0,0.0,0.0,0.0,0.0,0.0,0.0,0.0,0.0,0.0,0.0,0.0,0.0,0.0,0.0,0.0,0.0,0.0,0.0,0.0,0.0,0.0,0.0,0.0,0.0,0.0,0.0,0.0,0.0
41,926000000,odom,base_link,-1.836362630333633,0.09381834528587844,-0.10520906559696017,-9.123104126276934e-06,0.004434911973863129,-0.00045261834373213516,0.9999900632552245,0.0,0.0,0.0,0.0,0.0,0.0,0.0,0.0,0.0,0.0,0.0,0.0,0.0,0.0,0.0,0.0,0.0,0.0,0.0,0.0,0.0,0.0,0.0,0.0,0.0,0.0,0.0,0.0,0.0,0.0,0.0,0.0,0.0,0.0,0.0,0.0,0.005242601709169084,5.9553886885340345e-05,8.597571391975406e-05,-1.032073537743372e-06,-0.0001023260516319624,6.0268421364639835e-05,0.0,0.0,0.0,0.0,0.0,0.0,0.0,0.0,0.0,0.0,0.0,0.0,0.0,0.0,0.0,0.0,0.0,0.0,0.0,0.0,0.0,0.0,0.0,0.0,0.0,0.0,0.0,0.0,0.0,0.0,0.0,0.0,0.0,0.0,0.0,0.0
41,960000000,odom,base_link,-1.8361843980739259,0.09382021034035554,-0.10520774825507313,-9.144813638311335e-06,0.004433189394969365,-0.00045168341385990016,0.9999900713158378,0.0,0.0,0.0,0.0,0.0,0.0,0.0,0.0,0.0,0.0,0.0,0.0,0.0,0.0,0.0,0.0,0.0,0.0,0.0,0.0,0.0,0.0,0.0,0.0,0.0,0.0,0.0,0.0,0.0,0.0,0.0,0.0,0.0,0.0,0.0,0.0,0.0052409338848370905,5.961208596812676e-05,8.492106560803778e-05,-1.0087855772944465e-06,-0.00010179850775671184,5.347224885099422e-05,0.0,0.0,0.0,0.0,0.0,0.0,0.0,0.0,0.0,0.0,0.0,0.0,0.0,0.0,0.0,0.0,0.0,0.0,0.0,0.0,0.0,0.0,0.0,0.0,0.0,0.0,0.0,0.0,0.0,0.0,0.0,0.0,0.0,0.0,0.0,0.0
41,994000000,odom,base_link,-1.8360062229234022,0.0938220768876408,-0.10520640706724067,-9.169969719021727e-06,0.004431401978343764,-0.0004506631344908448,0.9999900796983724,0.0,0.0,0.0,0.0,0.0,0.0,0.0,0.0,0.0,0.0,0.0,0.0,0.0,0.0,0.0,0.0,0.0,0.0,0.0,0.0,0.0,0.0,0.0,0.0,0.0,0.0,0.0,0.0,0.0,0.0,0.0,0.0,0.0,0.0,0.0,0.0,0.005239242640174656,5.963343016380184e-05,8.624517858875868e-05,-1.213409339673177e-06,-0.00010591056778253005,6.338522098303656e-05,0.0,0.0,0.0,0.0,0.0,0.0,0.0,0.0,0.0,0.0,0.0,0.0,0.0,0.0,0.0,0.0,0.0,0.0,0.0,0.0,0.0,0.0,0.0,0.0,0.0,0.0,0.0,0.0,0.0,0.0,0.0,0.0,0.0,0.0,0.0,0.0
42,28000000,odom,base_link,-1.8358281047523057,0.09382394503375965,-0.10520505092911016,-9.194585671162918e-06,0.004429636533782561,-0.0004495801668960211,0.9999900880075321,0.0,0.0,0.0,0.0,0.0,0.0,0.0,0.0,0.0,0.0,0.0,0.0,0.0,0.0,0.0,0.0,0.0,0.0,0.0,0.0,0.0,0.0,0.0,0.0,0.0,0.0,0.0,0.0,0.0,0.0,0.0,0.0,0.0,0.0,0.0,0.0,0.00523757069757498,5.968055974103489e-05,8.621474608716922e-05,-1.021983531135362e-06,-0.00010196734052669854,6.11172119135972e-05,0.0,0.0,0.0,0.0,0.0,0.0,0.0,0.0,0.0,0.0,0.0,0.0,0.0,0.0,0.0,0.0,0.0,0.0,0.0,0.0,0.0,0.0,0.0,0.0,0.0,0.0,0.0,0.0,0.0,0.0,0.0,0.0,0.0,0.0,0.0,0.0
42,62000000,odom,base_link,-1.8356500434947016,0.09382581552031867,-0.10520371546656232,-9.216197131251143e-06,0.004427918010529883,-0.0004486063932446576,0.9999900960556848,0.0,0.0,0.0,0.0,0.0,0.0,0.0,0.0,0.0,0.0,0.0,0.0,0.0,0.0,0.0,0.0,0.0,0.0,0.0,0.0,0.0,0.0,0.0,0.0,0.0,0.0,0.0,0.0,0.0,0.0,0.0,0.0,0.0,0.0,0.0,0.0,0.005235898530225987,5.973209252493289e-05,8.569841947120551e-05,-1.010145678215224e-06,-0.00010180378708923854,5.7143912002288744e-05,0.0,0.0,0.0,0.0,0.0,0.0,0.0,0.0,0.0,0.0,0.0,0.0,0.0,0.0,0.0,0.0,0.0,0.0,0.0,0.0,0.0,0.0,0.0,0.0,0.0,0.0,0.0,0.0,0.0,0.0,0.0,0.0,0.0,0.0,0.0,0.0
42,96000000,odom,base_link,-1.8354720393458572,0.09382768743121789,-0.10520234409119347,-9.241212865689094e-06,0.004426133144917471,-0.000447532027567882,0.9999901044385727,0.0,0.0,0.0,0.0,0.0,0.0,0.0,0.0,0.0,0.0,0.0,0.0,0.0,0.0,0.0,0.0,0.0,0.0,0.0,0.0,0.0,0.0,0.0,0.0,0.0,0.0,0.0,0.0,0.0,0.0,0.0,0.0,0.0,0.0,0.0,0.0,0.005234206337117823,5.975446598438475e-05,8.703035040309758e-05,-1.183872044840939e-06,-0.00010571340283149766,6.629817406178518e-05,0.0,0.0,0.0,0.0,0.0,0.0,0.0,0.0,0.0,0.0,0.0,0.0,0.0,0.0,0.0,0.0,0.0,0.0,0.0,0.0,0.0,0.0,0.0,0.0,0.0,0.0,0.0,0.0,0.0,0.0,0.0,0.0,0.0,0.0,0.0,0.0
42,130000000,odom,base_link,-1.835294092176207,0.0938295611302819,-0.10520095835677525,-9.264991294138377e-06,0.004424377460464191,-0.0004464386947413285,0.9999901126964902,0.0,0.0,0.0,0.0,0.0,0.0,0.0,0.0,0.0,0.0,0.0,0.0,0.0,0.0,0.0,0.0,0.0,0.0,0.0,0.0,0.0,0.0,0.0,0.0,0.0,0.0,0.0,0.0,0.0,0.0,0.0,0.0,0.0,0.0,0.0,0.0,0.005232534642560309,5.980856052859976e-05,8.69536136204814e-05,-9.795926625422169e-07,-0.00010155779150977651,6.0737199447657986e-05,0.0,0.0,0.0,0.0,0.0,0.0,0.0,0.0,0.0,0.0,0.0,0.0,0.0,0.0,0.0,0.0,0.0,0.0,0.0,0.0,0.0,0.0,0.0,0.0,0.0,0.0,0.0,0.0,0.0,0.0,0.0,0.0,0.0,0.0,0.0,0.0
42,164000000,odom,base_link,-1.8351162019686635,0.09383143729205677,-0.10519959364388774,-9.286299455949967e-06,0.00442265956972034,-0.0004454834663328135,0.9999901207214881,0.0,0.0,0.0,0.0,0.0,0.0,0.0,0.0,0.0,0.0,0.0,0.0,0.0,0.0,0.0,0.0,0.0,0.0,0.0,0.0,0.0,0.0,0.0,0.0,0.0,0.0,0.0,0.0,0.0,0.0,0.0,0.0,0.0,0.0,0.0,0.0,0.00523085982708432,5.9861237785546924e-05,8.657296253499108e-05,-1.0211855472341824e-06,-0.00010222189246178459,5.630444519511002e-05,0.0,0.0,0.0,0.0,0.0,0.0,0.0,0.0,0.0,0.0,0.0,0.0,0.0,0.0,0.0,0.0,0.0,0.0,0.0,0.0,0.0,0.0,0.0,0.0,0.0,0.0,0.0,0.0,0.0,0.0,0.0,0.0,0.0,0.0,0.0,0.0
42,198000000,odom,base_link,-1.834938368898393,0.0938333148715178,-0.10519819236812371,-9.311388069035664e-06,0.0044208744479317585,-0.0004444274330211483,0.9999901290846177,0.0,0.0,0.0,0.0,0.0,0.0,0.0,0.0,0.0,0.0,0.0,0.0,0.0,0.0,0.0,0.0,0.0,0.0,0.0,0.0,0.0,0.0,0.0,0.0,0.0,0.0,0.0,0.0,0.0,0.0,0.0,0.0,0.0,0.0,0.0,0.0,0.005229168388205951,5.988432216474068e-05,8.775536929730788e-05,-1.1935085475478502e-06,-0.00010562200998265325,6.509759700179529e-05,0.0,0.0,0.0,0.0,0.0,0.0,0.0,0.0,0.0,0.0,0.0,0.0,0.0,0.0,0.0,0.0,0.0,0.0,0.0,0.0,0.0,0.0,0.0,0.0,0.0,0.0,0.0,0.0,0.0,0.0,0.0,0.0,0.0,0.0,0.0,0.0
42,232000000,odom,base_link,-1.8347605929534188,0.0938351936201658,-0.10519675416255064,-9.33834648014598e-06,0.004419066979368021,-0.00044321319999605626,0.9999901376123099,0.0,0.0,0.0,0.0,0.0,0.0,0.0,0.0,0.0,0.0,0.0,0.0,0.0,0.0,0.0,0.0,0.0,0.0,0.0,0.0,0.0,0.0,0.0,0.0,0.0,0.0,0.0,0.0,0.0,0.0,0.0,0.0,0.0,0.0,0.0,0.0,0.005227477439294993,5.9902937030038777e-05,8.91267293566346e-05,-1.232611313017884e-06,-0.00010670427883496814,7.528491821062744e-05,0.0,0.0,0.0,0.0,0.0,0.0,0.0,0.0,0.0,0.0,0.0,0.0,0.0,0.0,0.0,0.0,0.0,0.0,0.0,0.0,0.0,0.0,0.0,0.0,0.0,0.0,0.0,0.0,0.0,0.0,0.0,0.0,0.0,0.0,0.0,0.0
42,266000000,odom,base_link,-1.834582874086695,0.09383707365637159,-0.10519528114031075,-9.364810567999557e-06,0.004417268956710216,-0.000441864395676818,0.999990146153011,0.0,0.0,0.0,0.0,0.0,0.0,0.0,0.0,0.0,0.0,0.0,0.0,0.0,0.0,0.0,0.0,0.0,0.0,0.0,0.0,0.0,0.0,0.0,0.0,0.0,0.0,0.0,0.0,0.0,0.0,0.0,0.0,0.0,0.0,0.0,0.0,0.005225797048129808,5.993758541192394e-05,8.948390168658405e-05,-1.0380310944135829e-06,-0.00010383665554059007,7.764533265230966e-05,0.0,0.0,0.0,0.0,0.0,0.0,0.0,0.0,0.0,0.0,0.0,0.0,0.0,0.0,0.0,0.0,0.0,0.0,0.0,0.0,0.0,0.0,0.0,0.0,0.0,0.0,0.0,0.0,0.0,0.0,0.0,0.0,0.0,0.0,0.0,0.0
42,300000000,odom,base_link,-1.8344052121629828,0.09383895654476893,-0.10519383760793198,-9.384713517185357e-06,0.004415556127491315,-0.0004407382519015035,0.9999901542144329,0.0,0.0,0.0,0.0,0.0,0.0,0.0,0.0,0.0,0.0,0.0,0.0,0.0,0.0,0.0,0.0,0.0,0.0,0.0,0.0,0.0,0.0,0.0,0.0,0.0,0.0,0.0,0.0,0.0,0.0,0.0,0.0,0.0,0.0,0.0,0.0,0.005224134162901583,6.001664976783757e-05,8.792961080828973e-05,-7.753965580725719e-07,-9.984355955339197e-05,6.039316851058629e-05,0.0,0.0,0.0,0.0,0.0,0.0,0.0,0.0,0.0,0.0,0.0,0.0,0.0,0.0,0.0,0.0,0.0,0.0,0.0,0.0,0.0,0.0,0.0,0.0,0.0,0.0,0.0,0.0,0.0,0.0,0.0,0.0,0.0,0.0,0.0,0.0
42,334000000,odom,base_link,-1.8342276074421493,0.0938408417615286,-0.1051924040049378,-9.406275901381217e-06,0.00441379799878258,-0.0004397193550251724,0.9999901624244294,0.0,0.0,0.0,0.0,0.0,0.0,0.0,0.0,0.0,0.0,0.0,0.0,0.0,0.0,0.0,0.0,0.0,0.0,0.0,0.0,0.0,0.0,0.0,0.0,0.0,0.0,0.0,0.0,0.0,0.0,0.0,0.0,0.0,0.0,0.0,0.0,0.005222444265256631,6.005730739543293e-05,8.866708873421981e-05,-1.0604761402355223e-06,-0.00010503609573220274,6.127627898422361e-05,0.0,0.0,0.0,0.0,0.0,0.0,0.0,0.0,0.0,0.0,0.0,0.0,0.0,0.0,0.0,0.0,0.0,0.0,0.0,0.0,0.0,0.0,0.0,0.0,0.0,0.0,0.0,0.0,0.0,0.0,0.0,0.0,0.0,0.0,0.0,0.0
42,368000000,odom,base_link,-1.8340500605713355,0.09384272872705017,-0.10519095746409801,-9.43035092466329e-06,0.004412018350801195,-0.0004386754098240658,0.9999901707362056,0.0,0.0,0.0,0.0,0.0,0.0,0.0,0.0,0.0,0.0,0.0,0.0,0.0,0.0,0.0,0.0,0.0,0.0,0.0,0.0,0.0,0.0,0.0,0.0,0.0,0.0,0.0,0.0,0.0,0.0,0.0,0.0,0.0,0.0,0.0,0.0,0.005220728029416416,6.0104682654084275e-05,8.8444227038762e-05,-1.0596135080476188e-06,-0.00010317396004211332,5.885504243963169e-05,0.0,0.0,0.0,0.0,0.0,0.0,0.0,0.0,0.0,0.0,0.0,0.0,0.0,0.0,0.0,0.0,0.0,0.0,0.0,0.0,0.0,0.0,0.0,0.0,0.0,0.0,0.0,0.0,0.0,0.0,0.0,0.0,0.0,0.0,0.0,0.0
42,402000000,odom,base_link,-1.8338725713842943,0.0938446182796775,-0.10518955000263104,-9.452145182902537e-06,0.00441029821247424,-0.00043780159582385345,0.9999901787068194,0.0,0.0,0.0,0.0,0.0,0.0,0.0,0.0,0.0,0.0,0.0,0.0,0.0,0.0,0.0,0.0,0.0,0.0,0.0,0.0,0.0,0.0,0.0,0.0,0.0,0.0,0.0,0.0,0.0,0.0,0.0,0.0,0.0,0.0,0.0,0.0,0.005219064097293992,6.017234674074003e-05,8.672038071318847e-05,-1.0050530740990382e-06,-0.00010058728392436933,4.761962841826062e-05,0.0,0.0,0.0,0.0,0.0,0.0,0.0,0.0,0.0,0.0,0.0,0.0,0.0,0.0,0.0,0.0,0.0,0.0,0.0,0.0,0.0,0.0,0.0,0.0,0.0,0.0,0.0,0.0,0.0,0.0,0.0,0.0,0.0,0.0,0.0,0.0
42,436000000,odom,base_link,-1.8336951393986607,0.09384650957734969,-0.10518815017013397,-9.476547340496977e-06,0.004408531177973176,-0.0004369093665496309,0.9999901868884781,0.0,0.0,0.0,0.0,0.0,0.0,0.0,0.0,0.0,0.0,0.0,0.0,0.0,0.0,0.0,0.0,0.0,0.0,0.0,0.0,0.0,0.0,0.0,0.0,0.0,0.0,0.0,0.0,0.0,0.0,0.0,0.0,0.0,0.0,0.0,0.0,0.005217375007737151,6.019697734460989e-05,8.749709713893705e-05,-1.2204494526102394e-06,-0.00010512662242945225,5.609643558557309e-05,0.0,0.0,0.0,0.0,0.0,0.0,0.0,0.0,0.0,0.0,0.0,0.0,0.0,0.0,0.0,0.0,0.0,0.0,0.0,0.0,0.0,0.0,0.0,0.0,0.0,0.0,0.0,0.0,0.0,0.0,0.0,0.0,0.0,0.0,0.0,0.0
42,470000000,odom,base_link,-1.8335177645467935,0.09384840215742256,-0.10518674326957066,-9.501100274190765e-06,0.004406758312098349,-0.00043589169545393277,0.9999901951466013,0.0,0.0,0.0,0.0,0.0,0.0,0.0,0.0,0.0,0.0,0.0,0.0,0.0,0.0,0.0,0.0,0.0,0.0,0.0,0.0,0.0,0.0,0.0,0.0,0.0,0.0,0.0,0.0,0.0,0.0,0.0,0.0,0.0,0.0,0.0,0.0,0.005215700588364054,6.02315976526579e-05,8.715124914736042e-05,-1.016749440196918e-06,-0.00010252154680756576,5.939427829559918e-05,0.0,0.0,0.0,0.0,0.0,0.0,0.0,0.0,0.0,0.0,0.0,0.0,0.0,0.0,0.0,0.0,0.0,0.0,0.0,0.0,0.0,0.0,0.0,0.0,0.0,0.0,0.0,0.0,0.0,0.0,0.0,0.0,0.0,0.0,0.0,0.0
42,504000000,odom,base_link,-1.8333404466953278,0.09385029683185506,-0.10518537754037918,-9.521868913618777e-06,0.004405046749894292,-0.00043493496145097216,0.9999902031040326,0.0,0.0,0.0,0.0,0.0,0.0,0.0,0.0,0.0,0.0,0.0,0.0,0.0,0.0,0.0,0.0,0.0,0.0,0.0,0.0,0.0,0.0,0.0,0.0,0.0,0.0,0.0,0.0,0.0,0.0,0.0,0.0,0.0,0.0,0.0,0.0,0.005214036951189308,6.0283848753505e-05,8.539794025536197e-05,-9.051224991729612e-07,-0.00010017420706276425,5.476325029007967e-05,0.0,0.0,0.0,0.0,0.0,0.0,0.0,0.0,0.0,0.0,0.0,0.0,0.0,0.0,0.0,0.0,0.0,0.0,0.0,0.0,0.0,0.0,0.0,0.0,0.0,0.0,0.0,0.0,0.0,0.0,0.0,0.0,0.0,0.0,0.0,0.0
42,538000000,odom,base_link,-1.8331631860475233,0.09385219304611618,-0.10518401694521096,-9.545214783856137e-06,0.0044032838564155964,-0.0004339123160501761,0.9999902113122261,0.0,0.0,0.0,0.0,0.0,0.0,0.0,0.0,0.0,0.0,0.0,0.0,0.0,0.0,0.0,0.0,0.0,0.0,0.0,0.0,0.0,0.0,0.0,0.0,0.0,0.0,0.0,0.0,0.0,0.0,0.0,0.0,0.0,0.0,0.0,0.0,0.005212347223618606,6.030672606911683e-05,8.622711361008217e-05,-1.1258501020350309e-06,-0.00010483222538937298,6.35177705987644e-05,0.0,0.0,0.0,0.0,0.0,0.0,0.0,0.0,0.0,0.0,0.0,0.0,0.0,0.0,0.0,0.0,0.0,0.0,0.0,0.0,0.0,0.0,0.0,0.0,0.0,0.0,0.0,0.0,0.0,0.0,0.0,0.0,0.0,0.0,0.0,0.0
42,572000000,odom,base_link,-1.83298598252065,0.09385409069951851,-0.1051826490995355,-9.569411179914952e-06,0.004401520500655713,-0.00043279820464793225,0.9999902195578828,0.0,0.0,0.0,0.0,0.0,0.0,0.0,0.0,0.0,0.0,0.0,0.0,0.0,0.0,0.0,0.0,0.0,0.0,0.0,0.0,0.0,0.0,0.0,0.0,0.0,0.0,0.0,0.0,0.0,0.0,0.0,0.0,0.0,0.0,0.0,0.0,0.005210673126855144,6.0348362930646364e-05,8.593647781229918e-05,-1.0076767531508324e-06,-0.00010187609049694402,6.325098311776856e-05,0.0,0.0,0.0,0.0,0.0,0.0,0.0,0.0,0.0,0.0,0.0,0.0,0.0,0.0,0.0,0.0,0.0,0.0,0.0,0.0,0.0,0.0,0.0,0.0,0.0,0.0,0.0,0.0,0.0,0.0,0.0,0.0,0.0,0.0,0.0,0.0
42,606000000,odom,base_link,-1.8328088359895327,0.09385599079875079,-0.10518131815721549,-9.590260240010281e-06,0.004399815747784645,-0.00043182444799668595,0.9999902274807783,0.0,0.0,0.0,0.0,0.0,0.0,0.0,0.0,0.0,0.0,0.0,0.0,0.0,0.0,0.0,0.0,0.0,0.0,0.0,0.0,0.0,0.0,0.0,0.0,0.0,0.0,0.0,0.0,0.0,0.0,0.0,0.0,0.0,0.0,0.0,0.0,0.00520900740301786,6.040932422559667e-05,8.438712498969002e-05,-9.202905160154984e-07,-0.00010000763168704907,5.45173136856647e-05,0.0,0.0,0.0,0.0,0.0,0.0,0.0,0.0,0.0,0.0,0.0,0.0,0.0,0.0,0.0,0.0,0.0,0.0,0.0,0.0,0.0,0.0,0.0,0.0,0.0,0.0,0.0,0.0,0.0,0.0,0.0,0.0,0.0,0.0,0.0,0.0
42,640000000,odom,base_link,-1.8326317466649904,0.09385789259303756,-0.10517998137110116,-9.61384689002918e-06,0.004398054360002672,-0.0004308210877618274,0.9999902356616341,0.0,0.0,0.0,0.0,0.0,0.0,0.0,0.0,0.0,0.0,0.0,0.0,0.0,0.0,0.0,0.0,0.0,0.0,0.0,0.0,0.0,0.0,0.0,0.0,0.0,0.0,0.0,0.0,0.0,0.0,0.0,0.0,0.0,0.0,0.0,0.0,0.00520731548905883,6.0435695761058494e-05,8.54547701728202e-05,-1.1414270417731132e-06,-0.00010460543222734486,6.168003636730646e-05,0.0,0.0,0.0,0.0,0.0,0.0,0.0,0.0,0.0,0.0,0.0,0.0,0.0,0.0,0.0,0.0,0.0,0.0,0.0,0.0,0.0,0.0,0.0,0.0,0.0,0.0,0.0,0.0,0.0,0.0,0.0,0.0,0.0,0.0,0.0,0.0
42,674000000,odom,base_link,-1.8324547144627863,0.09385979595272646,-0.10517863392273294,-9.637971406286611e-06,0.004396298073107494,-0.0004297571904640235,0.9999902438419682,0.0,0.0,0.0,0.0,0.0,0.0,0.0,0.0,0.0,0.0,0.0,0.0,0.0,0.0,0.0,0.0,0.0,0.0,0.0,0.0,0.0,0.0,0.0,0.0,0.0,0.0,0.0,0.0,0.0,0.0,0.0,0.0,0.0,0.0,0.0,0.0,0.005205640328574382,6.048056078192484e-05,8.528673011482967e-05,-1.0150655871399294e-06,-0.00010141952913045316,6.002844585850653e-05,0.0,0.0,0.0,0.0,0.0,0.0,0.0,0.0,0.0,0.0,0.0,0.0,0.0,0.0,0.0,0.0,0.0,0.0,0.0,0.0,0.0,0.0,0.0,0.0,0.0,0.0,0.0,0.0,0.0,0.0,0.0,0.0,0.0,0.0,0.0,0.0
42,708000000,odom,base_link,-1.8322777392674068,0.09386170173543297,-0.10517731604736703,-9.658880710315121e-06,0.00439459677537111,-0.0004288311821140876,0.999990251717338,0.0,0.0,0.0,0.0,0.0,0.0,0.0,0.0,0.0,0.0,0.0,0.0,0.0,0.0,0.0,0.0,0.0,0.0,0.0,0.0,0.0,0.0,0.0,0.0,0.0,0.0,0.0,0.0,0.0,0.0,0.0,0.0,0.0,0.0,0.0,0.0,0.005203970609275802,6.053912701714975e-05,8.41324843221943e-05,-9.538544343268285e-07,-0.00010027177168581147,5.2478723233662095e-05,0.0,0.0,0.0,0.0,0.0,0.0,0.0,0.0,0.0,0.0,0.0,0.0,0.0,0.0,0.0,0.0,0.0,0.0,0.0,0.0,0.0,0.0,0.0,0.0,0.0,0.0,0.0,0.0,0.0,0.0,0.0,0.0,0.0,0.0,0.0,0.0
42,742000000,odom,base_link,-1.8321008212845826,0.09386360906643258,-0.10517597764630034,-9.682798650129687e-06,0.004392834626638249,-0.0004278441887200983,0.9999902598823334,0.0,0.0,0.0,0.0,0.0,0.0,0.0,0.0,0.0,0.0,0.0,0.0,0.0,0.0,0.0,0.0,0.0,0.0,0.0,0.0,0.0,0.0,0.0,0.0,0.0,0.0,0.0,0.0,0.0,0.0,0.0,0.0,0.0,0.0,0.0,0.0,0.0052022765292233444,6.056251363434783e-05,8.543415231863226e-05,-1.1554343481989804e-06,-0.00010445649820667313,6.0979709815001115e-05,0.0,0.0,0.0,0.0,0.0,0.0,0.0,0.0,0.0,0.0,0.0,0.0,0.0,0.0,0.0,0.0,0.0,0.0,0.0,0.0,0.0,0.0,0.0,0.0,0.0,0.0,0.0,0.0,0.0,0.0,0.0,0.0,0.0,0.0,0.0,0.0
42,776000000,odom,base_link,-1.8319239603987076,0.09386551799487543,-0.10517462467730941,-9.706418185187623e-06,0.004391090505981977,-0.000426806099311105,0.9999902679858976,0.0,0.0,0.0,0.0,0.0,0.0,0.0,0.0,0.0,0.0,0.0,0.0,0.0,0.0,0.0,0.0,0.0,0.0,0.0,0.0,0.0,0.0,0.0,0.0,0.0,0.0,0.0,0.0,0.0,0.0,0.0,0.0,0.0,0.0,0.0,0.0,0.005200601168982057,6.0609549446543685e-05,8.53884178762727e-05,-9.869267070250487e-07,-0.0001007330972413456,5.832884575340813e-05,0.0,0.0,0.0,0.0,0.0,0.0,0.0,0.0,0.0,0.0,0.0,0.0,0.0,0.0,0.0,0.0,0.0,0.0,0.0,0.0,0.0,0.0,0.0,0.0,0.0,0.0,0.0,0.0,0.0,0.0,0.0,0.0,0.0,0.0,0.0,0.0
42,810000000,odom,base_link,-1.8317471565300882,0.09386742930258103,-0.10517329812868174,-9.726898953698493e-06,0.004389398704044243,-0.000425898250102773,0.9999902758002625,0.0,0.0,0.0,0.0,0.0,0.0,0.0,0.0,0.0,0.0,0.0,0.0,0.0,0.0,0.0,0.0,0.0,0.0,0.0,0.0,0.0,0.0,0.0,0.0,0.0,0.0,0.0,0.0,0.0,0.0,0.0,0.0,0.0,0.0,0.0,0.0,0.005198930929319305,6.066647664179732e-05,8.43516554083263e-05,-9.356610153332667e-07,-9.942508043536691e-05,5.150111341833963e-05,0.0,0.0,0.0,0.0,0.0,0.0,0.0,0.0,0.0,0.0,0.0,0.0,0.0,0.0,0.0,0.0,0.0,0.0,0.0,0.0,0.0,0.0,0.0,0.0,0.0,0.0,0.0,0.0,0.0,0.0,0.0,0.0,0.0,0.0,0.0,0.0
42,844000000,odom,base_link,-1.8315704098656507,0.09386934213204802,-0.10517194783877168,-9.750591203807243e-06,0.004387644784330016,-0.00042492549831916364,0.9999902839110455,0.0,0.0,0.0,0.0,0.0,0.0,0.0,0.0,0.0,0.0,0.0,0.0,0.0,0.0,0.0,0.0,0.0,0.0,0.0,0.0,0.0,0.0,0.0,0.0,0.0,0.0,0.0,0.0,0.0,0.0,0.0,0.0,0.0,0.0,0.0,0.0,0.005197235452461577,6.068914497932976e-05,8.568895153332017e-05,-1.1500872476588597e-06,-0.000104138816681143,6.02839190122495e-05,0.0,0.0,0.0,0.0,0.0,0.0,0.0,0.0,0.0,0.0,0.0,0.0,0.0,0.0,0.0,0.0,0.0,0.0,0.0,0.0,0.0,0.0,0.0,0.0,0.0,0.0,0.0,0.0,0.0,0.0,0.0,0.0,0.0,0.0,0.0,0.0
42,878000000,odom,base_link,-1.8313937203648785,0.09387125645540831,-0.10517058259791014,-9.774442276253808e-06,0.004385898792509245,-0.00042388004979938354,0.9999902920138503,0.0,0.0,0.0,0.0,0.0,0.0,0.0,0.0,0.0,0.0,0.0,0.0,0.0,0.0,0.0,0.0,0.0,0.0,0.0,0.0,0.0,0.0,0.0,0.0,0.0,0.0,0.0,0.0,0.0,0.0,0.0,0.0,0.0,0.0,0.0,0.0,0.0051955577927375865,6.073212795012894e-05,8.567532191407416e-05,-1.0023714192008981e-06,-0.00010093226876506378,5.9365403970446096e-05,0.0,0.0,0.0,0.0,0.0,0.0,0.0,0.0,0.0,0.0,0.0,0.0,0.0,0.0,0.0,0.0,0.0,0.0,0.0,0.0,0.0,0.0,0.0,0.0,0.0,0.0,0.0,0.0,0.0,0.0,0.0,0.0,0.0,0.0,0.0,0.0
42,912000000,odom,base_link,-1.8312170879336527,0.09387317302143983,-0.10516923684462456,-9.795418734002342e-06,0.0043841966571150515,-0.00042293491972659336,0.9999902998778414,0.0,0.0,0.0,0.0,0.0,0.0,0.0,0.0,0.0,0.0,0.0,0.0,0.0,0.0,0.0,0.0,0.0,0.0,0.0,0.0,0.0,0.0,0.0,0.0,0.0,0.0,0.0,0.0,0.0,0.0,0.0,0.0,0.0,0.0,0.0,0.0,0.005193880921967483,6.078262576127772e-05,8.512158617615356e-05,-9.780561471828264e-07,-0.00010108226504712547,5.528838364909916e-05,0.0,0.0,0.0,0.0,0.0,0.0,0.0,0.0,0.0,0.0,0.0,0.0,0.0,0.0,0.0,0.0,0.0,0.0,0.0,0.0,0.0,0.0,0.0,0.0,0.0,0.0,0.0,0.0,0.0,0.0,0.0,0.0,0.0,0.0,0.0,0.0
42,946000000,odom,base_link,-1.8310405127452294,0.09387509103824242,-0.10516785922332575,-9.819241281194447e-06,0.004382436542023177,-0.0004219087310141709,0.999990308026313,0.0,0.0,0.0,0.0,0.0,0.0,0.0,0.0,0.0,0.0,0.0,0.0,0.0,0.0,0.0,0.0,0.0,0.0,0.0,0.0,0.0,0.0,0.0,0.0,0.0,0.0,0.0,0.0,0.0,0.0,0.0,0.0,0.0,0.0,0.0,0.0,0.0051921867461202555,6.0807121334593884e-05,8.635229605710208e-05,-1.1266034105616995e-06,-0.00010406632711124075,6.296279408957162e-05,0.0,0.0,0.0,0.0,0.0,0.0,0.0,0.0,0.0,0.0,0.0,0.0,0.0,0.0,0.0,0.0,0.0,0.0,0.0,0.0,0.0,0.0,0.0,0.0,0.0,0.0,0.0,0.0,0.0,0.0,0.0,0.0,0.0,0.0,0.0,0.0
42,980000000,odom,base_link,-1.8308639946670375,0.09387701084759748,-0.10516647099674989,-9.840728024711597e-06,0.004380708313337241,-0.00042087897335156793,0.999990316032472,0.0,0.0,0.0,0.0,0.0,0.0,0.0,0.0,0.0,0.0,0.0,0.0,0.0,0.0,0.0,0.0,0.0,0.0,0.0,0.0,0.0,0.0,0.0,0.0,0.0,0.0,0.0,0.0,0.0,0.0,0.0,0.0,0.0,0.0,0.0,0.0,0.005190511850151191,6.0861197396943117e-05,8.616715787999031e-05,-8.855132516139008e-07,-9.998748140560565e-05,5.6940819348483274e-05,0.0,0.0,0.0,0.0,0.0,0.0,0.0,0.0,0.0,0.0,0.0,0.0,0.0,0.0,0.0,0.0,0.0,0.0,0.0,0.0,0.0,0.0,0.0,0.0,0.0,0.0,0.0,0.0,0.0,0.0,0.0,0.0,0.0,0.0,0.0,0.0
43,14000000,odom,base_link,-1.830687533161987,0.09387893311366638,-0.10516510897170471,-9.865260680236365e-06,0.004379021428596954,-0.00041999775742632833,0.9999903237911296,0.0,0.0,0.0,0.0,0.0,0.0,0.0,0.0,0.0,0.0,0.0,0.0,0.0,0.0,0.0,0.0,0.0,0.0,0.0,0.0,0.0,0.0,0.0,0.0,0.0,0.0,0.0,0.0,0.0,0.0,0.0,0.0,0.0,0.0,0.0,0.0,0.0051888820546285635,6.091678511441185e-05,8.556388960773074e-05,-1.7196639334748909e-06,-9.985378497390229e-05,5.109290555083135e-05,0.0,0.0,0.0,0.0,0.0,0.0,0.0,0.0,0.0,0.0,0.0,0.0,0.0,0.0,0.0,0.0,0.0,0.0,0.0,0.0,0.0,0.0,0.0,0.0,0.0,0.0,0.0,0.0,0.0,0.0,0.0,0.0,0.0,0.0,0.0,0.0
43,48000000,odom,base_link,-1.8305111278706239,0.09388085678919376,-0.10516371369985408,-9.895869964098623e-06,0.004377266226413237,-0.0004190274647821418,0.9999903318824831,0.0,0.0,0.0,0.0,0.0,0.0,0.0,0.0,0.0,0.0,0.0,0.0,0.0,0.0,0.0,0.0,0.0,0.0,0.0,0.0,0.0,0.0,0.0,0.0,0.0,0.0,0.0,0.0,0.0,0.0,0.0,0.0,0.0,0.0,0.0,0.0,0.005187186033962802,6.093810818446321e-05,8.676032151389144e-05,-1.4185484897843992e-06,-0.0001040233598814666,6.0139085888977206e-05,0.0,0.0,0.0,0.0,0.0,0.0,0.0,0.0,0.0,0.0,0.0,0.0,0.0,0.0,0.0,0.0,0.0,0.0,0.0,0.0,0.0,0.0,0.0,0.0,0.0,0.0,0.0,0.0,0.0,0.0,0.0,0.0,0.0,0.0,0.0,0.0
43,82000000,odom,base_link,-1.8303347797031382,0.09388278219844484,-0.10516231193533661,-9.919518780722414e-06,0.004375545043333728,-0.00041804380773297225,0.9999903398266164,0.0,0.0,0.0,0.0,0.0,0.0,0.0,0.0,0.0,0.0,0.0,0.0,0.0,0.0,0.0,0.0,0.0,0.0,0.0,0.0,0.0,0.0,0.0,0.0,0.0,0.0,0.0,0.0,0.0,0.0,0.0,0.0,0.0,0.0,0.0,0.0,0.005185512718944718,6.0990877800009774e-05,8.636707853748417e-05,-9.181753524156733e-07,-9.960771549799574e-05,5.47688223662135e-05,0.0,0.0,0.0,0.0,0.0,0.0,0.0,0.0,0.0,0.0,0.0,0.0,0.0,0.0,0.0,0.0,0.0,0.0,0.0,0.0,0.0,0.0,0.0,0.0,0.0,0.0,0.0,0.0,0.0,0.0,0.0,0.0,0.0,0.0,0.0,0.0
43,116000000,odom,base_link,-1.8301584886946767,0.09388470986261674,-0.10516094129208466,-9.93836385100162e-06,0.004373850809634959,-0.00041716725708481445,0.9999903476043175,0.0,0.0,0.0,0.0,0.0,0.0,0.0,0.0,0.0,0.0,0.0,0.0,0.0,0.0,0.0,0.0,0.0,0.0,0.0,0.0,0.0,0.0,0.0,0.0,0.0,0.0,0.0,0.0,0.0,0.0,0.0,0.0,0.0,0.0,0.0,0.0,0.005183833130183434,6.103763961455074e-05,8.580633997142375e-05,-9.100517284199583e-07,-0.00010140247113099576,5.2587440180218437e-05,0.0,0.0,0.0,0.0,0.0,0.0,0.0,0.0,0.0,0.0,0.0,0.0,0.0,0.0,0.0,0.0,0.0,0.0,0.0,0.0,0.0,0.0,0.0,0.0,0.0,0.0,0.0,0.0,0.0,0.0,0.0,0.0,0.0,0.0,0.0,0.0
43,150000000,odom,base_link,-1.8299822549860276,0.09388663879740745,-0.10515954085411482,-9.961299768167878e-06,0.004372091501628926,-0.0004161711225204423,0.9999903557126292,0.0,0.0,0.0,0.0,0.0,0.0,0.0,0.0,0.0,0.0,0.0,0.0,0.0,0.0,0.0,0.0,0.0,0.0,0.0,0.0,0.0,0.0,0.0,0.0,0.0,0.0,0.0,0.0,0.0,0.0,0.0,0.0,0.0,0.0,0.0,0.0,0.005182140412826023,6.105904926748308e-05,8.67116832355273e-05,-1.0912816872377107e-06,-0.00010392268094960855,6.167414809965521e-05,0.0,0.0,0.0,0.0,0.0,0.0,0.0,0.0,0.0,0.0,0.0,0.0,0.0,0.0,0.0,0.0,0.0,0.0,0.0,0.0,0.0,0.0,0.0,0.0,0.0,0.0,0.0,0.0,0.0,0.0,0.0,0.0,0.0,0.0,0.0,0.0
43,184000000,odom,base_link,-1.8298060785077157,0.0938885688290024,-0.10515810350378992,-9.986414027819962e-06,0.004370314738780408,-0.0004150142050984583,0.999990363959856,0.0,0.0,0.0,0.0,0.0,0.0,0.0,0.0,0.0,0.0,0.0,0.0,0.0,0.0,0.0,0.0,0.0,0.0,0.0,0.0,0.0,0.0,0.0,0.0,0.0,0.0,0.0,0.0,0.0,0.0,0.0,0.0,0.0,0.0,0.0,0.0,0.005180446840501404,6.10773131148009e-05,8.804798892887802e-05,-1.1487240603180737e-06,-0.00010468406586028323,7.156226118354425e-05,0.0,0.0,0.0,0.0,0.0,0.0,0.0,0.0,0.0,0.0,0.0,0.0,0.0,0.0,0.0,0.0,0.0,0.0,0.0,0.0,0.0,0.0,0.0,0.0,0.0,0.0,0.0,0.0,0.0,0.0,0.0,0.0,0.0,0.0,0.0,0.0
43,218000000,odom,base_link,-1.8296299592288925,0.09389050023897805,-0.10515664455494225,-1.0010700260745683e-05,0.004368558027722741,-0.00041375800467351105,0.9999903721560812,0.0,0.0,0.0,0.0,0.0,0.0,0.0,0.0,0.0,0.0,0.0,0.0,0.0,0.0,0.0,0.0,0.0,0.0,0.0,0.0,0.0,0.0,0.0,0.0,0.0,0.0,0.0,0.0,0.0,0.0,0.0,0.0,0.0,0.0,0.0,0.0,0.005178766434594137,6.111770221408429e-05,8.806436790805454e-05,-9.376916798586876e-07,-0.00010130654217732626,7.093269331903684e-05,0.0,0.0,0.0,0.0,0.0,0.0,0.0,0.0,0.0,0.0,0.0,0.0,0.0,0.0,0.0,0.0,0.0,0.0,0.0,0.0,0.0,0.0,0.0,0.0,0.0,0.0,0.0,0.0,0.0,0.0,0.0,0.0,0.0,0.0,0.0,0.0
43,252000000,odom,base_link,-1.8294538970469727,0.09389243440071837,-0.10515521972345074,-1.0029419795906648e-05,0.004366873237529208,-0.0004127168600799112,0.999990379944893,0.0,0.0,0.0,0.0,0.0,0.0,0.0,0.0,0.0,0.0,0.0,0.0,0.0,0.0,0.0,0.0,0.0,0.0,0.0,0.0,0.0,0.0,0.0,0.0,0.0,0.0,0.0,0.0,0.0,0.0,0.0,0.0,0.0,0.0,0.0,0.0,0.005177098721480463,6.119027963475521e-05,8.643562361911492e-05,-7.535189028295974e-07,-9.842533543746868e-05,5.627183448098094e-05,0.0,0.0,0.0,0.0,0.0,0.0,0.0,0.0,0.0,0.0,0.0,0.0,0.0,0.0,0.0,0.0,0.0,0.0,0.0,0.0,0.0,0.0,0.0,0.0,0.0,0.0,0.0,0.0,0.0,0.0,0.0,0.0,0.0,0.0,0.0,0.0
43,286000000,odom,base_link,-1.8292778922068282,0.09389437069752382,-0.10515380522174532,-1.0050178199762882e-05,0.004365140069049613,-0.0004117535385428942,0.9999903879089014,0.0,0.0,0.0,0.0,0.0,0.0,0.0,0.0,0.0,0.0,0.0,0.0,0.0,0.0,0.0,0.0,0.0,0.0,0.0,0.0,0.0,0.0,0.0,0.0,0.0,0.0,0.0,0.0,0.0,0.0,0.0,0.0,0.0,0.0,0.0,0.0,0.00517540578882305,6.122801203624166e-05,8.710638210027036e-05,-1.0202765410305403e-06,-0.00010333998332612282,5.7990246915551324e-05,0.0,0.0,0.0,0.0,0.0,0.0,0.0,0.0,0.0,0.0,0.0,0.0,0.0,0.0,0.0,0.0,0.0,0.0,0.0,0.0,0.0,0.0,0.0,0.0,0.0,0.0,0.0,0.0,0.0,0.0,0.0,0.0,0.0,0.0,0.0,0.0
43,320000000,odom,base_link,-1.8291019446511947,0.09389630871660735,-0.10515238448648115,-1.0072753028865325e-05,0.004363396293803321,-0.0004107736744560089,0.9999903959220365,0.0,0.0,0.0,0.0,0.0,0.0,0.0,0.0,0.0,0.0,0.0,0.0,0.0,0.0,0.0,0.0,0.0,0.0,0.0,0.0,0.0,0.0,0.0,0.0,0.0,0.0,0.0,0.0,0.0,0.0,0.0,0.0,0.0,0.0,0.0,0.0,0.005173727408569736,6.127601511380543e-05,8.671780764460129e-05,-9.83962522571602e-07,-0.00010090257518413637,5.4827454221140215e-05,0.0,0.0,0.0,0.0,0.0,0.0,0.0,0.0,0.0,0.0,0.0,0.0,0.0,0.0,0.0,0.0,0.0,0.0,0.0,0.0,0.0,0.0,0.0,0.0,0.0,0.0,0.0,0.0,0.0,0.0,0.0,0.0,0.0,0.0,0.0,0.0
43,354000000,odom,base_link,-1.82892605425378,0.09389824921577125,-0.105151006420609,-1.0093049472183877e-05,0.004361707923801219,-0.00040995424115071206,0.9999904036237738,0.0,0.0,0.0,0.0,0.0,0.0,0.0,0.0,0.0,0.0,0.0,0.0,0.0,0.0,0.0,0.0,0.0,0.0,0.0,0.0,0.0,0.0,0.0,0.0,0.0,0.0,0.0,0.0,0.0,0.0,0.0,0.0,0.0,0.0,0.0,0.0,0.005172058794271126,6.133912503951953e-05,8.498607071930045e-05,-9.454796168206769e-07,-9.903552538048643e-05,4.515892157996859e-05,0.0,0.0,0.0,0.0,0.0,0.0,0.0,0.0,0.0,0.0,0.0,0.0,0.0,0.0,0.0,0.0,0.0,0.0,0.0,0.0,0.0,0.0,0.0,0.0,0.0,0.0,0.0,0.0,0.0,0.0,0.0,0.0,0.0,0.0,0.0,0.0
43,388000000,odom,base_link,-1.8287502211873696,0.09390019128465626,-0.1051496283723494,-1.0116205280255379e-05,0.004359966171630342,-0.0004090899122981581,0.9999904115730751,0.0,0.0,0.0,0.0,0.0,0.0,0.0,0.0,0.0,0.0,0.0,0.0,0.0,0.0,0.0,0.0,0.0,0.0,0.0,0.0,0.0,0.0,0.0,0.0,0.0,0.0,0.0,0.0,0.0,0.0,0.0,0.0,0.0,0.0,0.0,0.0,0.005170365056737201,6.136134405177841e-05,8.588828863660209e-05,-1.1502771180005311e-06,-0.00010339592719788016,5.41711237644904e-05,0.0,0.0,0.0,0.0,0.0,0.0,0.0,0.0,0.0,0.0,0.0,0.0,0.0,0.0,0.0,0.0,0.0,0.0,0.0,0.0,0.0,0.0,0.0,0.0,0.0,0.0,0.0,0.0,0.0,0.0,0.0,0.0,0.0,0.0,0.0,0.0
43,422000000,odom,base_link,-1.828574445381968,0.09390213464534865,-0.10514824715553528,-1.0139939999516971e-05,0.0043582264052304,-0.00040811574342437416,0.9999904195547686,0.0,0.0,0.0,0.0,0.0,0.0,0.0,0.0,0.0,0.0,0.0,0.0,0.0,0.0,0.0,0.0,0.0,0.0,0.0,0.0,0.0,0.0,0.0,0.0,0.0,0.0,0.0,0.0,0.0,0.0,0.0,0.0,0.0,0.0,0.0,0.0,0.005168687654784462,6.139694447363346e-05,8.545564597767957e-05,-1.0111164128190353e-06,-0.00010052911036950718,5.651965295783157e-05,0.0,0.0,0.0,0.0,0.0,0.0,0.0,0.0,0.0,0.0,0.0,0.0,0.0,0.0,0.0,0.0,0.0,0.0,0.0,0.0,0.0,0.0,0.0,0.0,0.0,0.0,0.0,0.0,0.0,0.0,0.0,0.0,0.0,0.0,0.0,0.0
43,456000000,odom,base_link,-1.8283987267168693,0.09390408007087257,-0.10514690896675646,-1.0159870893181757e-05,0.00435654632285087,-0.0004072098433794434,0.9999904272447099,0.0,0.0,0.0,0.0,0.0,0.0,0.0,0.0,0.0,0.0,0.0,0.0,0.0,0.0,0.0,0.0,0.0,0.0,0.0,0.0,0.0,0.0,0.0,0.0,0.0,0.0,0.0,0.0,0.0,0.0,0.0,0.0,0.0,0.0,0.0,0.0,0.005167019710163645,6.144827108389115e-05,8.368532139065634e-05,-8.688098462883431e-07,-9.843559780620126e-05,5.178867397148679e-05,0.0,0.0,0.0,0.0,0.0,0.0,0.0,0.0,0.0,0.0,0.0,0.0,0.0,0.0,0.0,0.0,0.0,0.0,0.0,0.0,0.0,0.0,0.0,0.0,0.0,0.0,0.0,0.0,0.0,0.0,0.0,0.0,0.0,0.0,0.0,0.0
43,490000000,odom,base_link,-1.8282230653958578,0.09390602698120358,-0.10514557251608223,-1.0182030865395795e-05,0.0043548116093565905,-0.00040623935846250027,0.9999904351951356,0.0,0.0,0.0,0.0,0.0,0.0,0.0,0.0,0.0,0.0,0.0,0.0,0.0,0.0,0.0,0.0,0.0,0.0,0.0,0.0,0.0,0.0,0.0,0.0,0.0,0.0,0.0,0.0,0.0,0.0,0.0,0.0,0.0,0.0,0.0,0.0,0.005165325161672943,6.14707614173488e-05,8.46055224537866e-05,-1.0670084704678118e-06,-0.00010311152962572123,6.023427800982972e-05,0.0,0.0,0.0,0.0,0.0,0.0,0.0,0.0,0.0,0.0,0.0,0.0,0.0,0.0,0.0,0.0,0.0,0.0,0.0,0.0,0.0,0.0,0.0,0.0,0.0,0.0,0.0,0.0,0.0,0.0,0.0,0.0,0.0,0.0,0.0,0.0
43,524000000,odom,base_link,-1.8280474613019484,0.09390797538945554,-0.10514422854651985,-1.0204356563921483e-05,0.00435308540947792,-0.00040520479243054067,0.9999904431305157,0.0,0.0,0.0,0.0,0.0,0.0,0.0,0.0,0.0,0.0,0.0,0.0,0.0,0.0,0.0,0.0,0.0,0.0,0.0,0.0,0.0,0.0,0.0,0.0,0.0,0.0,0.0,0.0,0.0,0.0,0.0,0.0,0.0,0.0,0.0,0.0,0.005163648392151969,6.151607695889709e-05,8.429861976689999e-05,-9.199528638870191e-07,-9.958166060641815e-05,5.789371506637053e-05,0.0,0.0,0.0,0.0,0.0,0.0,0.0,0.0,0.0,0.0,0.0,0.0,0.0,0.0,0.0,0.0,0.0,0.0,0.0,0.0,0.0,0.0,0.0,0.0,0.0,0.0,0.0,0.0,0.0,0.0,0.0,0.0,0.0,0.0,0.0,0.0
43,558000000,odom,base_link,-1.8278719143388678,0.09390992621734988,-0.10514292168551322,-1.0223534176928272e-05,0.004351413500530948,-0.0004043193679051445,0.9999904507653438,0.0,0.0,0.0,0.0,0.0,0.0,0.0,0.0,0.0,0.0,0.0,0.0,0.0,0.0,0.0,0.0,0.0,0.0,0.0,0.0,0.0,0.0,0.0,0.0,0.0,0.0,0.0,0.0,0.0,0.0,0.0,0.0,0.0,0.0,0.0,0.0,0.0051619766673171395,6.157457187203034e-05,8.291696908825963e-05,-8.722833788610274e-07,-9.858109280003191e-05,4.992888733568179e-05,0.0,0.0,0.0,0.0,0.0,0.0,0.0,0.0,0.0,0.0,0.0,0.0,0.0,0.0,0.0,0.0,0.0,0.0,0.0,0.0,0.0,0.0,0.0,0.0,0.0,0.0,0.0,0.0,0.0,0.0,0.0,0.0,0.0,0.0,0.0,0.0
43,592000000,odom,base_link,-1.8276964247159462,0.0939118785981627,-0.10514159992743241,-1.0245925172646102e-05,0.00434967894951176,-0.0004033860633018563,0.9999904586883522,0.0,0.0,0.0,0.0,0.0,0.0,0.0,0.0,0.0,0.0,0.0,0.0,0.0,0.0,0.0,0.0,0.0,0.0,0.0,0.0,0.0,0.0,0.0,0.0,0.0,0.0,0.0,0.0,0.0,0.0,0.0,0.0,0.0,0.0,0.0,0.0,0.0051602801714678796,6.1599114669127e-05,8.408458731370651e-05,-1.090332435449426e-06,-0.000102852670380571,5.7507507023046855e-05,0.0,0.0,0.0,0.0,0.0,0.0,0.0,0.0,0.0,0.0,0.0,0.0,0.0,0.0,0.0,0.0,0.0,0.0,0.0,0.0,0.0,0.0,0.0,0.0,0.0,0.0,0.0,0.0,0.0,0.0,0.0,0.0,0.0,0.0,0.0,0.0
43,626000000,odom,base_link,-1.8275209923283497,0.09391383253345045,-0.10514026829604561,-1.0268307392562792e-05,0.004347958988308514,-0.00040240438066843604,0.9999904665635129,0.0,0.0,0.0,0.0,0.0,0.0,0.0,0.0,0.0,0.0,0.0,0.0,0.0,0.0,0.0,0.0,0.0,0.0,0.0,0.0,0.0,0.0,0.0,0.0,0.0,0.0,0.0,0.0,0.0,0.0,0.0,0.0,0.0,0.0,0.0,0.0,0.005158601802605365,6.164448065547647e-05,8.390881486336282e-05,-9.410717094482379e-07,-9.931523479167481e-05,5.522249111322708e-05,0.0,0.0,0.0,0.0,0.0,0.0,0.0,0.0,0.0,0.0,0.0,0.0,0.0,0.0,0.0,0.0,0.0,0.0,0.0,0.0,0.0,0.0,0.0,0.0,0.0,0.0,0.0,0.0,0.0,0.0,0.0,0.0,0.0,0.0,0.0,0.0
43,660000000,odom,base_link,-1.8273456170921305,0.09391578876255582,-0.10513896729697224,-1.0287745558227777e-05,0.004346290765416008,-0.0004015459736838444,0.9999904741604171,0.0,0.0,0.0,0.0,0.0,0.0,0.0,0.0,0.0,0.0,0.0,0.0,0.0,0.0,0.0,0.0,0.0,0.0,0.0,0.0,0.0,0.0,0.0,0.0,0.0,0.0,0.0,0.0,0.0,0.0,0.0,0.0,0.0,0.0,0.0,0.0,0.005156928362643701,6.169983991479889e-05,8.265865693984605e-05,-8.87877604771603e-07,-9.82236166180428e-05,4.868237866162417e-05,0.0,0.0,0.0,0.0,0.0,0.0,0.0,0.0,0.0,0.0,0.0,0.0,0.0,0.0,0.0,0.0,0.0,0.0,0.0,0.0,0.0,0.0,0.0,0.0,0.0,0.0,0.0,0.0,0.0,0.0,0.0,0.0,0.0,0.0,0.0,0.0
43,694000000,odom,base_link,-1.8271702992220586,0.09391774645444419,-0.10513764796273102,-1.0310223738376504e-05,0.004344560088719049,-0.0004006215708149695,0.9999904820515503,0.0,0.0,0.0,0.0,0.0,0.0,0.0,0.0,0.0,0.0,0.0,0.0,0.0,0.0,0.0,0.0,0.0,0.0,0.0,0.0,0.0,0.0,0.0,0.0,0.0,0.0,0.0,0.0,0.0,0.0,0.0,0.0,0.0,0.0,0.0,0.0,0.005155229637941487,6.172167602274866e-05,8.398493621796791e-05,-1.0956291762731496e-06,-0.0001026918013735667,5.742467870106793e-05,0.0,0.0,0.0,0.0,0.0,0.0,0.0,0.0,0.0,0.0,0.0,0.0,0.0,0.0,0.0,0.0,0.0,0.0,0.0,0.0,0.0,0.0,0.0,0.0,0.0,0.0,0.0,0.0,0.0,0.0,0.0,0.0,0.0,0.0,0.0,0.0
43,728000000,odom,base_link,-1.8269950385648845,0.09391970571406143,-0.10513631269473306,-1.0332181411075075e-05,0.004342851387652718,-0.00039965357256917917,0.999990489860825,0.0,0.0,0.0,0.0,0.0,0.0,0.0,0.0,0.0,0.0,0.0,0.0,0.0,0.0,0.0,0.0,0.0,0.0,0.0,0.0,0.0,0.0,0.0,0.0,0.0,0.0,0.0,0.0,0.0,0.0,0.0,0.0,0.0,0.0,0.0,0.0,0.005153551047919147,6.17691834643535e-05,8.393942426862925e-05,-9.145700030632753e-07,-9.864778292012488e-05,5.411616186279389e-05,0.0,0.0,0.0,0.0,0.0,0.0,0.0,0.0,0.0,0.0,0.0,0.0,0.0,0.0,0.0,0.0,0.0,0.0,0.0,0.0,0.0,0.0,0.0,0.0,0.0,0.0,0.0,0.0,0.0,0.0,0.0,0.0,0.0,0.0,0.0,0.0
43,762000000,odom,base_link,-1.8268198350807985,0.09392166721976586,-0.10513499951494273,-1.0351500104497739e-05,0.004341182955064714,-0.0003987999147041006,0.9999904974458633,0.0,0.0,0.0,0.0,0.0,0.0,0.0,0.0,0.0,0.0,0.0,0.0,0.0,0.0,0.0,0.0,0.0,0.0,0.0,0.0,0.0,0.0,0.0,0.0,0.0,0.0,0.0,0.0,0.0,0.0,0.0,0.0,0.0,0.0,0.0,0.0,0.005151870301612761,6.181871063096789e-05,8.34183786933569e-05,-9.267721590155986e-07,-9.944328454025708e-05,5.0212577917818635e-05,0.0,0.0,0.0,0.0,0.0,0.0,0.0,0.0,0.0,0.0,0.0,0.0,0.0,0.0,0.0,0.0,0.0,0.0,0.0,0.0,0.0,0.0,0.0,0.0,0.0,0.0,0.0,0.0,0.0,0.0,0.0,0.0,0.0,0.0,0.0,0.0
43,796000000,odom,base_link,-1.8266446889598293,0.0939236300608355,-0.10513365027712598,-1.0374217350917005e-05,0.0043394487879457825,-0.0003978519246774813,0.999990505350145,0.0,0.0,0.0,0.0,0.0,0.0,0.0,0.0,0.0,0.0,0.0,0.0,0.0,0.0,0.0,0.0,0.0,0.0,0.0,0.0,0.0,0.0,0.0,0.0,0.0,0.0,0.0,0.0,0.0,0.0,0.0,0.0,0.0,0.0,0.0,0.0,0.005150171983202051,6.184092191789937e-05,8.474189955036946e-05,-1.0910463421609506e-06,-0.00010257123435053472,5.8607816910694055e-05,0.0,0.0,0.0,0.0,0.0,0.0,0.0,0.0,0.0,0.0,0.0,0.0,0.0,0.0,0.0,0.0,0.0,0.0,0.0,0.0,0.0,0.0,0.0,0.0,0.0,0.0,0.0,0.0,0.0,0.0,0.0,0.0,0.0,0.0,0.0,0.0
43,830000000,odom,base_link,-1.826469601214023,0.09392559450390078,-0.10513228794574321,-1.039491302671943e-05,0.004337741036409556,-0.00039687030246491825,0.9999905131493048,0.0,0.0,0.0,0.0,0.0,0.0,0.0,0.0,0.0,0.0,0.0,0.0,0.0,0.0,0.0,0.0,0.0,0.0,0.0,0.0,0.0,0.0,0.0,0.0,0.0,0.0,0.0,0.0,0.0,0.0,0.0,0.0,0.0,0.0,0.0,0.0,0.005148452569158922,6.188897288819501e-05,8.463125961351586e-05,-8.501571224783788e-07,-9.864861425512572e-05,5.485845946395784e-05,0.0,0.0,0.0,0.0,0.0,0.0,0.0,0.0,0.0,0.0,0.0,0.0,0.0,0.0,0.0,0.0,0.0,0.0,0.0,0.0,0.0,0.0,0.0,0.0,0.0,0.0,0.0,0.0,0.0,0.0,0.0,0.0,0.0,0.0,0.0,0.0
43,864000000,odom,base_link,-1.8262945709049656,0.09392756118401889,-0.10513094681921675,-1.0413760103166225e-05,0.004336070884727725,-0.0003960019878985702,0.9999905207367027,0.0,0.0,0.0,0.0,0.0,0.0,0.0,0.0,0.0,0.0,0.0,0.0,0.0,0.0,0.0,0.0,0.0,0.0,0.0,0.0,0.0,0.0,0.0,0.0,0.0,0.0,0.0,0.0,0.0,0.0,0.0,0.0,0.0,0.0,0.0,0.0,0.005146770393130736,6.193762167222872e-05,8.420062647781067e-05,-9.132403555600632e-07,-9.963183700278933e-05,5.12457503987207e-05,0.0,0.0,0.0,0.0,0.0,0.0,0.0,0.0,0.0,0.0,0.0,0.0,0.0,0.0,0.0,0.0,0.0,0.0,0.0,0.0,0.0,0.0,0.0,0.0,0.0,0.0,0.0,0.0,0.0,0.0,0.0,0.0,0.0,0.0,0.0,0.0
43,898000000,odom,base_link,-1.8261195979697704,0.09392952921379681,-0.1051295702454689,-1.0436395347688417e-05,0.0043343382332626385,-0.0003950437509638175,0.9999905286269446,0.0,0.0,0.0,0.0,0.0,0.0,0.0,0.0,0.0,0.0,0.0,0.0,0.0,0.0,0.0,0.0,0.0,0.0,0.0,0.0,0.0,0.0,0.0,0.0,0.0,0.0,0.0,0.0,0.0,0.0,0.0,0.0,0.0,0.0,0.0,0.0,0.005145072834913324,6.196097798084306e-05,8.540396146742574e-05,-1.0874075417888207e-06,-0.00010240942458494828,5.898962456285517e-05,0.0,0.0,0.0,0.0,0.0,0.0,0.0,0.0,0.0,0.0,0.0,0.0,0.0,0.0,0.0,0.0,0.0,0.0,0.0,0.0,0.0,0.0,0.0,0.0,0.0,0.0,0.0,0.0,0.0,0.0,0.0,0.0,0.0,0.0,0.0,0.0
43,932000000,odom,base_link,-1.825944682301132,0.09393149887520992,-0.10512818523399076,-1.0457118221561033e-05,0.004332634344452918,-0.0003940600086804837,0.9999905363987178,0.0,0.0,0.0,0.0,0.0,0.0,0.0,0.0,0.0,0.0,0.0,0.0,0.0,0.0,0.0,0.0,0.0,0.0,0.0,0.0,0.0,0.0,0.0,0.0,0.0,0.0,0.0,0.0,0.0,0.0,0.0,0.0,0.0,0.0,0.0,0.0,0.005143394015788307,6.200996522719893e-05,8.513379401055636e-05,-8.480276592059965e-07,-9.84498512934806e-05,5.47405001327661e-05,0.0,0.0,0.0,0.0,0.0,0.0,0.0,0.0,0.0,0.0,0.0,0.0,0.0,0.0,0.0,0.0,0.0,0.0,0.0,0.0,0.0,0.0,0.0,0.0,0.0,0.0,0.0,0.0,0.0,0.0,0.0,0.0,0.0,0.0,0.0,0.0
43,966000000,odom,base_link,-1.825769823874901,0.09393347078705096,-0.10512682453195821,-1.0476073706633537e-05,0.004330963287575444,-0.00039319421456755326,0.9999905439780734,0.0,0.0,0.0,0.0,0.0,0.0,0.0,0.0,0.0,0.0,0.0,0.0,0.0,0.0,0.0,0.0,0.0,0.0,0.0,0.0,0.0,0.0,0.0,0.0,0.0,0.0,0.0,0.0,0.0,0.0,0.0,0.0,0.0,0.0,0.0,0.0,0.0051417103983039305,6.205778437628858e-05,8.475634369703446e-05,-9.299493453074348e-07,-9.990457883191084e-05,5.144632346798517e-05,0.0,0.0,0.0,0.0,0.0,0.0,0.0,0.0,0.0,0.0,0.0,0.0,0.0,0.0,0.0,0.0,0.0,0.0,0.0,0.0,0.0,0.0,0.0,0.0,0.0,0.0,0.0,0.0,0.0,0.0,0.0,0.0,0.0,0.0,0.0,0.0
44,0,odom,base_link,-1.8255950228391862,0.0939354440352043,-0.10512543012683699,-1.0498743391195435e-05,0.004329231640732184,-0.0003922369778651952,0.9999905518520315,0.0,0.0,0.0,0.0,0.0,0.0,0.0,0.0,0.0,0.0,0.0,0.0,0.0,0.0,0.0,0.0,0.0,0.0,0.0,0.0,0.0,0.0,0.0,0.0,0.0,0.0,0.0,0.0,0.0,0.0,0.0,0.0,0.0,0.0,0.0,0.0,0.005140014113777821,6.208179745453404e-05,8.576022140778774e-05,-1.0855851995117405e-06,-0.00010226362761045493,5.879776381334523e-05,0.0,0.0,0.0,0.0,0.0,0.0,0.0,0.0,0.0,0.0,0.0,0.0,0.0,0.0,0.0,0.0,0.0,0.0,0.0,0.0,0.0,0.0,0.0,0.0,0.0,0.0,0.0,0.0,0.0,0.0,0.0,0.0,0.0,0.0,0.0,0.0
44,34000000,odom,base_link,-1.8254202791436382,0.09393741843857722,-0.1051239982540372,-1.0523045330124251e-05,0.004327483549283628,-0.00039114591914487693,0.9999905598455748,0.0,0.0,0.0,0.0,0.0,0.0,0.0,0.0,0.0,0.0,0.0,0.0,0.0,0.0,0.0,0.0,0.0,0.0,0.0,0.0,0.0,0.0,0.0,0.0,0.0,0.0,0.0,0.0,0.0,0.0,0.0,0.0,0.0,0.0,0.0,0.0,0.005138317235145628,6.210229842795866e-05,8.710479912863873e-05,-1.1155702361875797e-06,-0.00010301988666583384,6.722769612110824e-05,0.0,0.0,0.0,0.0,0.0,0.0,0.0,0.0,0.0,0.0,0.0,0.0,0.0,0.0,0.0,0.0,0.0,0.0,0.0,0.0,0.0,0.0,0.0,0.0,0.0,0.0,0.0,0.0,0.0,0.0,0.0,0.0,0.0,0.0,0.0,0.0
44,68000000,odom,base_link,-1.8252455927641715,0.0939393942038082,-0.10512254255064978,-1.0545360215941005e-05,0.004325752296288577,-0.00038996625506595707,0.99999056779661,0.0,0.0,0.0,0.0,0.0,0.0,0.0,0.0,0.0,0.0,0.0,0.0,0.0,0.0,0.0,0.0,0.0,0.0,0.0,0.0,0.0,0.0,0.0,0.0,0.0,0.0,0.0,0.0,0.0,0.0,0.0,0.0,0.0,0.0,0.0,0.0,0.005136632609532893,6.214133190768408e-05,8.717574017991048e-05,-8.080159319412417e-07,-9.993221112836181e-05,6.678249491187671e-05,0.0,0.0,0.0,0.0,0.0,0.0,0.0,0.0,0.0,0.0,0.0,0.0,0.0,0.0,0.0,0.0,0.0,0.0,0.0,0.0,0.0,0.0,0.0,0.0,0.0,0.0,0.0,0.0,0.0,0.0,0.0,0.0,0.0,0.0,0.0,0.0
44,102000000,odom,base_link,-1.8250709635943498,0.09394137260680732,-0.10512111872206478,-1.0562297446904945e-05,0.004324091734863572,-0.0003889896828324272,0.9999905753586545,0.0,0.0,0.0,0.0,0.0,0.0,0.0,0.0,0.0,0.0,0.0,0.0,0.0,0.0,0.0,0.0,0.0,0.0,0.0,0.0,0.0,0.0,0.0,0.0,0.0,0.0,0.0,0.0,0.0,0.0,0.0,0.0,0.0,0.0,0.0,0.0,0.005134961053646384,6.221176303042262e-05,8.56377188109515e-05,-6.888277837013845e-07,-9.701893688429664e-05,5.269021734477519e-05,0.0,0.0,0.0,0.0,0.0,0.0,0.0,0.0,0.0,0.0,0.0,0.0,0.0,0.0,0.0,0.0,0.0,0.0,0.0,0.0,0.0,0.0,0.0,0.0,0.0,0.0,0.0,0.0,0.0,0.0,0.0,0.0,0.0,0.0,0.0,0.0
44,136000000,odom,base_link,-1.824896391861728,0.09394335304087842,-0.10511969915789564,-1.0582059981440956e-05,0.004322382147417271,-0.00038808047908372133,0.9999905831027277,0.0,0.0,0.0,0.0,0.0,0.0,0.0,0.0,0.0,0.0,0.0,0.0,0.0,0.0,0.0,0.0,0.0,0.0,0.0,0.0,0.0,0.0,0.0,0.0,0.0,0.0,0.0,0.0,0.0,0.0,0.0,0.0,0.0,0.0,0.0,0.0,0.005133264125477881,6.224774749528824e-05,8.646123145623955e-05,-9.851790161441443e-07,-0.00010182193861396627,5.475430278067961e-05,0.0,0.0,0.0,0.0,0.0,0.0,0.0,0.0,0.0,0.0,0.0,0.0,0.0,0.0,0.0,0.0,0.0,0.0,0.0,0.0,0.0,0.0,0.0,0.0,0.0,0.0,0.0,0.0,0.0,0.0,0.0,0.0,0.0,0.0,0.0,0.0
44,170000000,odom,base_link,-1.8247218775063963,0.09394533513733162,-0.10511827193272076,-1.0603875712003902e-05,0.004320665018936961,-0.00038715470259305086,0.9999905908820284,0.0,0.0,0.0,0.0,0.0,0.0,0.0,0.0,0.0,0.0,0.0,0.0,0.0,0.0,0.0,0.0,0.0,0.0,0.0,0.0,0.0,0.0,0.0,0.0,0.0,0.0,0.0,0.0,0.0,0.0,0.0,0.0,0.0,0.0,0.0,0.0,0.005131582530015258,6.229420391300609e-05,8.611395586603558e-05,-9.63929902564331e-07,-9.935983342757027e-05,5.182253239865986e-05,0.0,0.0,0.0,0.0,0.0,0.0,0.0,0.0,0.0,0.0,0.0,0.0,0.0,0.0,0.0,0.0,0.0,0.0,0.0,0.0,0.0,0.0,0.0,0.0,0.0,0.0,0.0,0.0,0.0,0.0,0.0,0.0,0.0,0.0,0.0,0.0
44,204000000,odom,base_link,-1.8245474204138017,0.09394731961614933,-0.10511688775304416,-1.0623520619711661e-05,0.004319002795741785,-0.00038638067445034927,0.9999905983617874,0.0,0.0,0.0,0.0,0.0,0.0,0.0,0.0,0.0,0.0,0.0,0.0,0.0,0.0,0.0,0.0,0.0,0.0,0.0,0.0,0.0,0.0,0.0,0.0,0.0,0.0,0.0,0.0,0.0,0.0,0.0,0.0,0.0,0.0,0.0,0.0,0.005129911249990696,6.235542085434089e-05,8.431461807863734e-05,-9.190553040827609e-07,-9.740717956674416e-05,4.25081715604847e-05,0.0,0.0,0.0,0.0,0.0,0.0,0.0,0.0,0.0,0.0,0.0,0.0,0.0,0.0,0.0,0.0,0.0,0.0,0.0,0.0,0.0,0.0,0.0,0.0,0.0,0.0,0.0,0.0,0.0,0.0,0.0,0.0,0.0,0.0,0.0,0.0
44,238000000,odom,base_link,-1.8243730207611655,0.09394930565044296,-0.10511550843328019,-1.0645689529714116e-05,0.004317289523519244,-0.00038557200754524,0.9999906060719103,0.0,0.0,0.0,0.0,0.0,0.0,0.0,0.0,0.0,0.0,0.0,0.0,0.0,0.0,0.0,0.0,0.0,0.0,0.0,0.0,0.0,0.0,0.0,0.0,0.0,0.0,0.0,0.0,0.0,0.0,0.0,0.0,0.0,0.0,0.0,0.0,0.005128215268416763,6.237836269570878e-05,8.510897087794866e-05,-1.1098981289592302e-06,-0.0001017760880017704,5.071818698354491e-05,0.0,0.0,0.0,0.0,0.0,0.0,0.0,0.0,0.0,0.0,0.0,0.0,0.0,0.0,0.0,0.0,0.0,0.0,0.0,0.0,0.0,0.0,0.0,0.0,0.0,0.0,0.0,0.0,0.0,0.0,0.0,0.0,0.0,0.0,0.0,0.0
44,272000000,odom,base_link,-1.8241986784547883,0.09395129297459703,-0.1051141267556837,-1.0668188723153807e-05,0.004315579720841395,-0.00038466645885151324,0.9999906138007388,0.0,0.0,0.0,0.0,0.0,0.0,0.0,0.0,0.0,0.0,0.0,0.0,0.0,0.0,0.0,0.0,0.0,0.0,0.0,0.0,0.0,0.0,0.0,0.0,0.0,0.0,0.0,0.0,0.0,0.0,0.0,0.0,0.0,0.0,0.0,0.0,0.005126535741070535,6.241472722256322e-05,8.46550660637736e-05,-9.613268237007588e-07,-9.879795541678504e-05,5.230777446740831e-05,0.0,0.0,0.0,0.0,0.0,0.0,0.0,0.0,0.0,0.0,0.0,0.0,0.0,0.0,0.0,0.0,0.0,0.0,0.0,0.0,0.0,0.0,0.0,0.0,0.0,0.0,0.0,0.0,0.0,0.0,0.0,0.0,0.0,0.0,0.0,0.0
44,306000000,odom,base_link,-1.8240243932456466,0.09395328228906231,-0.10511278865028438,-1.0687124150641046e-05,0.0043139265228420536,-0.0003838257916251441,0.9999906212567709,0.0,0.0,0.0,0.0,0.0,0.0,0.0,0.0,0.0,0.0,0.0,0.0,0.0,0.0,0.0,0.0,0.0,0.0,0.0,0.0,0.0,0.0,0.0,0.0,0.0,0.0,0.0,0.0,0.0,0.0,0.0,0.0,0.0,0.0,0.0,0.0,0.005124878553149999,6.24638459685341e-05,8.29257062779259e-05,-8.386108973912343e-07,-9.675971810452211e-05,4.8178448963653864e-05,0.0,0.0,0.0,0.0,0.0,0.0,0.0,0.0,0.0,0.0,0.0,0.0,0.0,0.0,0.0,0.0,0.0,0.0,0.0,0.0,0.0,0.0,0.0,0.0,0.0,0.0,0.0,0.0,0.0,0.0,0.0,0.0,0.0,0.0,0.0,0.0
44,340000000,odom,base_link,-1.8238501644618361,0.09395527302650317,-0.1051114496867341,-1.070835903295191e-05,0.004312222497531969,-0.0003829197085505923,0.9999906289535716,0.0,0.0,0.0,0.0,0.0,0.0,0.0,0.0,0.0,0.0,0.0,0.0,0.0,0.0,0.0,0.0,0.0,0.0,0.0,0.0,0.0,0.0,0.0,0.0,0.0,0.0,0.0,0.0,0.0,0.0,0.0,0.0,0.0,0.0,0.0,0.0,0.005123200984916613,6.248622266124884e-05,8.38212016841732e-05,-1.0312544596047246e-06,-0.00010136265373716924,5.626494008481586e-05,0.0,0.0,0.0,0.0,0.0,0.0,0.0,0.0,0.0,0.0,0.0,0.0,0.0,0.0,0.0,0.0,0.0,0.0,0.0,0.0,0.0,0.0,0.0,0.0,0.0,0.0,0.0,0.0,0.0,0.0,0.0,0.0,0.0,0.0,0.0,0.0
44,374000000,odom,base_link,-1.823675993010256,0.09395726522052485,-0.10511010687440721,-1.0729687877066014e-05,0.004310524520756003,-0.00038195377400783046,0.9999906366434359,0.0,0.0,0.0,0.0,0.0,0.0,0.0,0.0,0.0,0.0,0.0,0.0,0.0,0.0,0.0,0.0,0.0,0.0,0.0,0.0,0.0,0.0,0.0,0.0,0.0,0.0,0.0,0.0,0.0,0.0,0.0,0.0,0.0,0.0,0.0,0.0,0.005121521567122653,6.252986364141798e-05,8.345865659937814e-05,-8.915763349826022e-07,-9.812889203431041e-05,5.428324882927882e-05,0.0,0.0,0.0,0.0,0.0,0.0,0.0,0.0,0.0,0.0,0.0,0.0,0.0,0.0,0.0,0.0,0.0,0.0,0.0,0.0,0.0,0.0,0.0,0.0,0.0,0.0,0.0,0.0,0.0,0.0,0.0,0.0,0.0,0.0,0.0,0.0
44,408000000,odom,base_link,-1.8235018788016375,0.09395925966450527,-0.10510880130068007,-1.0748208975253903e-05,0.0043088743443748185,-0.00038111168810320013,0.9999906440763542,0.0,0.0,0.0,0.0,0.0,0.0,0.0,0.0,0.0,0.0,0.0,0.0,0.0,0.0,0.0,0.0,0.0,0.0,0.0,0.0,0.0,0.0,0.0,0.0,0.0,0.0,0.0,0.0,0.0,0.0,0.0,0.0,0.0,0.0,0.0,0.0,0.005119846651369353,6.258397340081563e-05,8.207218759155071e-05,-8.483898139566293e-07,-9.731070349516813e-05,4.783405920250061e-05,0.0,0.0,0.0,0.0,0.0,0.0,0.0,0.0,0.0,0.0,0.0,0.0,0.0,0.0,0.0,0.0,0.0,0.0,0.0,0.0,0.0,0.0,0.0,0.0,0.0,0.0,0.0,0.0,0.0,0.0,0.0,0.0,0.0,0.0,0.0,0.0
44,442000000,odom,base_link,-1.823327822025874,0.09396125558477791,-0.10510748288667823,-1.0769712002194534e-05,0.00430716485155747,-0.00038021708804252826,0.9999906517812658,0.0,0.0,0.0,0.0,0.0,0.0,0.0,0.0,0.0,0.0,0.0,0.0,0.0,0.0,0.0,0.0,0.0,0.0,0.0,0.0,0.0,0.0,0.0,0.0,0.0,0.0,0.0,0.0,0.0,0.0,0.0,0.0,0.0,0.0,0.0,0.0,0.0051181483369866845,6.260802778259341e-05,8.315422981455917e-05,-1.0485761259282356e-06,-0.0001013253992709906,5.513109506694036e-05,0.0,0.0,0.0,0.0,0.0,0.0,0.0,0.0,0.0,0.0,0.0,0.0,0.0,0.0,0.0,0.0,0.0,0.0,0.0,0.0,0.0,0.0,0.0,0.0,0.0,0.0,0.0,0.0,0.0,0.0,0.0,0.0,0.0,0.0,0.0,0.0
44,476000000,odom,base_link,-1.8231538225751813,0.09396325301811059,-0.1051061569666675,-1.0791172016564056e-05,0.004305471068577969,-0.00037927740066968316,0.9999906594319177,0.0,0.0,0.0,0.0,0.0,0.0,0.0,0.0,0.0,0.0,0.0,0.0,0.0,0.0,0.0,0.0,0.0,0.0,0.0,0.0,0.0,0.0,0.0,0.0,0.0,0.0,0.0,0.0,0.0,0.0,0.0,0.0,0.0,0.0,0.0,0.0,0.005116467839916168,6.265255421157966e-05,8.291363254856006e-05,-9.033634396082846e-07,-9.78021027719933e-05,5.274940555466401e-05,0.0,0.0,0.0,0.0,0.0,0.0,0.0,0.0,0.0,0.0,0.0,0.0,0.0,0.0,0.0,0.0,0.0,0.0,0.0,0.0,0.0,0.0,0.0,0.0,0.0,0.0,0.0,0.0,0.0,0.0,0.0,0.0,0.0,0.0,0.0,0.0
44,510000000,odom,base_link,-1.8229798803713808,0.09396525266519272,-0.10510486111153089,-1.0809828712015287e-05,0.004303824235670582,-0.0003784553707017211,0.9999906668322602,0.0,0.0,0.0,0.0,0.0,0.0,0.0,0.0,0.0,0.0,0.0,0.0,0.0,0.0,0.0,0.0,0.0,0.0,0.0,0.0,0.0,0.0,0.0,0.0,0.0,0.0,0.0,0.0,0.0,0.0,0.0,0.0,0.0,0.0,0.0,0.0,0.005114789373480449,6.270442203773835e-05,8.191093897872756e-05,-8.745240198670956e-07,-9.751704013183371e-05,4.732097664827961e-05,0.0,0.0,0.0,0.0,0.0,0.0,0.0,0.0,0.0,0.0,0.0,0.0,0.0,0.0,0.0,0.0,0.0,0.0,0.0,0.0,0.0,0.0,0.0,0.0,0.0,0.0,0.0,0.0,0.0,0.0,0.0,0.0,0.0,0.0,0.0,0.0
44,544000000,odom,base_link,-1.8228059956069802,0.09396725369291652,-0.10510353994276078,-1.0831544567800623e-05,0.004302114717373177,-0.00037756049872338023,0.9999906745263708,0.0,0.0,0.0,0.0,0.0,0.0,0.0,0.0,0.0,0.0,0.0,0.0,0.0,0.0,0.0,0.0,0.0,0.0,0.0,0.0,0.0,0.0,0.0,0.0,0.0,0.0,0.0,0.0,0.0,0.0,0.0,0.0,0.0,0.0,0.0,0.0,0.005113089079027174,6.272668931208188e-05,8.320284240560683e-05,-1.054865350624823e-06,-0.00010124549234546976,5.535940452716659e-05,0.0,0.0,0.0,0.0,0.0,0.0,0.0,0.0,0.0,0.0,0.0,0.0,0.0,0.0,0.0,0.0,0.0,0.0,0.0,0.0,0.0,0.0,0.0,0.0,0.0,0.0,0.0,0.0,0.0,0.0,0.0,0.0,0.0,0.0,0.0,0.0
44,578000000,odom,base_link,-1.822632168143596,0.09396925628681745,-0.10510220650620626,-1.085248949668533e-05,0.0043004315894855484,-0.000376634093855275,0.999990682115152,0.0,0.0,0.0,0.0,0.0,0.0,0.0,0.0,0.0,0.0,0.0,0.0,0.0,0.0,0.0,0.0,0.0,0.0,0.0,0.0,0.0,0.0,0.0,0.0,0.0,0.0,0.0,0.0,0.0,0.0,0.0,0.0,0.0,0.0,0.0,0.0,0.0051114086375517315,6.277427179913525e-05,8.304383079752164e-05,-8.71202227026302e-07,-9.714821729289724e-05,5.154605631219056e-05,0.0,0.0,0.0,0.0,0.0,0.0,0.0,0.0,0.0,0.0,0.0,0.0,0.0,0.0,0.0,0.0,0.0,0.0,0.0,0.0,0.0,0.0,0.0,0.0,0.0,0.0,0.0,0.0,0.0,0.0,0.0,0.0,0.0,0.0,0.0,0.0
44,612000000,odom,base_link,-1.8224583979493878,0.09397126113187054,-0.10510090362054035,-1.0870572766086935e-05,0.004298793753782955,-0.0003758357926012416,0.999990689457432,0.0,0.0,0.0,0.0,0.0,0.0,0.0,0.0,0.0,0.0,0.0,0.0,0.0,0.0,0.0,0.0,0.0,0.0,0.0,0.0,0.0,0.0,0.0,0.0,0.0,0.0,0.0,0.0,0.0,0.0,0.0,0.0,0.0,0.0,0.0,0.0,0.005109729504029048,6.282675583659081e-05,8.200901977616719e-05,-8.513527050002523e-07,-9.70428672530943e-05,4.583840613747725e-05,0.0,0.0,0.0,0.0,0.0,0.0,0.0,0.0,0.0,0.0,0.0,0.0,0.0,0.0,0.0,0.0,0.0,0.0,0.0,0.0,0.0,0.0,0.0,0.0,0.0,0.0,0.0,0.0,0.0,0.0,0.0,0.0,0.0,0.0,0.0,0.0
44,646000000,odom,base_link,-1.8222846852312524,0.09397326736058052,-0.10509957739011412,-1.0891948257198046e-05,0.004297090687522952,-0.00037496737708534253,0.9999906971029554,0.0,0.0,0.0,0.0,0.0,0.0,0.0,0.0,0.0,0.0,0.0,0.0,0.0,0.0,0.0,0.0,0.0,0.0,0.0,0.0,0.0,0.0,0.0,0.0,0.0,0.0,0.0,0.0,0.0,0.0,0.0,0.0,0.0,0.0,0.0,0.0,0.005108028696401446,6.28492834238493e-05,8.323220844992302e-05,-1.046223163658766e-06,-0.00010089082564945784,5.3765353769108515e-05,0.0,0.0,0.0,0.0,0.0,0.0,0.0,0.0,0.0,0.0,0.0,0.0,0.0,0.0,0.0,0.0,0.0,0.0,0.0,0.0,0.0,0.0,0.0,0.0,0.0,0.0,0.0,0.0,0.0,0.0,0.0,0.0,0.0,0.0,0.0,0.0
44,680000000,odom,base_link,-1.8221110298517655,0.0939752751099859,-0.10509823949657726,-1.091285622686971e-05,0.0042954104375898606,-0.0003740592580911559,0.9999907046616752,0.0,0.0,0.0,0.0,0.0,0.0,0.0,0.0,0.0,0.0,0.0,0.0,0.0,0.0,0.0,0.0,0.0,0.0,0.0,0.0,0.0,0.0,0.0,0.0,0.0,0.0,0.0,0.0,0.0,0.0,0.0,0.0,0.0,0.0,0.0,0.0,0.005106346794101658,6.289449400599996e-05,8.310794976721221e-05,-8.817460483978579e-07,-9.711563890846264e-05,5.101058420109439e-05,0.0,0.0,0.0,0.0,0.0,0.0,0.0,0.0,0.0,0.0,0.0,0.0,0.0,0.0,0.0,0.0,0.0,0.0,0.0,0.0,0.0,0.0,0.0,0.0,0.0,0.0,0.0,0.0,0.0,0.0,0.0,0.0,0.0,0.0,0.0,0.0
44,714000000,odom,base_link,-1.821937431761971,0.09397728499639169,-0.10509692697817755,-1.0935577282194887e-05,0.004293771691378509,-0.0003732528740870175,0.9999907120005502,0.0,0.0,0.0,0.0,0.0,0.0,0.0,0.0,0.0,0.0,0.0,0.0,0.0,0.0,0.0,0.0,0.0,0.0,0.0,0.0,0.0,0.0,0.0,0.0,0.0,0.0,0.0,0.0,0.0,0.0,0.0,0.0,0.0,0.0,0.0,0.0,0.005104665298413275,6.294384172197127e-05,8.238117749116862e-05,-1.6203810404569197e-06,-9.717298752320858e-05,4.698443696327104e-05,0.0,0.0,0.0,0.0,0.0,0.0,0.0,0.0,0.0,0.0,0.0,0.0,0.0,0.0,0.0,0.0,0.0,0.0,0.0,0.0,0.0,0.0,0.0,0.0,0.0,0.0,0.0,0.0,0.0,0.0,0.0,0.0,0.0,0.0,0.0,0.0
44,748000000,odom,base_link,-1.821763891138164,0.09397929621933253,-0.10509558515794365,-1.0963580117390562e-05,0.0042920707290650005,-0.00037236532900908966,0.9999907196332966,0.0,0.0,0.0,0.0,0.0,0.0,0.0,0.0,0.0,0.0,0.0,0.0,0.0,0.0,0.0,0.0,0.0,0.0,0.0,0.0,0.0,0.0,0.0,0.0,0.0,0.0,0.0,0.0,0.0,0.0,0.0,0.0,0.0,0.0,0.0,0.0,0.005102964280764932,6.296568174231656e-05,8.359047430300562e-05,-1.286353479290625e-06,-0.00010070331981637537,5.488380487861377e-05,0.0,0.0,0.0,0.0,0.0,0.0,0.0,0.0,0.0,0.0,0.0,0.0,0.0,0.0,0.0,0.0,0.0,0.0,0.0,0.0,0.0,0.0,0.0,0.0,0.0,0.0,0.0,0.0,0.0,0.0,0.0,0.0,0.0,0.0,0.0,0.0
44,782000000,odom,base_link,-1.8215904078866825,0.09398130895063209,-0.10509423316784992,-1.0985726714577777e-05,0.004290391954375508,-0.00037143738003341106,0.9999907271822396,0.0,0.0,0.0,0.0,0.0,0.0,0.0,0.0,0.0,0.0,0.0,0.0,0.0,0.0,0.0,0.0,0.0,0.0,0.0,0.0,0.0,0.0,0.0,0.0,0.0,0.0,0.0,0.0,0.0,0.0,0.0,0.0,0.0,0.0,0.0,0.0,0.005101281802079814,6.30109452562238e-05,8.340220475728167e-05,-8.565895825984882e-07,-9.699133158846962e-05,5.195240007083157e-05,0.0,0.0,0.0,0.0,0.0,0.0,0.0,0.0,0.0,0.0,0.0,0.0,0.0,0.0,0.0,0.0,0.0,0.0,0.0,0.0,0.0,0.0,0.0,0.0,0.0,0.0,0.0,0.0,0.0,0.0,0.0,0.0,0.0,0.0,0.0,0.0
44,816000000,odom,base_link,-1.821416981944024,0.09398332381750202,-0.10509289996863244,-1.1008688635016986e-05,0.004288747606768181,-0.00037060987867569843,0.9999907345426217,0.0,0.0,0.0,0.0,0.0,0.0,0.0,0.0,0.0,0.0,0.0,0.0,0.0,0.0,0.0,0.0,0.0,0.0,0.0,0.0,0.0,0.0,0.0,0.0,0.0,0.0,0.0,0.0,0.0,0.0,0.0,0.0,0.0,0.0,0.0,0.0,0.005099594905370697,6.305730818608664e-05,8.324321407141102e-05,-1.4601649112044868e-06,-9.823673678965861e-05,4.9248888345232444e-05,0.0,0.0,0.0,0.0,0.0,0.0,0.0,0.0,0.0,0.0,0.0,0.0,0.0,0.0,0.0,0.0,0.0,0.0,0.0,0.0,0.0,0.0,0.0,0.0,0.0,0.0,0.0,0.0,0.0,0.0,0.0,0.0,0.0,0.0,0.0,0.0
44,850000000,odom,base_link,-1.8212436134635757,0.09398533999390046,-0.10509152792017654,-1.1034736599601992e-05,0.004287043762264998,-0.0003696946010475913,0.9999907421871049,0.0,0.0,0.0,0.0,0.0,0.0,0.0,0.0,0.0,0.0,0.0,0.0,0.0,0.0,0.0,0.0,0.0,0.0,0.0,0.0,0.0,0.0,0.0,0.0,0.0,0.0,0.0,0.0,0.0,0.0,0.0,0.0,0.0,0.0,0.0,0.0,0.005097895170136386,6.308113901575358e-05,8.434364086848392e-05,-1.1832146484813677e-06,-0.00010063862490028441,5.6189839625631066e-05,0.0,0.0,0.0,0.0,0.0,0.0,0.0,0.0,0.0,0.0,0.0,0.0,0.0,0.0,0.0,0.0,0.0,0.0,0.0,0.0,0.0,0.0,0.0,0.0,0.0,0.0,0.0,0.0,0.0,0.0,0.0,0.0,0.0,0.0,0.0,0.0
44,884000000,odom,base_link,-1.8210703024533732,0.0939873573394159,-0.10509012590412509,-1.1058326141890221e-05,0.004285325655921658,-0.0003686600407962598,0.9999907499329733,0.0,0.0,0.0,0.0,0.0,0.0,0.0,0.0,0.0,0.0,0.0,0.0,0.0,0.0,0.0,0.0,0.0,0.0,0.0,0.0,0.0,0.0,0.0,0.0,0.0,0.0,0.0,0.0,0.0,0.0,0.0,0.0,0.0,0.0,0.0,0.0,0.005096196510215055,6.310310804933869e-05,8.543358684754318e-05,-1.0468991118450788e-06,-0.00010132814338703611,6.364438505102044e-05,0.0,0.0,0.0,0.0,0.0,0.0,0.0,0.0,0.0,0.0,0.0,0.0,0.0,0.0,0.0,0.0,0.0,0.0,0.0,0.0,0.0,0.0,0.0,0.0,0.0,0.0,0.0,0.0,0.0,0.0,0.0,0.0,0.0,0.0,0.0,0.0
44,918000000,odom,base_link,-1.8208970498341923,0.09398937607640784,-0.10508869710016454,-1.1079250542447628e-05,0.004283622731606681,-0.00036755324732982807,0.9999907576363662,0.0,0.0,0.0,0.0,0.0,0.0,0.0,0.0,0.0,0.0,0.0,0.0,0.0,0.0,0.0,0.0,0.0,0.0,0.0,0.0,0.0,0.0,0.0,0.0,0.0,0.0,0.0,0.0,0.0,0.0,0.0,0.0,0.0,0.0,0.0,0.0,0.005094454336697331,6.314412753786691e-05,8.564398600059009e-05,-7.765927678704543e-07,-9.827757807556736e-05,6.213267198518224e-05,0.0,0.0,0.0,0.0,0.0,0.0,0.0,0.0,0.0,0.0,0.0,0.0,0.0,0.0,0.0,0.0,0.0,0.0,0.0,0.0,0.0,0.0,0.0,0.0,0.0,0.0,0.0,0.0,0.0,0.0,0.0,0.0,0.0,0.0,0.0,0.0
44,952000000,odom,base_link,-1.8207238553529987,0.09399139740006954,-0.1050872943825557,-1.1094398649182715e-05,0.004281988593810993,-0.0003666478869928686,0.999990764967319,0.0,0.0,0.0,0.0,0.0,0.0,0.0,0.0,0.0,0.0,0.0,0.0,0.0,0.0,0.0,0.0,0.0,0.0,0.0,0.0,0.0,0.0,0.0,0.0,0.0,0.0,0.0,0.0,0.0,0.0,0.0,0.0,0.0,0.0,0.0,0.0,0.0050927790584424934,6.321269528522409e-05,8.427831228079409e-05,-5.857146934129531e-07,-9.546191748199817e-05,4.870244687538161e-05,0.0,0.0,0.0,0.0,0.0,0.0,0.0,0.0,0.0,0.0,0.0,0.0,0.0,0.0,0.0,0.0,0.0,0.0,0.0,0.0,0.0,0.0,0.0,0.0,0.0,0.0,0.0,0.0,0.0,0.0,0.0,0.0,0.0,0.0,0.0,0.0
44,986000000,odom,base_link,-1.8205507183832486,0.09399342071153566,-0.10508589411621129,-1.111202066099835e-05,0.004280308168574855,-0.0003658101397268595,0.9999907724681496,0.0,0.0,0.0,0.0,0.0,0.0,0.0,0.0,0.0,0.0,0.0,0.0,0.0,0.0,0.0,0.0,0.0,0.0,0.0,0.0,0.0,0.0,0.0,0.0,0.0,0.0,0.0,0.0,0.0,0.0,0.0,0.0,0.0,0.0,0.0,0.0,0.005091079390209786,6.324854549922931e-05,8.515878859375506e-05,-8.917730831559112e-07,-0.00010018267744271725,5.063237686897537e-05,0.0,0.0,0.0,0.0,0.0,0.0,0.0,0.0,0.0,0.0,0.0,0.0,0.0,0.0,0.0,0.0,0.0,0.0,0.0,0.0,0.0,0.0,0.0,0.0,0.0,0.0,0.0,0.0,0.0,0.0,0.0,0.0,0.0,0.0,0.0,0.0
45,20000000,odom,base_link,-1.8203776388678343,0.09399544560804549,-0.1050844802395316,-1.1132120435664484e-05,0.004278617755080354,-0.0003649481848642674,0.999990780016998,0.0,0.0,0.0,0.0,0.0,0.0,0.0,0.0,0.0,0.0,0.0,0.0,0.0,0.0,0.0,0.0,0.0,0.0,0.0,0.0,0.0,0.0,0.0,0.0,0.0,0.0,0.0,0.0,0.0,0.0,0.0,0.0,0.0,0.0,0.0,0.0,0.005089393981165483,6.329275201881681e-05,8.499513310455946e-05,-8.950625018933067e-07,-9.783741390378964e-05,4.850344659246275e-05,0.0,0.0,0.0,0.0,0.0,0.0,0.0,0.0,0.0,0.0,0.0,0.0,0.0,0.0,0.0,0.0,0.0,0.0,0.0,0.0,0.0,0.0,0.0,0.0,0.0,0.0,0.0,0.0,0.0,0.0,0.0,0.0,0.0,0.0,0.0,0.0
45,54000000,odom,base_link,-1.8202046166813854,0.09399747273831335,-0.1050831019216281,-1.115051543287225e-05,0.004276981601921776,-0.00036421407060855337,0.9999907872836397,0.0,0.0,0.0,0.0,0.0,0.0,0.0,0.0,0.0,0.0,0.0,0.0,0.0,0.0,0.0,0.0,0.0,0.0,0.0,0.0,0.0,0.0,0.0,0.0,0.0,0.0,0.0,0.0,0.0,0.0,0.0,0.0,0.0,0.0,0.0,0.0,0.005087718674450163,6.334985942180397e-05,8.348487551744536e-05,-8.640009707683305e-07,-9.576043922265853e-05,4.0761305086789434e-05,0.0,0.0,0.0,0.0,0.0,0.0,0.0,0.0,0.0,0.0,0.0,0.0,0.0,0.0,0.0,0.0,0.0,0.0,0.0,0.0,0.0,0.0,0.0,0.0,0.0,0.0,0.0,0.0,0.0,0.0,0.0,0.0,0.0,0.0,0.0,0.0
45,88000000,odom,base_link,-1.8200316519725679,0.09399950132735077,-0.10508171663895575,-1.1171314850210596e-05,0.004275296932249738,-0.00036343195067133484,0.9999907947719119,0.0,0.0,0.0,0.0,0.0,0.0,0.0,0.0,0.0,0.0,0.0,0.0,0.0,0.0,0.0,0.0,0.0,0.0,0.0,0.0,0.0,0.0,0.0,0.0,0.0,0.0,0.0,0.0,0.0,0.0,0.0,0.0,0.0,0.0,0.0,0.0,0.005086018812133173,6.337188529219548e-05,8.453894489248562e-05,-1.0333894406855393e-06,-0.00010016656233347021,4.905461459259186e-05,0.0,0.0,0.0,0.0,0.0,0.0,0.0,0.0,0.0,0.0,0.0,0.0,0.0,0.0,0.0,0.0,0.0,0.0,0.0,0.0,0.0,0.0,0.0,0.0,0.0,0.0,0.0,0.0,0.0,0.0,0.0,0.0,0.0,0.0,0.0,0.0
45,122000000,odom,base_link,-1.819858744718135,0.09400153113541233,-0.10508032550708529,-1.1192559638172637e-05,0.004273607969316785,-0.00036254632295803254,0.9999908023126087,0.0,0.0,0.0,0.0,0.0,0.0,0.0,0.0,0.0,0.0,0.0,0.0,0.0,0.0,0.0,0.0,0.0,0.0,0.0,0.0,0.0,0.0,0.0,0.0,0.0,0.0,0.0,0.0,0.0,0.0,0.0,0.0,0.0,0.0,0.0,0.0,0.0050843349791016524,6.340558190097781e-05,8.416302521878889e-05,-9.034621550885191e-07,-9.769379545332413e-05,5.147498143287521e-05,0.0,0.0,0.0,0.0,0.0,0.0,0.0,0.0,0.0,0.0,0.0,0.0,0.0,0.0,0.0,0.0,0.0,0.0,0.0,0.0,0.0,0.0,0.0,0.0,0.0,0.0,0.0,0.0,0.0,0.0,0.0,0.0,0.0,0.0,0.0,0.0
45,156000000,odom,base_link,-1.8196858946272956,0.09400356288177965,-0.1050789748447469,-1.1210190331131047e-05,0.004271976360202006,-0.00036172298538074985,0.9999908095821638,0.0,0.0,0.0,0.0,0.0,0.0,0.0,0.0,0.0,0.0,0.0,0.0,0.0,0.0,0.0,0.0,0.0,0.0,0.0,0.0,0.0,0.0,0.0,0.0,0.0,0.0,0.0,0.0,0.0,0.0,0.0,0.0,0.0,0.0,0.0,0.0,0.005082676528605551,6.345426014387044e-05,8.25833944822049e-05,-7.707874505324952e-07,-9.550806439051485e-05,4.7146289006150255e-05,0.0,0.0,0.0,0.0,0.0,0.0,0.0,0.0,0.0,0.0,0.0,0.0,0.0,0.0,0.0,0.0,0.0,0.0,0.0,0.0,0.0,0.0,0.0,0.0,0.0,0.0,0.0,0.0,0.0,0.0,0.0,0.0,0.0,0.0,0.0,0.0
45,190000000,odom,base_link,-1.819513101132609,0.09400559605500401,-0.10507761836588715,-1.1229889605306101e-05,0.004270295139095599,-0.0003608442075230298,0.9999908170802232,0.0,0.0,0.0,0.0,0.0,0.0,0.0,0.0,0.0,0.0,0.0,0.0,0.0,0.0,0.0,0.0,0.0,0.0,0.0,0.0,0.0,0.0,0.0,0.0,0.0,0.0,0.0,0.0,0.0,0.0,0.0,0.0,0.0,0.0,0.0,0.0,0.005080991865260222,6.34780269644085e-05,8.355134409227406e-05,-9.471962325591221e-07,-9.99034057258541e-05,5.423863029818676e-05,0.0,0.0,0.0,0.0,0.0,0.0,0.0,0.0,0.0,0.0,0.0,0.0,0.0,0.0,0.0,0.0,0.0,0.0,0.0,0.0,0.0,0.0,0.0,0.0,0.0,0.0,0.0,0.0,0.0,0.0,0.0,0.0,0.0,0.0,0.0,0.0
45,224000000,odom,base_link,-1.8193403650578688,0.09400763069297932,-0.1050762585899484,-1.124968340398756e-05,0.004268620088777715,-0.0003599170428453375,0.9999908245657579,0.0,0.0,0.0,0.0,0.0,0.0,0.0,0.0,0.0,0.0,0.0,0.0,0.0,0.0,0.0,0.0,0.0,0.0,0.0,0.0,0.0,0.0,0.0,0.0,0.0,0.0,0.0,0.0,0.0,0.0,0.0,0.0,0.0,0.0,0.0,0.0,0.005079309889589751,6.352176620011085e-05,8.314634519378207e-05,-8.213860813732765e-07,-9.680433450398596e-05,5.1889619001599385e-05,0.0,0.0,0.0,0.0,0.0,0.0,0.0,0.0,0.0,0.0,0.0,0.0,0.0,0.0,0.0,0.0,0.0,0.0,0.0,0.0,0.0,0.0,0.0,0.0,0.0,0.0,0.0,0.0,0.0,0.0,0.0,0.0,0.0,0.0,0.0,0.0
45,258000000,odom,base_link,-1.8191676863138668,0.09400966757580523,-0.10507493832673126,-1.126678760226446e-05,0.004266993129381889,-0.0003591223578054367,0.9999908317948847,0.0,0.0,0.0,0.0,0.0,0.0,0.0,0.0,0.0,0.0,0.0,0.0,0.0,0.0,0.0,0.0,0.0,0.0,0.0,0.0,0.0,0.0,0.0,0.0,0.0,0.0,0.0,0.0,0.0,0.0,0.0,0.0,0.0,0.0,0.0,0.0,0.005077633068962721,6.357654028460132e-05,8.168855298543515e-05,-7.825725178989273e-07,-9.592116541057294e-05,4.483567437318925e-05,0.0,0.0,0.0,0.0,0.0,0.0,0.0,0.0,0.0,0.0,0.0,0.0,0.0,0.0,0.0,0.0,0.0,0.0,0.0,0.0,0.0,0.0,0.0,0.0,0.0,0.0,0.0,0.0,0.0,0.0,0.0,0.0,0.0,0.0,0.0,0.0
45,292000000,odom,base_link,-1.818995065079904,0.09401170593801722,-0.10507360796281125,-1.1286774146045682e-05,0.0042653087176141614,-0.0003582859518322392,0.999990839280705,0.0,0.0,0.0,0.0,0.0,0.0,0.0,0.0,0.0,0.0,0.0,0.0,0.0,0.0,0.0,0.0,0.0,0.0,0.0,0.0,0.0,0.0,0.0,0.0,0.0,0.0,0.0,0.0,0.0,0.0,0.0,0.0,0.0,0.0,0.0,0.0,0.005075933341393982,6.360141478964317e-05,8.268606002079934e-05,-9.782209486886018e-07,-9.982830704302614e-05,5.148988826420009e-05,0.0,0.0,0.0,0.0,0.0,0.0,0.0,0.0,0.0,0.0,0.0,0.0,0.0,0.0,0.0,0.0,0.0,0.0,0.0,0.0,0.0,0.0,0.0,0.0,0.0,0.0,0.0,0.0,0.0,0.0,0.0,0.0,0.0,0.0,0.0,0.0
45,326000000,odom,base_link,-1.8188225012381118,0.09401374580700557,-0.10507227326585303,-1.1306665779088654e-05,0.004263641558940901,-0.00035741344609705367,0.999990846702331,0.0,0.0,0.0,0.0,0.0,0.0,0.0,0.0,0.0,0.0,0.0,0.0,0.0,0.0,0.0,0.0,0.0,0.0,0.0,0.0,0.0,0.0,0.0,0.0,0.0,0.0,0.0,0.0,0.0,0.0,0.0,0.0,0.0,0.0,0.0,0.0,0.00507425166665001,6.364581368080895e-05,8.234086226905321e-05,-8.386720096176248e-07,-9.631122708242401e-05,4.8923509154974454e-05,0.0,0.0,0.0,0.0,0.0,0.0,0.0,0.0,0.0,0.0,0.0,0.0,0.0,0.0,0.0,0.0,0.0,0.0,0.0,0.0,0.0,0.0,0.0,0.0,0.0,0.0,0.0,0.0,0.0,0.0,0.0,0.0,0.0,0.0,0.0,0.0
45,360000000,odom,base_link,-1.818649994725371,0.09401578780246418,-0.10507097320964011,-1.1323995629068478e-05,0.004262018781073827,-0.00035664934527297065,0.9999908538926351,0.0,0.0,0.0,0.0,0.0,0.0,0.0,0.0,0.0,0.0,0.0,0.0,0.0,0.0,0.0,0.0,0.0,0.0,0.0,0.0,0.0,0.0,0.0,0.0,0.0,0.0,0.0,0.0,0.0,0.0,0.0,0.0,0.0,0.0,0.0,0.0,0.0050725720367166376,6.369586288493005e-05,8.119036865453923e-05,-8.147785279799535e-07,-9.607806958911169e-05,4.404341673591716e-05,0.0,0.0,0.0,0.0,0.0,0.0,0.0,0.0,0.0,0.0,0.0,0.0,0.0,0.0,0.0,0.0,0.0,0.0,0.0,0.0,0.0,0.0,0.0,0.0,0.0,0.0,0.0,0.0,0.0,0.0,0.0,0.0,0.0,0.0,0.0,0.0
45,394000000,odom,base_link,-1.818477545723949,0.09401783114290128,-0.10506965453548757,-1.1344196289671983e-05,0.0042603361721641145,-0.0003558148636981957,0.9999908613596387,0.0,0.0,0.0,0.0,0.0,0.0,0.0,0.0,0.0,0.0,0.0,0.0,0.0,0.0,0.0,0.0,0.0,0.0,0.0,0.0,0.0,0.0,0.0,0.0,0.0,0.0,0.0,0.0,0.0,0.0,0.0,0.0,0.0,0.0,0.0,0.0,0.005070871598776042,6.37184193572657e-05,8.226660330403387e-05,-9.82939318827647e-07,-9.962660527662592e-05,5.166683578750053e-05,0.0,0.0,0.0,0.0,0.0,0.0,0.0,0.0,0.0,0.0,0.0,0.0,0.0,0.0,0.0,0.0,0.0,0.0,0.0,0.0,0.0,0.0,0.0,0.0,0.0,0.0,0.0,0.0,0.0,0.0,0.0,0.0,0.0,0.0,0.0,0.0
45,428000000,odom,base_link,-1.818305154101004,0.09401987597990955,-0.1050683288873119,-1.1363766987111922e-05,0.0042586773962039505,-0.00035494373215101547,0.9999908687346334,0.0,0.0,0.0,0.0,0.0,0.0,0.0,0.0,0.0,0.0,0.0,0.0,0.0,0.0,0.0,0.0,0.0,0.0,0.0,0.0,0.0,0.0,0.0,0.0,0.0,0.0,0.0,0.0,0.0,0.0,0.0,0.0,0.0,0.0,0.0,0.0,0.005069189562499075,6.376319713313308e-05,8.201128486997892e-05,-8.177839572187651e-07,-9.586782496739943e-05,4.883814348488613e-05,0.0,0.0,0.0,0.0,0.0,0.0,0.0,0.0,0.0,0.0,0.0,0.0,0.0,0.0,0.0,0.0,0.0,0.0,0.0,0.0,0.0,0.0,0.0,0.0,0.0,0.0,0.0,0.0,0.0,0.0,0.0,0.0,0.0,0.0,0.0,0.0
45,462000000,odom,base_link,-1.8181328198209634,0.09402192291748368,-0.10506703520326673,-1.13807729672869e-05,0.004257060320035288,-0.00035417676296767867,0.9999908758917404,0.0,0.0,0.0,0.0,0.0,0.0,0.0,0.0,0.0,0.0,0.0,0.0,0.0,0.0,0.0,0.0,0.0,0.0,0.0,0.0,0.0,0.0,0.0,0.0,0.0,0.0,0.0,0.0,0.0,0.0,0.0,0.0,0.0,0.0,0.0,0.0,0.005067508777690307,6.381229321363846e-05,8.093407134340766e-05,-7.967624449101152e-07,-9.577951871619916e-05,4.429755158241733e-05,0.0,0.0,0.0,0.0,0.0,0.0,0.0,0.0,0.0,0.0,0.0,0.0,0.0,0.0,0.0,0.0,0.0,0.0,0.0,0.0,0.0,0.0,0.0,0.0,0.0,0.0,0.0,0.0,0.0,0.0,0.0,0.0,0.0,0.0,0.0,0.0
45,496000000,odom,base_link,-1.817960543072943,0.09402397119604756,-0.10506572102376531,-1.1400753839364854e-05,0.0042553820404279815,-0.0003533399849147808,0.999990883330727,0.0,0.0,0.0,0.0,0.0,0.0,0.0,0.0,0.0,0.0,0.0,0.0,0.0,0.0,0.0,0.0,0.0,0.0,0.0,0.0,0.0,0.0,0.0,0.0,0.0,0.0,0.0,0.0,0.0,0.0,0.0,0.0,0.0,0.0,0.0,0.0,0.005065807295621437,6.383503862985328e-05,8.205836996159308e-05,-9.720993121575816e-07,-9.938367426798322e-05,5.174110739858406e-05,0.0,0.0,0.0,0.0,0.0,0.0,0.0,0.0,0.0,0.0,0.0,0.0,0.0,0.0,0.0,0.0,0.0,0.0,0.0,0.0,0.0,0.0,0.0,0.0,0.0,0.0,0.0,0.0,0.0,0.0,0.0,0.0,0.0,0.0,0.0,0.0
45,530000000,odom,base_link,-1.8177883236976444,0.09402602103039058,-0.10506439745315745,-1.141994216419983e-05,0.00425373135846339,-0.000352481594582119,0.9999908906564301,0.0,0.0,0.0,0.0,0.0,0.0,0.0,0.0,0.0,0.0,0.0,0.0,0.0,0.0,0.0,0.0,0.0,0.0,0.0,0.0,0.0,0.0,0.0,0.0,0.0,0.0,0.0,0.0,0.0,0.0,0.0,0.0,0.0,0.0,0.0,0.0,0.005064124791182753,6.38819271175793e-05,8.187904889491189e-05,-8.051378119766639e-07,-9.549143626941259e-05,4.790829066791957e-05,0.0,0.0,0.0,0.0,0.0,0.0,0.0,0.0,0.0,0.0,0.0,0.0,0.0,0.0,0.0,0.0,0.0,0.0,0.0,0.0,0.0,0.0,0.0,0.0,0.0,0.0,0.0,0.0,0.0,0.0,0.0,0.0,0.0,0.0,0.0,0.0
45,564000000,odom,base_link,-1.817616161686084,0.09402807293274254,-0.10506309788419457,-1.1437091775041464e-05,0.004252112370891123,-0.00035172160918196604,0.999990897809319,0.0,0.0,0.0,0.0,0.0,0.0,0.0,0.0,0.0,0.0,0.0,0.0,0.0,0.0,0.0,0.0,0.0,0.0,0.0,0.0,0.0,0.0,0.0,0.0,0.0,0.0,0.0,0.0,0.0,0.0,0.0,0.0,0.0,0.0,0.0,0.0,0.005062438602055621,6.392744609112876e-05,8.136704402977605e-05,-8.354187064352203e-07,-9.660424211688223e-05,4.4983561764411206e-05,0.0,0.0,0.0,0.0,0.0,0.0,0.0,0.0,0.0,0.0,0.0,0.0,0.0,0.0,0.0,0.0,0.0,0.0,0.0,0.0,0.0,0.0,0.0,0.0,0.0,0.0,0.0,0.0,0.0,0.0,0.0,0.0,0.0,0.0,0.0,0.0
45,598000000,odom,base_link,-1.817444057201947,0.0940301260933102,-0.1050617655455203,-1.1457357726311884e-05,0.004250432375878918,-0.00035087408550069673,0.9999909052490044,0.0,0.0,0.0,0.0,0.0,0.0,0.0,0.0,0.0,0.0,0.0,0.0,0.0,0.0,0.0,0.0,0.0,0.0,0.0,0.0,0.0,0.0,0.0,0.0,0.0,0.0,0.0,0.0,0.0,0.0,0.0,0.0,0.0,0.0,0.0,0.0,0.00506073730620201,6.39500588724297e-05,8.250208652106004e-05,-9.779069110038563e-07,-9.929732129876356e-05,5.2349389534356305e-05,0.0,0.0,0.0,0.0,0.0,0.0,0.0,0.0,0.0,0.0,0.0,0.0,0.0,0.0,0.0,0.0,0.0,0.0,0.0,0.0,0.0,0.0,0.0,0.0,0.0,0.0,0.0,0.0,0.0,0.0,0.0,0.0,0.0,0.0,0.0,0.0
45,632000000,odom,base_link,-1.8172720100929807,0.09403218084375457,-0.1050604241255818,-1.1476339337204749e-05,0.004248786858394184,-0.00035001424359058526,0.9999909125429864,0.0,0.0,0.0,0.0,0.0,0.0,0.0,0.0,0.0,0.0,0.0,0.0,0.0,0.0,0.0,0.0,0.0,0.0,0.0,0.0,0.0,0.0,0.0,0.0,0.0,0.0,0.0,0.0,0.0,0.0,0.0,0.0,0.0,0.0,0.0,0.0,0.005059054750888761,6.39982110437024e-05,8.22917633751409e-05,-7.899751242046449e-07,-9.521867170292353e-05,4.7845027140169805e-05,0.0,0.0,0.0,0.0,0.0,0.0,0.0,0.0,0.0,0.0,0.0,0.0,0.0,0.0,0.0,0.0,0.0,0.0,0.0,0.0,0.0,0.0,0.0,0.0,0.0,0.0,0.0,0.0,0.0,0.0,0.0,0.0,0.0,0.0,0.0,0.0
45,666000000,odom,base_link,-1.817100020375047,0.09403423765202885,-0.1050591050999649,-1.1493375093560716e-05,0.00424716804926247,-0.00034925193775175653,0.9999909196860478,0.0,0.0,0.0,0.0,0.0,0.0,0.0,0.0,0.0,0.0,0.0,0.0,0.0,0.0,0.0,0.0,0.0,0.0,0.0,0.0,0.0,0.0,0.0,0.0,0.0,0.0,0.0,0.0,0.0,0.0,0.0,0.0,0.0,0.0,0.0,0.0,0.005057366285854269,6.404230437033301e-05,8.196407256864341e-05,-8.389460737223686e-07,-9.682986927828097e-05,4.550352130650026e-05,0.0,0.0,0.0,0.0,0.0,0.0,0.0,0.0,0.0,0.0,0.0,0.0,0.0,0.0,0.0,0.0,0.0,0.0,0.0,0.0,0.0,0.0,0.0,0.0,0.0,0.0,0.0,0.0,0.0,0.0,0.0,0.0,0.0,0.0,0.0,0.0
45,700000000,odom,base_link,-1.8169280881982661,0.09403629570048501,-0.10505775134667883,-1.1513589224436154e-05,0.004245489166637177,-0.0003483992025180948,0.9999909271124258,0.0,0.0,0.0,0.0,0.0,0.0,0.0,0.0,0.0,0.0,0.0,0.0,0.0,0.0,0.0,0.0,0.0,0.0,0.0,0.0,0.0,0.0,0.0,0.0,0.0,0.0,0.0,0.0,0.0,0.0,0.0,0.0,0.0,0.0,0.0,0.0,0.00505566542121186,6.406539244028404e-05,8.30030541473675e-05,-9.71698255192166e-07,-9.915580889696685e-05,5.254656407771563e-05,0.0,0.0,0.0,0.0,0.0,0.0,0.0,0.0,0.0,0.0,0.0,0.0,0.0,0.0,0.0,0.0,0.0,0.0,0.0,0.0,0.0,0.0,0.0,0.0,0.0,0.0,0.0,0.0,0.0,0.0,0.0,0.0,0.0,0.0,0.0,0.0
45,734000000,odom,base_link,-1.8167562135208901,0.0940383548434994,-0.10505636076571011,-1.1535221108984946e-05,0.004243794843514219,-0.0003474217719008061,0.9999909346440983,0.0,0.0,0.0,0.0,0.0,0.0,0.0,0.0,0.0,0.0,0.0,0.0,0.0,0.0,0.0,0.0,0.0,0.0,0.0,0.0,0.0,0.0,0.0,0.0,0.0,0.0,0.0,0.0,0.0,0.0,0.0,0.0,0.0,0.0,0.0,0.0,0.005053964137042259,6.40858364951076e-05,8.433219399640387e-05,-9.981297455219362e-07,-9.98611746183542e-05,6.0314262384508766e-05,0.0,0.0,0.0,0.0,0.0,0.0,0.0,0.0,0.0,0.0,0.0,0.0,0.0,0.0,0.0,0.0,0.0,0.0,0.0,0.0,0.0,0.0,0.0,0.0,0.0,0.0,0.0,0.0,0.0,0.0,0.0,0.0,0.0,0.0,0.0,0.0
45,768000000,odom,base_link,-1.8165843962998283,0.09404041529628744,-0.10505494316542487,-1.1555891133108696e-05,0.004242118434909865,-0.0003463664770835219,0.999990942122932,0.0,0.0,0.0,0.0,0.0,0.0,0.0,0.0,0.0,0.0,0.0,0.0,0.0,0.0,0.0,0.0,0.0,0.0,0.0,0.0,0.0,0.0,0.0,0.0,0.0,0.0,0.0,0.0,0.0,0.0,0.0,0.0,0.0,0.0,0.0,0.0,0.0050522745666923,6.412439076008016e-05,8.45367127172137e-05,-8.054029942972107e-07,-9.670868692523982e-05,5.9491858550586585e-05,0.0,0.0,0.0,0.0,0.0,0.0,0.0,0.0,0.0,0.0,0.0,0.0,0.0,0.0,0.0,0.0,0.0,0.0,0.0,0.0,0.0,0.0,0.0,0.0,0.0,0.0,0.0,0.0,0.0,0.0,0.0,0.0,0.0,0.0,0.0,0.0
45,802000000,odom,base_link,-1.8164126364272615,0.09404247820332144,-0.10505355171003168,-1.1571582158368402e-05,0.004240509866061175,-0.0003454957850530541,0.9999909492464604,0.0,0.0,0.0,0.0,0.0,0.0,0.0,0.0,0.0,0.0,0.0,0.0,0.0,0.0,0.0,0.0,0.0,0.0,0.0,0.0,0.0,0.0,0.0,0.0,0.0,0.0,0.0,0.0,0.0,0.0,0.0,0.0,0.0,0.0,0.0,0.0,0.005050597107196837,6.418967739910718e-05,8.318391447856887e-05,-6.372108063423809e-07,-9.393996265316673e-05,4.7003361203223903e-05,0.0,0.0,0.0,0.0,0.0,0.0,0.0,0.0,0.0,0.0,0.0,0.0,0.0,0.0,0.0,0.0,0.0,0.0,0.0,0.0,0.0,0.0,0.0,0.0,0.0,0.0,0.0,0.0,0.0,0.0,0.0,0.0,0.0,0.0,0.0,0.0
45,836000000,odom,base_link,-1.816240934102675,0.0940445430054024,-0.10505215704900328,-1.1589242556890262e-05,0.004238858093498329,-0.00034468377867104147,0.9999909565295305,0.0,0.0,0.0,0.0,0.0,0.0,0.0,0.0,0.0,0.0,0.0,0.0,0.0,0.0,0.0,0.0,0.0,0.0,0.0,0.0,0.0,0.0,0.0,0.0,0.0,0.0,0.0,0.0,0.0,0.0,0.0,0.0,0.0,0.0,0.0,0.0,0.005048895002104045,6.422437620049503e-05,8.419559316878952e-05,-8.806600448885149e-07,-9.858826430786394e-05,4.8929059204283476e-05,0.0,0.0,0.0,0.0,0.0,0.0,0.0,0.0,0.0,0.0,0.0,0.0,0.0,0.0,0.0,0.0,0.0,0.0,0.0,0.0,0.0,0.0,0.0,0.0,0.0,0.0,0.0,0.0,0.0,0.0,0.0,0.0,0.0,0.0,0.0,0.0
45,870000000,odom,base_link,-1.8160692893220527,0.0940466093565348,-0.10505075069060224,-1.160862021629928e-05,0.004237191904807774,-0.00034385210813558107,0.999990963877039,0.0,0.0,0.0,0.0,0.0,0.0,0.0,0.0,0.0,0.0,0.0,0.0,0.0,0.0,0.0,0.0,0.0,0.0,0.0,0.0,0.0,0.0,0.0,0.0,0.0,0.0,0.0,0.0,0.0,0.0,0.0,0.0,0.0,0.0,0.0,0.0,0.005047207344654302,6.426751313556319e-05,8.3973325734071e-05,-8.553817820722287e-07,-9.64941314407497e-05,4.67522497160644e-05,0.0,0.0,0.0,0.0,0.0,0.0,0.0,0.0,0.0,0.0,0.0,0.0,0.0,0.0,0.0,0.0,0.0,0.0,0.0,0.0,0.0,0.0,0.0,0.0,0.0,0.0,0.0,0.0,0.0,0.0,0.0,0.0,0.0,0.0,0.0,0.0
45,904000000,odom,base_link,-1.815897701957893,0.09404867790839425,-0.10504938301948595,-1.1625842433364065e-05,0.004235578881132537,-0.00034315322126328906,0.9999909709503623,0.0,0.0,0.0,0.0,0.0,0.0,0.0,0.0,0.0,0.0,0.0,0.0,0.0,0.0,0.0,0.0,0.0,0.0,0.0,0.0,0.0,0.0,0.0,0.0,0.0,0.0,0.0,0.0,0.0,0.0,0.0,0.0,0.0,0.0,0.0,0.0,0.005045530654103091,6.432499889099165e-05,8.228019154083521e-05,-7.98631971665742e-07,-9.443639399364656e-05,3.831096861972583e-05,0.0,0.0,0.0,0.0,0.0,0.0,0.0,0.0,0.0,0.0,0.0,0.0,0.0,0.0,0.0,0.0,0.0,0.0,0.0,0.0,0.0,0.0,0.0,0.0,0.0,0.0,0.0,0.0,0.0,0.0,0.0,0.0,0.0,0.0,0.0,0.0
45,938000000,odom,base_link,-1.815726172184276,0.09405074796626804,-0.10504802044473145,-1.164530219613196e-05,0.0042339189861536385,-0.0003424305818793736,0.9999909782271549,0.0,0.0,0.0,0.0,0.0,0.0,0.0,0.0,0.0,0.0,0.0,0.0,0.0,0.0,0.0,0.0,0.0,0.0,0.0,0.0,0.0,0.0,0.0,0.0,0.0,0.0,0.0,0.0,0.0,0.0,0.0,0.0,0.0,0.0,0.0,0.0,0.005043830196118941,6.43488166786802e-05,8.307799816974099e-05,-9.824080549059033e-07,-9.866672243674657e-05,4.53265286637361e-05,0.0,0.0,0.0,0.0,0.0,0.0,0.0,0.0,0.0,0.0,0.0,0.0,0.0,0.0,0.0,0.0,0.0,0.0,0.0,0.0,0.0,0.0,0.0,0.0,0.0,0.0,0.0,0.0,0.0,0.0,0.0,0.0,0.0,0.0,0.0,0.0
45,972000000,odom,base_link,-1.8155546999006038,0.09405281927781753,-0.10504665212013155,-1.1665142737076276e-05,0.004232262314008963,-0.0003416251182279164,0.9999909855153237,0.0,0.0,0.0,0.0,0.0,0.0,0.0,0.0,0.0,0.0,0.0,0.0,0.0,0.0,0.0,0.0,0.0,0.0,0.0,0.0,0.0,0.0,0.0,0.0,0.0,0.0,0.0,0.0,0.0,0.0,0.0,0.0,0.0,0.0,0.0,0.0,0.005042145504250412,6.438470285657447e-05,8.273013816605187e-05,-8.502994919279416e-07,-9.576011521517103e-05,4.640051933790801e-05,0.0,0.0,0.0,0.0,0.0,0.0,0.0,0.0,0.0,0.0,0.0,0.0,0.0,0.0,0.0,0.0,0.0,0.0,0.0,0.0,0.0,0.0,0.0,0.0,0.0,0.0,0.0,0.0,0.0,0.0,0.0,0.0,0.0,0.0,0.0,0.0
46,6000000,odom,base_link,-1.8153832850100355,0.09405489245394942,-0.10504532359686748,-1.1681934015580108e-05,0.004230655879057417,-0.0003408784689077035,0.9999909925675505,0.0,0.0,0.0,0.0,0.0,0.0,0.0,0.0,0.0,0.0,0.0,0.0,0.0,0.0,0.0,0.0,0.0,0.0,0.0,0.0,0.0,0.0,0.0,0.0,0.0,0.0,0.0,0.0,0.0,0.0,0.0,0.0,0.0,0.0,0.0,0.0,0.00504046808239439,6.443061374619603e-05,8.113528303560553e-05,-7.545720437374115e-07,-9.439961061730173e-05,4.297183977541863e-05,0.0,0.0,0.0,0.0,0.0,0.0,0.0,0.0,0.0,0.0,0.0,0.0,0.0,0.0,0.0,0.0,0.0,0.0,0.0,0.0,0.0,0.0,0.0,0.0,0.0,0.0,0.0,0.0,0.0,0.0,0.0,0.0,0.0,0.0,0.0,0.0
46,40000000,odom,base_link,-1.815211927693271,0.0940569669458274,-0.10504399062596567,-1.1700987920437595e-05,0.004228995570370146,-0.00034006426769429783,0.9999909998674221,0.0,0.0,0.0,0.0,0.0,0.0,0.0,0.0,0.0,0.0,0.0,0.0,0.0,0.0,0.0,0.0,0.0,0.0,0.0,0.0,0.0,0.0,0.0,0.0,0.0,0.0,0.0,0.0,0.0,0.0,0.0,0.0,0.0,0.0,0.0,0.0,0.005038766821963462,6.445234198482608e-05,8.209553487194427e-05,-9.285351654231278e-07,-9.85094821714938e-05,5.058298349069901e-05,0.0,0.0,0.0,0.0,0.0,0.0,0.0,0.0,0.0,0.0,0.0,0.0,0.0,0.0,0.0,0.0,0.0,0.0,0.0,0.0,0.0,0.0,0.0,0.0,0.0,0.0,0.0,0.0,0.0,0.0,0.0,0.0,0.0,0.0,0.0,0.0
46,74000000,odom,base_link,-1.8150406278586078,0.09405904277330256,-0.10504265284475843,-1.1720212956027317e-05,0.004227343581825866,-0.0003391853297413154,0.9999910071506593,0.0,0.0,0.0,0.0,0.0,0.0,0.0,0.0,0.0,0.0,0.0,0.0,0.0,0.0,0.0,0.0,0.0,0.0,0.0,0.0,0.0,0.0,0.0,0.0,0.0,0.0,0.0,0.0,0.0,0.0,0.0,0.0,0.0,0.0,0.0,0.0,0.005037082313388114,6.449193183185757e-05,8.174805327111359e-05,-8.022885578107264e-07,-9.542647489979572e-05,4.9662969914265886e-05,0.0,0.0,0.0,0.0,0.0,0.0,0.0,0.0,0.0,0.0,0.0,0.0,0.0,0.0,0.0,0.0,0.0,0.0,0.0,0.0,0.0,0.0,0.0,0.0,0.0,0.0,0.0,0.0,0.0,0.0,0.0,0.0,0.0,0.0,0.0,0.0
46,108000000,odom,base_link,-1.8148693853992994,0.09406112068467054,-0.10504135099337125,-1.1736624804554753e-05,0.004225743731067307,-0.0003384147889236009,0.9999910141734283,0.0,0.0,0.0,0.0,0.0,0.0,0.0,0.0,0.0,0.0,0.0,0.0,0.0,0.0,0.0,0.0,0.0,0.0,0.0,0.0,0.0,0.0,0.0,0.0,0.0,0.0,0.0,0.0,0.0,0.0,0.0,0.0,0.0,0.0,0.0,0.0,0.005035403570760897,6.45430281782543e-05,8.044803907879559e-05,-7.454611095081276e-07,-9.395554343427648e-05,4.374426794129249e-05,0.0,0.0,0.0,0.0,0.0,0.0,0.0,0.0,0.0,0.0,0.0,0.0,0.0,0.0,0.0,0.0,0.0,0.0,0.0,0.0,0.0,0.0,0.0,0.0,0.0,0.0,0.0,0.0,0.0,0.0,0.0,0.0,0.0,0.0,0.0,0.0
46,142000000,odom,base_link,-1.814698200486211,0.09406320002368218,-0.10504003426474869,-1.1755625644818266e-05,0.004224089238584225,-0.0003376026445459879,0.9999910214378748,0.0,0.0,0.0,0.0,0.0,0.0,0.0,0.0,0.0,0.0,0.0,0.0,0.0,0.0,0.0,0.0,0.0,0.0,0.0,0.0,0.0,0.0,0.0,0.0,0.0,0.0,0.0,0.0,0.0,0.0,0.0,0.0,0.0,0.0,0.0,0.0,0.005033701165000591,6.456787169863594e-05,8.15343061973767e-05,-9.279031598641296e-07,-9.818999586741484e-05,4.988459672006229e-05,0.0,0.0,0.0,0.0,0.0,0.0,0.0,0.0,0.0,0.0,0.0,0.0,0.0,0.0,0.0,0.0,0.0,0.0,0.0,0.0,0.0,0.0,0.0,0.0,0.0,0.0,0.0,0.0,0.0,0.0,0.0,0.0,0.0,0.0,0.0,0.0
46,176000000,odom,base_link,-1.8145270730447707,0.09406528083118237,-0.10503871090953587,-1.1774602809294234e-05,0.004222446066201365,-0.00033675752344533225,0.9999910286622311,0.0,0.0,0.0,0.0,0.0,0.0,0.0,0.0,0.0,0.0,0.0,0.0,0.0,0.0,0.0,0.0,0.0,0.0,0.0,0.0,0.0,0.0,0.0,0.0,0.0,0.0,0.0,0.0,0.0,0.0,0.0,0.0,0.0,0.0,0.0,0.0,0.005032016529470127,6.461133028311768e-05,8.125936646390668e-05,-7.995860473730687e-07,-9.494217181327258e-05,4.7242045297934965e-05,0.0,0.0,0.0,0.0,0.0,0.0,0.0,0.0,0.0,0.0,0.0,0.0,0.0,0.0,0.0,0.0,0.0,0.0,0.0,0.0,0.0,0.0,0.0,0.0,0.0,0.0,0.0,0.0,0.0,0.0,0.0,0.0,0.0,0.0,0.0,0.0
46,210000000,odom,base_link,-1.814356002982854,0.09406736374308135,-0.10503741856222942,-1.1791061765422591e-05,0.0042208499977375484,-0.0003360273541822035,0.9999910356457625,0.0,0.0,0.0,0.0,0.0,0.0,0.0,0.0,0.0,0.0,0.0,0.0,0.0,0.0,0.0,0.0,0.0,0.0,0.0,0.0,0.0,0.0,0.0,0.0,0.0,0.0,0.0,0.0,0.0,0.0,0.0,0.0,0.0,0.0,0.0,0.0,0.005030335001469192,6.466151989249269e-05,8.027230092800922e-05,-7.750130648354059e-07,-9.406433179037776e-05,4.185081969865223e-05,0.0,0.0,0.0,0.0,0.0,0.0,0.0,0.0,0.0,0.0,0.0,0.0,0.0,0.0,0.0,0.0,0.0,0.0,0.0,0.0,0.0,0.0,0.0,0.0,0.0,0.0,0.0,0.0,0.0,0.0,0.0,0.0,0.0,0.0,0.0,0.0
46,244000000,odom,base_link,-1.8141849904734533,0.09406944800354276,-0.10503610353067495,-1.181029866196465e-05,0.004219196200421382,-0.00033523902801805655,0.9999910428892517,0.0,0.0,0.0,0.0,0.0,0.0,0.0,0.0,0.0,0.0,0.0,0.0,0.0,0.0,0.0,0.0,0.0,0.0,0.0,0.0,0.0,0.0,0.0,0.0,0.0,0.0,0.0,0.0,0.0,0.0,0.0,0.0,0.0,0.0,0.0,0.0,0.005028631929712363,6.46848516061514e-05,8.140344920274135e-05,-9.429431346852368e-07,-9.803443745681761e-05,4.8684273323829075e-05,0.0,0.0,0.0,0.0,0.0,0.0,0.0,0.0,0.0,0.0,0.0,0.0,0.0,0.0,0.0,0.0,0.0,0.0,0.0,0.0,0.0,0.0,0.0,0.0,0.0,0.0,0.0,0.0,0.0,0.0,0.0,0.0,0.0,0.0,0.0,0.0
46,278000000,odom,base_link,-1.8140140354115608,0.09407153373547131,-0.1050347799626286,-1.1828986317290575e-05,0.004217562450573091,-0.0003344205124205884,0.9999910500549349,0.0,0.0,0.0,0.0,0.0,0.0,0.0,0.0,0.0,0.0,0.0,0.0,0.0,0.0,0.0,0.0,0.0,0.0,0.0,0.0,0.0,0.0,0.0,0.0,0.0,0.0,0.0,0.0,0.0,0.0,0.0,0.0,0.0,0.0,0.0,0.0,0.005026947485069929,6.472875570482381e-05,8.119004495379912e-05,-7.87294923698667e-07,-9.446208792951438e-05,4.58380991830154e-05,0.0,0.0,0.0,0.0,0.0,0.0,0.0,0.0,0.0,0.0,0.0,0.0,0.0,0.0,0.0,0.0,0.0,0.0,0.0,0.0,0.0,0.0,0.0,0.0,0.0,0.0,0.0,0.0,0.0,0.0,0.0,0.0,0.0,0.0,0.0,0.0
46,312000000,odom,base_link,-1.8138431377338182,0.09407362148674873,-0.10503348342849735,-1.1845335772675447e-05,0.004215969225679071,-0.00033369978381488877,0.9999910570138267,0.0,0.0,0.0,0.0,0.0,0.0,0.0,0.0,0.0,0.0,0.0,0.0,0.0,0.0,0.0,0.0,0.0,0.0,0.0,0.0,0.0,0.0,0.0,0.0,0.0,0.0,0.0,0.0,0.0,0.0,0.0,0.0,0.0,0.0,0.0,0.0,0.0050252637450948715,6.477558334006615e-05,8.04844289598997e-05,-7.852995420609687e-07,-9.435839274374302e-05,4.1906336534225375e-05,0.0,0.0,0.0,0.0,0.0,0.0,0.0,0.0,0.0,0.0,0.0,0.0,0.0,0.0,0.0,0.0,0.0,0.0,0.0,0.0,0.0,0.0,0.0,0.0,0.0,0.0,0.0,0.0,0.0,0.0,0.0,0.0,0.0,0.0,0.0,0.0
46,346000000,odom,base_link,-1.8136722976013957,0.09407571051895815,-0.10503215843334197,-1.1864594457159764e-05,0.004214315941042874,-0.0003329074091324516,0.9999910642465949,0.0,0.0,0.0,0.0,0.0,0.0,0.0,0.0,0.0,0.0,0.0,0.0,0.0,0.0,0.0,0.0,0.0,0.0,0.0,0.0,0.0,0.0,0.0,0.0,0.0,0.0,0.0,0.0,0.0,0.0,0.0,0.0,0.0,0.0,0.0,0.0,0.005023560668351213,6.479807755647322e-05,8.160037404697761e-05,-9.399415912270115e-07,-9.790446711122058e-05,4.9021312875652256e-05,0.0,0.0,0.0,0.0,0.0,0.0,0.0,0.0,0.0,0.0,0.0,0.0,0.0,0.0,0.0,0.0,0.0,0.0,0.0,0.0,0.0,0.0,0.0,0.0,0.0,0.0,0.0,0.0,0.0,0.0,0.0,0.0,0.0,0.0,0.0,0.0
46,380000000,odom,base_link,-1.8135015149663234,0.09407780096117475,-0.105030827508618,-1.1883222189046826e-05,0.0042126807234229395,-0.0003320723689022496,0.9999910714140668,0.0,0.0,0.0,0.0,0.0,0.0,0.0,0.0,0.0,0.0,0.0,0.0,0.0,0.0,0.0,0.0,0.0,0.0,0.0,0.0,0.0,0.0,0.0,0.0,0.0,0.0,0.0,0.0,0.0,0.0,0.0,0.0,0.0,0.0,0.0,0.0,0.005021875386049862,6.48400886890308e-05,8.128529204956612e-05,-7.759418163555409e-07,-9.445454267620335e-05,4.689630905829745e-05,0.0,0.0,0.0,0.0,0.0,0.0,0.0,0.0,0.0,0.0,0.0,0.0,0.0,0.0,0.0,0.0,0.0,0.0,0.0,0.0,0.0,0.0,0.0,0.0,0.0,0.0,0.0,0.0,0.0,0.0,0.0,0.0,0.0,0.0,0.0,0.0
46,414000000,odom,base_link,-1.8133307897321806,0.09407989340594367,-0.10502952225111976,-1.1899505343774463e-05,0.004211087046164756,-0.0003313322803283414,0.999991078371808,0.0,0.0,0.0,0.0,0.0,0.0,0.0,0.0,0.0,0.0,0.0,0.0,0.0,0.0,0.0,0.0,0.0,0.0,0.0,0.0,0.0,0.0,0.0,0.0,0.0,0.0,0.0,0.0,0.0,0.0,0.0,0.0,0.0,0.0,0.0,0.0,0.005020189438072221,6.488569534412154e-05,8.07872666695831e-05,-7.868283247169927e-07,-9.471453239484617e-05,4.340482817610791e-05,0.0,0.0,0.0,0.0,0.0,0.0,0.0,0.0,0.0,0.0,0.0,0.0,0.0,0.0,0.0,0.0,0.0,0.0,0.0,0.0,0.0,0.0,0.0,0.0,0.0,0.0,0.0,0.0,0.0,0.0,0.0,0.0,0.0,0.0,0.0,0.0
46,448000000,odom,base_link,-1.8131601220531524,0.09408198713780214,-0.10502818516893599,-1.1918664331306148e-05,0.004209434790619787,-0.0003305226469916131,0.999991085596001,0.0,0.0,0.0,0.0,0.0,0.0,0.0,0.0,0.0,0.0,0.0,0.0,0.0,0.0,0.0,0.0,0.0,0.0,0.0,0.0,0.0,0.0,0.0,0.0,0.0,0.0,0.0,0.0,0.0,0.0,0.0,0.0,0.0,0.0,0.0,0.0,0.005018486789731781,6.490948855260366e-05,8.184191585607138e-05,-9.26898774400442e-07,-9.773431628445906e-05,4.978762255802849e-05,0.0,0.0,0.0,0.0,0.0,0.0,0.0,0.0,0.0,0.0,0.0,0.0,0.0,0.0,0.0,0.0,0.0,0.0,0.0,0.0,0.0,0.0,0.0,0.0,0.0,0.0,0.0,0.0,0.0,0.0,0.0,0.0,0.0,0.0,0.0,0.0
46,482000000,odom,base_link,-1.812989511930909,0.09408408197550013,-0.10502681485219525,-1.1939305285523812e-05,0.004207763913951776,-0.0003296011456142903,0.9999910929320232,0.0,0.0,0.0,0.0,0.0,0.0,0.0,0.0,0.0,0.0,0.0,0.0,0.0,0.0,0.0,0.0,0.0,0.0,0.0,0.0,0.0,0.0,0.0,0.0,0.0,0.0,0.0,0.0,0.0,0.0,0.0,0.0,0.0,0.0,0.0,0.0,0.005016784853267695,6.493093574522953e-05,8.305814231442517e-05,-9.625725660988849e-07,-9.85458775915049e-05,5.679716643669508e-05,0.0,0.0,0.0,0.0,0.0,0.0,0.0,0.0,0.0,0.0,0.0,0.0,0.0,0.0,0.0,0.0,0.0,0.0,0.0,0.0,0.0,0.0,0.0,0.0,0.0,0.0,0.0,0.0,0.0,0.0,0.0,0.0,0.0,0.0,0.0,0.0
46,516000000,odom,base_link,-1.8128189593500035,0.09408617798909082,-0.10502541629536229,-1.1959828801172717e-05,0.004206098831001443,-0.00032858185500220705,0.9999911002721729,0.0,0.0,0.0,0.0,0.0,0.0,0.0,0.0,0.0,0.0,0.0,0.0,0.0,0.0,0.0,0.0,0.0,0.0,0.0,0.0,0.0,0.0,0.0,0.0,0.0,0.0,0.0,0.0,0.0,0.0,0.0,0.0,0.0,0.0,0.0,0.0,0.005015090685008465,6.496075398012888e-05,8.334309106951835e-05,-8.513858840153432e-07,-9.672628848989007e-05,5.960500644164313e-05,0.0,0.0,0.0,0.0,0.0,0.0,0.0,0.0,0.0,0.0,0.0,0.0,0.0,0.0,0.0,0.0,0.0,0.0,0.0,0.0,0.0,0.0,0.0,0.0,0.0,0.0,0.0,0.0,0.0,0.0,0.0,0.0,0.0,0.0,0.0,0.0
46,550000000,odom,base_link,-1.8126484641825404,0.09408827617675555,-0.10502403499870024,-1.1975827708728576e-05,0.004204498066312524,-0.00032769280374250076,0.999991107295468,0.0,0.0,0.0,0.0,0.0,0.0,0.0,0.0,0.0,0.0,0.0,0.0,0.0,0.0,0.0,0.0,0.0,0.0,0.0,0.0,0.0,0.0,0.0,0.0,0.0,0.0,0.0,0.0,0.0,0.0,0.0,0.0,0.0,0.0,0.0,0.0,0.005013410161821538,6.50216898765498e-05,8.2310065655175e-05,-6.412042619086122e-07,-9.339399369423518e-05,4.8547704878387776e-05,0.0,0.0,0.0,0.0,0.0,0.0,0.0,0.0,0.0,0.0,0.0,0.0,0.0,0.0,0.0,0.0,0.0,0.0,0.0,0.0,0.0,0.0,0.0,0.0,0.0,0.0,0.0,0.0,0.0,0.0,0.0,0.0,0.0,0.0,0.0,0.0
46,584000000,odom,base_link,-1.8124780265726588,0.09409037637651714,-0.10502266523187678,-1.1992186992993833e-05,0.0042028785563309,-0.0003268996654934343,0.9999911143628412,0.0,0.0,0.0,0.0,0.0,0.0,0.0,0.0,0.0,0.0,0.0,0.0,0.0,0.0,0.0,0.0,0.0,0.0,0.0,0.0,0.0,0.0,0.0,0.0,0.0,0.0,0.0,0.0,0.0,0.0,0.0,0.0,0.0,0.0,0.0,0.0,0.005011712257579535,6.506240913643355e-05,8.277678855311386e-05,-8.094735381991569e-07,-9.682511574737873e-05,4.720682618142291e-05,0.0,0.0,0.0,0.0,0.0,0.0,0.0,0.0,0.0,0.0,0.0,0.0,0.0,0.0,0.0,0.0,0.0,0.0,0.0,0.0,0.0,0.0,0.0,0.0,0.0,0.0,0.0,0.0,0.0,0.0,0.0,0.0,0.0,0.0,0.0,0.0
46,618000000,odom,base_link,-1.8123076465615937,0.09409247817762618,-0.10502128344079897,-1.2010294093002066e-05,0.004201237273221857,-0.00032610831869882815,0.999991121517832,0.0,0.0,0.0,0.0,0.0,0.0,0.0,0.0,0.0,0.0,0.0,0.0,0.0,0.0,0.0,0.0,0.0,0.0,0.0,0.0,0.0,0.0,0.0,0.0,0.0,0.0,0.0,0.0,0.0,0.0,0.0,0.0,0.0,0.0,0.0,0.0,0.005010022330551004,6.510683975243444e-05,8.260518561993423e-05,-8.050111077739786e-07,-9.520873263113572e-05,4.4114185726584765e-05,0.0,0.0,0.0,0.0,0.0,0.0,0.0,0.0,0.0,0.0,0.0,0.0,0.0,0.0,0.0,0.0,0.0,0.0,0.0,0.0,0.0,0.0,0.0,0.0,0.0,0.0,0.0,0.0,0.0,0.0,0.0,0.0,0.0,0.0,0.0,0.0
46,652000000,odom,base_link,-1.8121373240133811,0.09409458221387161,-0.10501993646155958,-1.2026531287621788e-05,0.004199645798989053,-0.0003254671215162244,0.9999911284114866,0.0,0.0,0.0,0.0,0.0,0.0,0.0,0.0,0.0,0.0,0.0,0.0,0.0,0.0,0.0,0.0,0.0,0.0,0.0,0.0,0.0,0.0,0.0,0.0,0.0,0.0,0.0,0.0,0.0,0.0,0.0,0.0,0.0,0.0,0.0,0.0,0.005008343487011289,6.516637687020149e-05,8.102884170251292e-05,-7.619811170922475e-07,-9.312789828186396e-05,3.44715246569649e-05,0.0,0.0,0.0,0.0,0.0,0.0,0.0,0.0,0.0,0.0,0.0,0.0,0.0,0.0,0.0,0.0,0.0,0.0,0.0,0.0,0.0,0.0,0.0,0.0,0.0,0.0,0.0,0.0,0.0,0.0,0.0,0.0,0.0,0.0,0.0,0.0
46,686000000,odom,base_link,-1.8119670590987298,0.09409668778697824,-0.1050185938314653,-1.2045101422980458e-05,0.004198009657301205,-0.000324819505442887,0.999991135491771,0.0,0.0,0.0,0.0,0.0,0.0,0.0,0.0,0.0,0.0,0.0,0.0,0.0,0.0,0.0,0.0,0.0,0.0,0.0,0.0,0.0,0.0,0.0,0.0,0.0,0.0,0.0,0.0,0.0,0.0,0.0,0.0,0.0,0.0,0.0,0.0,0.005006641327670261,6.519106653024654e-05,8.186898919867967e-05,-9.589146143795801e-07,-9.733909749343184e-05,4.0857725025489344e-05,0.0,0.0,0.0,0.0,0.0,0.0,0.0,0.0,0.0,0.0,0.0,0.0,0.0,0.0,0.0,0.0,0.0,0.0,0.0,0.0,0.0,0.0,0.0,0.0,0.0,0.0,0.0,0.0,0.0,0.0,0.0,0.0,0.0,0.0,0.0,0.0
46,720000000,odom,base_link,-1.8117968517444485,0.09409879451013928,-0.10501724070603238,-1.2064602367189015e-05,0.004196369503123709,-0.00032407594953215066,0.9999911426168822,0.0,0.0,0.0,0.0,0.0,0.0,0.0,0.0,0.0,0.0,0.0,0.0,0.0,0.0,0.0,0.0,0.0,0.0,0.0,0.0,0.0,0.0,0.0,0.0,0.0,0.0,0.0,0.0,0.0,0.0,0.0,0.0,0.0,0.0,0.0,0.0,0.005004953099150354,6.52228646845237e-05,8.166026949189358e-05,-8.559434327981563e-07,-9.484832474981886e-05,4.3526759085921185e-05,0.0,0.0,0.0,0.0,0.0,0.0,0.0,0.0,0.0,0.0,0.0,0.0,0.0,0.0,0.0,0.0,0.0,0.0,0.0,0.0,0.0,0.0,0.0,0.0,0.0,0.0,0.0,0.0,0.0,0.0,0.0,0.0,0.0,0.0,0.0,0.0
46,754000000,odom,base_link,-1.8116267018222265,0.09410090294384706,-0.10501592341252486,-1.2080956424024324e-05,0.004194784892586021,-0.0003233663762809811,0.9999911494948054,0.0,0.0,0.0,0.0,0.0,0.0,0.0,0.0,0.0,0.0,0.0,0.0,0.0,0.0,0.0,0.0,0.0,0.0,0.0,0.0,0.0,0.0,0.0,0.0,0.0,0.0,0.0,0.0,0.0,0.0,0.0,0.0,0.0,0.0,0.0,0.0,0.005003275078952195,6.526638147808681e-05,8.006552066813621e-05,-7.227760334682642e-07,-9.264874023529046e-05,4.0820809488195664e-05,0.0,0.0,0.0,0.0,0.0,0.0,0.0,0.0,0.0,0.0,0.0,0.0,0.0,0.0,0.0,0.0,0.0,0.0,0.0,0.0,0.0,0.0,0.0,0.0,0.0,0.0,0.0,0.0,0.0,0.0,0.0,0.0,0.0,0.0,0.0,0.0
46,788000000,odom,base_link,-1.811456609404551,0.09410301271693657,-0.10501460283408327,-1.2098929912546993e-05,0.004193163574878949,-0.0003226054685991148,0.9999911565401775,0.0,0.0,0.0,0.0,0.0,0.0,0.0,0.0,0.0,0.0,0.0,0.0,0.0,0.0,0.0,0.0,0.0,0.0,0.0,0.0,0.0,0.0,0.0,0.0,0.0,0.0,0.0,0.0,0.0,0.0,0.0,0.0,0.0,0.0,0.0,0.0,0.005001573704522692,6.528891949877873e-05,8.117487869791823e-05,-8.916169080830372e-07,-9.696254821278671e-05,4.772523638507664e-05,0.0,0.0,0.0,0.0,0.0,0.0,0.0,0.0,0.0,0.0,0.0,0.0,0.0,0.0,0.0,0.0,0.0,0.0,0.0,0.0,0.0,0.0,0.0,0.0,0.0,0.0,0.0,0.0,0.0,0.0,0.0,0.0,0.0,0.0,0.0,0.0
46,822000000,odom,base_link,-1.811286574540349,0.09410512372625163,-0.1050132687372655,-1.2117390226156546e-05,0.004191532251766493,-0.0003217668107664105,0.9999911636492949,0.0,0.0,0.0,0.0,0.0,0.0,0.0,0.0,0.0,0.0,0.0,0.0,0.0,0.0,0.0,0.0,0.0,0.0,0.0,0.0,0.0,0.0,0.0,0.0,0.0,0.0,0.0,0.0,0.0,0.0,0.0,0.0,0.0,0.0,0.0,0.0,0.004999886391596917,6.532664071356153e-05,8.098252879686475e-05,-7.667442236680699e-07,-9.413571078198402e-05,4.7329584873523345e-05,0.0,0.0,0.0,0.0,0.0,0.0,0.0,0.0,0.0,0.0,0.0,0.0,0.0,0.0,0.0,0.0,0.0,0.0,0.0,0.0,0.0,0.0,0.0,0.0,0.0,0.0,0.0,0.0,0.0,0.0,0.0,0.0,0.0,0.0,0.0,0.0
46,856000000,odom,base_link,-1.811116597096749,0.09410723681720601,-0.10501197377814024,-1.2132650252464245e-05,0.004189957954193158,-0.0003210459685064618,0.9999911704783333,0.0,0.0,0.0,0.0,0.0,0.0,0.0,0.0,0.0,0.0,0.0,0.0,0.0,0.0,0.0,0.0,0.0,0.0,0.0,0.0,0.0,0.0,0.0,0.0,0.0,0.0,0.0,0.0,0.0,0.0,0.0,0.0,0.0,0.0,0.0,0.0,0.004998208628112994,6.538005546763896e-05,7.931684892703176e-05,-6.740222213696967e-07,-9.22592789720511e-05,4.002376492451276e-05,0.0,0.0,0.0,0.0,0.0,0.0,0.0,0.0,0.0,0.0,0.0,0.0,0.0,0.0,0.0,0.0,0.0,0.0,0.0,0.0,0.0,0.0,0.0,0.0,0.0,0.0,0.0,0.0,0.0,0.0,0.0,0.0,0.0,0.0,0.0,0.0
46,890000000,odom,base_link,-1.810946677286356,0.09410935139840296,-0.10501067791583454,-1.2150281121071545e-05,0.004188329684881287,-0.0003203085438703338,0.9999911775357111,0.0,0.0,0.0,0.0,0.0,0.0,0.0,0.0,0.0,0.0,0.0,0.0,0.0,0.0,0.0,0.0,0.0,0.0,0.0,0.0,0.0,0.0,0.0,0.0,0.0,0.0,0.0,0.0,0.0,0.0,0.0,0.0,0.0,0.0,0.0,0.0,0.004996505127113604,6.540584173847263e-05,8.030109142200925e-05,-8.831155196009632e-07,-9.682726798132535e-05,4.549985277435553e-05,0.0,0.0,0.0,0.0,0.0,0.0,0.0,0.0,0.0,0.0,0.0,0.0,0.0,0.0,0.0,0.0,0.0,0.0,0.0,0.0,0.0,0.0,0.0,0.0,0.0,0.0,0.0,0.0,0.0,0.0,0.0,0.0,0.0,0.0,0.0,0.0
46,924000000,odom,base_link,-1.810776815049788,0.09411146728386942,-0.10500937186053493,-1.2168915169051968e-05,0.004186696964677984,-0.00031951101960417757,0.9999911846277205,0.0,0.0,0.0,0.0,0.0,0.0,0.0,0.0,0.0,0.0,0.0,0.0,0.0,0.0,0.0,0.0,0.0,0.0,0.0,0.0,0.0,0.0,0.0,0.0,0.0,0.0,0.0,0.0,0.0,0.0,0.0,0.0,0.0,0.0,0.0,0.0,0.004994816256452183,6.544282754898604e-05,8.011222384229719e-05,-8.065429601966656e-07,-9.441994563985645e-05,4.55022941991956e-05,0.0,0.0,0.0,0.0,0.0,0.0,0.0,0.0,0.0,0.0,0.0,0.0,0.0,0.0,0.0,0.0,0.0,0.0,0.0,0.0,0.0,0.0,0.0,0.0,0.0,0.0,0.0,0.0,0.0,0.0,0.0,0.0,0.0,0.0,0.0,0.0
46,958000000,odom,base_link,-1.8106070102440457,0.09411358513772783,-0.10500809780935896,-1.2184846926806556e-05,0.004185121500762559,-0.00031880749801392524,0.999991191446871,0.0,0.0,0.0,0.0,0.0,0.0,0.0,0.0,0.0,0.0,0.0,0.0,0.0,0.0,0.0,0.0,0.0,0.0,0.0,0.0,0.0,0.0,0.0,0.0,0.0,0.0,0.0,0.0,0.0,0.0,0.0,0.0,0.0,0.0,0.0,0.0,0.004993137128378066,6.54938634421504e-05,7.867018560373476e-05,-7.139976998526976e-07,-9.208179960751295e-05,3.926901221973367e-05,0.0,0.0,0.0,0.0,0.0,0.0,0.0,0.0,0.0,0.0,0.0,0.0,0.0,0.0,0.0,0.0,0.0,0.0,0.0,0.0,0.0,0.0,0.0,0.0,0.0,0.0,0.0,0.0,0.0,0.0,0.0,0.0,0.0,0.0,0.0,0.0
46,992000000,odom,base_link,-1.8104372630116858,0.0941157044209751,-0.10500681379793905,-1.2202887018675512e-05,0.0041834997868053754,-0.000318075719739903,0.9999911984654964,0.0,0.0,0.0,0.0,0.0,0.0,0.0,0.0,0.0,0.0,0.0,0.0,0.0,0.0,0.0,0.0,0.0,0.0,0.0,0.0,0.0,0.0,0.0,0.0,0.0,0.0,0.0,0.0,0.0,0.0,0.0,0.0,0.0,0.0,0.0,0.0,0.004991431545262643,6.55168618569609e-05,8.005289352556434e-05,-9.103584441838564e-07,-9.686574813372317e-05,4.593862037438612e-05,0.0,0.0,0.0,0.0,0.0,0.0,0.0,0.0,0.0,0.0,0.0,0.0,0.0,0.0,0.0,0.0,0.0,0.0,0.0,0.0,0.0,0.0,0.0,0.0,0.0,0.0,0.0,0.0,0.0,0.0,0.0,0.0,0.0,0.0,0.0,0.0
47,26000000,odom,base_link,-1.8102675732725915,0.09411782505707023,-0.10500550730549954,-1.2220829385913965e-05,0.004181886539288982,-0.0003172959730435869,0.9999912054607727,0.0,0.0,0.0,0.0,0.0,0.0,0.0,0.0,0.0,0.0,0.0,0.0,0.0,0.0,0.0,0.0,0.0,0.0,0.0,0.0,0.0,0.0,0.0,0.0,0.0,0.0,0.0,0.0,0.0,0.0,0.0,0.0,0.0,0.0,0.0,0.0,0.004989745396222875,6.556025056035725e-05,7.998537533297835e-05,-7.370819676832951e-07,-9.271929215515229e-05,4.299001794549895e-05,0.0,0.0,0.0,0.0,0.0,0.0,0.0,0.0,0.0,0.0,0.0,0.0,0.0,0.0,0.0,0.0,0.0,0.0,0.0,0.0,0.0,0.0,0.0,0.0,0.0,0.0,0.0,0.0,0.0,0.0,0.0,0.0,0.0,0.0,0.0,0.0
47,60000000,odom,base_link,-1.8100979409407347,0.09411994782417808,-0.10500423619689023,-1.223552270882007e-05,0.004180329362196143,-0.00031664982888342556,0.9999912121761878,0.0,0.0,0.0,0.0,0.0,0.0,0.0,0.0,0.0,0.0,0.0,0.0,0.0,0.0,0.0,0.0,0.0,0.0,0.0,0.0,0.0,0.0,0.0,0.0,0.0,0.0,0.0,0.0,0.0,0.0,0.0,0.0,0.0,0.0,0.0,0.0,0.004988063556851811,6.56122085785628e-05,7.874774015922338e-05,-6.919357697920958e-07,-9.211415132881484e-05,3.6452038187917424e-05,0.0,0.0,0.0,0.0,0.0,0.0,0.0,0.0,0.0,0.0,0.0,0.0,0.0,0.0,0.0,0.0,0.0,0.0,0.0,0.0,0.0,0.0,0.0,0.0,0.0,0.0,0.0,0.0,0.0,0.0,0.0,0.0,0.0,0.0,0.0,0.0
47,94000000,odom,base_link,-1.8099283662504613,0.09412207187653024,-0.10500293975905164,-1.2253514824311413e-05,0.00417870109958925,-0.00031594367477995376,0.9999912192047318,0.0,0.0,0.0,0.0,0.0,0.0,0.0,0.0,0.0,0.0,0.0,0.0,0.0,0.0,0.0,0.0,0.0,0.0,0.0,0.0,0.0,0.0,0.0,0.0,0.0,0.0,0.0,0.0,0.0,0.0,0.0,0.0,0.0,0.0,0.0,0.0,0.004986355958331416,6.56330599706051e-05,8.022403355526249e-05,-9.063393480168713e-07,-9.664271587439544e-05,4.41590611188758e-05,0.0,0.0,0.0,0.0,0.0,0.0,0.0,0.0,0.0,0.0,0.0,0.0,0.0,0.0,0.0,0.0,0.0,0.0,0.0,0.0,0.0,0.0,0.0,0.0,0.0,0.0,0.0,0.0,0.0,0.0,0.0,0.0,0.0,0.0,0.0,0.0
47,128000000,odom,base_link,-1.809758849036259,0.09412419727965401,-0.1050016237710305,-1.2271306473672158e-05,0.0041770936189350705,-0.00031519170062415015,0.9999912261577626,0.0,0.0,0.0,0.0,0.0,0.0,0.0,0.0,0.0,0.0,0.0,0.0,0.0,0.0,0.0,0.0,0.0,0.0,0.0,0.0,0.0,0.0,0.0,0.0,0.0,0.0,0.0,0.0,0.0,0.0,0.0,0.0,0.0,0.0,0.0,0.0,0.004984668430598183,6.567357087699267e-05,8.028966490597291e-05,-7.599876450381515e-07,-9.290973110864797e-05,4.2524773036234365e-05,0.0,0.0,0.0,0.0,0.0,0.0,0.0,0.0,0.0,0.0,0.0,0.0,0.0,0.0,0.0,0.0,0.0,0.0,0.0,0.0,0.0,0.0,0.0,0.0,0.0,0.0,0.0,0.0,0.0,0.0,0.0,0.0,0.0,0.0,0.0,0.0
47,162000000,odom,base_link,-1.809589389269156,0.09412632453420752,-0.10500033061781278,-1.2286871875204228e-05,0.004175525640309614,-0.000314511146104395,0.9999912329202686,0.0,0.0,0.0,0.0,0.0,0.0,0.0,0.0,0.0,0.0,0.0,0.0,0.0,0.0,0.0,0.0,0.0,0.0,0.0,0.0,0.0,0.0,0.0,0.0,0.0,0.0,0.0,0.0,0.0,0.0,0.0,0.0,0.0,0.0,0.0,0.0,0.004982982194390893,6.571694170060408e-05,7.948566230494761e-05,-7.386585454405292e-07,-9.292073315236848e-05,3.9728019274321014e-05,0.0,0.0,0.0,0.0,0.0,0.0,0.0,0.0,0.0,0.0,0.0,0.0,0.0,0.0,0.0,0.0,0.0,0.0,0.0,0.0,0.0,0.0,0.0,0.0,0.0,0.0,0.0,0.0,0.0,0.0,0.0,0.0,0.0,0.0,0.0,0.0
47,196000000,odom,base_link,-1.8094199871362213,0.09412845297810193,-0.10499900638014611,-1.2305196712819475e-05,0.004173895163900037,-0.00031374931342440307,0.9999912399661866,0.0,0.0,0.0,0.0,0.0,0.0,0.0,0.0,0.0,0.0,0.0,0.0,0.0,0.0,0.0,0.0,0.0,0.0,0.0,0.0,0.0,0.0,0.0,0.0,0.0,0.0,0.0,0.0,0.0,0.0,0.0,0.0,0.0,0.0,0.0,0.0,0.00498127519273403,6.573720878294393e-05,8.093650021351526e-05,-8.973400744682891e-07,-9.65866171043217e-05,4.741606574043544e-05,0.0,0.0,0.0,0.0,0.0,0.0,0.0,0.0,0.0,0.0,0.0,0.0,0.0,0.0,0.0,0.0,0.0,0.0,0.0,0.0,0.0,0.0,0.0,0.0,0.0,0.0,0.0,0.0,0.0,0.0,0.0,0.0,0.0,0.0,0.0,0.0
47,230000000,odom,base_link,-1.809250642516507,0.09413058281102417,-0.10499766645590353,-1.2322810102958827e-05,0.004172285823907525,-0.00031295071794915384,0.9999912469321919,0.0,0.0,0.0,0.0,0.0,0.0,0.0,0.0,0.0,0.0,0.0,0.0,0.0,0.0,0.0,0.0,0.0,0.0,0.0,0.0,0.0,0.0,0.0,0.0,0.0,0.0,0.0,0.0,0.0,0.0,0.0,0.0,0.0,0.0,0.0,0.0,0.0049795876260693255,6.577995145087313e-05,8.084675043992109e-05,-7.285502201526128e-07,-9.289515290333838e-05,4.453913504676166e-05,0.0,0.0,0.0,0.0,0.0,0.0,0.0,0.0,0.0,0.0,0.0,0.0,0.0,0.0,0.0,0.0,0.0,0.0,0.0,0.0,0.0,0.0,0.0,0.0,0.0,0.0,0.0,0.0,0.0,0.0,0.0,0.0,0.0,0.0,0.0,0.0
47,264000000,odom,base_link,-1.8090813553648295,0.09413271462000034,-0.10499635040470019,-1.2338006271366238e-05,0.004170715864526238,-0.0003122521793134654,0.9999912536995149,0.0,0.0,0.0,0.0,0.0,0.0,0.0,0.0,0.0,0.0,0.0,0.0,0.0,0.0,0.0,0.0,0.0,0.0,0.0,0.0,0.0,0.0,0.0,0.0,0.0,0.0,0.0,0.0,0.0,0.0,0.0,0.0,0.0,0.0,0.0,0.0,0.004977898927067586,6.582497698995579e-05,8.026727340739675e-05,-7.337278951080606e-07,-9.351831522508292e-05,4.0901077369426275e-05,0.0,0.0,0.0,0.0,0.0,0.0,0.0,0.0,0.0,0.0,0.0,0.0,0.0,0.0,0.0,0.0,0.0,0.0,0.0,0.0,0.0,0.0,0.0,0.0,0.0,0.0,0.0,0.0,0.0,0.0,0.0,0.0,0.0,0.0,0.0,0.0
47,298000000,odom,base_link,-1.8089121258504153,0.09413484768247422,-0.10499500193137844,-1.2356104547152026e-05,0.004169086358078389,-0.00031148748618598594,0.9999912607327184,0.0,0.0,0.0,0.0,0.0,0.0,0.0,0.0,0.0,0.0,0.0,0.0,0.0,0.0,0.0,0.0,0.0,0.0,0.0,0.0,0.0,0.0,0.0,0.0,0.0,0.0,0.0,0.0,0.0,0.0,0.0,0.0,0.0,0.0,0.0,0.0,0.004976194024384104,6.58483851944924e-05,8.147083107879e-05,-8.822337527192303e-07,-9.636028153181542e-05,4.707267002856952e-05,0.0,0.0,0.0,0.0,0.0,0.0,0.0,0.0,0.0,0.0,0.0,0.0,0.0,0.0,0.0,0.0,0.0,0.0,0.0,0.0,0.0,0.0,0.0,0.0,0.0,0.0,0.0,0.0,0.0,0.0,0.0,0.0,0.0,0.0,0.0,0.0
47,332000000,odom,base_link,-1.8087429539455524,0.09413698180898572,-0.1049936178947738,-1.23758041881663e-05,0.0041674383739751,-0.0003106125628620803,0.9999912678739121,0.0,0.0,0.0,0.0,0.0,0.0,0.0,0.0,0.0,0.0,0.0,0.0,0.0,0.0,0.0,0.0,0.0,0.0,0.0,0.0,0.0,0.0,0.0,0.0,0.0,0.0,0.0,0.0,0.0,0.0,0.0,0.0,0.0,0.0,0.0,0.0,0.004974489749497962,6.586876660928935e-05,8.278103902233935e-05,-9.2825979680633e-07,-9.729637042710237e-05,5.418684914104688e-05,0.0,0.0,0.0,0.0,0.0,0.0,0.0,0.0,0.0,0.0,0.0,0.0,0.0,0.0,0.0,0.0,0.0,0.0,0.0,0.0,0.0,0.0,0.0,0.0,0.0,0.0,0.0,0.0,0.0,0.0,0.0,0.0,0.0,0.0,0.0,0.0
47,366000000,odom,base_link,-1.8085738396044042,0.09413911707721595,-0.1049921985583964,-1.2395300602286197e-05,0.004165798192122431,-0.0003096429051444742,0.9999912750084624,0.0,0.0,0.0,0.0,0.0,0.0,0.0,0.0,0.0,0.0,0.0,0.0,0.0,0.0,0.0,0.0,0.0,0.0,0.0,0.0,0.0,0.0,0.0,0.0,0.0,0.0,0.0,0.0,0.0,0.0,0.0,0.0,0.0,0.0,0.0,0.0,0.004972794775888346,6.590043957734329e-05,8.319135095757817e-05,-7.857077599648932e-07,-9.478231746129495e-05,5.5784336794317824e-05,0.0,0.0,0.0,0.0,0.0,0.0,0.0,0.0,0.0,0.0,0.0,0.0,0.0,0.0,0.0,0.0,0.0,0.0,0.0,0.0,0.0,0.0,0.0,0.0,0.0,0.0,0.0,0.0,0.0,0.0,0.0,0.0,0.0,0.0,0.0,0.0
47,400000000,odom,base_link,-1.8084047826959837,0.09414125460585092,-0.10499080549926254,-1.2409679870651673e-05,0.004164233160129865,-0.0003088350005556859,0.9999912817765615,0.0,0.0,0.0,0.0,0.0,0.0,0.0,0.0,0.0,0.0,0.0,0.0,0.0,0.0,0.0,0.0,0.0,0.0,0.0,0.0,0.0,0.0,0.0,0.0,0.0,0.0,0.0,0.0,0.0,0.0,0.0,0.0,0.0,0.0,0.0,0.0,0.00497111604145537,6.596389076463866e-05,8.175777454493032e-05,-5.698362504080734e-07,-9.125252873332101e-05,4.3285656303737596e-05,0.0,0.0,0.0,0.0,0.0,0.0,0.0,0.0,0.0,0.0,0.0,0.0,0.0,0.0,0.0,0.0,0.0,0.0,0.0,0.0,0.0,0.0,0.0,0.0,0.0,0.0,0.0,0.0,0.0,0.0,0.0,0.0,0.0,0.0,0.0,0.0
47,434000000,odom,base_link,-1.8082357834487568,0.09414339401363073,-0.10498942014009607,-1.2425275415532791e-05,0.004162627824341662,-0.0003081041476944629,0.9999912886855779,0.0,0.0,0.0,0.0,0.0,0.0,0.0,0.0,0.0,0.0,0.0,0.0,0.0,0.0,0.0,0.0,0.0,0.0,0.0,0.0,0.0,0.0,0.0,0.0,0.0,0.0,0.0,0.0,0.0,0.0,0.0,0.0,0.0,0.0,0.0,0.0,0.004969412840314588,6.599948874260508e-05,8.251992309968545e-05,-7.884832398108443e-07,-9.586717197862527e-05,4.3989635045704745e-05,0.0,0.0,0.0,0.0,0.0,0.0,0.0,0.0,0.0,0.0,0.0,0.0,0.0,0.0,0.0,0.0,0.0,0.0,0.0,0.0,0.0,0.0,0.0,0.0,0.0,0.0,0.0,0.0,0.0,0.0,0.0,0.0,0.0,0.0,0.0,0.0
47,468000000,odom,base_link,-1.80806684182885,0.09414553488608932,-0.10498802035148443,-1.2442777676277447e-05,0.004161005372560147,-0.00030735520737642825,0.999991295668239,0.0,0.0,0.0,0.0,0.0,0.0,0.0,0.0,0.0,0.0,0.0,0.0,0.0,0.0,0.0,0.0,0.0,0.0,0.0,0.0,0.0,0.0,0.0,0.0,0.0,0.0,0.0,0.0,0.0,0.0,0.0,0.0,0.0,0.0,0.0,0.0,0.0049677218340697035,6.604023669450167e-05,8.237395834997809e-05,-7.829491777133768e-07,-9.404215290942375e-05,4.217071030154784e-05,0.0,0.0,0.0,0.0,0.0,0.0,0.0,0.0,0.0,0.0,0.0,0.0,0.0,0.0,0.0,0.0,0.0,0.0,0.0,0.0,0.0,0.0,0.0,0.0,0.0,0.0,0.0,0.0,0.0,0.0,0.0,0.0,0.0,0.0,0.0,0.0
47,502000000,odom,base_link,-1.8078979577082017,0.09414767782113494,-0.10498665701609526,-1.2458420803221341e-05,0.0041594343928254675,-0.00030672827735438537,0.9999913023962175,0.0,0.0,0.0,0.0,0.0,0.0,0.0,0.0,0.0,0.0,0.0,0.0,0.0,0.0,0.0,0.0,0.0,0.0,0.0,0.0,0.0,0.0,0.0,0.0,0.0,0.0,0.0,0.0,0.0,0.0,0.0,0.0,0.0,0.0,0.0,0.0,0.0049660423339026195,6.609500359508584e-05,8.072960305144181e-05,-7.302486504379146e-07,-9.191216250314937e-05,3.419476364285856e-05,0.0,0.0,0.0,0.0,0.0,0.0,0.0,0.0,0.0,0.0,0.0,0.0,0.0,0.0,0.0,0.0,0.0,0.0,0.0,0.0,0.0,0.0,0.0,0.0,0.0,0.0,0.0,0.0,0.0,0.0,0.0,0.0,0.0,0.0,0.0,0.0
47,536000000,odom,base_link,-1.8077291312525097,0.09414982221046737,-0.10498530080321532,-1.2476089158735691e-05,0.004157820965515324,-0.000306086500934558,0.9999913093023458,0.0,0.0,0.0,0.0,0.0,0.0,0.0,0.0,0.0,0.0,0.0,0.0,0.0,0.0,0.0,0.0,0.0,0.0,0.0,0.0,0.0,0.0,0.0,0.0,0.0,0.0,0.0,0.0,0.0,0.0,0.0,0.0,0.0,0.0,0.0,0.0,0.004964340136594831,6.611898845526182e-05,8.148174310030156e-05,-9.043788384843765e-07,-9.596007899403958e-05,4.038037850762066e-05,0.0,0.0,0.0,0.0,0.0,0.0,0.0,0.0,0.0,0.0,0.0,0.0,0.0,0.0,0.0,0.0,0.0,0.0,0.0,0.0,0.0,0.0,0.0,0.0,0.0,0.0,0.0,0.0,0.0,0.0,0.0,0.0,0.0,0.0,0.0,0.0
47,570000000,odom,base_link,-1.807560362396679,0.09415196772512463,-0.10498393780292047,-1.2494585966390848e-05,0.004156202428154679,-0.000305353318096556,0.9999913162546026,0.0,0.0,0.0,0.0,0.0,0.0,0.0,0.0,0.0,0.0,0.0,0.0,0.0,0.0,0.0,0.0,0.0,0.0,0.0,0.0,0.0,0.0,0.0,0.0,0.0,0.0,0.0,0.0,0.0,0.0,0.0,0.0,0.0,0.0,0.0,0.0,0.004962651520528469,6.615025641285042e-05,8.114644379881059e-05,-8.069877599492514e-07,-9.364715509718735e-05,4.2800317601177085e-05,0.0,0.0,0.0,0.0,0.0,0.0,0.0,0.0,0.0,0.0,0.0,0.0,0.0,0.0,0.0,0.0,0.0,0.0,0.0,0.0,0.0,0.0,0.0,0.0,0.0,0.0,0.0,0.0,0.0,0.0,0.0,0.0,0.0,0.0,0.0,0.0
47,604000000,odom,base_link,-1.8073916510171417,0.09415411494603129,-0.10498261496476059,-1.2510007948735729e-05,0.004154637532699822,-0.00030466326873209484,0.9999913229677366,0.0,0.0,0.0,0.0,0.0,0.0,0.0,0.0,0.0,0.0,0.0,0.0,0.0,0.0,0.0,0.0,0.0,0.0,0.0,0.0,0.0,0.0,0.0,0.0,0.0,0.0,0.0,0.0,0.0,0.0,0.0,0.0,0.0,0.0,0.0,0.0,0.004960972771913314,6.619390210559146e-05,7.94655701613656e-05,-6.820611853086689e-07,-9.167541392685052e-05,3.957494598694211e-05,0.0,0.0,0.0,0.0,0.0,0.0,0.0,0.0,0.0,0.0,0.0,0.0,0.0,0.0,0.0,0.0,0.0,0.0,0.0,0.0,0.0,0.0,0.0,0.0,0.0,0.0,0.0,0.0,0.0,0.0,0.0,0.0,0.0,0.0,0.0,0.0
47,638000000,odom,base_link,-1.8072229972878606,0.09415626346270577,-0.10498129447663447,-1.252711632720533e-05,0.004153025672087952,-0.0003039215673811515,0.9999913298886742,0.0,0.0,0.0,0.0,0.0,0.0,0.0,0.0,0.0,0.0,0.0,0.0,0.0,0.0,0.0,0.0,0.0,0.0,0.0,0.0,0.0,0.0,0.0,0.0,0.0,0.0,0.0,0.0,0.0,0.0,0.0,0.0,0.0,0.0,0.0,0.0,0.004959270210785542,6.621649152519978e-05,8.03094382665556e-05,-8.393996997480002e-07,-9.574187771477227e-05,4.602624237293185e-05,0.0,0.0,0.0,0.0,0.0,0.0,0.0,0.0,0.0,0.0,0.0,0.0,0.0,0.0,0.0,0.0,0.0,0.0,0.0,0.0,0.0,0.0,0.0,0.0,0.0,0.0,0.0,0.0,0.0,0.0,0.0,0.0,0.0,0.0,0.0,0.0
47,672000000,odom,base_link,-1.8070544011262655,0.09415841324679433,-0.10497996861078843,-1.2544565922885137e-05,0.004151417061250656,-0.0003031198365810168,0.9999913368111656,0.0,0.0,0.0,0.0,0.0,0.0,0.0,0.0,0.0,0.0,0.0,0.0,0.0,0.0,0.0,0.0,0.0,0.0,0.0,0.0,0.0,0.0,0.0,0.0,0.0,0.0,0.0,0.0,0.0,0.0,0.0,0.0,0.0,0.0,0.0,0.0,0.004957582880811688,6.625404656089215e-05,7.997776110445104e-05,-7.328219475688513e-07,-9.296721330542823e-05,4.530998261031982e-05,0.0,0.0,0.0,0.0,0.0,0.0,0.0,0.0,0.0,0.0,0.0,0.0,0.0,0.0,0.0,0.0,0.0,0.0,0.0,0.0,0.0,0.0,0.0,0.0,0.0,0.0,0.0,0.0,0.0,0.0,0.0,0.0,0.0,0.0,0.0,0.0
47,706000000,odom,base_link,-1.8068858624259698,0.09416056501621366,-0.10497868086533288,-1.25593184731908e-05,0.004149859574742885,-0.00030242430324335456,0.9999913434861896,0.0,0.0,0.0,0.0,0.0,0.0,0.0,0.0,0.0,0.0,0.0,0.0,0.0,0.0,0.0,0.0,0.0,0.0,0.0,0.0,0.0,0.0,0.0,0.0,0.0,0.0,0.0,0.0,0.0,0.0,0.0,0.0,0.0,0.0,0.0,0.0,0.004955903217927693,6.630462107000378e-05,7.840413284397129e-05,-6.606539759701491e-07,-9.139051329043468e-05,3.887877362274139e-05,0.0,0.0,0.0,0.0,0.0,0.0,0.0,0.0,0.0,0.0,0.0,0.0,0.0,0.0,0.0,0.0,0.0,0.0,0.0,0.0,0.0,0.0,0.0,0.0,0.0,0.0,0.0,0.0,0.0,0.0,0.0,0.0,0.0,0.0,0.0,0.0
47,740000000,odom,base_link,-1.8067173813753705,0.0941627182136253,-0.10497739022280828,-1.2576324258916275e-05,0.004148251303993966,-0.0003017080192080386,0.999991350375205,0.0,0.0,0.0,0.0,0.0,0.0,0.0,0.0,0.0,0.0,0.0,0.0,0.0,0.0,0.0,0.0,0.0,0.0,0.0,0.0,0.0,0.0,0.0,0.0,0.0,0.0,0.0,0.0,0.0,0.0,0.0,0.0,0.0,0.0,0.0,0.0,0.004954199720560907,6.633007879486512e-05,7.935577287214348e-05,-8.470030177232246e-07,-9.548841148898646e-05,4.40595407269484e-05,0.0,0.0,0.0,0.0,0.0,0.0,0.0,0.0,0.0,0.0,0.0,0.0,0.0,0.0,0.0,0.0,0.0,0.0,0.0,0.0,0.0,0.0,0.0,0.0,0.0,0.0,0.0,0.0,0.0,0.0,0.0,0.0,0.0,0.0,0.0,0.0
47,774000000,odom,base_link,-1.806548957885427,0.09416487275493249,-0.10497609180208291,-1.2593781792400006e-05,0.00414664928388557,-0.00030095093873397236,0.9999913572474742,0.0,0.0,0.0,0.0,0.0,0.0,0.0,0.0,0.0,0.0,0.0,0.0,0.0,0.0,0.0,0.0,0.0,0.0,0.0,0.0,0.0,0.0,0.0,0.0,0.0,0.0,0.0,0.0,0.0,0.0,0.0,0.0,0.0,0.0,0.0,0.0,0.004952511903985207,6.636934056147277e-05,7.912386585429363e-05,-7.473633212295994e-07,-9.255850770273355e-05,4.2643280551146745e-05,0.0,0.0,0.0,0.0,0.0,0.0,0.0,0.0,0.0,0.0,0.0,0.0,0.0,0.0,0.0,0.0,0.0,0.0,0.0,0.0,0.0,0.0,0.0,0.0,0.0,0.0,0.0,0.0,0.0,0.0,0.0,0.0,0.0,0.0,0.0,0.0
47,808000000,odom,base_link,-1.8063805918535916,0.09416702924994784,-0.10497482706930017,-1.260868854351817e-05,0.004145097756133287,-0.0003002951007408787,0.9999913638769414,0.0,0.0,0.0,0.0,0.0,0.0,0.0,0.0,0.0,0.0,0.0,0.0,0.0,0.0,0.0,0.0,0.0,0.0,0.0,0.0,0.0,0.0,0.0,0.0,0.0,0.0,0.0,0.0,0.0,0.0,0.0,0.0,0.0,0.0,0.0,0.0,0.004950831047479963,6.641892426540653e-05,7.768783175669797e-05,-6.808792418766529e-07,-9.105798710606905e-05,3.672320296743692e-05,0.0,0.0,0.0,0.0,0.0,0.0,0.0,0.0,0.0,0.0,0.0,0.0,0.0,0.0,0.0,0.0,0.0,0.0,0.0,0.0,0.0,0.0,0.0,0.0,0.0,0.0,0.0,0.0,0.0,0.0,0.0,0.0,0.0,0.0,0.0,0.0
47,842000000,odom,base_link,-1.8062122834797463,0.09416918710724438,-0.1049735553919028,-1.2625804060978628e-05,0.004143494397280801,-0.00029960573772621994,0.9999913707283531,0.0,0.0,0.0,0.0,0.0,0.0,0.0,0.0,0.0,0.0,0.0,0.0,0.0,0.0,0.0,0.0,0.0,0.0,0.0,0.0,0.0,0.0,0.0,0.0,0.0,0.0,0.0,0.0,0.0,0.0,0.0,0.0,0.0,0.0,0.0,0.0,0.004949126292656145,6.644247913590312e-05,7.874786551510095e-05,-8.568889098281574e-07,-9.521274932922097e-05,4.2780264308817095e-05,0.0,0.0,0.0,0.0,0.0,0.0,0.0,0.0,0.0,0.0,0.0,0.0,0.0,0.0,0.0,0.0,0.0,0.0,0.0,0.0,0.0,0.0,0.0,0.0,0.0,0.0,0.0,0.0,0.0,0.0,0.0,0.0,0.0,0.0,0.0,0.0
47,876000000,odom,base_link,-1.8060440326452694,0.09417134628406973,-0.10497227080205451,-1.2642968420604513e-05,0.004141902361673967,-0.000298871967605553,0.999991377543091,0.0,0.0,0.0,0.0,0.0,0.0,0.0,0.0,0.0,0.0,0.0,0.0,0.0,0.0,0.0,0.0,0.0,0.0,0.0,0.0,0.0,0.0,0.0,0.0,0.0,0.0,0.0,0.0,0.0,0.0,0.0,0.0,0.0,0.0,0.0,0.0,0.004947437893382992,6.648158802084948e-05,7.869053392335726e-05,-7.329982565362769e-07,-9.20185712516286e-05,4.1429697006378774e-05,0.0,0.0,0.0,0.0,0.0,0.0,0.0,0.0,0.0,0.0,0.0,0.0,0.0,0.0,0.0,0.0,0.0,0.0,0.0,0.0,0.0,0.0,0.0,0.0,0.0,0.0,0.0,0.0,0.0,0.0,0.0,0.0,0.0,0.0,0.0,0.0
47,910000000,odom,base_link,-1.8058758392752867,0.09417350730040779,-0.1049710084181,-1.265790834284009e-05,0.004140350103680262,-0.00029821508466792133,0.9999913841671635,0.0,0.0,0.0,0.0,0.0,0.0,0.0,0.0,0.0,0.0,0.0,0.0,0.0,0.0,0.0,0.0,0.0,0.0,0.0,0.0,0.0,0.0,0.0,0.0,0.0,0.0,0.0,0.0,0.0,0.0,0.0,0.0,0.0,0.0,0.0,0.0,0.00494575035498402,6.652490474049033e-05,7.800213026209163e-05,-7.147829494957847e-07,-9.209972162693703e-05,3.8328111173768775e-05,0.0,0.0,0.0,0.0,0.0,0.0,0.0,0.0,0.0,0.0,0.0,0.0,0.0,0.0,0.0,0.0,0.0,0.0,0.0,0.0,0.0,0.0,0.0,0.0,0.0,0.0,0.0,0.0,0.0,0.0,0.0,0.0,0.0,0.0,0.0,0.0
47,944000000,odom,base_link,-1.8057077035463482,0.09417566952726131,-0.10496971539543229,-1.2675390439022574e-05,0.004138740941843192,-0.0002974901827847285,0.9999913910441139,0.0,0.0,0.0,0.0,0.0,0.0,0.0,0.0,0.0,0.0,0.0,0.0,0.0,0.0,0.0,0.0,0.0,0.0,0.0,0.0,0.0,0.0,0.0,0.0,0.0,0.0,0.0,0.0,0.0,0.0,0.0,0.0,0.0,0.0,0.0,0.0,0.004944044317803845,6.654705501907493e-05,7.9315833463768e-05,-8.567741849319077e-07,-9.522356378965924e-05,4.485227727002439e-05,0.0,0.0,0.0,0.0,0.0,0.0,0.0,0.0,0.0,0.0,0.0,0.0,0.0,0.0,0.0,0.0,0.0,0.0,0.0,0.0,0.0,0.0,0.0,0.0,0.0,0.0,0.0,0.0,0.0,0.0,0.0,0.0,0.0,0.0,0.0,0.0
47,978000000,odom,base_link,-1.8055396253979932,0.0941778330410806,-0.10496840888350031,-1.2692657734006899e-05,0.004137145911568576,-0.00029671421677840497,0.9999913978746399,0.0,0.0,0.0,0.0,0.0,0.0,0.0,0.0,0.0,0.0,0.0,0.0,0.0,0.0,0.0,0.0,0.0,0.0,0.0,0.0,0.0,0.0,0.0,0.0,0.0,0.0,0.0,0.0,0.0,0.0,0.0,0.0,0.0,0.0,0.0,0.0,0.0049423543353756235,6.658504074159654e-05,7.923262981031855e-05,-7.212159258696005e-07,-9.209524591824447e-05,4.380034575035552e-05,0.0,0.0,0.0,0.0,0.0,0.0,0.0,0.0,0.0,0.0,0.0,0.0,0.0,0.0,0.0,0.0,0.0,0.0,0.0,0.0,0.0,0.0,0.0,0.0,0.0,0.0,0.0,0.0,0.0,0.0,0.0,0.0,0.0,0.0,0.0,0.0
48,12000000,odom,base_link,-1.8053716047244905,0.09417999844440289,-0.10496712143491771,-1.2707425822752853e-05,0.0041355965590239956,-0.00029602662591499433,0.9999914044869881,0.0,0.0,0.0,0.0,0.0,0.0,0.0,0.0,0.0,0.0,0.0,0.0,0.0,0.0,0.0,0.0,0.0,0.0,0.0,0.0,0.0,0.0,0.0,0.0,0.0,0.0,0.0,0.0,0.0,0.0,0.0,0.0,0.0,0.0,0.0,0.0,0.004940664928027643,6.662932251202188e-05,7.88542288092903e-05,-7.05055169802904e-07,-9.186166991526079e-05,4.014811132435625e-05,0.0,0.0,0.0,0.0,0.0,0.0,0.0,0.0,0.0,0.0,0.0,0.0,0.0,0.0,0.0,0.0,0.0,0.0,0.0,0.0,0.0,0.0,0.0,0.0,0.0,0.0,0.0,0.0,0.0,0.0,0.0,0.0,0.0,0.0,0.0,0.0
48,46000000,odom,base_link,-1.8052036416929944,0.09418216512076275,-0.10496579778703513,-1.272467068071093e-05,0.004133991288575126,-0.0002952851785901085,0.9999914113435036,0.0,0.0,0.0,0.0,0.0,0.0,0.0,0.0,0.0,0.0,0.0,0.0,0.0,0.0,0.0,0.0,0.0,0.0,0.0,0.0,0.0,0.0,0.0,0.0,0.0,0.0,0.0,0.0,0.0,0.0,0.0,0.0,0.0,0.0,0.0,0.0,0.004938958609987622,6.665402099332173e-05,8.010118546670354e-05,-8.376395466136444e-07,-9.499623274678015e-05,4.5390401126610413e-05,0.0,0.0,0.0,0.0,0.0,0.0,0.0,0.0,0.0,0.0,0.0,0.0,0.0,0.0,0.0,0.0,0.0,0.0,0.0,0.0,0.0,0.0,0.0,0.0,0.0,0.0,0.0,0.0,0.0,0.0,0.0,0.0,0.0,0.0,0.0,0.0
48,80000000,odom,base_link,-1.805035736192851,0.0941843333153185,-0.104964461949237,-1.2740993503419412e-05,0.0041324124383025984,-0.0002945461583002895,0.9999914180870091,0.0,0.0,0.0,0.0,0.0,0.0,0.0,0.0,0.0,0.0,0.0,0.0,0.0,0.0,0.0,0.0,0.0,0.0,0.0,0.0,0.0,0.0,0.0,0.0,0.0,0.0,0.0,0.0,0.0,0.0,0.0,0.0,0.0,0.0,0.0,0.0,0.00493727059788275,6.670005622846892e-05,7.997049659785727e-05,-6.865260693267317e-07,-9.138846763789843e-05,4.073834283246924e-05,0.0,0.0,0.0,0.0,0.0,0.0,0.0,0.0,0.0,0.0,0.0,0.0,0.0,0.0,0.0,0.0,0.0,0.0,0.0,0.0,0.0,0.0,0.0,0.0,0.0,0.0,0.0,0.0,0.0,0.0,0.0,0.0,0.0,0.0,0.0,0.0
48,114000000,odom,base_link,-1.804867888221775,0.09418650347970546,-0.10496315145828024,-1.275542438356784e-05,0.004130864424397479,-0.0002939159904569449,0.9999914246681303,0.0,0.0,0.0,0.0,0.0,0.0,0.0,0.0,0.0,0.0,0.0,0.0,0.0,0.0,0.0,0.0,0.0,0.0,0.0,0.0,0.0,0.0,0.0,0.0,0.0,0.0,0.0,0.0,0.0,0.0,0.0,0.0,0.0,0.0,0.0,0.0,0.004935580770772622,6.674518981998434e-05,7.932760884187265e-05,-7.128951817758633e-07,-9.222356780469454e-05,3.680240006076474e-05,0.0,0.0,0.0,0.0,0.0,0.0,0.0,0.0,0.0,0.0,0.0,0.0,0.0,0.0,0.0,0.0,0.0,0.0,0.0,0.0,0.0,0.0,0.0,0.0,0.0,0.0,0.0,0.0,0.0,0.0,0.0,0.0,0.0,0.0,0.0,0.0
48,148000000,odom,base_link,-1.8047000979341563,0.09418867485839678,-0.10496181245099942,-1.2772782552998319e-05,0.004129258399387968,-0.00029322138616250934,0.9999914315048634,0.0,0.0,0.0,0.0,0.0,0.0,0.0,0.0,0.0,0.0,0.0,0.0,0.0,0.0,0.0,0.0,0.0,0.0,0.0,0.0,0.0,0.0,0.0,0.0,0.0,0.0,0.0,0.0,0.0,0.0,0.0,0.0,0.0,0.0,0.0,0.0,0.004933875684667664,6.676811394092268e-05,8.040156607033806e-05,-8.591462763440916e-07,-9.495791957192523e-05,4.293751878492458e-05,0.0,0.0,0.0,0.0,0.0,0.0,0.0,0.0,0.0,0.0,0.0,0.0,0.0,0.0,0.0,0.0,0.0,0.0,0.0,0.0,0.0,0.0,0.0,0.0,0.0,0.0,0.0,0.0,0.0,0.0,0.0,0.0,0.0,0.0,0.0,0.0
48,182000000,odom,base_link,-1.8045323651850074,0.09419084766517598,-0.10496046781938884,-1.2788152446347855e-05,0.004127683031672381,-0.0002925116887669955,0.9999914382164306,0.0,0.0,0.0,0.0,0.0,0.0,0.0,0.0,0.0,0.0,0.0,0.0,0.0,0.0,0.0,0.0,0.0,0.0,0.0,0.0,0.0,0.0,0.0,0.0,0.0,0.0,0.0,0.0,0.0,0.0,0.0,0.0,0.0,0.0,0.0,0.0,0.004932189073091557,6.681099720242836e-05,8.006752154388186e-05,-6.506475302980874e-07,-9.120536788032041e-05,3.97055771372834e-05,0.0,0.0,0.0,0.0,0.0,0.0,0.0,0.0,0.0,0.0,0.0,0.0,0.0,0.0,0.0,0.0,0.0,0.0,0.0,0.0,0.0,0.0,0.0,0.0,0.0,0.0,0.0,0.0,0.0,0.0,0.0,0.0,0.0,0.0,0.0,0.0
48,216000000,odom,base_link,-1.8043646899825334,0.09419302226730593,-0.10495915003242745,-1.2802463261443928e-05,0.004126132576768124,-0.0002918727693037023,0.9999914448015755,0.0,0.0,0.0,0.0,0.0,0.0,0.0,0.0,0.0,0.0,0.0,0.0,0.0,0.0,0.0,0.0,0.0,0.0,0.0,0.0,0.0,0.0,0.0,0.0,0.0,0.0,0.0,0.0,0.0,0.0,0.0,0.0,0.0,0.0,0.0,0.0,0.004930497401473628,6.685038863704496e-05,7.960631391056803e-05,-7.229699006128243e-07,-9.269254093169366e-05,3.831901018713779e-05,0.0,0.0,0.0,0.0,0.0,0.0,0.0,0.0,0.0,0.0,0.0,0.0,0.0,0.0,0.0,0.0,0.0,0.0,0.0,0.0,0.0,0.0,0.0,0.0,0.0,0.0,0.0,0.0,0.0,0.0,0.0,0.0,0.0,0.0,0.0,0.0
48,250000000,odom,base_link,-1.8041970724557483,0.09419519799776221,-0.10495780247859068,-1.2819938989025788e-05,0.004124526469248426,-0.00029115062919483496,0.9999914516376451,0.0,0.0,0.0,0.0,0.0,0.0,0.0,0.0,0.0,0.0,0.0,0.0,0.0,0.0,0.0,0.0,0.0,0.0,0.0,0.0,0.0,0.0,0.0,0.0,0.0,0.0,0.0,0.0,0.0,0.0,0.0,0.0,0.0,0.0,0.0,0.0,0.004928794076752283,6.687257421088128e-05,8.049969843770427e-05,-8.561404474249912e-07,-9.484168472795318e-05,4.4610053961946505e-05,0.0,0.0,0.0,0.0,0.0,0.0,0.0,0.0,0.0,0.0,0.0,0.0,0.0,0.0,0.0,0.0,0.0,0.0,0.0,0.0,0.0,0.0,0.0,0.0,0.0,0.0,0.0,0.0,0.0,0.0,0.0,0.0,0.0,0.0,0.0,0.0
48,284000000,odom,base_link,-1.804029512546613,0.09419737474041438,-0.10495641885902665,-1.2838773494059411e-05,0.00412290521637995,-0.00029031767310416475,0.9999914585652177,0.0,0.0,0.0,0.0,0.0,0.0,0.0,0.0,0.0,0.0,0.0,0.0,0.0,0.0,0.0,0.0,0.0,0.0,0.0,0.0,0.0,0.0,0.0,0.0,0.0,0.0,0.0,0.0,0.0,0.0,0.0,0.0,0.0,0.0,0.0,0.0,0.004927089851778406,6.689276554627359e-05,8.180060994852849e-05,-8.813544727370726e-07,-9.55176346906228e-05,5.140641228251752e-05,0.0,0.0,0.0,0.0,0.0,0.0,0.0,0.0,0.0,0.0,0.0,0.0,0.0,0.0,0.0,0.0,0.0,0.0,0.0,0.0,0.0,0.0,0.0,0.0,0.0,0.0,0.0,0.0,0.0,0.0,0.0,0.0,0.0,0.0,0.0,0.0
48,318000000,odom,base_link,-1.8038620102261778,0.09419955269833093,-0.10495501410183487,-1.2856689850943578e-05,0.004121301647116835,-0.00028941851657923176,0.9999914654357612,0.0,0.0,0.0,0.0,0.0,0.0,0.0,0.0,0.0,0.0,0.0,0.0,0.0,0.0,0.0,0.0,0.0,0.0,0.0,0.0,0.0,0.0,0.0,0.0,0.0,0.0,0.0,0.0,0.0,0.0,0.0,0.0,0.0,0.0,0.0,0.0,0.00492539774365212,6.692885051219249e-05,8.182654167130274e-05,-7.046073169370004e-07,-9.254261712499101e-05,5.0656732852871755e-05,0.0,0.0,0.0,0.0,0.0,0.0,0.0,0.0,0.0,0.0,0.0,0.0,0.0,0.0,0.0,0.0,0.0,0.0,0.0,0.0,0.0,0.0,0.0,0.0,0.0,0.0,0.0,0.0,0.0,0.0,0.0,0.0,0.0,0.0,0.0,0.0
48,352000000,odom,base_link,-1.8036945653946435,0.09420173285296629,-0.10495364170905822,-1.2870039630692002e-05,0.004119761723408661,-0.0002886786246772513,0.9999914719948145,0.0,0.0,0.0,0.0,0.0,0.0,0.0,0.0,0.0,0.0,0.0,0.0,0.0,0.0,0.0,0.0,0.0,0.0,0.0,0.0,0.0,0.0,0.0,0.0,0.0,0.0,0.0,0.0,0.0,0.0,0.0,0.0,0.0,0.0,0.0,0.0,0.004923717473069867,6.698783738836984e-05,8.029671306981339e-05,-5.446975925860187e-07,-8.994019040642343e-05,3.98901836007326e-05,0.0,0.0,0.0,0.0,0.0,0.0,0.0,0.0,0.0,0.0,0.0,0.0,0.0,0.0,0.0,0.0,0.0,0.0,0.0,0.0,0.0,0.0,0.0,0.0,0.0,0.0,0.0,0.0,0.0,0.0,0.0,0.0,0.0,0.0,0.0,0.0
48,386000000,odom,base_link,-1.803527178234279,0.09420391473205121,-0.10495227253253797,-1.2885091539897898e-05,0.00411818153929583,-0.00028799123089595706,0.9999914787016111,0.0,0.0,0.0,0.0,0.0,0.0,0.0,0.0,0.0,0.0,0.0,0.0,0.0,0.0,0.0,0.0,0.0,0.0,0.0,0.0,0.0,0.0,0.0,0.0,0.0,0.0,0.0,0.0,0.0,0.0,0.0,0.0,0.0,0.0,0.0,0.0,0.004922013671601952,6.70209330711222e-05,8.111549185545617e-05,-7.620431730082089e-07,-9.428974792058398e-05,4.137003948301299e-05,0.0,0.0,0.0,0.0,0.0,0.0,0.0,0.0,0.0,0.0,0.0,0.0,0.0,0.0,0.0,0.0,0.0,0.0,0.0,0.0,0.0,0.0,0.0,0.0,0.0,0.0,0.0,0.0,0.0,0.0,0.0,0.0,0.0,0.0,0.0,0.0
48,420000000,odom,base_link,-1.8033598487723472,0.09420609796977619,-0.1049508963915015,-1.2902095941389158e-05,0.0041165790680580015,-0.00028727329114429227,0.999991485505936,0.0,0.0,0.0,0.0,0.0,0.0,0.0,0.0,0.0,0.0,0.0,0.0,0.0,0.0,0.0,0.0,0.0,0.0,0.0,0.0,0.0,0.0,0.0,0.0,0.0,0.0,0.0,0.0,0.0,0.0,0.0,0.0,0.0,0.0,0.0,0.0,0.004920320567789399,6.705621642703664e-05,8.086078690661355e-05,-7.824727032978984e-07,-9.338628643718039e-05,4.159131599124066e-05,0.0,0.0,0.0,0.0,0.0,0.0,0.0,0.0,0.0,0.0,0.0,0.0,0.0,0.0,0.0,0.0,0.0,0.0,0.0,0.0,0.0,0.0,0.0,0.0,0.0,0.0,0.0,0.0,0.0,0.0,0.0,0.0,0.0,0.0,0.0,0.0
48,454000000,odom,base_link,-1.8031925768594652,0.0942082829992067,-0.10494954659266706,-1.291878669181809e-05,0.004115018427173025,-0.0002866254606867283,0.9999914921149551,0.0,0.0,0.0,0.0,0.0,0.0,0.0,0.0,0.0,0.0,0.0,0.0,0.0,0.0,0.0,0.0,0.0,0.0,0.0,0.0,0.0,0.0,0.0,0.0,0.0,0.0,0.0,0.0,0.0,0.0,0.0,0.0,0.0,0.0,0.0,0.0,0.004918637030025209,6.710386824608006e-05,7.968191003948886e-05,-9.415249857536168e-07,-9.130804485835142e-05,3.6375865519744366e-05,0.0,0.0,0.0,0.0,0.0,0.0,0.0,0.0,0.0,0.0,0.0,0.0,0.0,0.0,0.0,0.0,0.0,0.0,0.0,0.0,0.0,0.0,0.0,0.0,0.0,0.0,0.0,0.0,0.0,0.0,0.0,0.0,0.0,0.0,0.0,0.0
48,488000000,odom,base_link,-1.8030253625863213,0.0942104694757003,-0.10494820046794225,-1.2941949937014793e-05,0.004113432646915652,-0.0002859678854221137,0.9999914988272319,0.0,0.0,0.0,0.0,0.0,0.0,0.0,0.0,0.0,0.0,0.0,0.0,0.0,0.0,0.0,0.0,0.0,0.0,0.0,0.0,0.0,0.0,0.0,0.0,0.0,0.0,0.0,0.0,0.0,0.0,0.0,0.0,0.0,0.0,0.0,0.0,0.004916937353317894,6.713165685189355e-05,8.019024438685489e-05,-1.0670234695808745e-06,-9.393166493509852e-05,4.024786086631593e-05,0.0,0.0,0.0,0.0,0.0,0.0,0.0,0.0,0.0,0.0,0.0,0.0,0.0,0.0,0.0,0.0,0.0,0.0,0.0,0.0,0.0,0.0,0.0,0.0,0.0,0.0,0.0,0.0,0.0,0.0,0.0,0.0,0.0,0.0,0.0,0.0
48,522000000,odom,base_link,-1.802858205929875,0.09421265727108148,-0.10494686092464543,-1.2960191971523926e-05,0.0041118535974625494,-0.00028527477939607526,0.9999915055190852,0.0,0.0,0.0,0.0,0.0,0.0,0.0,0.0,0.0,0.0,0.0,0.0,0.0,0.0,0.0,0.0,0.0,0.0,0.0,0.0,0.0,0.0,0.0,0.0,0.0,0.0,0.0,0.0,0.0,0.0,0.0,0.0,0.0,0.0,0.0,0.0,0.004915250600831224,6.71694683088039e-05,7.954465614172332e-05,-7.363285536854391e-07,-9.144426869056588e-05,3.9250604899621067e-05,0.0,0.0,0.0,0.0,0.0,0.0,0.0,0.0,0.0,0.0,0.0,0.0,0.0,0.0,0.0,0.0,0.0,0.0,0.0,0.0,0.0,0.0,0.0,0.0,0.0,0.0,0.0,0.0,0.0,0.0,0.0,0.0,0.0,0.0,0.0,0.0
48,556000000,odom,base_link,-1.8026911067977425,0.0942148469051551,-0.10494556699955654,-1.2973313843558776e-05,0.0041103201792787765,-0.00028466541676040486,0.9999915119966356,0.0,0.0,0.0,0.0,0.0,0.0,0.0,0.0,0.0,0.0,0.0,0.0,0.0,0.0,0.0,0.0,0.0,0.0,0.0,0.0,0.0,0.0,0.0,0.0,0.0,0.0,0.0,0.0,0.0,0.0,0.0,0.0,0.0,0.0,0.0,0.0,0.0049135708199070545,6.72162213138041e-05,7.783933866369912e-05,-5.655991730524335e-07,-8.98715995845123e-05,3.4417270455833204e-05,0.0,0.0,0.0,0.0,0.0,0.0,0.0,0.0,0.0,0.0,0.0,0.0,0.0,0.0,0.0,0.0,0.0,0.0,0.0,0.0,0.0,0.0,0.0,0.0,0.0,0.0,0.0,0.0,0.0,0.0,0.0,0.0,0.0,0.0,0.0,0.0
48,590000000,odom,base_link,-1.802524065335119,0.09421703782227844,-0.10494427178829684,-1.2988570921412378e-05,0.004108737209337759,-0.0002840116529091754,0.999991518687645,0.0,0.0,0.0,0.0,0.0,0.0,0.0,0.0,0.0,0.0,0.0,0.0,0.0,0.0,0.0,0.0,0.0,0.0,0.0,0.0,0.0,0.0,0.0,0.0,0.0,0.0,0.0,0.0,0.0,0.0,0.0,0.0,0.0,0.0,0.0,0.0,0.004911867278153417,6.723885452665855e-05,7.867608153979975e-05,-7.65491497967119e-07,-9.407307217657035e-05,4.069099404091503e-05,0.0,0.0,0.0,0.0,0.0,0.0,0.0,0.0,0.0,0.0,0.0,0.0,0.0,0.0,0.0,0.0,0.0,0.0,0.0,0.0,0.0,0.0,0.0,0.0,0.0,0.0,0.0,0.0,0.0,0.0,0.0,0.0,0.0,0.0,0.0,0.0
48,624000000,odom,base_link,-1.8023570814709695,0.09421922998330465,-0.10494297578715804,-1.3004520450194993e-05,0.004107159820290287,-0.000283303619236584,0.9999915253681665,0.0,0.0,0.0,0.0,0.0,0.0,0.0,0.0,0.0,0.0,0.0,0.0,0.0,0.0,0.0,0.0,0.0,0.0,0.0,0.0,0.0,0.0,0.0,0.0,0.0,0.0,0.0,0.0,0.0,0.0,0.0,0.0,0.0,0.0,0.0,0.0,0.004910180123077452,6.727554164401224e-05,7.823989405240957e-05,-6.882199143909418e-07,-9.116239709783258e-05,4.018812944650563e-05,0.0,0.0,0.0,0.0,0.0,0.0,0.0,0.0,0.0,0.0,0.0,0.0,0.0,0.0,0.0,0.0,0.0,0.0,0.0,0.0,0.0,0.0,0.0,0.0,0.0,0.0,0.0,0.0,0.0,0.0,0.0,0.0,0.0,0.0,0.0,0.0
48,658000000,odom,base_link,-1.8021901550941277,0.09422142395724978,-0.10494171893459295,-1.3021043606924024e-05,0.004105632024151343,-0.00028267263682042737,0.9999915318203025,0.0,0.0,0.0,0.0,0.0,0.0,0.0,0.0,0.0,0.0,0.0,0.0,0.0,0.0,0.0,0.0,0.0,0.0,0.0,0.0,0.0,0.0,0.0,0.0,0.0,0.0,0.0,0.0,0.0,0.0,0.0,0.0,0.0,0.0,0.0,0.0,0.0049084995848400325,6.732149714707625e-05,7.676814254741381e-05,-1.146995243228588e-06,-8.945779157443212e-05,3.583241117155467e-05,0.0,0.0,0.0,0.0,0.0,0.0,0.0,0.0,0.0,0.0,0.0,0.0,0.0,0.0,0.0,0.0,0.0,0.0,0.0,0.0,0.0,0.0,0.0,0.0,0.0,0.0,0.0,0.0,0.0,0.0,0.0,0.0,0.0,0.0,0.0,0.0
48,692000000,odom,base_link,-1.8020232863551748,0.09422361923745463,-0.10494045337128406,-1.3044687648886893e-05,0.004104055439061374,-0.00028200080106285176,0.99999153848137,0.0,0.0,0.0,0.0,0.0,0.0,0.0,0.0,0.0,0.0,0.0,0.0,0.0,0.0,0.0,0.0,0.0,0.0,0.0,0.0,0.0,0.0,0.0,0.0,0.0,0.0,0.0,0.0,0.0,0.0,0.0,0.0,0.0,0.0,0.0,0.0,0.004906795057953942,6.734484373993326e-05,7.77594861813408e-05,-1.0878357548094186e-06,-9.373154199465716e-05,4.1554530483267627e-05,0.0,0.0,0.0,0.0,0.0,0.0,0.0,0.0,0.0,0.0,0.0,0.0,0.0,0.0,0.0,0.0,0.0,0.0,0.0,0.0,0.0,0.0,0.0,0.0,0.0,0.0,0.0,0.0,0.0,0.0,0.0,0.0,0.0,0.0,0.0,0.0
48,726000000,odom,base_link,-1.8018564752036348,0.09422581581573351,-0.10493918178446128,-1.3062675603309474e-05,0.004102485333670316,-0.0002812896919475172,0.999991545124039,0.0,0.0,0.0,0.0,0.0,0.0,0.0,0.0,0.0,0.0,0.0,0.0,0.0,0.0,0.0,0.0,0.0,0.0,0.0,0.0,0.0,0.0,0.0,0.0,0.0,0.0,0.0,0.0,0.0,0.0,0.0,0.0,0.0,0.0,0.0,0.0,0.0049051068859065905,6.738366032099168e-05,7.750326586411635e-05,-6.996533741254751e-07,-9.075328435415031e-05,3.996372583969787e-05,0.0,0.0,0.0,0.0,0.0,0.0,0.0,0.0,0.0,0.0,0.0,0.0,0.0,0.0,0.0,0.0,0.0,0.0,0.0,0.0,0.0,0.0,0.0,0.0,0.0,0.0,0.0,0.0,0.0,0.0,0.0,0.0,0.0,0.0,0.0,0.0
48,760000000,odom,base_link,-1.8016897215481065,0.0942280142454543,-0.10493793968274742,-1.3075367407771542e-05,0.004100956620805689,-0.00028066615920838476,0.99999155156948,0.0,0.0,0.0,0.0,0.0,0.0,0.0,0.0,0.0,0.0,0.0,0.0,0.0,0.0,0.0,0.0,0.0,0.0,0.0,0.0,0.0,0.0,0.0,0.0,0.0,0.0,0.0,0.0,0.0,0.0,0.0,0.0,0.0,0.0,0.0,0.0,0.004903420948417375,6.742857673140679e-05,7.651964039192032e-05,-5.652167900382921e-07,-9.048631213204317e-05,3.58820582135877e-05,0.0,0.0,0.0,0.0,0.0,0.0,0.0,0.0,0.0,0.0,0.0,0.0,0.0,0.0,0.0,0.0,0.0,0.0,0.0,0.0,0.0,0.0,0.0,0.0,0.0,0.0,0.0,0.0,0.0,0.0,0.0,0.0,0.0,0.0,0.0,0.0
48,794000000,odom,base_link,-1.8015230255639147,0.09423021392791829,-0.10493667517814431,-1.3090437834406273e-05,0.004099372922470905,-0.0002799916658344134,0.9999915582518434,0.0,0.0,0.0,0.0,0.0,0.0,0.0,0.0,0.0,0.0,0.0,0.0,0.0,0.0,0.0,0.0,0.0,0.0,0.0,0.0,0.0,0.0,0.0,0.0,0.0,0.0,0.0,0.0,0.0,0.0,0.0,0.0,0.0,0.0,0.0,0.0,0.00490171522984848,6.745209676093161e-05,7.769182910622637e-05,-7.403761048685453e-07,-9.375583971404922e-05,4.161723481388435e-05,0.0,0.0,0.0,0.0,0.0,0.0,0.0,0.0,0.0,0.0,0.0,0.0,0.0,0.0,0.0,0.0,0.0,0.0,0.0,0.0,0.0,0.0,0.0,0.0,0.0,0.0,0.0,0.0,0.0,0.0,0.0,0.0,0.0,0.0,0.0,0.0
48,828000000,odom,base_link,-1.8013563871272347,0.09423241498720519,-0.1049353989738917,-1.310556201364395e-05,0.004097811555622981,-0.0002792943469106657,0.9999915648461074,0.0,0.0,0.0,0.0,0.0,0.0,0.0,0.0,0.0,0.0,0.0,0.0,0.0,0.0,0.0,0.0,0.0,0.0,0.0,0.0,0.0,0.0,0.0,0.0,0.0,0.0,0.0,0.0,0.0,0.0,0.0,0.0,0.0,0.0,0.0,0.0,0.004900026610238833,6.749347298534307e-05,7.760382061896239e-05,-6.462421708874899e-07,-9.025686651398246e-05,3.893462867665676e-05,0.0,0.0,0.0,0.0,0.0,0.0,0.0,0.0,0.0,0.0,0.0,0.0,0.0,0.0,0.0,0.0,0.0,0.0,0.0,0.0,0.0,0.0,0.0,0.0,0.0,0.0,0.0,0.0,0.0,0.0,0.0,0.0,0.0,0.0,0.0,0.0
48,862000000,odom,base_link,-1.8011898061979204,0.09423461790483031,-0.10493414796777348,-1.3119123890587633e-05,0.004096288966148104,-0.00027868735351585896,0.9999915712534548,0.0,0.0,0.0,0.0,0.0,0.0,0.0,0.0,0.0,0.0,0.0,0.0,0.0,0.0,0.0,0.0,0.0,0.0,0.0,0.0,0.0,0.0,0.0,0.0,0.0,0.0,0.0,0.0,0.0,0.0,0.0,0.0,0.0,0.0,0.0,0.0,0.00489833921028258,6.753810929517621e-05,7.673038450913888e-05,-6.500319726931991e-07,-9.018062243626446e-05,3.4951296257190734e-05,0.0,0.0,0.0,0.0,0.0,0.0,0.0,0.0,0.0,0.0,0.0,0.0,0.0,0.0,0.0,0.0,0.0,0.0,0.0,0.0,0.0,0.0,0.0,0.0,0.0,0.0,0.0,0.0,0.0,0.0,0.0,0.0,0.0,0.0,0.0,0.0
48,896000000,odom,base_link,-1.8010232829626025,0.09423682205069238,-0.10493287180035109,-1.3135240868901886e-05,0.0040947090477679885,-0.00027802616326321665,0.9999915779079003,0.0,0.0,0.0,0.0,0.0,0.0,0.0,0.0,0.0,0.0,0.0,0.0,0.0,0.0,0.0,0.0,0.0,0.0,0.0,0.0,0.0,0.0,0.0,0.0,0.0,0.0,0.0,0.0,0.0,0.0,0.0,0.0,0.0,0.0,0.0,0.0,0.004896632248692049,6.756097726722617e-05,7.797027651508267e-05,-7.980360150483534e-07,-9.355526984222706e-05,4.091030056940781e-05,0.0,0.0,0.0,0.0,0.0,0.0,0.0,0.0,0.0,0.0,0.0,0.0,0.0,0.0,0.0,0.0,0.0,0.0,0.0,0.0,0.0,0.0,0.0,0.0,0.0,0.0,0.0,0.0,0.0,0.0,0.0,0.0,0.0,0.0,0.0,0.0
48,930000000,odom,base_link,-1.8008568172735757,0.09423902758017672,-0.10493158164187681,-1.3150612784650558e-05,0.004093154370219998,-0.00027734592616536995,0.9999915844613895,0.0,0.0,0.0,0.0,0.0,0.0,0.0,0.0,0.0,0.0,0.0,0.0,0.0,0.0,0.0,0.0,0.0,0.0,0.0,0.0,0.0,0.0,0.0,0.0,0.0,0.0,0.0,0.0,0.0,0.0,0.0,0.0,0.0,0.0,0.0,0.0,0.004894943170709888,6.76026646363468e-05,7.793757496873248e-05,-6.475499914060379e-07,-8.99693567646409e-05,3.803467798491056e-05,0.0,0.0,0.0,0.0,0.0,0.0,0.0,0.0,0.0,0.0,0.0,0.0,0.0,0.0,0.0,0.0,0.0,0.0,0.0,0.0,0.0,0.0,0.0,0.0,0.0,0.0,0.0,0.0,0.0,0.0,0.0,0.0,0.0,0.0,0.0,0.0
48,964000000,odom,base_link,-1.8006904091180338,0.09424123489233108,-0.10493031026720709,-1.3164141004120623e-05,0.004091628882344016,-0.0002767405543527497,0.9999915908718733,0.0,0.0,0.0,0.0,0.0,0.0,0.0,0.0,0.0,0.0,0.0,0.0,0.0,0.0,0.0,0.0,0.0,0.0,0.0,0.0,0.0,0.0,0.0,0.0,0.0,0.0,0.0,0.0,0.0,0.0,0.0,0.0,0.0,0.0,0.0,0.0,0.004893250887077987,6.764319735176418e-05,7.7569180120868e-05,-6.662766394160968e-07,-9.100869959866031e-05,3.588969832435396e-05,0.0,0.0,0.0,0.0,0.0,0.0,0.0,0.0,0.0,0.0,0.0,0.0,0.0,0.0,0.0,0.0,0.0,0.0,0.0,0.0,0.0,0.0,0.0,0.0,0.0,0.0,0.0,0.0,0.0,0.0,0.0,0.0,0.0,0.0,0.0,0.0
48,998000000,odom,base_link,-1.8005240586535238,0.09424344335103858,-0.10492900320360878,-1.3180282631662324e-05,0.004090046681253769,-0.00027606320532400617,0.9999915975314653,0.0,0.0,0.0,0.0,0.0,0.0,0.0,0.0,0.0,0.0,0.0,0.0,0.0,0.0,0.0,0.0,0.0,0.0,0.0,0.0,0.0,0.0,0.0,0.0,0.0,0.0,0.0,0.0,0.0,0.0,0.0,0.0,0.0,0.0,0.0,0.0,0.004891544488148701,6.766570647431593e-05,7.87790676645268e-05,-7.892312581248007e-07,-9.350977308031361e-05,4.187029460922531e-05,0.0,0.0,0.0,0.0,0.0,0.0,0.0,0.0,0.0,0.0,0.0,0.0,0.0,0.0,0.0,0.0,0.0,0.0,0.0,0.0,0.0,0.0,0.0,0.0,0.0,0.0,0.0,0.0,0.0,0.0,0.0,0.0,0.0,0.0,0.0,0.0
49,32000000,odom,base_link,-1.8003577658415946,0.09424565282076762,-0.10492765561663614,-1.3197722383860667e-05,0.004088448568287116,-0.00027528200270227185,0.9999916042817277,0.0,0.0,0.0,0.0,0.0,0.0,0.0,0.0,0.0,0.0,0.0,0.0,0.0,0.0,0.0,0.0,0.0,0.0,0.0,0.0,0.0,0.0,0.0,0.0,0.0,0.0,0.0,0.0,0.0,0.0,0.0,0.0,0.0,0.0,0.0,0.0,0.0048898381770071,6.768638012141236e-05,8.020835509779399e-05,-8.187202693576978e-07,-9.421873059523023e-05,4.829187965071924e-05,0.0,0.0,0.0,0.0,0.0,0.0,0.0,0.0,0.0,0.0,0.0,0.0,0.0,0.0,0.0,0.0,0.0,0.0,0.0,0.0,0.0,0.0,0.0,0.0,0.0,0.0,0.0,0.0,0.0,0.0,0.0,0.0,0.0,0.0,0.0,0.0
49,66000000,odom,base_link,-1.800191530655938,0.09424786342221379,-0.10492627511449695,-1.321472438659406e-05,0.004086861627812515,-0.00027442284662571785,0.9999916110045661,0.0,0.0,0.0,0.0,0.0,0.0,0.0,0.0,0.0,0.0,0.0,0.0,0.0,0.0,0.0,0.0,0.0,0.0,0.0,0.0,0.0,0.0,0.0,0.0,0.0,0.0,0.0,0.0,0.0,0.0,0.0,0.0,0.0,0.0,0.0,0.0,0.0048881414720772665,6.77182527576585e-05,8.060254287173349e-05,-6.826177234575681e-07,-9.178042006396936e-05,4.927952552691295e-05,0.0,0.0,0.0,0.0,0.0,0.0,0.0,0.0,0.0,0.0,0.0,0.0,0.0,0.0,0.0,0.0,0.0,0.0,0.0,0.0,0.0,0.0,0.0,0.0,0.0,0.0,0.0,0.0,0.0,0.0,0.0,0.0,0.0,0.0,0.0,0.0
49,100000000,odom,base_link,-1.8000253529789478,0.09425007608223977,-0.1049249134773903,-1.3227402160021168e-05,0.004085339421064915,-0.00027369848252491505,0.9999916174228618,0.0,0.0,0.0,0.0,0.0,0.0,0.0,0.0,0.0,0.0,0.0,0.0,0.0,0.0,0.0,0.0,0.0,0.0,0.0,0.0,0.0,0.0,0.0,0.0,0.0,0.0,0.0,0.0,0.0,0.0,0.0,0.0,0.0,0.0,0.0,0.0,0.004886457861950235,6.777512754791649e-05,7.946384261599177e-05,-5.064158592471557e-07,-8.8862115177335e-05,3.9187749223401624e-05,0.0,0.0,0.0,0.0,0.0,0.0,0.0,0.0,0.0,0.0,0.0,0.0,0.0,0.0,0.0,0.0,0.0,0.0,0.0,0.0,0.0,0.0,0.0,0.0,0.0,0.0,0.0,0.0,0.0,0.0,0.0,0.0,0.0,0.0,0.0,0.0
49,134000000,odom,base_link,-1.799859233024182,0.09425229049339418,-0.10492355735849475,-1.32410810007189e-05,0.004083782010387994,-0.0002730406461073673,0.9999916239639065,0.0,0.0,0.0,0.0,0.0,0.0,0.0,0.0,0.0,0.0,0.0,0.0,0.0,0.0,0.0,0.0,0.0,0.0,0.0,0.0,0.0,0.0,0.0,0.0,0.0,0.0,0.0,0.0,0.0,0.0,0.0,0.0,0.0,0.0,0.0,0.0,0.004884753084779692,6.781001465049656e-05,8.020902675201024e-05,-6.933799701069887e-07,-9.300494028252615e-05,3.9549891539536475e-05,0.0,0.0,0.0,0.0,0.0,0.0,0.0,0.0,0.0,0.0,0.0,0.0,0.0,0.0,0.0,0.0,0.0,0.0,0.0,0.0,0.0,0.0,0.0,0.0,0.0,0.0,0.0,0.0,0.0,0.0,0.0,0.0,0.0,0.0,0.0,0.0
49,168000000,odom,base_link,-1.799693170764658,0.09425450630564038,-0.10492218382104616,-1.3256470924481558e-05,0.004082207910643205,-0.0002723688368131087,0.9999916305740049,0.0,0.0,0.0,0.0,0.0,0.0,0.0,0.0,0.0,0.0,0.0,0.0,0.0,0.0,0.0,0.0,0.0,0.0,0.0,0.0,0.0,0.0,0.0,0.0,0.0,0.0,0.0,0.0,0.0,0.0,0.0,0.0,0.0,0.0,0.0,0.0,0.00488305918067043,6.784933938592023e-05,8.016665776883681e-05,-6.86504175728686e-07,-9.124122826165149e-05,3.773883250346444e-05,0.0,0.0,0.0,0.0,0.0,0.0,0.0,0.0,0.0,0.0,0.0,0.0,0.0,0.0,0.0,0.0,0.0,0.0,0.0,0.0,0.0,0.0,0.0,0.0,0.0,0.0,0.0,0.0,0.0,0.0,0.0,0.0,0.0,0.0,0.0,0.0
49,202000000,odom,base_link,-1.7995271660707564,0.09425672406504462,-0.1049208425462416,-1.3270110229229441e-05,0.004080683694654342,-0.00027181130121631833,0.9999916369465821,0.0,0.0,0.0,0.0,0.0,0.0,0.0,0.0,0.0,0.0,0.0,0.0,0.0,0.0,0.0,0.0,0.0,0.0,0.0,0.0,0.0,0.0,0.0,0.0,0.0,0.0,0.0,0.0,0.0,0.0,0.0,0.0,0.0,0.0,0.0,0.0,0.0048813764909800845,6.790147858705585e-05,7.865619590560528e-05,-6.360817816908337e-07,-8.917664686691751e-05,3.0289458763377297e-05,0.0,0.0,0.0,0.0,0.0,0.0,0.0,0.0,0.0,0.0,0.0,0.0,0.0,0.0,0.0,0.0,0.0,0.0,0.0,0.0,0.0,0.0,0.0,0.0,0.0,0.0,0.0,0.0,0.0,0.0,0.0,0.0,0.0,0.0,0.0,0.0
49,236000000,odom,base_link,-1.7993612191065238,0.09425894322285318,-0.10491950490301674,-1.3285608284551663e-05,0.004079118289545508,-0.0002712445051570862,0.9999916434870298,0.0,0.0,0.0,0.0,0.0,0.0,0.0,0.0,0.0,0.0,0.0,0.0,0.0,0.0,0.0,0.0,0.0,0.0,0.0,0.0,0.0,0.0,0.0,0.0,0.0,0.0,0.0,0.0,0.0,0.0,0.0,0.0,0.0,0.0,0.0,0.0,0.004879671720937612,6.792588506421014e-05,7.949084961601056e-05,-7.987756733829343e-07,-9.310384498917301e-05,3.563052324295768e-05,0.0,0.0,0.0,0.0,0.0,0.0,0.0,0.0,0.0,0.0,0.0,0.0,0.0,0.0,0.0,0.0,0.0,0.0,0.0,0.0,0.0,0.0,0.0,0.0,0.0,0.0,0.0,0.0,0.0,0.0,0.0,0.0,0.0,0.0,0.0,0.0
49,270000000,odom,base_link,-1.7991953298037713,0.09426116348703675,-0.10491815742006788,-1.3301826404079354e-05,0.004077549188577148,-0.0002706005770053225,0.9999916500606412,0.0,0.0,0.0,0.0,0.0,0.0,0.0,0.0,0.0,0.0,0.0,0.0,0.0,0.0,0.0,0.0,0.0,0.0,0.0,0.0,0.0,0.0,0.0,0.0,0.0,0.0,0.0,0.0,0.0,0.0,0.0,0.0,0.0,0.0,0.0,0.0,0.004877980484091514,6.795706860906957e-05,7.925425938354853e-05,-7.076430663666144e-07,-9.078061395939585e-05,3.748557908522798e-05,0.0,0.0,0.0,0.0,0.0,0.0,0.0,0.0,0.0,0.0,0.0,0.0,0.0,0.0,0.0,0.0,0.0,0.0,0.0,0.0,0.0,0.0,0.0,0.0,0.0,0.0,0.0,0.0,0.0,0.0,0.0,0.0,0.0,0.0,0.0,0.0
49,304000000,odom,base_link,-1.7990294980468253,0.09426338535664232,-0.10491684675001897,-1.3315312626200804e-05,0.004076030586064312,-0.0002699956706150718,0.9999916564150432,0.0,0.0,0.0,0.0,0.0,0.0,0.0,0.0,0.0,0.0,0.0,0.0,0.0,0.0,0.0,0.0,0.0,0.0,0.0,0.0,0.0,0.0,0.0,0.0,0.0,0.0,0.0,0.0,0.0,0.0,0.0,0.0,0.0,0.0,0.0,0.0,0.004876298598847063,6.799836599709077e-05,7.76726200147391e-05,-5.997445873262564e-07,-8.898777608123964e-05,3.4712360275079845e-05,0.0,0.0,0.0,0.0,0.0,0.0,0.0,0.0,0.0,0.0,0.0,0.0,0.0,0.0,0.0,0.0,0.0,0.0,0.0,0.0,0.0,0.0,0.0,0.0,0.0,0.0,0.0,0.0,0.0,0.0,0.0,0.0,0.0,0.0,0.0,0.0
49,338000000,odom,base_link,-1.798863724006832,0.09426560845333815,-0.10491553618921154,-1.3330398292150227e-05,0.004074466090999341,-0.0002693422743886669,0.9999916629668034,0.0,0.0,0.0,0.0,0.0,0.0,0.0,0.0,0.0,0.0,0.0,0.0,0.0,0.0,0.0,0.0,0.0,0.0,0.0,0.0,0.0,0.0,0.0,0.0,0.0,0.0,0.0,0.0,0.0,0.0,0.0,0.0,0.0,0.0,0.0,0.0,0.004874593782433585,6.802077901939675e-05,7.856410423545633e-05,-7.461196993574504e-07,-9.2925684924694e-05,4.0630397535323937e-05,0.0,0.0,0.0,0.0,0.0,0.0,0.0,0.0,0.0,0.0,0.0,0.0,0.0,0.0,0.0,0.0,0.0,0.0,0.0,0.0,0.0,0.0,0.0,0.0,0.0,0.0,0.0,0.0,0.0,0.0,0.0,0.0,0.0,0.0,0.0,0.0
49,372000000,odom,base_link,-1.7986980076209673,0.09426783271702702,-0.10491421913085511,-1.3345976948336356e-05,0.004072901350141327,-0.00026862503974689077,0.9999916695338341,0.0,0.0,0.0,0.0,0.0,0.0,0.0,0.0,0.0,0.0,0.0,0.0,0.0,0.0,0.0,0.0,0.0,0.0,0.0,0.0,0.0,0.0,0.0,0.0,0.0,0.0,0.0,0.0,0.0,0.0,0.0,0.0,0.0,0.0,0.0,0.0,0.004872903329621781,6.805483213513259e-05,7.825606588866606e-05,-6.57462817521548e-07,-9.048185347637627e-05,4.0885626262365804e-05,0.0,0.0,0.0,0.0,0.0,0.0,0.0,0.0,0.0,0.0,0.0,0.0,0.0,0.0,0.0,0.0,0.0,0.0,0.0,0.0,0.0,0.0,0.0,0.0,0.0,0.0,0.0,0.0,0.0,0.0,0.0,0.0,0.0,0.0,0.0,0.0
49,406000000,odom,base_link,-1.798532348771678,0.09427005880444407,-0.10491294010002812,-1.335894597683164e-05,0.004071388795877827,-0.0002679961036446667,0.9999916758618043,0.0,0.0,0.0,0.0,0.0,0.0,0.0,0.0,0.0,0.0,0.0,0.0,0.0,0.0,0.0,0.0,0.0,0.0,0.0,0.0,0.0,0.0,0.0,0.0,0.0,0.0,0.0,0.0,0.0,0.0,0.0,0.0,0.0,0.0,0.0,0.0,0.004871222072122099,6.810254313944738e-05,7.662536925346229e-05,-5.703844341287123e-07,-8.855605457824822e-05,3.506164318878291e-05,0.0,0.0,0.0,0.0,0.0,0.0,0.0,0.0,0.0,0.0,0.0,0.0,0.0,0.0,0.0,0.0,0.0,0.0,0.0,0.0,0.0,0.0,0.0,0.0,0.0,0.0,0.0,0.0,0.0,0.0,0.0,0.0,0.0,0.0,0.0,0.0
49,440000000,odom,base_link,-1.7983667476434941,0.09427228628925487,-0.10491166517445344,-1.3373686228401455e-05,0.004069831514132514,-0.0002673584236476975,0.9999916823714408,0.0,0.0,0.0,0.0,0.0,0.0,0.0,0.0,0.0,0.0,0.0,0.0,0.0,0.0,0.0,0.0,0.0,0.0,0.0,0.0,0.0,0.0,0.0,0.0,0.0,0.0,0.0,0.0,0.0,0.0,0.0,0.0,0.0,0.0,0.0,0.0,0.004869517650352442,6.812884258317333e-05,7.743120610740497e-05,-7.394452106179727e-07,-9.258199327177863e-05,3.919269175867157e-05,0.0,0.0,0.0,0.0,0.0,0.0,0.0,0.0,0.0,0.0,0.0,0.0,0.0,0.0,0.0,0.0,0.0,0.0,0.0,0.0,0.0,0.0,0.0,0.0,0.0,0.0,0.0,0.0,0.0,0.0,0.0,0.0,0.0,0.0,0.0,0.0
49,474000000,odom,base_link,-1.7982012041572941,0.09427451504135027,-0.10491038124589176,-1.3389105723477453e-05,0.004068274144952475,-0.0002666812533151763,0.9999916888891239,0.0,0.0,0.0,0.0,0.0,0.0,0.0,0.0,0.0,0.0,0.0,0.0,0.0,0.0,0.0,0.0,0.0,0.0,0.0,0.0,0.0,0.0,0.0,0.0,0.0,0.0,0.0,0.0,0.0,0.0,0.0,0.0,0.0,0.0,0.0,0.0,0.0048678266856035275,6.81655259839757e-05,7.727252887109925e-05,-6.657353390782106e-07,-9.010248476215565e-05,3.83179969531966e-05,0.0,0.0,0.0,0.0,0.0,0.0,0.0,0.0,0.0,0.0,0.0,0.0,0.0,0.0,0.0,0.0,0.0,0.0,0.0,0.0,0.0,0.0,0.0,0.0,0.0,0.0,0.0,0.0,0.0,0.0,0.0,0.0,0.0,0.0,0.0,0.0
49,508000000,odom,base_link,-1.798035718191483,0.09427674559714534,-0.10490912501068511,-1.3404762410526578e-05,0.004066763375097233,-0.0002660885129966375,0.9999916951919483,0.0,0.0,0.0,0.0,0.0,0.0,0.0,0.0,0.0,0.0,0.0,0.0,0.0,0.0,0.0,0.0,0.0,0.0,0.0,0.0,0.0,0.0,0.0,0.0,0.0,0.0,0.0,0.0,0.0,0.0,0.0,0.0,0.0,0.0,0.0,0.0,0.0048661422944823,6.82119431391922e-05,7.611382593537063e-05,-1.0863441701758347e-06,-8.86794587984241e-05,3.3383888720095456e-05,0.0,0.0,0.0,0.0,0.0,0.0,0.0,0.0,0.0,0.0,0.0,0.0,0.0,0.0,0.0,0.0,0.0,0.0,0.0,0.0,0.0,0.0,0.0,0.0,0.0,0.0,0.0,0.0,0.0,0.0,0.0,0.0,0.0,0.0,0.0,0.0
49,542000000,odom,base_link,-1.797870289904754,0.09427897745990964,-0.10490785481712832,-1.3426987042466064e-05,0.0040652063555884615,-0.0002654653222023909,0.9999917016881517,0.0,0.0,0.0,0.0,0.0,0.0,0.0,0.0,0.0,0.0,0.0,0.0,0.0,0.0,0.0,0.0,0.0,0.0,0.0,0.0,0.0,0.0,0.0,0.0,0.0,0.0,0.0,0.0,0.0,0.0,0.0,0.0,0.0,0.0,0.0,0.0,0.004864436279606052,6.823593682677762e-05,7.722219694700403e-05,-1.0237674374913297e-06,-9.236015898750338e-05,3.8479391761825354e-05,0.0,0.0,0.0,0.0,0.0,0.0,0.0,0.0,0.0,0.0,0.0,0.0,0.0,0.0,0.0,0.0,0.0,0.0,0.0,0.0,0.0,0.0,0.0,0.0,0.0,0.0,0.0,0.0,0.0,0.0,0.0,0.0,0.0,0.0,0.0,0.0
49,576000000,odom,base_link,-1.797704919242033,0.0942812105772064,-0.10490657446223013,-1.344385130518814e-05,0.004063658148577885,-0.0002648029284836055,0.9999917081561843,0.0,0.0,0.0,0.0,0.0,0.0,0.0,0.0,0.0,0.0,0.0,0.0,0.0,0.0,0.0,0.0,0.0,0.0,0.0,0.0,0.0,0.0,0.0,0.0,0.0,0.0,0.0,0.0,0.0,0.0,0.0,0.0,0.0,0.0,0.0,0.0,0.004862745694148549,6.827292321135025e-05,7.707522922776545e-05,-6.577271727259415e-07,-8.949576653094482e-05,3.740189491452384e-05,0.0,0.0,0.0,0.0,0.0,0.0,0.0,0.0,0.0,0.0,0.0,0.0,0.0,0.0,0.0,0.0,0.0,0.0,0.0,0.0,0.0,0.0,0.0,0.0,0.0,0.0,0.0,0.0,0.0,0.0,0.0,0.0,0.0,0.0,0.0,0.0
49,610000000,odom,base_link,-1.7975396061031221,0.09428344545790217,-0.10490531850305962,-1.3459551398238078e-05,0.0040621522490555855,-0.00026421612601193966,0.999991714429567,0.0,0.0,0.0,0.0,0.0,0.0,0.0,0.0,0.0,0.0,0.0,0.0,0.0,0.0,0.0,0.0,0.0,0.0,0.0,0.0,0.0,0.0,0.0,0.0,0.0,0.0,0.0,0.0,0.0,0.0,0.0,0.0,0.0,0.0,0.0,0.0,0.004861057958664729,6.831663694345219e-05,7.631607737557483e-05,-1.2942189986375752e-06,-8.900677386236566e-05,3.387529332599115e-05,0.0,0.0,0.0,0.0,0.0,0.0,0.0,0.0,0.0,0.0,0.0,0.0,0.0,0.0,0.0,0.0,0.0,0.0,0.0,0.0,0.0,0.0,0.0,0.0,0.0,0.0,0.0,0.0,0.0,0.0,0.0,0.0,0.0,0.0,0.0,0.0
49,644000000,odom,base_link,-1.7973743506489541,0.0942856815498357,-0.10490403469921764,-1.3480174753238523e-05,0.00406059240717155,-0.00026357698271623056,0.9999917209331095,0.0,0.0,0.0,0.0,0.0,0.0,0.0,0.0,0.0,0.0,0.0,0.0,0.0,0.0,0.0,0.0,0.0,0.0,0.0,0.0,0.0,0.0,0.0,0.0,0.0,0.0,0.0,0.0,0.0,0.0,0.0,0.0,0.0,0.0,0.0,0.0,0.004859350591718804,6.833913556993284e-05,7.755966264238853e-05,-9.418898716528901e-07,-9.237237250658836e-05,3.949944620273982e-05,0.0,0.0,0.0,0.0,0.0,0.0,0.0,0.0,0.0,0.0,0.0,0.0,0.0,0.0,0.0,0.0,0.0,0.0,0.0,0.0,0.0,0.0,0.0,0.0,0.0,0.0,0.0,0.0,0.0,0.0,0.0,0.0,0.0,0.0,0.0,0.0
49,678000000,odom,base_link,-1.797209152792427,0.09428791894886991,-0.10490273814441309,-1.3495822989004547e-05,0.004059051300868252,-0.0002629098632926501,0.9999917273651835,0.0,0.0,0.0,0.0,0.0,0.0,0.0,0.0,0.0,0.0,0.0,0.0,0.0,0.0,0.0,0.0,0.0,0.0,0.0,0.0,0.0,0.0,0.0,0.0,0.0,0.0,0.0,0.0,0.0,0.0,0.0,0.0,0.0,0.0,0.0,0.0,0.004857660322487605,6.837854480509529e-05,7.74731479932017e-05,-6.023821663703188e-07,-8.909111599564312e-05,3.732429085800959e-05,0.0,0.0,0.0,0.0,0.0,0.0,0.0,0.0,0.0,0.0,0.0,0.0,0.0,0.0,0.0,0.0,0.0,0.0,0.0,0.0,0.0,0.0,0.0,0.0,0.0,0.0,0.0,0.0,0.0,0.0,0.0,0.0,0.0,0.0,0.0,0.0
49,712000000,odom,base_link,-1.7970440124847538,0.09429015815143446,-0.10490146873789594,-1.3507099601104467e-05,0.004057550222666284,-0.0002623293343872577,0.999991733609368,0.0,0.0,0.0,0.0,0.0,0.0,0.0,0.0,0.0,0.0,0.0,0.0,0.0,0.0,0.0,0.0,0.0,0.0,0.0,0.0,0.0,0.0,0.0,0.0,0.0,0.0,0.0,0.0,0.0,0.0,0.0,0.0,0.0,0.0,0.0,0.0,0.00485597300646072,6.842279137903112e-05,7.645413782911372e-05,-4.978307127645465e-07,-8.87073241528924e-05,3.319705754734059e-05,0.0,0.0,0.0,0.0,0.0,0.0,0.0,0.0,0.0,0.0,0.0,0.0,0.0,0.0,0.0,0.0,0.0,0.0,0.0,0.0,0.0,0.0,0.0,0.0,0.0,0.0,0.0,0.0,0.0,0.0,0.0,0.0,0.0,0.0,0.0,0.0
49,746000000,odom,base_link,-1.7968789299055752,0.09429239858672599,-0.10490017860468857,-1.3520909994727061e-05,0.004055994066813854,-0.00026170360764361523,0.9999917400861553,0.0,0.0,0.0,0.0,0.0,0.0,0.0,0.0,0.0,0.0,0.0,0.0,0.0,0.0,0.0,0.0,0.0,0.0,0.0,0.0,0.0,0.0,0.0,0.0,0.0,0.0,0.0,0.0,0.0,0.0,0.0,0.0,0.0,0.0,0.0,0.0,0.004854265559549332,6.844615229122947e-05,7.764094935214057e-05,-6.856876455518801e-07,-9.218605825367376e-05,3.866769269222914e-05,0.0,0.0,0.0,0.0,0.0,0.0,0.0,0.0,0.0,0.0,0.0,0.0,0.0,0.0,0.0,0.0,0.0,0.0,0.0,0.0,0.0,0.0,0.0,0.0,0.0,0.0,0.0,0.0,0.0,0.0,0.0,0.0,0.0,0.0,0.0,0.0
49,780000000,odom,base_link,-1.7967139049073417,0.09429464038368064,-0.10489887684981301,-1.353477073405019e-05,0.004054461175361938,-0.000261062041216486,0.9999917464699387,0.0,0.0,0.0,0.0,0.0,0.0,0.0,0.0,0.0,0.0,0.0,0.0,0.0,0.0,0.0,0.0,0.0,0.0,0.0,0.0,0.0,0.0,0.0,0.0,0.0,0.0,0.0,0.0,0.0,0.0,0.0,0.0,0.0,0.0,0.0,0.0,0.00485257607734424,6.848717981212352e-05,7.752103138449116e-05,-5.940427150186167e-07,-8.873925452235198e-05,3.582503715904295e-05,0.0,0.0,0.0,0.0,0.0,0.0,0.0,0.0,0.0,0.0,0.0,0.0,0.0,0.0,0.0,0.0,0.0,0.0,0.0,0.0,0.0,0.0,0.0,0.0,0.0,0.0,0.0,0.0,0.0,0.0,0.0,0.0,0.0,0.0,0.0,0.0
49,814000000,odom,base_link,-1.7965489374762993,0.09429688391511873,-0.10489759739019162,-1.3547478647039524e-05,0.0040529564825273244,-0.0002604929422167461,0.999991752717813,0.0,0.0,0.0,0.0,0.0,0.0,0.0,0.0,0.0,0.0,0.0,0.0,0.0,0.0,0.0,0.0,0.0,0.0,0.0,0.0,0.0,0.0,0.0,0.0,0.0,0.0,0.0,0.0,0.0,0.0,0.0,0.0,0.0,0.0,0.0,0.0,0.004850883780812565,6.8526932948474e-05,7.70489557372637e-05,-6.300146571103227e-07,-8.97472332894722e-05,3.37351185208945e-05,0.0,0.0,0.0,0.0,0.0,0.0,0.0,0.0,0.0,0.0,0.0,0.0,0.0,0.0,0.0,0.0,0.0,0.0,0.0,0.0,0.0,0.0,0.0,0.0,0.0,0.0,0.0,0.0,0.0,0.0,0.0,0.0,0.0,0.0,0.0,0.0
49,848000000,odom,base_link,-1.7963840277570833,0.09429912856902387,-0.10489628564713536,-1.3562638143744678e-05,0.004051396814357878,-0.00025985514603945703,0.9999917592036499,0.0,0.0,0.0,0.0,0.0,0.0,0.0,0.0,0.0,0.0,0.0,0.0,0.0,0.0,0.0,0.0,0.0,0.0,0.0,0.0,0.0,0.0,0.0,0.0,0.0,0.0,0.0,0.0,0.0,0.0,0.0,0.0,0.0,0.0,0.0,0.0,0.004849177713366603,6.8549369465073e-05,7.815980833058756e-05,-7.413975655623517e-07,-9.216881906581875e-05,3.9455695599599494e-05,0.0,0.0,0.0,0.0,0.0,0.0,0.0,0.0,0.0,0.0,0.0,0.0,0.0,0.0,0.0,0.0,0.0,0.0,0.0,0.0,0.0,0.0,0.0,0.0,0.0,0.0,0.0,0.0,0.0,0.0,0.0,0.0,0.0,0.0,0.0,0.0
49,882000000,odom,base_link,-1.7962191755973613,0.09430137461646221,-0.10489496563516221,-1.3576559807101775e-05,0.004049870036020711,-0.0002592106307803177,0.9999917655552056,0.0,0.0,0.0,0.0,0.0,0.0,0.0,0.0,0.0,0.0,0.0,0.0,0.0,0.0,0.0,0.0,0.0,0.0,0.0,0.0,0.0,0.0,0.0,0.0,0.0,0.0,0.0,0.0,0.0,0.0,0.0,0.0,0.0,0.0,0.0,0.0,0.0048474895492848415,6.859175386732936e-05,7.791933122330063e-05,-5.774998201868442e-07,-8.844995633694452e-05,3.5878123583188426e-05,0.0,0.0,0.0,0.0,0.0,0.0,0.0,0.0,0.0,0.0,0.0,0.0,0.0,0.0,0.0,0.0,0.0,0.0,0.0,0.0,0.0,0.0,0.0,0.0,0.0,0.0,0.0,0.0,0.0,0.0,0.0,0.0,0.0,0.0,0.0,0.0
49,916000000,odom,base_link,-1.7960543810218401,0.09430362239826903,-0.10489367153111984,-1.3588828026322607e-05,0.0040483674252580005,-0.00025864009027474263,0.9999917717870671,0.0,0.0,0.0,0.0,0.0,0.0,0.0,0.0,0.0,0.0,0.0,0.0,0.0,0.0,0.0,0.0,0.0,0.0,0.0,0.0,0.0,0.0,0.0,0.0,0.0,0.0,0.0,0.0,0.0,0.0,0.0,0.0,0.0,0.0,0.0,0.0,0.004845797125264682,6.863101356152883e-05,7.74091825866389e-05,-6.090836723871007e-07,-8.975875616101803e-05,3.394138907708566e-05,0.0,0.0,0.0,0.0,0.0,0.0,0.0,0.0,0.0,0.0,0.0,0.0,0.0,0.0,0.0,0.0,0.0,0.0,0.0,0.0,0.0,0.0,0.0,0.0,0.0,0.0,0.0,0.0,0.0,0.0,0.0,0.0,0.0,0.0,0.0,0.0
49,950000000,odom,base_link,-1.7958896441657803,0.0943058712990633,-0.10489234827305835,-1.3603723299617476e-05,0.004046809598585801,-0.00025800130585618397,0.9999917782573703,0.0,0.0,0.0,0.0,0.0,0.0,0.0,0.0,0.0,0.0,0.0,0.0,0.0,0.0,0.0,0.0,0.0,0.0,0.0,0.0,0.0,0.0,0.0,0.0,0.0,0.0,0.0,0.0,0.0,0.0,0.0,0.0,0.0,0.0,0.0,0.0,0.004844092234775023,6.865376196592099e-05,7.83531383164953e-05,-7.282894620708191e-07,-9.202913915373756e-05,3.9437975019041005e-05,0.0,0.0,0.0,0.0,0.0,0.0,0.0,0.0,0.0,0.0,0.0,0.0,0.0,0.0,0.0,0.0,0.0,0.0,0.0,0.0,0.0,0.0,0.0,0.0,0.0,0.0,0.0,0.0,0.0,0.0,0.0,0.0,0.0,0.0,0.0,0.0
49,984000000,odom,base_link,-1.7957249649679337,0.09430812118943424,-0.10489098718611603,-1.3619917172379736e-05,0.004045236087367555,-0.0002572637884149127,0.9999917848136746,0.0,0.0,0.0,0.0,0.0,0.0,0.0,0.0,0.0,0.0,0.0,0.0,0.0,0.0,0.0,0.0,0.0,0.0,0.0,0.0,0.0,0.0,0.0,0.0,0.0,0.0,0.0,0.0,0.0,0.0,0.0,0.0,0.0,0.0,0.0,0.0,0.00484238658044258,6.867433703859575e-05,7.970507118360636e-05,-7.589237016603079e-07,-9.271022634038673e-05,4.5565724704488275e-05,0.0,0.0,0.0,0.0,0.0,0.0,0.0,0.0,0.0,0.0,0.0,0.0,0.0,0.0,0.0,0.0,0.0,0.0,0.0,0.0,0.0,0.0,0.0,0.0,0.0,0.0,0.0,0.0,0.0,0.0,0.0,0.0,0.0,0.0,0.0,0.0
50,18000000,odom,base_link,-1.7955603433975307,0.09431037224021524,-0.10488960283929019,-1.3635384127664028e-05,0.004043679451726338,-0.0002564652518029143,0.9999917913143801,0.0,0.0,0.0,0.0,0.0,0.0,0.0,0.0,0.0,0.0,0.0,0.0,0.0,0.0,0.0,0.0,0.0,0.0,0.0,0.0,0.0,0.0,0.0,0.0,0.0,0.0,0.0,0.0,0.0,0.0,0.0,0.0,0.0,0.0,0.0,0.0,0.004840692713932527,6.870882736545869e-05,7.980440265887025e-05,-6.041051159311195e-07,-8.984917130305803e-05,4.505729833681471e-05,0.0,0.0,0.0,0.0,0.0,0.0,0.0,0.0,0.0,0.0,0.0,0.0,0.0,0.0,0.0,0.0,0.0,0.0,0.0,0.0,0.0,0.0,0.0,0.0,0.0,0.0,0.0,0.0,0.0,0.0,0.0,0.0,0.0,0.0,0.0,0.0
50,52000000,odom,base_link,-1.7953957793564512,0.0943126253162163,-0.10488824812881961,-1.3646793682132441e-05,0.004042183817141501,-0.00025580482337247534,0.9999917975301826,0.0,0.0,0.0,0.0,0.0,0.0,0.0,0.0,0.0,0.0,0.0,0.0,0.0,0.0,0.0,0.0,0.0,0.0,0.0,0.0,0.0,0.0,0.0,0.0,0.0,0.0,0.0,0.0,0.0,0.0,0.0,0.0,0.0,0.0,0.0,0.0,0.004839010433077082,6.876353915439919e-05,7.834105575482365e-05,-4.5865418130119906e-07,-8.73963806213851e-05,3.566376882702116e-05,0.0,0.0,0.0,0.0,0.0,0.0,0.0,0.0,0.0,0.0,0.0,0.0,0.0,0.0,0.0,0.0,0.0,0.0,0.0,0.0,0.0,0.0,0.0,0.0,0.0,0.0,0.0,0.0,0.0,0.0,0.0,0.0,0.0,0.0,0.0,0.0
50,86000000,odom,base_link,-1.7952312730535607,0.09431488001975974,-0.10488690081945393,-1.3659631254487553e-05,0.004040646723626286,-0.0002551931824873248,0.9999918038983664,0.0,0.0,0.0,0.0,0.0,0.0,0.0,0.0,0.0,0.0,0.0,0.0,0.0,0.0,0.0,0.0,0.0,0.0,0.0,0.0,0.0,0.0,0.0,0.0,0.0,0.0,0.0,0.0,0.0,0.0,0.0,0.0,0.0,0.0,0.0,0.0,0.004837305943331432,6.879583209007411e-05,7.90441323071914e-05,-6.515179340471633e-07,-9.160510998640348e-05,3.686898324417598e-05,0.0,0.0,0.0,0.0,0.0,0.0,0.0,0.0,0.0,0.0,0.0,0.0,0.0,0.0,0.0,0.0,0.0,0.0,0.0,0.0,0.0,0.0,0.0,0.0,0.0,0.0,0.0,0.0,0.0,0.0,0.0,0.0,0.0,0.0,0.0,0.0
50,120000000,odom,base_link,-1.7950668244365948,0.09431713608356627,-0.10488554524946546,-1.367385877197492e-05,0.00403910075501386,-0.00025456893989079875,0.99999181030285,0.0,0.0,0.0,0.0,0.0,0.0,0.0,0.0,0.0,0.0,0.0,0.0,0.0,0.0,0.0,0.0,0.0,0.0,0.0,0.0,0.0,0.0,0.0,0.0,0.0,0.0,0.0,0.0,0.0,0.0,0.0,0.0,0.0,0.0,0.0,0.0,0.004835614462166923,6.883455209775259e-05,7.874895917841661e-05,-6.297164956148293e-07,-8.951872203510902e-05,3.496967053706612e-05,0.0,0.0,0.0,0.0,0.0,0.0,0.0,0.0,0.0,0.0,0.0,0.0,0.0,0.0,0.0,0.0,0.0,0.0,0.0,0.0,0.0,0.0,0.0,0.0,0.0,0.0,0.0,0.0,0.0,0.0,0.0,0.0,0.0,0.0,0.0,0.0
50,154000000,odom,base_link,-1.7949024333909953,0.09431939399271587,-0.10488422970452903,-1.3686409763746155e-05,0.004037602796305362,-0.000254046499439767,0.9999918164848738,0.0,0.0,0.0,0.0,0.0,0.0,0.0,0.0,0.0,0.0,0.0,0.0,0.0,0.0,0.0,0.0,0.0,0.0,0.0,0.0,0.0,0.0,0.0,0.0,0.0,0.0,0.0,0.0,0.0,0.0,0.0,0.0,0.0,0.0,0.0,0.0,0.0048339328484890785,6.888337345354512e-05,7.70373314290838e-05,-5.855853524305843e-07,-8.772219715069696e-05,2.863029440192122e-05,0.0,0.0,0.0,0.0,0.0,0.0,0.0,0.0,0.0,0.0,0.0,0.0,0.0,0.0,0.0,0.0,0.0,0.0,0.0,0.0,0.0,0.0,0.0,0.0,0.0,0.0,0.0,0.0,0.0,0.0,0.0,0.0,0.0,0.0,0.0,0.0
50,188000000,odom,base_link,-1.7947381000776315,0.09432165320984659,-0.104882921016199,-1.3700813938140238e-05,0.0040360619651879,-0.0002535042607509133,0.9999918228424124,0.0,0.0,0.0,0.0,0.0,0.0,0.0,0.0,0.0,0.0,0.0,0.0,0.0,0.0,0.0,0.0,0.0,0.0,0.0,0.0,0.0,0.0,0.0,0.0,0.0,0.0,0.0,0.0,0.0,0.0,0.0,0.0,0.0,0.0,0.0,0.0,0.004832229034763321,6.890661000188716e-05,7.776473801424661e-05,-7.387212341836147e-07,-9.156830671486205e-05,3.408083628642089e-05,0.0,0.0,0.0,0.0,0.0,0.0,0.0,0.0,0.0,0.0,0.0,0.0,0.0,0.0,0.0,0.0,0.0,0.0,0.0,0.0,0.0,0.0,0.0,0.0,0.0,0.0,0.0,0.0,0.0,0.0,0.0,0.0,0.0,0.0,0.0,0.0
50,222000000,odom,base_link,-1.7945738244117722,0.0943239135391367,-0.10488160851290469,-1.371558074315499e-05,0.004034522353566081,-0.0002528967429154787,0.9999918292088684,0.0,0.0,0.0,0.0,0.0,0.0,0.0,0.0,0.0,0.0,0.0,0.0,0.0,0.0,0.0,0.0,0.0,0.0,0.0,0.0,0.0,0.0,0.0,0.0,0.0,0.0,0.0,0.0,0.0,0.0,0.0,0.0,0.0,0.0,0.0,0.0,0.004830539596109881,6.893877602781594e-05,7.737869634459081e-05,-6.347473491263855e-07,-8.902360590923308e-05,3.506266885722198e-05,0.0,0.0,0.0,0.0,0.0,0.0,0.0,0.0,0.0,0.0,0.0,0.0,0.0,0.0,0.0,0.0,0.0,0.0,0.0,0.0,0.0,0.0,0.0,0.0,0.0,0.0,0.0,0.0,0.0,0.0,0.0,0.0,0.0,0.0,0.0,0.0
50,256000000,odom,base_link,-1.7944096062785724,0.09432617544376205,-0.10488033533830061,-1.3727862417181464e-05,0.004033032072821184,-0.0002523319058662153,0.9999918353628967,0.0,0.0,0.0,0.0,0.0,0.0,0.0,0.0,0.0,0.0,0.0,0.0,0.0,0.0,0.0,0.0,0.0,0.0,0.0,0.0,0.0,0.0,0.0,0.0,0.0,0.0,0.0,0.0,0.0,0.0,0.0,0.0,0.0,0.0,0.0,0.0,0.00482885833796184,6.89790452932999e-05,7.580463449514651e-05,-5.490388754747499e-07,-8.7239843082898e-05,3.2384280856945225e-05,0.0,0.0,0.0,0.0,0.0,0.0,0.0,0.0,0.0,0.0,0.0,0.0,0.0,0.0,0.0,0.0,0.0,0.0,0.0,0.0,0.0,0.0,0.0,0.0,0.0,0.0,0.0,0.0,0.0,0.0,0.0,0.0,0.0,0.0,0.0,0.0
50,290000000,odom,base_link,-1.7942454458116155,0.09432843854314339,-0.10487905895033436,-1.3741872472568832e-05,0.004031497401513558,-0.00025172155645012615,0.9999918417047814,0.0,0.0,0.0,0.0,0.0,0.0,0.0,0.0,0.0,0.0,0.0,0.0,0.0,0.0,0.0,0.0,0.0,0.0,0.0,0.0,0.0,0.0,0.0,0.0,0.0,0.0,0.0,0.0,0.0,0.0,0.0,0.0,0.0,0.0,0.0,0.0,0.004827154034303329,6.900134703024655e-05,7.673070404957156e-05,-6.956962894655305e-07,-9.12506585848405e-05,3.7979807743226957e-05,0.0,0.0,0.0,0.0,0.0,0.0,0.0,0.0,0.0,0.0,0.0,0.0,0.0,0.0,0.0,0.0,0.0,0.0,0.0,0.0,0.0,0.0,0.0,0.0,0.0,0.0,0.0,0.0,0.0,0.0,0.0,0.0,0.0,0.0,0.0,0.0
50,324000000,odom,base_link,-1.794081342968819,0.09433070283557211,-0.10487777677002112,-1.3756061495375129e-05,0.004029966490920633,-0.00025106387399296447,0.9999918480406648,0.0,0.0,0.0,0.0,0.0,0.0,0.0,0.0,0.0,0.0,0.0,0.0,0.0,0.0,0.0,0.0,0.0,0.0,0.0,0.0,0.0,0.0,0.0,0.0,0.0,0.0,0.0,0.0,0.0,0.0,0.0,0.0,0.0,0.0,0.0,0.0,0.004825464755324004,6.903717759991977e-05,7.644509510988482e-05,-5.949013781592072e-07,-8.851118451502771e-05,3.710238374310393e-05,0.0,0.0,0.0,0.0,0.0,0.0,0.0,0.0,0.0,0.0,0.0,0.0,0.0,0.0,0.0,0.0,0.0,0.0,0.0,0.0,0.0,0.0,0.0,0.0,0.0,0.0,0.0,0.0,0.0,0.0,0.0,0.0,0.0,0.0,0.0,0.0
50,358000000,odom,base_link,-1.7939172976539,0.0943329688758221,-0.10487652885058824,-1.376804943340103e-05,0.004028479574472051,-0.00025048805211555264,0.9999918541760701,0.0,0.0,0.0,0.0,0.0,0.0,0.0,0.0,0.0,0.0,0.0,0.0,0.0,0.0,0.0,0.0,0.0,0.0,0.0,0.0,0.0,0.0,0.0,0.0,0.0,0.0,0.0,0.0,0.0,0.0,0.0,0.0,0.0,0.0,0.0,0.0,0.004823780939604355,6.908130412277213e-05,7.509850960489076e-05,-5.460957297476199e-07,-8.751851083843576e-05,3.2586793352606946e-05,0.0,0.0,0.0,0.0,0.0,0.0,0.0,0.0,0.0,0.0,0.0,0.0,0.0,0.0,0.0,0.0,0.0,0.0,0.0,0.0,0.0,0.0,0.0,0.0,0.0,0.0,0.0,0.0,0.0,0.0,0.0,0.0,0.0,0.0,0.0,0.0
50,392000000,odom,base_link,-1.793753310042093,0.0943352361701257,-0.10487526990348646,-1.3782124800129865e-05,0.004026941823647575,-0.00024988072707924014,0.9999918605214866,0.0,0.0,0.0,0.0,0.0,0.0,0.0,0.0,0.0,0.0,0.0,0.0,0.0,0.0,0.0,0.0,0.0,0.0,0.0,0.0,0.0,0.0,0.0,0.0,0.0,0.0,0.0,0.0,0.0,0.0,0.0,0.0,0.0,0.0,0.0,0.0,0.004822075248692704,6.910520558202597e-05,7.615999749743913e-05,-7.005363233947293e-07,-9.117681045722748e-05,3.7412697651006965e-05,0.0,0.0,0.0,0.0,0.0,0.0,0.0,0.0,0.0,0.0,0.0,0.0,0.0,0.0,0.0,0.0,0.0,0.0,0.0,0.0,0.0,0.0,0.0,0.0,0.0,0.0,0.0,0.0,0.0,0.0,0.0,0.0,0.0,0.0,0.0,0.0
50,426000000,odom,base_link,-1.7935893800548883,0.09433750469143329,-0.10487400147091092,-1.3796477325083711e-05,0.004025411847913328,-0.0002492352428882517,0.9999918668423787,0.0,0.0,0.0,0.0,0.0,0.0,0.0,0.0,0.0,0.0,0.0,0.0,0.0,0.0,0.0,0.0,0.0,0.0,0.0,0.0,0.0,0.0,0.0,0.0,0.0,0.0,0.0,0.0,0.0,0.0,0.0,0.0,0.0,0.0,0.0,0.0,0.004820384438827456,6.914104982960856e-05,7.602816455535036e-05,-6.107977290614741e-07,-8.846840202636486e-05,3.649889102064208e-05,0.0,0.0,0.0,0.0,0.0,0.0,0.0,0.0,0.0,0.0,0.0,0.0,0.0,0.0,0.0,0.0,0.0,0.0,0.0,0.0,0.0,0.0,0.0,0.0,0.0,0.0,0.0,0.0,0.0,0.0,0.0,0.0,0.0,0.0,0.0,0.0
50,460000000,odom,base_link,-1.7934255075848529,0.09433977493498624,-0.10487275689685403,-1.381206087928148e-05,0.004023925227919435,-0.00024866549600404645,0.9999918729672047,0.0,0.0,0.0,0.0,0.0,0.0,0.0,0.0,0.0,0.0,0.0,0.0,0.0,0.0,0.0,0.0,0.0,0.0,0.0,0.0,0.0,0.0,0.0,0.0,0.0,0.0,0.0,0.0,0.0,0.0,0.0,0.0,0.0,0.0,0.0,0.0,0.004818697566072371,6.918447348865544e-05,7.51861076690376e-05,-1.234346547196452e-06,-8.764871139987918e-05,3.259147511869287e-05,0.0,0.0,0.0,0.0,0.0,0.0,0.0,0.0,0.0,0.0,0.0,0.0,0.0,0.0,0.0,0.0,0.0,0.0,0.0,0.0,0.0,0.0,0.0,0.0,0.0,0.0,0.0,0.0,0.0,0.0,0.0,0.0,0.0,0.0,0.0,0.0
50,494000000,odom,base_link,-1.793261692790269,0.09434204641078796,-0.10487148948227532,-1.383255154068655e-05,0.004022390202274039,-0.00024805859554482667,0.9999918792933542,0.0,0.0,0.0,0.0,0.0,0.0,0.0,0.0,0.0,0.0,0.0,0.0,0.0,0.0,0.0,0.0,0.0,0.0,0.0,0.0,0.0,0.0,0.0,0.0,0.0,0.0,0.0,0.0,0.0,0.0,0.0,0.0,0.0,0.0,0.0,0.0,0.004816991346566426,6.920810536312604e-05,7.633166680066293e-05,-9.379762910821654e-07,-9.090052088822631e-05,3.729979525246563e-05,0.0,0.0,0.0,0.0,0.0,0.0,0.0,0.0,0.0,0.0,0.0,0.0,0.0,0.0,0.0,0.0,0.0,0.0,0.0,0.0,0.0,0.0,0.0,0.0,0.0,0.0,0.0,0.0,0.0,0.0,0.0,0.0,0.0,0.0,0.0,0.0
50,528000000,odom,base_link,-1.793097935579547,0.09434431920503693,-0.10487021140180024,-1.3847578425988056e-05,0.0040208745909493,-0.00024743684166742463,0.9999918855424668,0.0,0.0,0.0,0.0,0.0,0.0,0.0,0.0,0.0,0.0,0.0,0.0,0.0,0.0,0.0,0.0,0.0,0.0,0.0,0.0,0.0,0.0,0.0,0.0,0.0,0.0,0.0,0.0,0.0,0.0,0.0,0.0,0.0,0.0,0.0,0.0,0.004815301706223794,6.924778573686306e-05,7.621070868696835e-05,-5.728816365735412e-07,-8.768872206132983e-05,3.4624613221012623e-05,0.0,0.0,0.0,0.0,0.0,0.0,0.0,0.0,0.0,0.0,0.0,0.0,0.0,0.0,0.0,0.0,0.0,0.0,0.0,0.0,0.0,0.0,0.0,0.0,0.0,0.0,0.0,0.0,0.0,0.0,0.0,0.0,0.0,0.0,0.0,0.0
50,562000000,odom,base_link,-1.7929342358794915,0.09434659374039904,-0.10486895546118213,-1.3858224299912575e-05,0.00401939818723515,-0.000246897766045258,0.9999918916109546,0.0,0.0,0.0,0.0,0.0,0.0,0.0,0.0,0.0,0.0,0.0,0.0,0.0,0.0,0.0,0.0,0.0,0.0,0.0,0.0,0.0,0.0,0.0,0.0,0.0,0.0,0.0,0.0,0.0,0.0,0.0,0.0,0.0,0.0,0.0,0.0,0.004813613528690179,6.928965114876665e-05,7.570143310310621e-05,-4.934750719165493e-07,-8.700701030761593e-05,3.1229132346766164e-05,0.0,0.0,0.0,0.0,0.0,0.0,0.0,0.0,0.0,0.0,0.0,0.0,0.0,0.0,0.0,0.0,0.0,0.0,0.0,0.0,0.0,0.0,0.0,0.0,0.0,0.0,0.0,0.0,0.0,0.0,0.0,0.0,0.0,0.0,0.0,0.0
50,596000000,odom,base_link,-1.7927705938394898,0.094348869432494,-0.10486766739674092,-1.3871486747328432e-05,0.0040178666356546645,-0.0002463060503862577,0.9999918979114828,0.0,0.0,0.0,0.0,0.0,0.0,0.0,0.0,0.0,0.0,0.0,0.0,0.0,0.0,0.0,0.0,0.0,0.0,0.0,0.0,0.0,0.0,0.0,0.0,0.0,0.0,0.0,0.0,0.0,0.0,0.0,0.0,0.0,0.0,0.0,0.0,0.004811906238270608,6.931226068353962e-05,7.685685511804182e-05,-6.583343648003392e-07,-9.079659051280942e-05,3.6641703715645235e-05,0.0,0.0,0.0,0.0,0.0,0.0,0.0,0.0,0.0,0.0,0.0,0.0,0.0,0.0,0.0,0.0,0.0,0.0,0.0,0.0,0.0,0.0,0.0,0.0,0.0,0.0,0.0,0.0,0.0,0.0,0.0,0.0,0.0,0.0,0.0,0.0
50,630000000,odom,base_link,-1.7926070093796957,0.09435114642977563,-0.10486636912843185,-1.3884645414095477e-05,0.004016355848274013,-0.00024569583087039526,0.9999919041304661,0.0,0.0,0.0,0.0,0.0,0.0,0.0,0.0,0.0,0.0,0.0,0.0,0.0,0.0,0.0,0.0,0.0,0.0,0.0,0.0,0.0,0.0,0.0,0.0,0.0,0.0,0.0,0.0,0.0,0.0,0.0,0.0,0.0,0.0,0.0,0.0,0.0048102171158731204,6.935161153852039e-05,7.669043478348005e-05,-5.625417853760695e-07,-8.748594808594135e-05,3.4155896955212484e-05,0.0,0.0,0.0,0.0,0.0,0.0,0.0,0.0,0.0,0.0,0.0,0.0,0.0,0.0,0.0,0.0,0.0,0.0,0.0,0.0,0.0,0.0,0.0,0.0,0.0,0.0,0.0,0.0,0.0,0.0,0.0,0.0,0.0,0.0,0.0,0.0
50,664000000,odom,base_link,-1.7924434824724318,0.09435342511810665,-0.10486509798158639,-1.3900737157866228e-05,0.0040148773169988005,-0.00024515626742609706,0.9999919101999294,0.0,0.0,0.0,0.0,0.0,0.0,0.0,0.0,0.0,0.0,0.0,0.0,0.0,0.0,0.0,0.0,0.0,0.0,0.0,0.0,0.0,0.0,0.0,0.0,0.0,0.0,0.0,0.0,0.0,0.0,0.0,0.0,0.0,0.0,0.0,0.0,0.00480852826797328,6.939238726875575e-05,7.592785708528217e-05,-1.3080827532263584e-06,-8.77103019547576e-05,3.150271155050177e-05,0.0,0.0,0.0,0.0,0.0,0.0,0.0,0.0,0.0,0.0,0.0,0.0,0.0,0.0,0.0,0.0,0.0,0.0,0.0,0.0,0.0,0.0,0.0,0.0,0.0,0.0,0.0,0.0,0.0,0.0,0.0,0.0,0.0,0.0,0.0,0.0
50,698000000,odom,base_link,-1.792280013264706,0.09435570491759768,-0.10486379784123742,-1.3921452580169152e-05,0.004013341101713159,-0.00024455405937563767,0.9999919165136819,0.0,0.0,0.0,0.0,0.0,0.0,0.0,0.0,0.0,0.0,0.0,0.0,0.0,0.0,0.0,0.0,0.0,0.0,0.0,0.0,0.0,0.0,0.0,0.0,0.0,0.0,0.0,0.0,0.0,0.0,0.0,0.0,0.0,0.0,0.0,0.0,0.004806821067756358,6.941317270375666e-05,7.714941908059221e-05,-9.503165421254067e-07,-9.096269408814806e-05,3.7433007094023196e-05,0.0,0.0,0.0,0.0,0.0,0.0,0.0,0.0,0.0,0.0,0.0,0.0,0.0,0.0,0.0,0.0,0.0,0.0,0.0,0.0,0.0,0.0,0.0,0.0,0.0,0.0,0.0,0.0,0.0,0.0,0.0,0.0,0.0,0.0,0.0,0.0
50,732000000,odom,base_link,-1.792116601626914,0.09435798601479502,-0.10486248848592955,-1.3935991089918984e-05,0.004011831995195704,-0.0002439340063259803,0.9999919227203943,0.0,0.0,0.0,0.0,0.0,0.0,0.0,0.0,0.0,0.0,0.0,0.0,0.0,0.0,0.0,0.0,0.0,0.0,0.0,0.0,0.0,0.0,0.0,0.0,0.0,0.0,0.0,0.0,0.0,0.0,0.0,0.0,0.0,0.0,0.0,0.0,0.004805133103171188,6.945334452738506e-05,7.687342707657859e-05,-5.315453188714514e-07,-8.723533326815414e-05,3.444327525414792e-05,0.0,0.0,0.0,0.0,0.0,0.0,0.0,0.0,0.0,0.0,0.0,0.0,0.0,0.0,0.0,0.0,0.0,0.0,0.0,0.0,0.0,0.0,0.0,0.0,0.0,0.0,0.0,0.0,0.0,0.0,0.0,0.0,0.0,0.0,0.0,0.0
50,766000000,odom,base_link,-1.7919532475512807,0.09436026880971095,-0.10486120533294292,-1.3946175111492015e-05,0.004010350429349675,-0.00024338829955362668,0.9999919287959647,0.0,0.0,0.0,0.0,0.0,0.0,0.0,0.0,0.0,0.0,0.0,0.0,0.0,0.0,0.0,0.0,0.0,0.0,0.0,0.0,0.0,0.0,0.0,0.0,0.0,0.0,0.0,0.0,0.0,0.0,0.0,0.0,0.0,0.0,0.0,0.0,0.004803440753440243,6.949198160710074e-05,7.642039540584167e-05,-4.919629231769918e-07,-8.855637361193658e-05,3.247038193876506e-05,0.0,0.0,0.0,0.0,0.0,0.0,0.0,0.0,0.0,0.0,0.0,0.0,0.0,0.0,0.0,0.0,0.0,0.0,0.0,0.0,0.0,0.0,0.0,0.0,0.0,0.0,0.0,0.0,0.0,0.0,0.0,0.0,0.0,0.0,0.0,0.0
50,800000000,odom,base_link,-1.7917899511773396,0.0943625527255188,-0.10485989346845372,-1.3959124594351825e-05,0.0040088160646535535,-0.00024278271435114438,0.9999919350952068,0.0,0.0,0.0,0.0,0.0,0.0,0.0,0.0,0.0,0.0,0.0,0.0,0.0,0.0,0.0,0.0,0.0,0.0,0.0,0.0,0.0,0.0,0.0,0.0,0.0,0.0,0.0,0.0,0.0,0.0,0.0,0.0,0.0,0.0,0.0,0.0,0.004801737065308531,6.951568241336231e-05,7.72821453921355e-05,-6.307436184460613e-07,-9.060419330353398e-05,3.723848536196783e-05,0.0,0.0,0.0,0.0,0.0,0.0,0.0,0.0,0.0,0.0,0.0,0.0,0.0,0.0,0.0,0.0,0.0,0.0,0.0,0.0,0.0,0.0,0.0,0.0,0.0,0.0,0.0,0.0,0.0,0.0,0.0,0.0,0.0,0.0,0.0,0.0
50,834000000,odom,base_link,-1.791626712453247,0.09436483763519085,-0.10485854582676511,-1.3973870380864707e-05,0.004007266146043211,-0.00024208780027538225,0.9999919414756614,0.0,0.0,0.0,0.0,0.0,0.0,0.0,0.0,0.0,0.0,0.0,0.0,0.0,0.0,0.0,0.0,0.0,0.0,0.0,0.0,0.0,0.0,0.0,0.0,0.0,0.0,0.0,0.0,0.0,0.0,0.0,0.0,0.0,0.0,0.0,0.0,0.0048000320269760205,6.953664843609676e-05,7.858892676286912e-05,-7.006490110317287e-07,-9.134373186725497e-05,4.291936086531223e-05,0.0,0.0,0.0,0.0,0.0,0.0,0.0,0.0,0.0,0.0,0.0,0.0,0.0,0.0,0.0,0.0,0.0,0.0,0.0,0.0,0.0,0.0,0.0,0.0,0.0,0.0,0.0,0.0,0.0,0.0,0.0,0.0,0.0,0.0,0.0,0.0
50,868000000,odom,base_link,-1.7914635313579186,0.09436712368209262,-0.10485717650865307,-1.3988380217152529e-05,0.004005730348686665,-0.0002413358764512933,0.9999919478104279,0.0,0.0,0.0,0.0,0.0,0.0,0.0,0.0,0.0,0.0,0.0,0.0,0.0,0.0,0.0,0.0,0.0,0.0,0.0,0.0,0.0,0.0,0.0,0.0,0.0,0.0,0.0,0.0,0.0,0.0,0.0,0.0,0.0,0.0,0.0,0.0,0.004798338373635585,6.957038770679813e-05,7.863391276892845e-05,-5.72200531401279e-07,-8.871864309867306e-05,4.243037210471812e-05,0.0,0.0,0.0,0.0,0.0,0.0,0.0,0.0,0.0,0.0,0.0,0.0,0.0,0.0,0.0,0.0,0.0,0.0,0.0,0.0,0.0,0.0,0.0,0.0,0.0,0.0,0.0,0.0,0.0,0.0,0.0,0.0,0.0,0.0,0.0,0.0
50,902000000,odom,base_link,-1.7913004077867678,0.09436941167469946,-0.1048558373739135,-1.3999209732729687e-05,0.004004255011619783,-0.0002407134624485052,0.9999919538690564,0.0,0.0,0.0,0.0,0.0,0.0,0.0,0.0,0.0,0.0,0.0,0.0,0.0,0.0,0.0,0.0,0.0,0.0,0.0,0.0,0.0,0.0,0.0,0.0,0.0,0.0,0.0,0.0,0.0,0.0,0.0,0.0,0.0,0.0,0.0,0.0,0.004796656233727217,6.962306832446525e-05,7.71923631514509e-05,-4.4052892722579173e-07,-8.621357636684479e-05,3.365096148399971e-05,0.0,0.0,0.0,0.0,0.0,0.0,0.0,0.0,0.0,0.0,0.0,0.0,0.0,0.0,0.0,0.0,0.0,0.0,0.0,0.0,0.0,0.0,0.0,0.0,0.0,0.0,0.0,0.0,0.0,0.0,0.0,0.0,0.0,0.0,0.0,0.0
50,936000000,odom,base_link,-1.7911373419388064,0.09437170121872288,-0.10485450169488195,-1.4011405913904511e-05,0.004002737723698605,-0.0002401311680727049,0.9999919600833889,0.0,0.0,0.0,0.0,0.0,0.0,0.0,0.0,0.0,0.0,0.0,0.0,0.0,0.0,0.0,0.0,0.0,0.0,0.0,0.0,0.0,0.0,0.0,0.0,0.0,0.0,0.0,0.0,0.0,0.0,0.0,0.0,0.0,0.0,0.0,0.0,0.004794951489349493,6.965407497976665e-05,7.799345392017697e-05,-6.141981034879507e-07,-9.032845369461029e-05,3.511241786213759e-05,0.0,0.0,0.0,0.0,0.0,0.0,0.0,0.0,0.0,0.0,0.0,0.0,0.0,0.0,0.0,0.0,0.0,0.0,0.0,0.0,0.0,0.0,0.0,0.0,0.0,0.0,0.0,0.0,0.0,0.0,0.0,0.0,0.0,0.0,0.0,0.0
50,970000000,odom,base_link,-1.7909743337637611,0.09437399208524458,-0.1048531578357323,-1.402469839884706e-05,0.0040012140604874565,-0.0002395364676305158,0.9999919663235454,0.0,0.0,0.0,0.0,0.0,0.0,0.0,0.0,0.0,0.0,0.0,0.0,0.0,0.0,0.0,0.0,0.0,0.0,0.0,0.0,0.0,0.0,0.0,0.0,0.0,0.0,0.0,0.0,0.0,0.0,0.0,0.0,0.0,0.0,0.0,0.0,0.004793260227694653,6.969183214435378e-05,7.770170864054772e-05,-5.824756454941848e-07,-8.821648975754215e-05,3.331463318545502e-05,0.0,0.0,0.0,0.0,0.0,0.0,0.0,0.0,0.0,0.0,0.0,0.0,0.0,0.0,0.0,0.0,0.0,0.0,0.0,0.0,0.0,0.0,0.0,0.0,0.0,0.0,0.0,0.0,0.0,0.0,0.0,0.0,0.0,0.0,0.0,0.0
51,4000000,odom,base_link,-1.7908113831452699,0.09437628473293865,-0.10485185222226519,-1.4036289054190052e-05,0.003999738319829774,-0.0002390375493033204,0.9999919723464812,0.0,0.0,0.0,0.0,0.0,0.0,0.0,0.0,0.0,0.0,0.0,0.0,0.0,0.0,0.0,0.0,0.0,0.0,0.0,0.0,0.0,0.0,0.0,0.0,0.0,0.0,0.0,0.0,0.0,0.0,0.0,0.0,0.0,0.0,0.0,0.0,0.004791578171423322,6.973869583897302e-05,7.614021553491245e-05,-5.400703273483742e-07,-8.63706546283538e-05,2.7527635282353913e-05,0.0,0.0,0.0,0.0,0.0,0.0,0.0,0.0,0.0,0.0,0.0,0.0,0.0,0.0,0.0,0.0,0.0,0.0,0.0,0.0,0.0,0.0,0.0,0.0,0.0,0.0,0.0,0.0,0.0,0.0,0.0,0.0,0.0,0.0,0.0,0.0
51,38000000,odom,base_link,-1.7906484902164654,0.09437857862404644,-0.1048505435984977,-1.4049764331566311e-05,0.003998220448316574,-0.0002385116954829421,0.9999919785418391,0.0,0.0,0.0,0.0,0.0,0.0,0.0,0.0,0.0,0.0,0.0,0.0,0.0,0.0,0.0,0.0,0.0,0.0,0.0,0.0,0.0,0.0,0.0,0.0,0.0,0.0,0.0,0.0,0.0,0.0,0.0,0.0,0.0,0.0,0.0,0.0,0.004789873703874658,6.97612920431802e-05,7.70516491118886e-05,-6.862004020558032e-07,-9.022370619504727e-05,3.292760695217112e-05,0.0,0.0,0.0,0.0,0.0,0.0,0.0,0.0,0.0,0.0,0.0,0.0,0.0,0.0,0.0,0.0,0.0,0.0,0.0,0.0,0.0,0.0,0.0,0.0,0.0,0.0,0.0,0.0,0.0,0.0,0.0,0.0,0.0,0.0,0.0,0.0
51,72000000,odom,base_link,-1.790485654930788,0.0943808736142373,-0.10484923149001901,-1.4063569356073632e-05,0.003996703278954094,-0.00023792569238112948,0.9999919847461183,0.0,0.0,0.0,0.0,0.0,0.0,0.0,0.0,0.0,0.0,0.0,0.0,0.0,0.0,0.0,0.0,0.0,0.0,0.0,0.0,0.0,0.0,0.0,0.0,0.0,0.0,0.0,0.0,0.0,0.0,0.0,0.0,0.0,0.0,0.0,0.0,0.004788184368906498,6.97930555891285e-05,7.66579476552777e-05,-5.896963695128932e-07,-8.774579072223787e-05,3.376581894087849e-05,0.0,0.0,0.0,0.0,0.0,0.0,0.0,0.0,0.0,0.0,0.0,0.0,0.0,0.0,0.0,0.0,0.0,0.0,0.0,0.0,0.0,0.0,0.0,0.0,0.0,0.0,0.0,0.0,0.0,0.0,0.0,0.0,0.0,0.0,0.0,0.0
51,106000000,odom,base_link,-1.7903228771851312,0.09438317015415432,-0.10484795934516229,-1.4074992318108351e-05,0.003995231818143248,-0.00023738481818548046,0.999991990754457,0.0,0.0,0.0,0.0,0.0,0.0,0.0,0.0,0.0,0.0,0.0,0.0,0.0,0.0,0.0,0.0,0.0,0.0,0.0,0.0,0.0,0.0,0.0,0.0,0.0,0.0,0.0,0.0,0.0,0.0,0.0,0.0,0.0,0.0,0.0,0.0,0.004786502225678312,6.9832651453484e-05,7.50817960427209e-05,-5.114453971444277e-07,-8.645168847465357e-05,3.1048039872416666e-05,0.0,0.0,0.0,0.0,0.0,0.0,0.0,0.0,0.0,0.0,0.0,0.0,0.0,0.0,0.0,0.0,0.0,0.0,0.0,0.0,0.0,0.0,0.0,0.0,0.0,0.0,0.0,0.0,0.0,0.0,0.0,0.0,0.0,0.0,0.0,0.0
51,140000000,odom,base_link,-1.7901601571427748,0.09438546785842111,-0.10484668448054962,-1.4088116410992057e-05,0.003993712867881768,-0.00023679971723231008,0.9999919969604496,0.0,0.0,0.0,0.0,0.0,0.0,0.0,0.0,0.0,0.0,0.0,0.0,0.0,0.0,0.0,0.0,0.0,0.0,0.0,0.0,0.0,0.0,0.0,0.0,0.0,0.0,0.0,0.0,0.0,0.0,0.0,0.0,0.0,0.0,0.0,0.0,0.0047847981073798704,6.985504822008018e-05,7.59605281767957e-05,-6.483958980840754e-07,-9.009704484697068e-05,3.626421971603122e-05,0.0,0.0,0.0,0.0,0.0,0.0,0.0,0.0,0.0,0.0,0.0,0.0,0.0,0.0,0.0,0.0,0.0,0.0,0.0,0.0,0.0,0.0,0.0,0.0,0.0,0.0,0.0,0.0,0.0,0.0,0.0,0.0,0.0,0.0,0.0,0.0
51,174000000,odom,base_link,-1.7899974947210509,0.09438776673828711,-0.10484540628578039,-1.4101404439085855e-05,0.003992201506997924,-0.0002361719889889547,0.99999200314356,0.0,0.0,0.0,0.0,0.0,0.0,0.0,0.0,0.0,0.0,0.0,0.0,0.0,0.0,0.0,0.0,0.0,0.0,0.0,0.0,0.0,0.0,0.0,0.0,0.0,0.0,0.0,0.0,0.0,0.0,0.0,0.0,0.0,0.0,0.0,0.0,0.004783109226164491,6.989015392553545e-05,7.559695817943217e-05,-5.543862702239721e-07,-8.734361145457115e-05,3.5384993779530305e-05,0.0,0.0,0.0,0.0,0.0,0.0,0.0,0.0,0.0,0.0,0.0,0.0,0.0,0.0,0.0,0.0,0.0,0.0,0.0,0.0,0.0,0.0,0.0,0.0,0.0,0.0,0.0,0.0,0.0,0.0,0.0,0.0,0.0,0.0,0.0,0.0
51,208000000,odom,base_link,-1.7898348898252037,0.09439006732495127,-0.10484416387950261,-1.4112560295134426e-05,0.0039907345234446116,-0.00023562545171709238,0.9999920091277957,0.0,0.0,0.0,0.0,0.0,0.0,0.0,0.0,0.0,0.0,0.0,0.0,0.0,0.0,0.0,0.0,0.0,0.0,0.0,0.0,0.0,0.0,0.0,0.0,0.0,0.0,0.0,0.0,0.0,0.0,0.0,0.0,0.0,0.0,0.0,0.0,0.004781425270525955,6.99333499805465e-05,7.42753999684326e-05,-5.105299571983579e-07,-8.646241838050628e-05,3.096193381679768e-05,0.0,0.0,0.0,0.0,0.0,0.0,0.0,0.0,0.0,0.0,0.0,0.0,0.0,0.0,0.0,0.0,0.0,0.0,0.0,0.0,0.0,0.0,0.0,0.0,0.0,0.0,0.0,0.0,0.0,0.0,0.0,0.0,0.0,0.0,0.0,0.0
51,242000000,odom,base_link,-1.7896723426230765,0.0943923691381072,-0.1048429095639246,-1.4125729242412534e-05,0.003989217498204852,-0.00023504964992718583,0.9999920153160613,0.0,0.0,0.0,0.0,0.0,0.0,0.0,0.0,0.0,0.0,0.0,0.0,0.0,0.0,0.0,0.0,0.0,0.0,0.0,0.0,0.0,0.0,0.0,0.0,0.0,0.0,0.0,0.0,0.0,0.0,0.0,0.0,0.0,0.0,0.0,0.0,0.004779720293637997,6.995739277989038e-05,7.529618712946152e-05,-6.543199593256332e-07,-8.988863484660214e-05,3.5396495334794054e-05,0.0,0.0,0.0,0.0,0.0,0.0,0.0,0.0,0.0,0.0,0.0,0.0,0.0,0.0,0.0,0.0,0.0,0.0,0.0,0.0,0.0,0.0,0.0,0.0,0.0,0.0,0.0,0.0,0.0,0.0,0.0,0.0,0.0,0.0,0.0,0.0
51,276000000,odom,base_link,-1.789509853010322,0.09439467221339334,-0.1048416482765717,-1.4138818834080574e-05,0.003987715602703273,-0.00023445251967057975,0.9999920214463622,0.0,0.0,0.0,0.0,0.0,0.0,0.0,0.0,0.0,0.0,0.0,0.0,0.0,0.0,0.0,0.0,0.0,0.0,0.0,0.0,0.0,0.0,0.0,0.0,0.0,0.0,0.0,0.0,0.0,0.0,0.0,0.0,0.0,0.0,0.0,0.0,0.00477803141187925,6.999510553825715e-05,7.506475973677151e-05,-5.514112222382295e-07,-8.680899696855704e-05,3.3349741812571665e-05,0.0,0.0,0.0,0.0,0.0,0.0,0.0,0.0,0.0,0.0,0.0,0.0,0.0,0.0,0.0,0.0,0.0,0.0,0.0,0.0,0.0,0.0,0.0,0.0,0.0,0.0,0.0,0.0,0.0,0.0,0.0,0.0,0.0,0.0,0.0,0.0
51,310000000,odom,base_link,-1.7893474209211062,0.0943969769832508,-0.10484041627187457,-1.4150018735444275e-05,0.003986252587504201,-0.00023393570276650875,0.9999920274003051,0.0,0.0,0.0,0.0,0.0,0.0,0.0,0.0,0.0,0.0,0.0,0.0,0.0,0.0,0.0,0.0,0.0,0.0,0.0,0.0,0.0,0.0,0.0,0.0,0.0,0.0,0.0,0.0,0.0,0.0,0.0,0.0,0.0,0.0,0.0,0.0,0.004776344537366174,7.003673491749683e-05,7.408167766001665e-05,-5.33391575352482e-07,-8.660659318593389e-05,2.9677852531051485e-05,0.0,0.0,0.0,0.0,0.0,0.0,0.0,0.0,0.0,0.0,0.0,0.0,0.0,0.0,0.0,0.0,0.0,0.0,0.0,0.0,0.0,0.0,0.0,0.0,0.0,0.0,0.0,0.0,0.0,0.0,0.0,0.0,0.0,0.0,0.0,0.0
51,344000000,odom,base_link,-1.78918504652544,0.09439928290542397,-0.10483916306161258,-1.4163393930659766e-05,0.003984736839426565,-0.0002333743482138453,0.9999920335723342,0.0,0.0,0.0,0.0,0.0,0.0,0.0,0.0,0.0,0.0,0.0,0.0,0.0,0.0,0.0,0.0,0.0,0.0,0.0,0.0,0.0,0.0,0.0,0.0,0.0,0.0,0.0,0.0,0.0,0.0,0.0,0.0,0.0,0.0,0.0,0.0,0.004774638788393247,7.00593509539367e-05,7.520700405255263e-05,-6.661785123540653e-07,-8.973230549713662e-05,3.473145930854571e-05,0.0,0.0,0.0,0.0,0.0,0.0,0.0,0.0,0.0,0.0,0.0,0.0,0.0,0.0,0.0,0.0,0.0,0.0,0.0,0.0,0.0,0.0,0.0,0.0,0.0,0.0,0.0,0.0,0.0,0.0,0.0,0.0,0.0,0.0,0.0,0.0
51,378000000,odom,base_link,-1.7890227303486612,0.09440159006157352,-0.10483790060668383,-1.4176379962068097e-05,0.003983239479396765,-0.0002327872103884289,0.9999920396745139,0.0,0.0,0.0,0.0,0.0,0.0,0.0,0.0,0.0,0.0,0.0,0.0,0.0,0.0,0.0,0.0,0.0,0.0,0.0,0.0,0.0,0.0,0.0,0.0,0.0,0.0,0.0,0.0,0.0,0.0,0.0,0.0,0.0,0.0,0.0,0.0,0.004772926228852574,7.009633692917094e-05,7.503775758868156e-05,-5.450015494457006e-07,-8.654596328483422e-05,3.294515309448798e-05,0.0,0.0,0.0,0.0,0.0,0.0,0.0,0.0,0.0,0.0,0.0,0.0,0.0,0.0,0.0,0.0,0.0,0.0,0.0,0.0,0.0,0.0,0.0,0.0,0.0,0.0,0.0,0.0,0.0,0.0,0.0,0.0,0.0,0.0,0.0,0.0
51,412000000,odom,base_link,-1.7888604718575016,0.0944038988455541,-0.1048366627000527,-1.418754642669342e-05,0.003981777719168435,-0.00023226673318305722,0.9999920456169006,0.0,0.0,0.0,0.0,0.0,0.0,0.0,0.0,0.0,0.0,0.0,0.0,0.0,0.0,0.0,0.0,0.0,0.0,0.0,0.0,0.0,0.0,0.0,0.0,0.0,0.0,0.0,0.0,0.0,0.0,0.0,0.0,0.0,0.0,0.0,0.0,0.004771236758815434,7.013521794925704e-05,7.435935082328313e-05,-5.407060743589653e-07,-8.688394501632501e-05,3.0459326971765677e-05,0.0,0.0,0.0,0.0,0.0,0.0,0.0,0.0,0.0,0.0,0.0,0.0,0.0,0.0,0.0,0.0,0.0,0.0,0.0,0.0,0.0,0.0,0.0,0.0,0.0,0.0,0.0,0.0,0.0,0.0,0.0,0.0,0.0,0.0,0.0,0.0
51,446000000,odom,base_link,-1.7886982710555568,0.09440620873905227,-0.10483539671507688,-1.4200929168770914e-05,0.003980262923420984,-0.00023169291285478352,0.999992051780307,0.0,0.0,0.0,0.0,0.0,0.0,0.0,0.0,0.0,0.0,0.0,0.0,0.0,0.0,0.0,0.0,0.0,0.0,0.0,0.0,0.0,0.0,0.0,0.0,0.0,0.0,0.0,0.0,0.0,0.0,0.0,0.0,0.0,0.0,0.0,0.0,0.004769531074544519,7.015772551508762e-05,7.550644581093033e-05,-6.606585778445861e-07,-8.959067798741671e-05,3.544263051935559e-05,0.0,0.0,0.0,0.0,0.0,0.0,0.0,0.0,0.0,0.0,0.0,0.0,0.0,0.0,0.0,0.0,0.0,0.0,0.0,0.0,0.0,0.0,0.0,0.0,0.0,0.0,0.0,0.0,0.0,0.0,0.0,0.0,0.0,0.0,0.0,0.0
51,480000000,odom,base_link,-1.7885361278214997,0.09440851992011678,-0.10483412084825482,-1.4213606689593238e-05,0.0039787723538176265,-0.00023110699825833842,0.9999920578475037,0.0,0.0,0.0,0.0,0.0,0.0,0.0,0.0,0.0,0.0,0.0,0.0,0.0,0.0,0.0,0.0,0.0,0.0,0.0,0.0,0.0,0.0,0.0,0.0,0.0,0.0,0.0,0.0,0.0,0.0,0.0,0.0,0.0,0.0,0.0,0.0,0.004767842129925986,7.019681543334741e-05,7.534483916456911e-05,-5.296393712495018e-07,-8.62210953300746e-05,3.2610533651222795e-05,0.0,0.0,0.0,0.0,0.0,0.0,0.0,0.0,0.0,0.0,0.0,0.0,0.0,0.0,0.0,0.0,0.0,0.0,0.0,0.0,0.0,0.0,0.0,0.0,0.0,0.0,0.0,0.0,0.0,0.0,0.0,0.0,0.0,0.0,0.0,0.0
51,514000000,odom,base_link,-1.7883740418626024,0.09441083276848022,-0.10483287091409209,-1.422451766441624e-05,0.003977318814063987,-0.00023059816813959466,0.9999920637471076,0.0,0.0,0.0,0.0,0.0,0.0,0.0,0.0,0.0,0.0,0.0,0.0,0.0,0.0,0.0,0.0,0.0,0.0,0.0,0.0,0.0,0.0,0.0,0.0,0.0,0.0,0.0,0.0,0.0,0.0,0.0,0.0,0.0,0.0,0.0,0.0,0.004766179524281033,7.023715432117644e-05,7.46044433595503e-05,-5.266280744820051e-07,-8.584136352851601e-05,2.9424448122483682e-05,0.0,0.0,0.0,0.0,0.0,0.0,0.0,0.0,0.0,0.0,0.0,0.0,0.0,0.0,0.0,0.0,0.0,0.0,0.0,0.0,0.0,0.0,0.0,0.0,0.0,0.0,0.0,0.0,0.0,0.0,0.0,0.0,0.0,0.0,0.0,0.0
51,548000000,odom,base_link,-1.7882120130009358,0.09441314673208645,-0.10483159307480057,-1.423781940751616e-05,0.0039758098370432605,-0.0002300388714455746,0.9999920698763275,0.0,0.0,0.0,0.0,0.0,0.0,0.0,0.0,0.0,0.0,0.0,0.0,0.0,0.0,0.0,0.0,0.0,0.0,0.0,0.0,0.0,0.0,0.0,0.0,0.0,0.0,0.0,0.0,0.0,0.0,0.0,0.0,0.0,0.0,0.0,0.0,0.004764471832031842,7.025902985997039e-05,7.57850342067853e-05,-6.64230470626137e-07,-8.942682683255043e-05,3.4680207505743965e-05,0.0,0.0,0.0,0.0,0.0,0.0,0.0,0.0,0.0,0.0,0.0,0.0,0.0,0.0,0.0,0.0,0.0,0.0,0.0,0.0,0.0,0.0,0.0,0.0,0.0,0.0,0.0,0.0,0.0,0.0,0.0,0.0,0.0,0.0,0.0,0.0
51,582000000,odom,base_link,-1.7880500416937883,0.09441546200276185,-0.1048303055892079,-1.425025701602312e-05,0.003974328401405163,-0.00022947304393378028,0.9999920758950093,0.0,0.0,0.0,0.0,0.0,0.0,0.0,0.0,0.0,0.0,0.0,0.0,0.0,0.0,0.0,0.0,0.0,0.0,0.0,0.0,0.0,0.0,0.0,0.0,0.0,0.0,0.0,0.0,0.0,0.0,0.0,0.0,0.0,0.0,0.0,0.0,0.004762783909569887,7.029907187934004e-05,7.555264616818338e-05,-5.216636289606669e-07,-8.579110328810202e-05,3.1431951796889734e-05,0.0,0.0,0.0,0.0,0.0,0.0,0.0,0.0,0.0,0.0,0.0,0.0,0.0,0.0,0.0,0.0,0.0,0.0,0.0,0.0,0.0,0.0,0.0,0.0,0.0,0.0,0.0,0.0,0.0,0.0,0.0,0.0,0.0,0.0,0.0,0.0
51,616000000,odom,base_link,-1.7878881279544379,0.09441777886963165,-0.1048290398977812,-1.4261377376462478e-05,0.003972867365141736,-0.0002289695242381402,0.9999920818158857,0.0,0.0,0.0,0.0,0.0,0.0,0.0,0.0,0.0,0.0,0.0,0.0,0.0,0.0,0.0,0.0,0.0,0.0,0.0,0.0,0.0,0.0,0.0,0.0,0.0,0.0,0.0,0.0,0.0,0.0,0.0,0.0,0.0,0.0,0.0,0.0,0.00476108983337283,7.033485701266271e-05,7.531102357976902e-05,-5.663493729546332e-07,-8.746754502908516e-05,3.032068836006374e-05,0.0,0.0,0.0,0.0,0.0,0.0,0.0,0.0,0.0,0.0,0.0,0.0,0.0,0.0,0.0,0.0,0.0,0.0,0.0,0.0,0.0,0.0,0.0,0.0,0.0,0.0,0.0,0.0,0.0,0.0,0.0,0.0,0.0,0.0,0.0,0.0
51,650000000,odom,base_link,-1.787726271910811,0.09442009676423725,-0.10482773929015661,-1.4274935525850271e-05,0.003971353097721181,-0.0002283963970100809,0.9999920879616425,0.0,0.0,0.0,0.0,0.0,0.0,0.0,0.0,0.0,0.0,0.0,0.0,0.0,0.0,0.0,0.0,0.0,0.0,0.0,0.0,0.0,0.0,0.0,0.0,0.0,0.0,0.0,0.0,0.0,0.0,0.0,0.0,0.0,0.0,0.0,0.0,0.004759385396296006,7.035669398390153e-05,7.630077442750182e-05,-6.662501328413839e-07,-8.939906877003523e-05,3.545226832102344e-05,0.0,0.0,0.0,0.0,0.0,0.0,0.0,0.0,0.0,0.0,0.0,0.0,0.0,0.0,0.0,0.0,0.0,0.0,0.0,0.0,0.0,0.0,0.0,0.0,0.0,0.0,0.0,0.0,0.0,0.0,0.0,0.0,0.0,0.0,0.0,0.0
51,684000000,odom,base_link,-1.7875644735293967,0.09442241560844757,-0.10482640652818268,-1.4293815422742558e-05,0.003969826254517002,-0.00022773326101310217,0.9999920941751278,0.0,0.0,0.0,0.0,0.0,0.0,0.0,0.0,0.0,0.0,0.0,0.0,0.0,0.0,0.0,0.0,0.0,0.0,0.0,0.0,0.0,0.0,0.0,0.0,0.0,0.0,0.0,0.0,0.0,0.0,0.0,0.0,0.0,0.0,0.0,0.0,0.004757680661998458,7.037684585852648e-05,7.75245337320986e-05,-8.985759414326111e-07,-9.010582999735561e-05,4.1130137518052834e-05,0.0,0.0,0.0,0.0,0.0,0.0,0.0,0.0,0.0,0.0,0.0,0.0,0.0,0.0,0.0,0.0,0.0,0.0,0.0,0.0,0.0,0.0,0.0,0.0,0.0,0.0,0.0,0.0,0.0,0.0,0.0,0.0,0.0,0.0,0.0,0.0
51,718000000,odom,base_link,-1.7874027327827269,0.09442473549338717,-0.10482504553479961,-1.4307008534599092e-05,0.003968309810918185,-0.00022700336042251007,0.999992100359812,0.0,0.0,0.0,0.0,0.0,0.0,0.0,0.0,0.0,0.0,0.0,0.0,0.0,0.0,0.0,0.0,0.0,0.0,0.0,0.0,0.0,0.0,0.0,0.0,0.0,0.0,0.0,0.0,0.0,0.0,0.0,0.0,0.0,0.0,0.0,0.0,0.004755985620878454,7.040753936547454e-05,7.770516915689531e-05,-3.2350335188446877e-07,-8.750893911724233e-05,4.144828942287404e-05,0.0,0.0,0.0,0.0,0.0,0.0,0.0,0.0,0.0,0.0,0.0,0.0,0.0,0.0,0.0,0.0,0.0,0.0,0.0,0.0,0.0,0.0,0.0,0.0,0.0,0.0,0.0,0.0,0.0,0.0,0.0,0.0,0.0,0.0,0.0,0.0
51,752000000,odom,base_link,-1.7872410495516065,0.09442705729514074,-0.1048237157544482,-1.4314959938838292e-05,0.003966860494751117,-0.0002264062485229474,0.9999921062453982,0.0,0.0,0.0,0.0,0.0,0.0,0.0,0.0,0.0,0.0,0.0,0.0,0.0,0.0,0.0,0.0,0.0,0.0,0.0,0.0,0.0,0.0,0.0,0.0,0.0,0.0,0.0,0.0,0.0,0.0,0.0,0.0,0.0,0.0,0.0,0.0,0.004754304538123864,7.046124511358212e-05,7.619939393374301e-05,-3.842503759621252e-07,-8.455678539576184e-05,3.1881752704521205e-05,0.0,0.0,0.0,0.0,0.0,0.0,0.0,0.0,0.0,0.0,0.0,0.0,0.0,0.0,0.0,0.0,0.0,0.0,0.0,0.0,0.0,0.0,0.0,0.0,0.0,0.0,0.0,0.0,0.0,0.0,0.0,0.0,0.0,0.0,0.0,0.0
51,786000000,odom,base_link,-1.787079424015293,0.09442938068806148,-0.10482238971838562,-1.4334036909292968e-05,0.003965371627732777,-0.00022586385683634797,0.9999921122728456,0.0,0.0,0.0,0.0,0.0,0.0,0.0,0.0,0.0,0.0,0.0,0.0,0.0,0.0,0.0,0.0,0.0,0.0,0.0,0.0,0.0,0.0,0.0,0.0,0.0,0.0,0.0,0.0,0.0,0.0,0.0,0.0,0.0,0.0,0.0,0.0,0.004752599947065282,7.049330903519765e-05,7.704192405885237e-05,-8.806375295655755e-07,-8.885470421660102e-05,3.261356056327713e-05,0.0,0.0,0.0,0.0,0.0,0.0,0.0,0.0,0.0,0.0,0.0,0.0,0.0,0.0,0.0,0.0,0.0,0.0,0.0,0.0,0.0,0.0,0.0,0.0,0.0,0.0,0.0,0.0,0.0,0.0,0.0,0.0,0.0,0.0,0.0,0.0
51,820000000,odom,base_link,-1.786917856157965,0.09443170536964357,-0.1048210528084073,-1.4349099181611784e-05,0.003963870680687163,-0.00022531338162331494,0.9999921183475449,0.0,0.0,0.0,0.0,0.0,0.0,0.0,0.0,0.0,0.0,0.0,0.0,0.0,0.0,0.0,0.0,0.0,0.0,0.0,0.0,0.0,0.0,0.0,0.0,0.0,0.0,0.0,0.0,0.0,0.0,0.0,0.0,0.0,0.0,0.0,0.0,0.0047509079476358,7.053017196311759e-05,7.6833445596689e-05,-6.299879340421199e-07,-8.696046407408176e-05,3.080463351068374e-05,0.0,0.0,0.0,0.0,0.0,0.0,0.0,0.0,0.0,0.0,0.0,0.0,0.0,0.0,0.0,0.0,0.0,0.0,0.0,0.0,0.0,0.0,0.0,0.0,0.0,0.0,0.0,0.0,0.0,0.0,0.0,0.0,0.0,0.0,0.0,0.0
51,854000000,odom,base_link,-1.7867563458623692,0.09443403176402354,-0.10481975205840109,-1.4360058553156813e-05,0.003962414461697204,-0.00022485325626997425,0.9999921242222038,0.0,0.0,0.0,0.0,0.0,0.0,0.0,0.0,0.0,0.0,0.0,0.0,0.0,0.0,0.0,0.0,0.0,0.0,0.0,0.0,0.0,0.0,0.0,0.0,0.0,0.0,0.0,0.0,0.0,0.0,0.0,0.0,0.0,0.0,0.0,0.0,0.0047492253049762284,7.05756683542553e-05,7.527318426559437e-05,-4.857143909298145e-07,-8.535163047440619e-05,2.527617084524536e-05,0.0,0.0,0.0,0.0,0.0,0.0,0.0,0.0,0.0,0.0,0.0,0.0,0.0,0.0,0.0,0.0,0.0,0.0,0.0,0.0,0.0,0.0,0.0,0.0,0.0,0.0,0.0,0.0,0.0,0.0,0.0,0.0,0.0,0.0,0.0,0.0
51,888000000,odom,base_link,-1.7865948932782973,0.09443635936845862,-0.10481845177012176,-1.4372195220648479e-05,0.003960915589327736,-0.000224368372523001,0.9999921302690176,0.0,0.0,0.0,0.0,0.0,0.0,0.0,0.0,0.0,0.0,0.0,0.0,0.0,0.0,0.0,0.0,0.0,0.0,0.0,0.0,0.0,0.0,0.0,0.0,0.0,0.0,0.0,0.0,0.0,0.0,0.0,0.0,0.0,0.0,0.0,0.0,0.004747521131756624,7.059783697352133e-05,7.61378783803013e-05,-6.175955247211817e-07,-8.899660244310326e-05,3.0531327510630035e-05,0.0,0.0,0.0,0.0,0.0,0.0,0.0,0.0,0.0,0.0,0.0,0.0,0.0,0.0,0.0,0.0,0.0,0.0,0.0,0.0,0.0,0.0,0.0,0.0,0.0,0.0,0.0,0.0,0.0,0.0,0.0,0.0,0.0,0.0,0.0,0.0
51,922000000,odom,base_link,-1.786433498337034,0.09443868800736378,-0.10481714600663272,-1.4384176064731848e-05,0.0039594182081713935,-0.00022381796570590854,0.9999921363221145,0.0,0.0,0.0,0.0,0.0,0.0,0.0,0.0,0.0,0.0,0.0,0.0,0.0,0.0,0.0,0.0,0.0,0.0,0.0,0.0,0.0,0.0,0.0,0.0,0.0,0.0,0.0,0.0,0.0,0.0,0.0,0.0,0.0,0.0,0.0,0.0,0.004745831111896111,7.062753353451916e-05,7.579682601710127e-05,-4.940976128242625e-07,-8.659926393761452e-05,3.195977420489271e-05,0.0,0.0,0.0,0.0,0.0,0.0,0.0,0.0,0.0,0.0,0.0,0.0,0.0,0.0,0.0,0.0,0.0,0.0,0.0,0.0,0.0,0.0,0.0,0.0,0.0,0.0,0.0,0.0,0.0,0.0,0.0,0.0,0.0,0.0,0.0,0.0
51,956000000,odom,base_link,-1.7862721609320944,0.09444101810333637,-0.10481587719794073,-1.439446511344562e-05,0.003957966430192891,-0.00022330049073095208,0.9999921421848412,0.0,0.0,0.0,0.0,0.0,0.0,0.0,0.0,0.0,0.0,0.0,0.0,0.0,0.0,0.0,0.0,0.0,0.0,0.0,0.0,0.0,0.0,0.0,0.0,0.0,0.0,0.0,0.0,0.0,0.0,0.0,0.0,0.0,0.0,0.0,0.0,0.004744147928476899,7.066478221445982e-05,7.437311726890246e-05,-4.6917633111931423e-07,-8.539271405538784e-05,2.9950298952030607e-05,0.0,0.0,0.0,0.0,0.0,0.0,0.0,0.0,0.0,0.0,0.0,0.0,0.0,0.0,0.0,0.0,0.0,0.0,0.0,0.0,0.0,0.0,0.0,0.0,0.0,0.0,0.0,0.0,0.0,0.0,0.0,0.0,0.0,0.0,0.0,0.0
51,990000000,odom,base_link,-1.7861108812179853,0.09444334931174864,-0.10481460029045361,-1.4406897208417067e-05,0.003956467784986714,-0.00022273559483190202,0.9999921482411562,0.0,0.0,0.0,0.0,0.0,0.0,0.0,0.0,0.0,0.0,0.0,0.0,0.0,0.0,0.0,0.0,0.0,0.0,0.0,0.0,0.0,0.0,0.0,0.0,0.0,0.0,0.0,0.0,0.0,0.0,0.0,0.0,0.0,0.0,0.0,0.0,0.00474244352419215,7.068675633342168e-05,7.53449330673459e-05,-6.175362166072063e-07,-8.88305599744399e-05,3.4972024565149695e-05,0.0,0.0,0.0,0.0,0.0,0.0,0.0,0.0,0.0,0.0,0.0,0.0,0.0,0.0,0.0,0.0,0.0,0.0,0.0,0.0,0.0,0.0,0.0,0.0,0.0,0.0,0.0,0.0,0.0,0.0,0.0,0.0,0.0,0.0,0.0,0.0
52,24000000,odom,base_link,-1.7859496591110742,0.09444568168805964,-0.10481331875968082,-1.441880319444741e-05,0.003954979397127287,-0.0002221356158576042,0.9999921542621395,0.0,0.0,0.0,0.0,0.0,0.0,0.0,0.0,0.0,0.0,0.0,0.0,0.0,0.0,0.0,0.0,0.0,0.0,0.0,0.0,0.0,0.0,0.0,0.0,0.0,0.0,0.0,0.0,0.0,0.0,0.0,0.0,0.0,0.0,0.0,0.0,0.004740754688163297,7.072202916382011e-05,7.501152549072887e-05,-4.803134834308054e-07,-8.60285119586024e-05,3.362541463047819e-05,0.0,0.0,0.0,0.0,0.0,0.0,0.0,0.0,0.0,0.0,0.0,0.0,0.0,0.0,0.0,0.0,0.0,0.0,0.0,0.0,0.0,0.0,0.0,0.0,0.0,0.0,0.0,0.0,0.0,0.0,0.0,0.0,0.0,0.0,0.0,0.0
52,58000000,odom,base_link,-1.7857884943287758,0.09444801574160869,-0.1048120708213857,-1.4429001879114216e-05,0.003953535051146592,-0.00022161902314240785,0.9999921600879739,0.0,0.0,0.0,0.0,0.0,0.0,0.0,0.0,0.0,0.0,0.0,0.0,0.0,0.0,0.0,0.0,0.0,0.0,0.0,0.0,0.0,0.0,0.0,0.0,0.0,0.0,0.0,0.0,0.0,0.0,0.0,0.0,0.0,0.0,0.0,0.0,0.004739089278914319,7.076438898403269e-05,7.386757223153592e-05,-4.768211214756235e-07,-8.492130305626233e-05,2.9245777177777654e-05,0.0,0.0,0.0,0.0,0.0,0.0,0.0,0.0,0.0,0.0,0.0,0.0,0.0,0.0,0.0,0.0,0.0,0.0,0.0,0.0,0.0,0.0,0.0,0.0,0.0,0.0,0.0,0.0,0.0,0.0,0.0,0.0,0.0,0.0,0.0,0.0
52,92000000,odom,base_link,-1.785627386617228,0.09445035099484066,-0.10481080626246372,-1.4441499432517169e-05,0.003952041603530504,-0.00022107590988423783,0.9999921661113397,0.0,0.0,0.0,0.0,0.0,0.0,0.0,0.0,0.0,0.0,0.0,0.0,0.0,0.0,0.0,0.0,0.0,0.0,0.0,0.0,0.0,0.0,0.0,0.0,0.0,0.0,0.0,0.0,0.0,0.0,0.0,0.0,0.0,0.0,0.0,0.0,0.0047373883702007125,7.078837692923113e-05,7.489818247002847e-05,-6.268622843030869e-07,-8.856664379663926e-05,3.3354104189697864e-05,0.0,0.0,0.0,0.0,0.0,0.0,0.0,0.0,0.0,0.0,0.0,0.0,0.0,0.0,0.0,0.0,0.0,0.0,0.0,0.0,0.0,0.0,0.0,0.0,0.0,0.0,0.0,0.0,0.0,0.0,0.0,0.0,0.0,0.0,0.0,0.0
52,126000000,odom,base_link,-1.7854663365030414,0.09445268747896995,-0.10480953614404216,-1.4453989385730934e-05,0.003950560685868188,-0.00022051359931119698,0.9999921720869128,0.0,0.0,0.0,0.0,0.0,0.0,0.0,0.0,0.0,0.0,0.0,0.0,0.0,0.0,0.0,0.0,0.0,0.0,0.0,0.0,0.0,0.0,0.0,0.0,0.0,0.0,0.0,0.0,0.0,0.0,0.0,0.0,0.0,0.0,0.0,0.0,0.004735699637396461,7.082509510803327e-05,7.461004872797727e-05,-5.286449500374601e-07,-8.563352338342156e-05,3.1410777268092716e-05,0.0,0.0,0.0,0.0,0.0,0.0,0.0,0.0,0.0,0.0,0.0,0.0,0.0,0.0,0.0,0.0,0.0,0.0,0.0,0.0,0.0,0.0,0.0,0.0,0.0,0.0,0.0,0.0,0.0,0.0,0.0,0.0,0.0,0.0,0.0,0.0
52,160000000,odom,base_link,-1.7853053439202817,0.09445502559491457,-0.10480829788895411,-1.4464638672608742e-05,0.003949117217005904,-0.00022002653557129124,0.9999921778955594,0.0,0.0,0.0,0.0,0.0,0.0,0.0,0.0,0.0,0.0,0.0,0.0,0.0,0.0,0.0,0.0,0.0,0.0,0.0,0.0,0.0,0.0,0.0,0.0,0.0,0.0,0.0,0.0,0.0,0.0,0.0,0.0,0.0,0.0,0.0,0.0,0.004734013209407514,7.086538605196861e-05,7.354741392091101e-05,-5.087840815320988e-07,-8.544203851101884e-05,2.7983701400557948e-05,0.0,0.0,0.0,0.0,0.0,0.0,0.0,0.0,0.0,0.0,0.0,0.0,0.0,0.0,0.0,0.0,0.0,0.0,0.0,0.0,0.0,0.0,0.0,0.0,0.0,0.0,0.0,0.0,0.0,0.0,0.0,0.0,0.0,0.0,0.0,0.0
52,194000000,odom,base_link,-1.7851444090290933,0.09445736482976681,-0.10480704137642372,-1.4477313986004662e-05,0.0039476224941536455,-0.00021949641612959407,0.9999921839136416,0.0,0.0,0.0,0.0,0.0,0.0,0.0,0.0,0.0,0.0,0.0,0.0,0.0,0.0,0.0,0.0,0.0,0.0,0.0,0.0,0.0,0.0,0.0,0.0,0.0,0.0,0.0,0.0,0.0,0.0,0.0,0.0,0.0,0.0,0.0,0.0,0.0047323083481638235,7.088769108355128e-05,7.458365463566684e-05,-6.328384871689963e-07,-8.847788137700263e-05,3.28209857514139e-05,0.0,0.0,0.0,0.0,0.0,0.0,0.0,0.0,0.0,0.0,0.0,0.0,0.0,0.0,0.0,0.0,0.0,0.0,0.0,0.0,0.0,0.0,0.0,0.0,0.0,0.0,0.0,0.0,0.0,0.0,0.0,0.0,0.0,0.0,0.0,0.0
52,228000000,odom,base_link,-1.7849835317114033,0.09445970526934347,-0.10480577811826973,-1.4489564149649852e-05,0.003946148177649041,-0.00021894278059143786,0.9999921898538365,0.0,0.0,0.0,0.0,0.0,0.0,0.0,0.0,0.0,0.0,0.0,0.0,0.0,0.0,0.0,0.0,0.0,0.0,0.0,0.0,0.0,0.0,0.0,0.0,0.0,0.0,0.0,0.0,0.0,0.0,0.0,0.0,0.0,0.0,0.0,0.0,0.004730619907461764,7.09239063896583e-05,7.434061135562094e-05,-5.141796821650502e-07,-8.526652237605958e-05,3.1056630334092006e-05,0.0,0.0,0.0,0.0,0.0,0.0,0.0,0.0,0.0,0.0,0.0,0.0,0.0,0.0,0.0,0.0,0.0,0.0,0.0,0.0,0.0,0.0,0.0,0.0,0.0,0.0,0.0,0.0,0.0,0.0,0.0,0.0,0.0,0.0,0.0,0.0
52,262000000,odom,base_link,-1.7848227119276172,0.09446204727873192,-0.10480454289222253,-1.4500060390333091e-05,0.00394470693471226,-0.0002184516261913426,0.9999921956474633,0.0,0.0,0.0,0.0,0.0,0.0,0.0,0.0,0.0,0.0,0.0,0.0,0.0,0.0,0.0,0.0,0.0,0.0,0.0,0.0,0.0,0.0,0.0,0.0,0.0,0.0,0.0,0.0,0.0,0.0,0.0,0.0,0.0,0.0,0.0,0.0,0.004728931061190443,7.096158059497761e-05,7.355528637735364e-05,-5.098567346095706e-07,-8.567345375354307e-05,2.8761877324257057e-05,0.0,0.0,0.0,0.0,0.0,0.0,0.0,0.0,0.0,0.0,0.0,0.0,0.0,0.0,0.0,0.0,0.0,0.0,0.0,0.0,0.0,0.0,0.0,0.0,0.0,0.0,0.0,0.0,0.0,0.0,0.0,0.0,0.0,0.0,0.0,0.0
52,296000000,odom,base_link,-1.7846619498334768,0.09446439036742094,-0.10480328314456538,-1.4512710992067204e-05,0.003943213406867635,-0.00021790920509455602,0.9999922016560866,0.0,0.0,0.0,0.0,0.0,0.0,0.0,0.0,0.0,0.0,0.0,0.0,0.0,0.0,0.0,0.0,0.0,0.0,0.0,0.0,0.0,0.0,0.0,0.0,0.0,0.0,0.0,0.0,0.0,0.0,0.0,0.0,0.0,0.0,0.0,0.0,0.004727226288345769,7.0983816035211e-05,7.460044016128899e-05,-6.271042740646493e-07,-8.833031941435365e-05,3.351911566085164e-05,0.0,0.0,0.0,0.0,0.0,0.0,0.0,0.0,0.0,0.0,0.0,0.0,0.0,0.0,0.0,0.0,0.0,0.0,0.0,0.0,0.0,0.0,0.0,0.0,0.0,0.0,0.0,0.0,0.0,0.0,0.0,0.0,0.0,0.0,0.0,0.0
52,330000000,odom,base_link,-1.7845012453067495,0.09446673468973918,-0.10480201623651739,-1.452477893402268e-05,0.0039417439980625685,-0.00021735089249704586,0.999992207570576,0.0,0.0,0.0,0.0,0.0,0.0,0.0,0.0,0.0,0.0,0.0,0.0,0.0,0.0,0.0,0.0,0.0,0.0,0.0,0.0,0.0,0.0,0.0,0.0,0.0,0.0,0.0,0.0,0.0,0.0,0.0,0.0,0.0,0.0,0.0,0.0,0.0047255378901747995,7.102124360536643e-05,7.436538542313932e-05,-5.036640882138954e-07,-8.500542065803529e-05,3.111943485123447e-05,0.0,0.0,0.0,0.0,0.0,0.0,0.0,0.0,0.0,0.0,0.0,0.0,0.0,0.0,0.0,0.0,0.0,0.0,0.0,0.0,0.0,0.0,0.0,0.0,0.0,0.0,0.0,0.0,0.0,0.0,0.0,0.0,0.0,0.0,0.0,0.0
52,364000000,odom,base_link,-1.7843405983232727,0.09446908059814295,-0.10480077450674719,-1.4535246815163827e-05,0.0039403035197181965,-0.00021685978842438103,0.9999922133540496,0.0,0.0,0.0,0.0,0.0,0.0,0.0,0.0,0.0,0.0,0.0,0.0,0.0,0.0,0.0,0.0,0.0,0.0,0.0,0.0,0.0,0.0,0.0,0.0,0.0,0.0,0.0,0.0,0.0,0.0,0.0,0.0,0.0,0.0,0.0,0.0,0.0047238469310932,7.105849277634941e-05,7.381155583251222e-05,-5.183985962720072e-07,-8.58965513828025e-05,2.897598836426596e-05,0.0,0.0,0.0,0.0,0.0,0.0,0.0,0.0,0.0,0.0,0.0,0.0,0.0,0.0,0.0,0.0,0.0,0.0,0.0,0.0,0.0,0.0,0.0,0.0,0.0,0.0,0.0,0.0,0.0,0.0,0.0,0.0,0.0,0.0,0.0,0.0
52,398000000,odom,base_link,-1.784180009029138,0.09447142757849165,-0.10479950398504691,-1.4547926751203857e-05,0.003938811054952905,-0.00021631669852629912,0.9999922193511893,0.0,0.0,0.0,0.0,0.0,0.0,0.0,0.0,0.0,0.0,0.0,0.0,0.0,0.0,0.0,0.0,0.0,0.0,0.0,0.0,0.0,0.0,0.0,0.0,0.0,0.0,0.0,0.0,0.0,0.0,0.0,0.0,0.0,0.0,0.0,0.0,0.004722142500444895,7.108114576207066e-05,7.482287209317924e-05,-6.267756258448998e-07,-8.819336088095042e-05,3.3469028792865174e-05,0.0,0.0,0.0,0.0,0.0,0.0,0.0,0.0,0.0,0.0,0.0,0.0,0.0,0.0,0.0,0.0,0.0,0.0,0.0,0.0,0.0,0.0,0.0,0.0,0.0,0.0,0.0,0.0,0.0,0.0,0.0,0.0,0.0,0.0,0.0,0.0
52,432000000,odom,base_link,-1.7840194772895037,0.09447377582523066,-0.10479822572836849,-1.4559820350845694e-05,0.003937346258725327,-0.00021576639856954845,0.9999922252384325,0.0,0.0,0.0,0.0,0.0,0.0,0.0,0.0,0.0,0.0,0.0,0.0,0.0,0.0,0.0,0.0,0.0,0.0,0.0,0.0,0.0,0.0,0.0,0.0,0.0,0.0,0.0,0.0,0.0,0.0,0.0,0.0,0.0,0.0,0.0,0.0,0.004720453954333289,7.111933008195342e-05,7.463668645159967e-05,-4.999197500410446e-07,-8.488209175538941e-05,3.0688723029470566e-05,0.0,0.0,0.0,0.0,0.0,0.0,0.0,0.0,0.0,0.0,0.0,0.0,0.0,0.0,0.0,0.0,0.0,0.0,0.0,0.0,0.0,0.0,0.0,0.0,0.0,0.0,0.0,0.0,0.0,0.0,0.0,0.0,0.0,0.0,0.0,0.0
52,466000000,odom,base_link,-1.7838590031055972,0.09447612562278576,-0.10479696811503704,-1.4570384473257528e-05,0.003935903580610437,-0.00021527631130023811,0.9999922310232304,0.0,0.0,0.0,0.0,0.0,0.0,0.0,0.0,0.0,0.0,0.0,0.0,0.0,0.0,0.0,0.0,0.0,0.0,0.0,0.0,0.0,0.0,0.0,0.0,0.0,0.0,0.0,0.0,0.0,0.0,0.0,0.0,0.0,0.0,0.0,0.0,0.004718761003269826,7.115503665909706e-05,7.431308234122541e-05,-5.299081395904182e-07,-8.615040556492204e-05,2.9214863062065888e-05,0.0,0.0,0.0,0.0,0.0,0.0,0.0,0.0,0.0,0.0,0.0,0.0,0.0,0.0,0.0,0.0,0.0,0.0,0.0,0.0,0.0,0.0,0.0,0.0,0.0,0.0,0.0,0.0,0.0,0.0,0.0,0.0,0.0,0.0,0.0,0.0
52,500000000,odom,base_link,-1.7836985866055943,0.09447847647782803,-0.10479568086889,-1.4583069095508094e-05,0.003934412920767679,-0.00021473198945128207,0.9999922370061058,0.0,0.0,0.0,0.0,0.0,0.0,0.0,0.0,0.0,0.0,0.0,0.0,0.0,0.0,0.0,0.0,0.0,0.0,0.0,0.0,0.0,0.0,0.0,0.0,0.0,0.0,0.0,0.0,0.0,0.0,0.0,0.0,0.0,0.0,0.0,0.0,0.004717057824657224,7.117806700419328e-05,7.518128698831499e-05,-6.231764382302885e-07,-8.799324078268e-05,3.3456164771905605e-05,0.0,0.0,0.0,0.0,0.0,0.0,0.0,0.0,0.0,0.0,0.0,0.0,0.0,0.0,0.0,0.0,0.0,0.0,0.0,0.0,0.0,0.0,0.0,0.0,0.0,0.0,0.0,0.0,0.0,0.0,0.0,0.0,0.0,0.0,0.0,0.0
52,534000000,odom,base_link,-1.783538227730154,0.09448082831139944,-0.10479435906127402,-1.460525515620026e-05,0.0039329105054202755,-0.0002141106114566629,0.9999922430490593,0.0,0.0,0.0,0.0,0.0,0.0,0.0,0.0,0.0,0.0,0.0,0.0,0.0,0.0,0.0,0.0,0.0,0.0,0.0,0.0,0.0,0.0,0.0,0.0,0.0,0.0,0.0,0.0,0.0,0.0,0.0,0.0,0.0,0.0,0.0,0.0,0.00471535388928755,7.119951916996148e-05,7.644874164866061e-05,-9.930469779817486e-07,-8.861549005700908e-05,3.8330700391497885e-05,0.0,0.0,0.0,0.0,0.0,0.0,0.0,0.0,0.0,0.0,0.0,0.0,0.0,0.0,0.0,0.0,0.0,0.0,0.0,0.0,0.0,0.0,0.0,0.0,0.0,0.0,0.0,0.0,0.0,0.0,0.0,0.0,0.0,0.0,0.0,0.0
52,568000000,odom,base_link,-1.7833779264699987,0.09448318122487458,-0.10479301444811838,-1.4621037699352859e-05,0.003931421415308009,-0.00021344024288469626,0.999992249047533,0.0,0.0,0.0,0.0,0.0,0.0,0.0,0.0,0.0,0.0,0.0,0.0,0.0,0.0,0.0,0.0,0.0,0.0,0.0,0.0,0.0,0.0,0.0,0.0,0.0,0.0,0.0,0.0,0.0,0.0,0.0,0.0,0.0,0.0,0.0,0.0,0.004713660329188912,7.123184008868064e-05,7.655844445917984e-05,-5.821570558950384e-07,-8.599525997965429e-05,3.77809943330476e-05,0.0,0.0,0.0,0.0,0.0,0.0,0.0,0.0,0.0,0.0,0.0,0.0,0.0,0.0,0.0,0.0,0.0,0.0,0.0,0.0,0.0,0.0,0.0,0.0,0.0,0.0,0.0,0.0,0.0,0.0,0.0,0.0,0.0,0.0,0.0,0.0
52,602000000,odom,base_link,-1.7832176827213289,0.09448553595197798,-0.10479169743826597,-1.463093345970181e-05,0.003929989298514791,-0.0002128876586376811,0.999992254794453,0.0,0.0,0.0,0.0,0.0,0.0,0.0,0.0,0.0,0.0,0.0,0.0,0.0,0.0,0.0,0.0,0.0,0.0,0.0,0.0,0.0,0.0,0.0,0.0,0.0,0.0,0.0,0.0,0.0,0.0,0.0,0.0,0.0,0.0,0.0,0.0,0.004711977741880882,7.12814080932726e-05,7.520376704345854e-05,-5.015455106782696e-07,-8.369222328497017e-05,2.982039823962168e-05,0.0,0.0,0.0,0.0,0.0,0.0,0.0,0.0,0.0,0.0,0.0,0.0,0.0,0.0,0.0,0.0,0.0,0.0,0.0,0.0,0.0,0.0,0.0,0.0,0.0,0.0,0.0,0.0,0.0,0.0,0.0,0.0,0.0,0.0,0.0,0.0
52,636000000,odom,base_link,-1.7830574966550399,0.09448789215305203,-0.10479037931097228,-1.464894244106731e-05,0.003928516925999468,-0.00021237158573800326,0.9999922606892916,0.0,0.0,0.0,0.0,0.0,0.0,0.0,0.0,0.0,0.0,0.0,0.0,0.0,0.0,0.0,0.0,0.0,0.0,0.0,0.0,0.0,0.0,0.0,0.0,0.0,0.0,0.0,0.0,0.0,0.0,0.0,0.0,0.0,0.0,0.0,0.0,0.0047102732807124915,7.131148454290421e-05,7.610718753022539e-05,-8.075467072821141e-07,-8.770189552365082e-05,3.1125980370916295e-05,0.0,0.0,0.0,0.0,0.0,0.0,0.0,0.0,0.0,0.0,0.0,0.0,0.0,0.0,0.0,0.0,0.0,0.0,0.0,0.0,0.0,0.0,0.0,0.0,0.0,0.0,0.0,0.0,0.0,0.0,0.0,0.0,0.0,0.0,0.0,0.0
52,670000000,odom,base_link,-1.7828973682447955,0.09449024960559266,-0.10478905189160027,-1.4662357218682798e-05,0.003927038343548539,-0.0002118463582682233,0.9999922666080894,0.0,0.0,0.0,0.0,0.0,0.0,0.0,0.0,0.0,0.0,0.0,0.0,0.0,0.0,0.0,0.0,0.0,0.0,0.0,0.0,0.0,0.0,0.0,0.0,0.0,0.0,0.0,0.0,0.0,0.0,0.0,0.0,0.0,0.0,0.0,0.0,0.004708582217859442,7.13476653425909e-05,7.585744684139204e-05,-5.395605018332361e-07,-8.561455331346224e-05,2.9349846819570757e-05,0.0,0.0,0.0,0.0,0.0,0.0,0.0,0.0,0.0,0.0,0.0,0.0,0.0,0.0,0.0,0.0,0.0,0.0,0.0,0.0,0.0,0.0,0.0,0.0,0.0,0.0,0.0,0.0,0.0,0.0,0.0,0.0,0.0,0.0,0.0,0.0
52,704000000,odom,base_link,-1.7827372973847113,0.09449260871817385,-0.1047877620600027,-1.4671730930487825e-05,0.003925603935901619,-0.0002114067457622667,0.9999922723329749,0.0,0.0,0.0,0.0,0.0,0.0,0.0,0.0,0.0,0.0,0.0,0.0,0.0,0.0,0.0,0.0,0.0,0.0,0.0,0.0,0.0,0.0,0.0,0.0,0.0,0.0,0.0,0.0,0.0,0.0,0.0,0.0,0.0,0.0,0.0,0.0,0.004706900036100307,7.139171028130129e-05,7.425630068123608e-05,-4.013364723887136e-07,-8.408518894498229e-05,2.4187574609868534e-05,0.0,0.0,0.0,0.0,0.0,0.0,0.0,0.0,0.0,0.0,0.0,0.0,0.0,0.0,0.0,0.0,0.0,0.0,0.0,0.0,0.0,0.0,0.0,0.0,0.0,0.0,0.0,0.0,0.0,0.0,0.0,0.0,0.0,0.0,0.0,0.0
52,738000000,odom,base_link,-1.7825772842283172,0.09449496902116404,-0.10478647441234443,-1.4682609463516887e-05,0.003924126903189347,-0.00021094508343935252,0.9999922782275072,0.0,0.0,0.0,0.0,0.0,0.0,0.0,0.0,0.0,0.0,0.0,0.0,0.0,0.0,0.0,0.0,0.0,0.0,0.0,0.0,0.0,0.0,0.0,0.0,0.0,0.0,0.0,0.0,0.0,0.0,0.0,0.0,0.0,0.0,0.0,0.0,0.004705196544542118,7.1414219963649e-05,7.50653605549463e-05,-5.597377339405796e-07,-8.770681034775407e-05,2.8997232170979714e-05,0.0,0.0,0.0,0.0,0.0,0.0,0.0,0.0,0.0,0.0,0.0,0.0,0.0,0.0,0.0,0.0,0.0,0.0,0.0,0.0,0.0,0.0,0.0,0.0,0.0,0.0,0.0,0.0,0.0,0.0,0.0,0.0,0.0,0.0,0.0,0.0
52,772000000,odom,base_link,-1.7824173287057612,0.09449733035545438,-0.10478518263155885,-1.4694315703032402e-05,0.003922651235550816,-0.00021042433101341683,0.9999922841267138,0.0,0.0,0.0,0.0,0.0,0.0,0.0,0.0,0.0,0.0,0.0,0.0,0.0,0.0,0.0,0.0,0.0,0.0,0.0,0.0,0.0,0.0,0.0,0.0,0.0,0.0,0.0,0.0,0.0,0.0,0.0,0.0,0.0,0.0,0.0,0.0,0.004703506994772058,7.144392528013857e-05,7.469698662717599e-05,-5.078858889007165e-07,-8.534807349747098e-05,3.0167947606685175e-05,0.0,0.0,0.0,0.0,0.0,0.0,0.0,0.0,0.0,0.0,0.0,0.0,0.0,0.0,0.0,0.0,0.0,0.0,0.0,0.0,0.0,0.0,0.0,0.0,0.0,0.0,0.0,0.0,0.0,0.0,0.0,0.0,0.0,0.0,0.0,0.0
52,806000000,odom,base_link,-1.7822574307105405,0.09449969312228021,-0.10478392927532125,-1.4704368135991428e-05,0.003921221107540722,-0.00020993867398484326,0.999992289837557,0.0,0.0,0.0,0.0,0.0,0.0,0.0,0.0,0.0,0.0,0.0,0.0,0.0,0.0,0.0,0.0,0.0,0.0,0.0,0.0,0.0,0.0,0.0,0.0,0.0,0.0,0.0,0.0,0.0,0.0,0.0,0.0,0.0,0.0,0.0,0.0,0.004701824760413936,7.148098506808891e-05,7.31765913370387e-05,-4.541909265354249e-07,-8.400345734571601e-05,2.7949895375911638e-05,0.0,0.0,0.0,0.0,0.0,0.0,0.0,0.0,0.0,0.0,0.0,0.0,0.0,0.0,0.0,0.0,0.0,0.0,0.0,0.0,0.0,0.0,0.0,0.0,0.0,0.0,0.0,0.0,0.0,0.0,0.0,0.0,0.0,0.0,0.0,0.0
52,840000000,odom,base_link,-1.7820975904004692,0.09450205699511995,-0.10478267199711983,-1.471600009585315e-05,0.003919745753595317,-0.00020941217605391745,0.9999922957319256,0.0,0.0,0.0,0.0,0.0,0.0,0.0,0.0,0.0,0.0,0.0,0.0,0.0,0.0,0.0,0.0,0.0,0.0,0.0,0.0,0.0,0.0,0.0,0.0,0.0,0.0,0.0,0.0,0.0,0.0,0.0,0.0,0.0,0.0,0.0,0.0,0.0047001210445345755,7.150314577498586e-05,7.408154684532327e-05,-5.756534970924321e-07,-8.750192961315406e-05,3.2623055545855095e-05,0.0,0.0,0.0,0.0,0.0,0.0,0.0,0.0,0.0,0.0,0.0,0.0,0.0,0.0,0.0,0.0,0.0,0.0,0.0,0.0,0.0,0.0,0.0,0.0,0.0,0.0,0.0,0.0,0.0,0.0,0.0,0.0,0.0,0.0,0.0,0.0
52,874000000,odom,base_link,-1.7819378076874268,0.09450442200641133,-0.10478140992712807,-1.4727633604281505e-05,0.003918279291758947,-0.00020885138403564158,0.9999923015961613,0.0,0.0,0.0,0.0,0.0,0.0,0.0,0.0,0.0,0.0,0.0,0.0,0.0,0.0,0.0,0.0,0.0,0.0,0.0,0.0,0.0,0.0,0.0,0.0,0.0,0.0,0.0,0.0,0.0,0.0,0.0,0.0,0.0,0.0,0.0,0.0,0.004698432368561325,7.153747237132525e-05,7.377037059474953e-05,-4.802770181555616e-07,-8.477138422335884e-05,3.1481437900993114e-05,0.0,0.0,0.0,0.0,0.0,0.0,0.0,0.0,0.0,0.0,0.0,0.0,0.0,0.0,0.0,0.0,0.0,0.0,0.0,0.0,0.0,0.0,0.0,0.0,0.0,0.0,0.0,0.0,0.0,0.0,0.0,0.0,0.0,0.0,0.0,0.0
52,908000000,odom,base_link,-1.7817780824849363,0.09450678864342268,-0.10478018543395434,-1.4737131934169205e-05,0.003916858256524324,-0.00020837025145210408,0.9999923072634377,0.0,0.0,0.0,0.0,0.0,0.0,0.0,0.0,0.0,0.0,0.0,0.0,0.0,0.0,0.0,0.0,0.0,0.0,0.0,0.0,0.0,0.0,0.0,0.0,0.0,0.0,0.0,0.0,0.0,0.0,0.0,0.0,0.0,0.0,0.0,0.0,0.0046967511653961975,7.158006432090872e-05,7.214511649880674e-05,-4.170281481252758e-07,-8.321878937067595e-05,2.6691088983454847e-05,0.0,0.0,0.0,0.0,0.0,0.0,0.0,0.0,0.0,0.0,0.0,0.0,0.0,0.0,0.0,0.0,0.0,0.0,0.0,0.0,0.0,0.0,0.0,0.0,0.0,0.0,0.0,0.0,0.0,0.0,0.0,0.0,0.0,0.0,0.0,0.0
52,942000000,odom,base_link,-1.7816184149813012,0.09450915651414979,-0.1047789660652251,-1.474828030300645e-05,0.003915392653330577,-0.00020787937600104815,0.9999923131049676,0.0,0.0,0.0,0.0,0.0,0.0,0.0,0.0,0.0,0.0,0.0,0.0,0.0,0.0,0.0,0.0,0.0,0.0,0.0,0.0,0.0,0.0,0.0,0.0,0.0,0.0,0.0,0.0,0.0,0.0,0.0,0.0,0.0,0.0,0.0,0.0,0.004695047299234098,7.160422383937911e-05,7.297579583600673e-05,-5.724801188655704e-07,-8.726448612605964e-05,3.048430734509111e-05,0.0,0.0,0.0,0.0,0.0,0.0,0.0,0.0,0.0,0.0,0.0,0.0,0.0,0.0,0.0,0.0,0.0,0.0,0.0,0.0,0.0,0.0,0.0,0.0,0.0,0.0,0.0,0.0,0.0,0.0,0.0,0.0,0.0,0.0,0.0,0.0
52,976000000,odom,base_link,-1.7814588056346046,0.09451152552225382,-0.10477773605692516,-1.4758632755779371e-05,0.003913929997057268,-0.00020735645474987725,0.9999923189392315,0.0,0.0,0.0,0.0,0.0,0.0,0.0,0.0,0.0,0.0,0.0,0.0,0.0,0.0,0.0,0.0,0.0,0.0,0.0,0.0,0.0,0.0,0.0,0.0,0.0,0.0,0.0,0.0,0.0,0.0,0.0,0.0,0.0,0.0,0.0,0.0,0.004693335285868093,7.163866149699326e-05,7.275589266167891e-05,-4.1335888323335013e-07,-8.436114029564123e-05,2.928009248392982e-05,0.0,0.0,0.0,0.0,0.0,0.0,0.0,0.0,0.0,0.0,0.0,0.0,0.0,0.0,0.0,0.0,0.0,0.0,0.0,0.0,0.0,0.0,0.0,0.0,0.0,0.0,0.0,0.0,0.0,0.0,0.0,0.0,0.0,0.0,0.0,0.0
53,10000000,odom,base_link,-1.7812992539984234,0.0945138961063104,-0.10477653624399123,-1.4767718159293479e-05,0.003912511994037722,-0.00020690398800019973,0.9999923245818194,0.0,0.0,0.0,0.0,0.0,0.0,0.0,0.0,0.0,0.0,0.0,0.0,0.0,0.0,0.0,0.0,0.0,0.0,0.0,0.0,0.0,0.0,0.0,0.0,0.0,0.0,0.0,0.0,0.0,0.0,0.0,0.0,0.0,0.0,0.0,0.0,0.004691649542961571,7.167806489039011e-05,7.177585763555313e-05,-4.4159781942276766e-07,-8.392492034658972e-05,2.598753727767189e-05,0.0,0.0,0.0,0.0,0.0,0.0,0.0,0.0,0.0,0.0,0.0,0.0,0.0,0.0,0.0,0.0,0.0,0.0,0.0,0.0,0.0,0.0,0.0,0.0,0.0,0.0,0.0,0.0,0.0,0.0,0.0,0.0,0.0,0.0,0.0,0.0
53,44000000,odom,base_link,-1.7811397600217318,0.09451626777188542,-0.10477531244870507,-1.4779426486116463e-05,0.003911041194260961,-0.00020640775882520756,0.9999923304376801,0.0,0.0,0.0,0.0,0.0,0.0,0.0,0.0,0.0,0.0,0.0,0.0,0.0,0.0,0.0,0.0,0.0,0.0,0.0,0.0,0.0,0.0,0.0,0.0,0.0,0.0,0.0,0.0,0.0,0.0,0.0,0.0,0.0,0.0,0.0,0.0,0.004689943979448517,7.169974800020146e-05,7.301953378543964e-05,-5.940796299341855e-07,-8.710108403420236e-05,3.082906623319559e-05,0.0,0.0,0.0,0.0,0.0,0.0,0.0,0.0,0.0,0.0,0.0,0.0,0.0,0.0,0.0,0.0,0.0,0.0,0.0,0.0,0.0,0.0,0.0,0.0,0.0,0.0,0.0,0.0,0.0,0.0,0.0,0.0,0.0,0.0,0.0,0.0
53,78000000,odom,base_link,-1.7809803235955166,0.09451864057863389,-0.10477407405156856,-1.4791094919047965e-05,0.003909587683293369,-0.00020588151389288345,0.9999923362297195,0.0,0.0,0.0,0.0,0.0,0.0,0.0,0.0,0.0,0.0,0.0,0.0,0.0,0.0,0.0,0.0,0.0,0.0,0.0,0.0,0.0,0.0,0.0,0.0,0.0,0.0,0.0,0.0,0.0,0.0,0.0,0.0,0.0,0.0,0.0,0.0,0.004688254236557595,7.173395830243105e-05,7.302868332170334e-05,-4.922419083452922e-07,-8.40438580951286e-05,2.9669896051132127e-05,0.0,0.0,0.0,0.0,0.0,0.0,0.0,0.0,0.0,0.0,0.0,0.0,0.0,0.0,0.0,0.0,0.0,0.0,0.0,0.0,0.0,0.0,0.0,0.0,0.0,0.0,0.0,0.0,0.0,0.0,0.0,0.0,0.0,0.0,0.0,0.0
53,112000000,odom,base_link,-1.7808209446443886,0.094521014890996,-0.1047728532566151,-1.4801055611456774e-05,0.003908170835983487,-0.00020541102405201436,0.9999923418646548,0.0,0.0,0.0,0.0,0.0,0.0,0.0,0.0,0.0,0.0,0.0,0.0,0.0,0.0,0.0,0.0,0.0,0.0,0.0,0.0,0.0,0.0,0.0,0.0,0.0,0.0,0.0,0.0,0.0,0.0,0.0,0.0,0.0,0.0,0.0,0.0,0.004686565545218058,7.177075217135452e-05,7.259584672930167e-05,-4.79945008735605e-07,-8.38743694941968e-05,2.7431538818234458e-05,0.0,0.0,0.0,0.0,0.0,0.0,0.0,0.0,0.0,0.0,0.0,0.0,0.0,0.0,0.0,0.0,0.0,0.0,0.0,0.0,0.0,0.0,0.0,0.0,0.0,0.0,0.0,0.0,0.0,0.0,0.0,0.0,0.0,0.0,0.0,0.0
53,146000000,odom,base_link,-1.7806616233228547,0.09452339027096318,-0.10477159829365654,-1.4812879391152094e-05,0.003906702150966829,-0.0002048945094748775,0.9999923477092824,0.0,0.0,0.0,0.0,0.0,0.0,0.0,0.0,0.0,0.0,0.0,0.0,0.0,0.0,0.0,0.0,0.0,0.0,0.0,0.0,0.0,0.0,0.0,0.0,0.0,0.0,0.0,0.0,0.0,0.0,0.0,0.0,0.0,0.0,0.0,0.0,0.004684859524597163,7.179293853509402e-05,7.386060199492251e-05,-5.835932792574994e-07,-8.695950839410216e-05,3.189718746909875e-05,0.0,0.0,0.0,0.0,0.0,0.0,0.0,0.0,0.0,0.0,0.0,0.0,0.0,0.0,0.0,0.0,0.0,0.0,0.0,0.0,0.0,0.0,0.0,0.0,0.0,0.0,0.0,0.0,0.0,0.0,0.0,0.0,0.0,0.0,0.0,0.0
53,180000000,odom,base_link,-1.780502360201213,0.09452576686721444,-0.10477032956990923,-1.4824001260408501e-05,0.0039052535205039616,-0.00020436618691912524,0.9999923534755909,0.0,0.0,0.0,0.0,0.0,0.0,0.0,0.0,0.0,0.0,0.0,0.0,0.0,0.0,0.0,0.0,0.0,0.0,0.0,0.0,0.0,0.0,0.0,0.0,0.0,0.0,0.0,0.0,0.0,0.0,0.0,0.0,0.0,0.0,0.0,0.0,0.0046831479338972585,7.182993703685282e-05,7.380869151245289e-05,-4.6040932732971385e-07,-8.383007354950678e-05,2.9379912902527394e-05,0.0,0.0,0.0,0.0,0.0,0.0,0.0,0.0,0.0,0.0,0.0,0.0,0.0,0.0,0.0,0.0,0.0,0.0,0.0,0.0,0.0,0.0,0.0,0.0,0.0,0.0,0.0,0.0,0.0,0.0,0.0,0.0,0.0,0.0,0.0,0.0
53,214000000,odom,base_link,-1.780343154669266,0.09452814503512053,-0.10476908280284777,-1.48334556722269e-05,0.0039038427264106185,-0.00020390988636450298,0.9999923590771553,0.0,0.0,0.0,0.0,0.0,0.0,0.0,0.0,0.0,0.0,0.0,0.0,0.0,0.0,0.0,0.0,0.0,0.0,0.0,0.0,0.0,0.0,0.0,0.0,0.0,0.0,0.0,0.0,0.0,0.0,0.0,0.0,0.0,0.0,0.0,0.0,0.004681461350707376,7.186867752922762e-05,7.321543892047751e-05,-4.545073983841519e-07,-8.294212392456757e-05,2.623044661476115e-05,0.0,0.0,0.0,0.0,0.0,0.0,0.0,0.0,0.0,0.0,0.0,0.0,0.0,0.0,0.0,0.0,0.0,0.0,0.0,0.0,0.0,0.0,0.0,0.0,0.0,0.0,0.0,0.0,0.0,0.0,0.0,0.0,0.0,0.0,0.0,0.0
53,248000000,odom,base_link,-1.7801840067593593,0.09453052429011549,-0.10476780665701432,-1.4845073565519581e-05,0.003902380572995758,-0.0002034136229942936,0.9999923648850452,0.0,0.0,0.0,0.0,0.0,0.0,0.0,0.0,0.0,0.0,0.0,0.0,0.0,0.0,0.0,0.0,0.0,0.0,0.0,0.0,0.0,0.0,0.0,0.0,0.0,0.0,0.0,0.0,0.0,0.0,0.0,0.0,0.0,0.0,0.0,0.0,0.004679755467176558,7.189083568736289e-05,7.435953927774348e-05,-5.832480831635678e-07,-8.672948297316907e-05,3.070777196967356e-05,0.0,0.0,0.0,0.0,0.0,0.0,0.0,0.0,0.0,0.0,0.0,0.0,0.0,0.0,0.0,0.0,0.0,0.0,0.0,0.0,0.0,0.0,0.0,0.0,0.0,0.0,0.0,0.0,0.0,0.0,0.0,0.0,0.0,0.0,0.0,0.0
53,282000000,odom,base_link,-1.7800249164075466,0.09453290471807328,-0.10476651964031759,-1.485636619119093e-05,0.0039009329922577067,-0.00020289713861708066,0.9999923706378111,0.0,0.0,0.0,0.0,0.0,0.0,0.0,0.0,0.0,0.0,0.0,0.0,0.0,0.0,0.0,0.0,0.0,0.0,0.0,0.0,0.0,0.0,0.0,0.0,0.0,0.0,0.0,0.0,0.0,0.0,0.0,0.0,0.0,0.0,0.0,0.0,0.0046780663711738025,7.192591645082719e-05,7.424889740697585e-05,-4.770702694001372e-07,-8.389230572447559e-05,2.9050645800055008e-05,0.0,0.0,0.0,0.0,0.0,0.0,0.0,0.0,0.0,0.0,0.0,0.0,0.0,0.0,0.0,0.0,0.0,0.0,0.0,0.0,0.0,0.0,0.0,0.0,0.0,0.0,0.0,0.0,0.0,0.0,0.0,0.0,0.0,0.0,0.0,0.0
53,316000000,odom,base_link,-1.779865883550191,0.09453528660649414,-0.10476524748406797,-1.4866381109375206e-05,0.0038995102018365155,-0.00020242831250127705,0.9999923762819168,0.0,0.0,0.0,0.0,0.0,0.0,0.0,0.0,0.0,0.0,0.0,0.0,0.0,0.0,0.0,0.0,0.0,0.0,0.0,0.0,0.0,0.0,0.0,0.0,0.0,0.0,0.0,0.0,0.0,0.0,0.0,0.0,0.0,0.0,0.0,0.0,0.004676374202973771,7.195988614863351e-05,7.418739458232116e-05,-5.010638237656906e-07,-8.482209139515362e-05,2.803383960525707e-05,0.0,0.0,0.0,0.0,0.0,0.0,0.0,0.0,0.0,0.0,0.0,0.0,0.0,0.0,0.0,0.0,0.0,0.0,0.0,0.0,0.0,0.0,0.0,0.0,0.0,0.0,0.0,0.0,0.0,0.0,0.0,0.0,0.0,0.0,0.0,0.0
53,350000000,odom,base_link,-1.7797069083086685,0.09453766951995698,-0.10476394065573207,-1.487826574113499e-05,0.0038980409619816347,-0.00020190571673214927,0.9999923821156727,0.0,0.0,0.0,0.0,0.0,0.0,0.0,0.0,0.0,0.0,0.0,0.0,0.0,0.0,0.0,0.0,0.0,0.0,0.0,0.0,0.0,0.0,0.0,0.0,0.0,0.0,0.0,0.0,0.0,0.0,0.0,0.0,0.0,0.0,0.0,0.0,0.0046746719062610515,7.198250844170506e-05,7.509596569316364e-05,-5.798752422681019e-07,-8.675200362517899e-05,3.2128673765896565e-05,0.0,0.0,0.0,0.0,0.0,0.0,0.0,0.0,0.0,0.0,0.0,0.0,0.0,0.0,0.0,0.0,0.0,0.0,0.0,0.0,0.0,0.0,0.0,0.0,0.0,0.0,0.0,0.0,0.0,0.0,0.0,0.0,0.0,0.0,0.0,0.0
53,384000000,odom,base_link,-1.7795479906667777,0.09454005337250534,-0.10476259748546564,-1.4891081555834841e-05,0.0038965569137849997,-0.00020130900830993238,0.9999923880196071,0.0,0.0,0.0,0.0,0.0,0.0,0.0,0.0,0.0,0.0,0.0,0.0,0.0,0.0,0.0,0.0,0.0,0.0,0.0,0.0,0.0,0.0,0.0,0.0,0.0,0.0,0.0,0.0,0.0,0.0,0.0,0.0,0.0,0.0,0.0,0.0,0.004672968564428679,7.200344062054813e-05,7.63995696748846e-05,-6.047419065513537e-07,-8.746282418314877e-05,3.674919391016829e-05,0.0,0.0,0.0,0.0,0.0,0.0,0.0,0.0,0.0,0.0,0.0,0.0,0.0,0.0,0.0,0.0,0.0,0.0,0.0,0.0,0.0,0.0,0.0,0.0,0.0,0.0,0.0,0.0,0.0,0.0,0.0,0.0,0.0,0.0,0.0,0.0
53,418000000,odom,base_link,-1.7793891306036858,0.0945424382854741,-0.10476123271639674,-1.4903369055627178e-05,0.003895086155152809,-0.00020066505283234892,0.9999923938787085,0.0,0.0,0.0,0.0,0.0,0.0,0.0,0.0,0.0,0.0,0.0,0.0,0.0,0.0,0.0,0.0,0.0,0.0,0.0,0.0,0.0,0.0,0.0,0.0,0.0,0.0,0.0,0.0,0.0,0.0,0.0,0.0,0.0,0.0,0.0,0.0,0.004671276250753447,7.2034748575579e-05,7.644819610388629e-05,-4.831152228268465e-07,-8.500338779526828e-05,3.6399728031710765e-05,0.0,0.0,0.0,0.0,0.0,0.0,0.0,0.0,0.0,0.0,0.0,0.0,0.0,0.0,0.0,0.0,0.0,0.0,0.0,0.0,0.0,0.0,0.0,0.0,0.0,0.0,0.0,0.0,0.0,0.0,0.0,0.0,0.0,0.0,0.0,0.0
53,452000000,odom,base_link,-1.7792303280251478,0.09454482495713484,-0.1047598993245124,-1.4912233626328294e-05,0.003893671360969359,-0.00020013519629394466,0.9999923994945468,0.0,0.0,0.0,0.0,0.0,0.0,0.0,0.0,0.0,0.0,0.0,0.0,0.0,0.0,0.0,0.0,0.0,0.0,0.0,0.0,0.0,0.0,0.0,0.0,0.0,0.0,0.0,0.0,0.0,0.0,0.0,0.0,0.0,0.0,0.0,0.0,0.004669595490669834,7.208312673906592e-05,7.495481660457544e-05,-3.5454661706513235e-07,-8.269424895956945e-05,2.8504472560086924e-05,0.0,0.0,0.0,0.0,0.0,0.0,0.0,0.0,0.0,0.0,0.0,0.0,0.0,0.0,0.0,0.0,0.0,0.0,0.0,0.0,0.0,0.0,0.0,0.0,0.0,0.0,0.0,0.0,0.0,0.0,0.0,0.0,0.0,0.0,0.0,0.0
53,486000000,odom,base_link,-1.7790715831138855,0.09454721305628253,-0.10475857199970046,-1.4922367251675289e-05,0.0038922170586813748,-0.00019964443600743064,0.9999924052540551,0.0,0.0,0.0,0.0,0.0,0.0,0.0,0.0,0.0,0.0,0.0,0.0,0.0,0.0,0.0,0.0,0.0,0.0,0.0,0.0,0.0,0.0,0.0,0.0,0.0,0.0,0.0,0.0,0.0,0.0,0.0,0.0,0.0,0.0,0.0,0.0,0.004667893344973394,7.211271207730869e-05,7.566510313975481e-05,-5.19701809365003e-07,-8.655583272343392e-05,2.9533007861459737e-05,0.0,0.0,0.0,0.0,0.0,0.0,0.0,0.0,0.0,0.0,0.0,0.0,0.0,0.0,0.0,0.0,0.0,0.0,0.0,0.0,0.0,0.0,0.0,0.0,0.0,0.0,0.0,0.0,0.0,0.0,0.0,0.0,0.0,0.0,0.0,0.0
53,520000000,odom,base_link,-1.7789128961374325,0.09454960233948753,-0.10475724058734633,-1.4933816761655495e-05,0.0038907503299754806,-0.00019913706910858255,0.9999924110628433,0.0,0.0,0.0,0.0,0.0,0.0,0.0,0.0,0.0,0.0,0.0,0.0,0.0,0.0,0.0,0.0,0.0,0.0,0.0,0.0,0.0,0.0,0.0,0.0,0.0,0.0,0.0,0.0,0.0,0.0,0.0,0.0,0.0,0.0,0.0,0.0,0.004666184133855432,7.214557551840604e-05,7.522397349469918e-05,-5.142207715191915e-07,-8.517327998447399e-05,2.886786347744419e-05,0.0,0.0,0.0,0.0,0.0,0.0,0.0,0.0,0.0,0.0,0.0,0.0,0.0,0.0,0.0,0.0,0.0,0.0,0.0,0.0,0.0,0.0,0.0,0.0,0.0,0.0,0.0,0.0,0.0,0.0,0.0,0.0,0.0,0.0,0.0,0.0
53,554000000,odom,base_link,-1.7787542670368308,0.0945519932057553,-0.10475595355171305,-1.4943694422127327e-05,0.0038893321823255107,-0.000198707439432913,0.9999924166648541,0.0,0.0,0.0,0.0,0.0,0.0,0.0,0.0,0.0,0.0,0.0,0.0,0.0,0.0,0.0,0.0,0.0,0.0,0.0,0.0,0.0,0.0,0.0,0.0,0.0,0.0,0.0,0.0,0.0,0.0,0.0,0.0,0.0,0.0,0.0,0.0,0.00466450555537561,7.218911969444118e-05,7.338836018706654e-05,-4.5319325792103626e-07,-8.287430759423842e-05,2.3427646311802164e-05,0.0,0.0,0.0,0.0,0.0,0.0,0.0,0.0,0.0,0.0,0.0,0.0,0.0,0.0,0.0,0.0,0.0,0.0,0.0,0.0,0.0,0.0,0.0,0.0,0.0,0.0,0.0,0.0,0.0,0.0,0.0,0.0,0.0,0.0,0.0,0.0
53,588000000,odom,base_link,-1.7785956955977833,0.09455438529911862,-0.104754684823381,-1.4954884484551417e-05,0.0038878800646372936,-0.00019827504676526715,0.9999924223972702,0.0,0.0,0.0,0.0,0.0,0.0,0.0,0.0,0.0,0.0,0.0,0.0,0.0,0.0,0.0,0.0,0.0,0.0,0.0,0.0,0.0,0.0,0.0,0.0,0.0,0.0,0.0,0.0,0.0,0.0,0.0,0.0,0.0,0.0,0.0,0.0,0.0046628055310881196,7.221254457728346e-05,7.389369086093657e-05,-5.881107656424689e-07,-8.655413310520998e-05,2.7337967267726526e-05,0.0,0.0,0.0,0.0,0.0,0.0,0.0,0.0,0.0,0.0,0.0,0.0,0.0,0.0,0.0,0.0,0.0,0.0,0.0,0.0,0.0,0.0,0.0,0.0,0.0,0.0,0.0,0.0,0.0,0.0,0.0,0.0,0.0,0.0,0.0,0.0
53,622000000,odom,base_link,-1.7784371817703002,0.09455677838191556,-0.10475341206715624,-1.4965235321916679e-05,0.003886418150035197,-0.00019778473606543918,0.9999924281769352,0.0,0.0,0.0,0.0,0.0,0.0,0.0,0.0,0.0,0.0,0.0,0.0,0.0,0.0,0.0,0.0,0.0,0.0,0.0,0.0,0.0,0.0,0.0,0.0,0.0,0.0,0.0,0.0,0.0,0.0,0.0,0.0,0.0,0.0,0.0,0.0,0.004661117933310204,7.224210041832107e-05,7.333998016700409e-05,-3.901954898077875e-07,-8.44114239839655e-05,2.8089951520371415e-05,0.0,0.0,0.0,0.0,0.0,0.0,0.0,0.0,0.0,0.0,0.0,0.0,0.0,0.0,0.0,0.0,0.0,0.0,0.0,0.0,0.0,0.0,0.0,0.0,0.0,0.0,0.0,0.0,0.0,0.0,0.0,0.0,0.0,0.0,0.0,0.0
53,656000000,odom,base_link,-1.7782787254070358,0.09455917291874767,-0.1047521880464612,-1.4973583127187855e-05,0.0038850131329972344,-0.00019734487350946174,0.9999924337232503,0.0,0.0,0.0,0.0,0.0,0.0,0.0,0.0,0.0,0.0,0.0,0.0,0.0,0.0,0.0,0.0,0.0,0.0,0.0,0.0,0.0,0.0,0.0,0.0,0.0,0.0,0.0,0.0,0.0,0.0,0.0,0.0,0.0,0.0,0.0,0.0,0.004659439881565123,7.228034373686008e-05,7.155832200761385e-05,-3.8096898968831283e-07,-8.240977820150874e-05,2.496347946134847e-05,0.0,0.0,0.0,0.0,0.0,0.0,0.0,0.0,0.0,0.0,0.0,0.0,0.0,0.0,0.0,0.0,0.0,0.0,0.0,0.0,0.0,0.0,0.0,0.0,0.0,0.0,0.0,0.0,0.0,0.0,0.0,0.0,0.0,0.0,0.0,0.0
53,690000000,odom,base_link,-1.7781203266758125,0.09456156854015928,-0.10475096343684322,-1.498442556767411e-05,0.0038835616621912187,-0.00019686953585840064,0.9999924394547535,0.0,0.0,0.0,0.0,0.0,0.0,0.0,0.0,0.0,0.0,0.0,0.0,0.0,0.0,0.0,0.0,0.0,0.0,0.0,0.0,0.0,0.0,0.0,0.0,0.0,0.0,0.0,0.0,0.0,0.0,0.0,0.0,0.0,0.0,0.0,0.0,0.004657737717712083,7.230179434628586e-05,7.245229796692586e-05,-5.593645102663913e-07,-8.615449829108002e-05,2.9613634566771907e-05,0.0,0.0,0.0,0.0,0.0,0.0,0.0,0.0,0.0,0.0,0.0,0.0,0.0,0.0,0.0,0.0,0.0,0.0,0.0,0.0,0.0,0.0,0.0,0.0,0.0,0.0,0.0,0.0,0.0,0.0,0.0,0.0,0.0,0.0,0.0,0.0
53,724000000,odom,base_link,-1.7779619854875466,0.0945639652292099,-0.10474973309730248,-1.499532552527419e-05,0.003882116990434522,-0.00019635452855881505,0.9999924451653182,0.0,0.0,0.0,0.0,0.0,0.0,0.0,0.0,0.0,0.0,0.0,0.0,0.0,0.0,0.0,0.0,0.0,0.0,0.0,0.0,0.0,0.0,0.0,0.0,0.0,0.0,0.0,0.0,0.0,0.0,0.0,0.0,0.0,0.0,0.0,0.0,0.004656050226678421,7.233369050209466e-05,7.219743213061012e-05,-4.567456163284689e-07,-8.352759692797918e-05,2.91818786024578e-05,0.0,0.0,0.0,0.0,0.0,0.0,0.0,0.0,0.0,0.0,0.0,0.0,0.0,0.0,0.0,0.0,0.0,0.0,0.0,0.0,0.0,0.0,0.0,0.0,0.0,0.0,0.0,0.0,0.0,0.0,0.0,0.0,0.0,0.0,0.0,0.0
53,758000000,odom,base_link,-1.777803701748731,0.09456636340653145,-0.10474853488047219,-1.5004739440347427e-05,0.003880714604429594,-0.00019589817863488015,0.9999924506979642,0.0,0.0,0.0,0.0,0.0,0.0,0.0,0.0,0.0,0.0,0.0,0.0,0.0,0.0,0.0,0.0,0.0,0.0,0.0,0.0,0.0,0.0,0.0,0.0,0.0,0.0,0.0,0.0,0.0,0.0,0.0,0.0,0.0,0.0,0.0,0.0,0.004654368339629479,7.237211982222261e-05,7.087971251978118e-05,-4.353691518410585e-07,-8.242355562515513e-05,2.585521805542612e-05,0.0,0.0,0.0,0.0,0.0,0.0,0.0,0.0,0.0,0.0,0.0,0.0,0.0,0.0,0.0,0.0,0.0,0.0,0.0,0.0,0.0,0.0,0.0,0.0,0.0,0.0,0.0,0.0,0.0,0.0,0.0,0.0,0.0,0.0,0.0,0.0
53,792000000,odom,base_link,-1.777645475634188,0.094568762701799,-0.10474732689953622,-1.5015976786917519e-05,0.003879265507081471,-0.00019541495571895977,0.9999924564148678,0.0,0.0,0.0,0.0,0.0,0.0,0.0,0.0,0.0,0.0,0.0,0.0,0.0,0.0,0.0,0.0,0.0,0.0,0.0,0.0,0.0,0.0,0.0,0.0,0.0,0.0,0.0,0.0,0.0,0.0,0.0,0.0,0.0,0.0,0.0,0.0,0.0046526650855967955,7.239477672299847e-05,7.194126102465906e-05,-5.687611659421776e-07,-8.59689883725423e-05,2.9850120064622843e-05,0.0,0.0,0.0,0.0,0.0,0.0,0.0,0.0,0.0,0.0,0.0,0.0,0.0,0.0,0.0,0.0,0.0,0.0,0.0,0.0,0.0,0.0,0.0,0.0,0.0,0.0,0.0,0.0,0.0,0.0,0.0,0.0,0.0,0.0,0.0,0.0
53,826000000,odom,base_link,-1.777487307061323,0.09457116311734486,-0.10474610798791523,-1.5027225168056101e-05,0.0038778244241500642,-0.00019490527261047504,0.9999924621035163,0.0,0.0,0.0,0.0,0.0,0.0,0.0,0.0,0.0,0.0,0.0,0.0,0.0,0.0,0.0,0.0,0.0,0.0,0.0,0.0,0.0,0.0,0.0,0.0,0.0,0.0,0.0,0.0,0.0,0.0,0.0,0.0,0.0,0.0,0.0,0.0,0.004650976454788581,7.242831922918172e-05,7.183889076338596e-05,-4.747730625309643e-07,-8.32854730958843e-05,2.860585563979612e-05,0.0,0.0,0.0,0.0,0.0,0.0,0.0,0.0,0.0,0.0,0.0,0.0,0.0,0.0,0.0,0.0,0.0,0.0,0.0,0.0,0.0,0.0,0.0,0.0,0.0,0.0,0.0,0.0,0.0,0.0,0.0,0.0,0.0,0.0,0.0,0.0
53,860000000,odom,base_link,-1.777329195926645,0.0945735650528119,-0.10474491173272221,-1.5039990439278182e-05,0.003876424477302459,-0.00019446111207210737,0.9999924676176047,0.0,0.0,0.0,0.0,0.0,0.0,0.0,0.0,0.0,0.0,0.0,0.0,0.0,0.0,0.0,0.0,0.0,0.0,0.0,0.0,0.0,0.0,0.0,0.0,0.0,0.0,0.0,0.0,0.0,0.0,0.0,0.0,0.0,0.0,0.0,0.0,0.004649291244993738,7.246722280317827e-05,7.105547461317579e-05,-1.110679165305939e-06,-8.257165902136876e-05,2.5380553481113566e-05,0.0,0.0,0.0,0.0,0.0,0.0,0.0,0.0,0.0,0.0,0.0,0.0,0.0,0.0,0.0,0.0,0.0,0.0,0.0,0.0,0.0,0.0,0.0,0.0,0.0,0.0,0.0,0.0,0.0,0.0,0.0,0.0,0.0,0.0,0.0,0.0
53,894000000,odom,base_link,-1.7771711423912038,0.09457596807885822,-0.10474368894842201,-1.5057602174096748e-05,0.0038749757324336755,-0.0001939827588554144,0.99999247332519,0.0,0.0,0.0,0.0,0.0,0.0,0.0,0.0,0.0,0.0,0.0,0.0,0.0,0.0,0.0,0.0,0.0,0.0,0.0,0.0,0.0,0.0,0.0,0.0,0.0,0.0,0.0,0.0,0.0,0.0,0.0,0.0,0.0,0.0,0.0,0.0,0.004647586501709737,7.248904189599301e-05,7.233710293481469e-05,-8.077936708428268e-07,-8.583117789839889e-05,2.9557975445015927e-05,0.0,0.0,0.0,0.0,0.0,0.0,0.0,0.0,0.0,0.0,0.0,0.0,0.0,0.0,0.0,0.0,0.0,0.0,0.0,0.0,0.0,0.0,0.0,0.0,0.0,0.0,0.0,0.0,0.0,0.0,0.0,0.0,0.0,0.0,0.0,0.0
53,928000000,odom,base_link,-1.7770131463717287,0.09457837223959815,-0.10474245049662288,-1.5070016852940111e-05,0.0038735428461775462,-0.000193483026162575,0.9999924789732331,0.0,0.0,0.0,0.0,0.0,0.0,0.0,0.0,0.0,0.0,0.0,0.0,0.0,0.0,0.0,0.0,0.0,0.0,0.0,0.0,0.0,0.0,0.0,0.0,0.0,0.0,0.0,0.0,0.0,0.0,0.0,0.0,0.0,0.0,0.0,0.0,0.004645897546006312,7.252326231255163e-05,7.236946744452411e-05,-4.640105688569207e-07,-8.286973951499021e-05,2.7996667206764414e-05,0.0,0.0,0.0,0.0,0.0,0.0,0.0,0.0,0.0,0.0,0.0,0.0,0.0,0.0,0.0,0.0,0.0,0.0,0.0,0.0,0.0,0.0,0.0,0.0,0.0,0.0,0.0,0.0,0.0,0.0,0.0,0.0,0.0,0.0,0.0,0.0
53,962000000,odom,base_link,-1.7768552078136988,0.0945807778950264,-0.10474123240607122,-1.5078098250143522e-05,0.0038721448935725195,-0.00019304493824068235,0.9999924844718714,0.0,0.0,0.0,0.0,0.0,0.0,0.0,0.0,0.0,0.0,0.0,0.0,0.0,0.0,0.0,0.0,0.0,0.0,0.0,0.0,0.0,0.0,0.0,0.0,0.0,0.0,0.0,0.0,0.0,0.0,0.0,0.0,0.0,0.0,0.0,0.0,0.00464421030251769,7.256040295394556e-05,7.165686805875829e-05,-3.570929107965526e-07,-8.28082761472615e-05,2.5299436678949405e-05,0.0,0.0,0.0,0.0,0.0,0.0,0.0,0.0,0.0,0.0,0.0,0.0,0.0,0.0,0.0,0.0,0.0,0.0,0.0,0.0,0.0,0.0,0.0,0.0,0.0,0.0,0.0,0.0,0.0,0.0,0.0,0.0,0.0,0.0,0.0,0.0
53,996000000,odom,base_link,-1.7766973268842479,0.09458318459238624,-0.10473998300984375,-1.508835772400962e-05,0.003870693517511599,-0.00019256259740944946,0.9999924901836419,0.0,0.0,0.0,0.0,0.0,0.0,0.0,0.0,0.0,0.0,0.0,0.0,0.0,0.0,0.0,0.0,0.0,0.0,0.0,0.0,0.0,0.0,0.0,0.0,0.0,0.0,0.0,0.0,0.0,0.0,0.0,0.0,0.0,0.0,0.0,0.0,0.004642504318423354,7.25816355302773e-05,7.309147548517399e-05,-5.167565542141261e-07,-8.595266507427368e-05,2.994672154699174e-05,0.0,0.0,0.0,0.0,0.0,0.0,0.0,0.0,0.0,0.0,0.0,0.0,0.0,0.0,0.0,0.0,0.0,0.0,0.0,0.0,0.0,0.0,0.0,0.0,0.0,0.0,0.0,0.0,0.0,0.0,0.0,0.0,0.0,0.0,0.0,0.0
54,30000000,odom,base_link,-1.7765395034401774,0.09458559247855527,-0.10473871749399906,-1.5098553525861382e-05,0.003869268426014902,-0.0001920698184368381,0.9999924957933765,0.0,0.0,0.0,0.0,0.0,0.0,0.0,0.0,0.0,0.0,0.0,0.0,0.0,0.0,0.0,0.0,0.0,0.0,0.0,0.0,0.0,0.0,0.0,0.0,0.0,0.0,0.0,0.0,0.0,0.0,0.0,0.0,0.0,0.0,0.0,0.0,0.004640817215076418,7.261850219881879e-05,7.300183661452715e-05,-4.294690020278935e-07,-8.234076034341342e-05,2.7216177223010618e-05,0.0,0.0,0.0,0.0,0.0,0.0,0.0,0.0,0.0,0.0,0.0,0.0,0.0,0.0,0.0,0.0,0.0,0.0,0.0,0.0,0.0,0.0,0.0,0.0,0.0,0.0,0.0,0.0,0.0,0.0,0.0,0.0,0.0,0.0,0.0,0.0
54,64000000,odom,base_link,-1.776381737471466,0.09458800188481763,-0.10473747542934912,-1.5107659908554692e-05,0.0038678728884289676,-0.00019164555305765967,0.9999925012734143,0.0,0.0,0.0,0.0,0.0,0.0,0.0,0.0,0.0,0.0,0.0,0.0,0.0,0.0,0.0,0.0,0.0,0.0,0.0,0.0,0.0,0.0,0.0,0.0,0.0,0.0,0.0,0.0,0.0,0.0,0.0,0.0,0.0,0.0,0.0,0.0,0.004639127566671417,7.265457412006911e-05,7.251049951082269e-05,-4.602400904829551e-07,-8.330749565743645e-05,2.5005329362670636e-05,0.0,0.0,0.0,0.0,0.0,0.0,0.0,0.0,0.0,0.0,0.0,0.0,0.0,0.0,0.0,0.0,0.0,0.0,0.0,0.0,0.0,0.0,0.0,0.0,0.0,0.0,0.0,0.0,0.0,0.0,0.0,0.0,0.0,0.0,0.0,0.0
54,98000000,odom,base_link,-1.7762240291332323,0.09459041230344686,-0.10473620093195071,-1.5118949957957422e-05,0.003866422941034651,-0.00019117201231751477,0.9999925069710873,0.0,0.0,0.0,0.0,0.0,0.0,0.0,0.0,0.0,0.0,0.0,0.0,0.0,0.0,0.0,0.0,0.0,0.0,0.0,0.0,0.0,0.0,0.0,0.0,0.0,0.0,0.0,0.0,0.0,0.0,0.0,0.0,0.0,0.0,0.0,0.0,0.004637424130106352,7.26763412851959e-05,7.364294644678035e-05,-5.650892476172231e-07,-8.571772767140828e-05,2.931646747583727e-05,0.0,0.0,0.0,0.0,0.0,0.0,0.0,0.0,0.0,0.0,0.0,0.0,0.0,0.0,0.0,0.0,0.0,0.0,0.0,0.0,0.0,0.0,0.0,0.0,0.0,0.0,0.0,0.0,0.0,0.0,0.0,0.0,0.0,0.0,0.0,0.0
54,132000000,odom,base_link,-1.7760663782778894,0.09459282391408368,-0.10473491680423264,-1.512936521661313e-05,0.0038650014607755365,-0.0001906907742100838,0.9999925125578887,0.0,0.0,0.0,0.0,0.0,0.0,0.0,0.0,0.0,0.0,0.0,0.0,0.0,0.0,0.0,0.0,0.0,0.0,0.0,0.0,0.0,0.0,0.0,0.0,0.0,0.0,0.0,0.0,0.0,0.0,0.0,0.0,0.0,0.0,0.0,0.0,0.0046357375388470885,7.27124245717658e-05,7.345398773791256e-05,-4.3494902124407986e-07,-8.239635960194391e-05,2.689565654634407e-05,0.0,0.0,0.0,0.0,0.0,0.0,0.0,0.0,0.0,0.0,0.0,0.0,0.0,0.0,0.0,0.0,0.0,0.0,0.0,0.0,0.0,0.0,0.0,0.0,0.0,0.0,0.0,0.0,0.0,0.0,0.0,0.0,0.0,0.0,0.0,0.0
54,166000000,odom,base_link,-1.775908784920763,0.09459523695286255,-0.10473365468081114,-1.5138513758467473e-05,0.0038636000696268204,-0.00019025822907287922,0.9999925180555771,0.0,0.0,0.0,0.0,0.0,0.0,0.0,0.0,0.0,0.0,0.0,0.0,0.0,0.0,0.0,0.0,0.0,0.0,0.0,0.0,0.0,0.0,0.0,0.0,0.0,0.0,0.0,0.0,0.0,0.0,0.0,0.0,0.0,0.0,0.0,0.0,0.004634046452760281,7.274560677830762e-05,7.311522229177871e-05,-4.632602190746127e-07,-8.375512976499522e-05,2.5942422254843223e-05,0.0,0.0,0.0,0.0,0.0,0.0,0.0,0.0,0.0,0.0,0.0,0.0,0.0,0.0,0.0,0.0,0.0,0.0,0.0,0.0,0.0,0.0,0.0,0.0,0.0,0.0,0.0,0.0,0.0,0.0,0.0,0.0,0.0,0.0,0.0,0.0
54,200000000,odom,base_link,-1.7757512491813663,0.09459765096886992,-0.10473236125904302,-1.5149743734788985e-05,0.0038621495209326573,-0.00018976913320693307,0.9999925237516725,0.0,0.0,0.0,0.0,0.0,0.0,0.0,0.0,0.0,0.0,0.0,0.0,0.0,0.0,0.0,0.0,0.0,0.0,0.0,0.0,0.0,0.0,0.0,0.0,0.0,0.0,0.0,0.0,0.0,0.0,0.0,0.0,0.0,0.0,0.0,0.0,0.004632344949180715,7.276718874915864e-05,7.404898799566676e-05,-5.546681447476942e-07,-8.564534681454461e-05,3.0220217617227263e-05,0.0,0.0,0.0,0.0,0.0,0.0,0.0,0.0,0.0,0.0,0.0,0.0,0.0,0.0,0.0,0.0,0.0,0.0,0.0,0.0,0.0,0.0,0.0,0.0,0.0,0.0,0.0,0.0,0.0,0.0,0.0,0.0,0.0,0.0,0.0,0.0
54,234000000,odom,base_link,-1.775593771014289,0.09460006588503331,-0.10473103328406906,-1.5161957234081494e-05,0.003860686061942775,-0.00018920523799483962,0.999992529509408,0.0,0.0,0.0,0.0,0.0,0.0,0.0,0.0,0.0,0.0,0.0,0.0,0.0,0.0,0.0,0.0,0.0,0.0,0.0,0.0,0.0,0.0,0.0,0.0,0.0,0.0,0.0,0.0,0.0,0.0,0.0,0.0,0.0,0.0,0.0,0.0,0.004630642996606461,7.27875168818983e-05,7.529015566538968e-05,-5.793663049313835e-07,-8.623126106499512e-05,3.481267292215762e-05,0.0,0.0,0.0,0.0,0.0,0.0,0.0,0.0,0.0,0.0,0.0,0.0,0.0,0.0,0.0,0.0,0.0,0.0,0.0,0.0,0.0,0.0,0.0,0.0,0.0,0.0,0.0,0.0,0.0,0.0,0.0,0.0,0.0,0.0,0.0,0.0
54,268000000,odom,base_link,-1.7754363503858364,0.09460248183493483,-0.10472968328189224,-1.517357974112472e-05,0.0038592375761709215,-0.000188596166326999,0.9999925352154281,0.0,0.0,0.0,0.0,0.0,0.0,0.0,0.0,0.0,0.0,0.0,0.0,0.0,0.0,0.0,0.0,0.0,0.0,0.0,0.0,0.0,0.0,0.0,0.0,0.0,0.0,0.0,0.0,0.0,0.0,0.0,0.0,0.0,0.0,0.0,0.0,0.004628951826556713,7.28185192090775e-05,7.536434467435283e-05,-4.531818975639368e-07,-8.366362820311224e-05,3.430981792007515e-05,0.0,0.0,0.0,0.0,0.0,0.0,0.0,0.0,0.0,0.0,0.0,0.0,0.0,0.0,0.0,0.0,0.0,0.0,0.0,0.0,0.0,0.0,0.0,0.0,0.0,0.0,0.0,0.0,0.0,0.0,0.0,0.0,0.0,0.0,0.0,0.0
54,302000000,odom,base_link,-1.7752789872037642,0.09460489948289436,-0.10472836342749678,-1.518186124326355e-05,0.00385784394312302,-0.00018809554852405454,0.9999925406870225,0.0,0.0,0.0,0.0,0.0,0.0,0.0,0.0,0.0,0.0,0.0,0.0,0.0,0.0,0.0,0.0,0.0,0.0,0.0,0.0,0.0,0.0,0.0,0.0,0.0,0.0,0.0,0.0,0.0,0.0,0.0,0.0,0.0,0.0,0.0,0.0,0.004627271731530984,7.286503917458529e-05,7.390009339184248e-05,-3.2953214046393953e-07,-8.14509427016219e-05,2.6954709397841725e-05,0.0,0.0,0.0,0.0,0.0,0.0,0.0,0.0,0.0,0.0,0.0,0.0,0.0,0.0,0.0,0.0,0.0,0.0,0.0,0.0,0.0,0.0,0.0,0.0,0.0,0.0,0.0,0.0,0.0,0.0,0.0,0.0,0.0,0.0,0.0,0.0
54,336000000,odom,base_link,-1.7751216816550015,0.09460731852342047,-0.10472705225551131,-1.5191297343839828e-05,0.003856412735004837,-0.0001876342903275456,0.9999925462939286,0.0,0.0,0.0,0.0,0.0,0.0,0.0,0.0,0.0,0.0,0.0,0.0,0.0,0.0,0.0,0.0,0.0,0.0,0.0,0.0,0.0,0.0,0.0,0.0,0.0,0.0,0.0,0.0,0.0,0.0,0.0,0.0,0.0,0.0,0.0,0.0,0.0046255710748930815,7.289435115231714e-05,7.45410669072652e-05,-4.883834336943949e-07,-8.526378962869785e-05,2.7786217593472884e-05,0.0,0.0,0.0,0.0,0.0,0.0,0.0,0.0,0.0,0.0,0.0,0.0,0.0,0.0,0.0,0.0,0.0,0.0,0.0,0.0,0.0,0.0,0.0,0.0,0.0,0.0,0.0,0.0,0.0,0.0,0.0,0.0,0.0,0.0,0.0,0.0
54,370000000,odom,base_link,-1.774964433690988,0.09460973874768852,-0.10472573463630785,-1.5201887434531417e-05,0.003854973560628905,-0.00018716424543001336,0.9999925519309105,0.0,0.0,0.0,0.0,0.0,0.0,0.0,0.0,0.0,0.0,0.0,0.0,0.0,0.0,0.0,0.0,0.0,0.0,0.0,0.0,0.0,0.0,0.0,0.0,0.0,0.0,0.0,0.0,0.0,0.0,0.0,0.0,0.0,0.0,0.0,0.0,0.004623882560034493,7.292836022658694e-05,7.420555077973969e-05,-4.7083593135432977e-07,-8.33707460401456e-05,2.6323848345555234e-05,0.0,0.0,0.0,0.0,0.0,0.0,0.0,0.0,0.0,0.0,0.0,0.0,0.0,0.0,0.0,0.0,0.0,0.0,0.0,0.0,0.0,0.0,0.0,0.0,0.0,0.0,0.0,0.0,0.0,0.0,0.0,0.0,0.0,0.0,0.0,0.0
54,404000000,odom,base_link,-1.7748072432024111,0.09461216051406333,-0.10472445737040584,-1.5211115385372696e-05,0.0038535775116352484,-0.0001867706926646825,0.9999925573851498,0.0,0.0,0.0,0.0,0.0,0.0,0.0,0.0,0.0,0.0,0.0,0.0,0.0,0.0,0.0,0.0,0.0,0.0,0.0,0.0,0.0,0.0,0.0,0.0,0.0,0.0,0.0,0.0,0.0,0.0,0.0,0.0,0.0,0.0,0.0,0.0,0.004622203139267957,7.296964430187495e-05,7.253053758243388e-05,-4.3351371936672933e-07,-8.18222858356421e-05,2.1629264601585874e-05,0.0,0.0,0.0,0.0,0.0,0.0,0.0,0.0,0.0,0.0,0.0,0.0,0.0,0.0,0.0,0.0,0.0,0.0,0.0,0.0,0.0,0.0,0.0,0.0,0.0,0.0,0.0,0.0,0.0,0.0,0.0,0.0,0.0,0.0,0.0,0.0
54,438000000,odom,base_link,-1.774650110330764,0.09461458340099703,-0.10472318487491557,-1.5221895361678468e-05,0.0038521413724038945,-0.00018635744203891478,0.9999925629953679,0.0,0.0,0.0,0.0,0.0,0.0,0.0,0.0,0.0,0.0,0.0,0.0,0.0,0.0,0.0,0.0,0.0,0.0,0.0,0.0,0.0,0.0,0.0,0.0,0.0,0.0,0.0,0.0,0.0,0.0,0.0,0.0,0.0,0.0,0.0,0.0,0.004620502924984818,7.299141946533899e-05,7.326358868206633e-05,-5.59017115930871e-07,-8.525824668481619e-05,2.5971043626782375e-05,0.0,0.0,0.0,0.0,0.0,0.0,0.0,0.0,0.0,0.0,0.0,0.0,0.0,0.0,0.0,0.0,0.0,0.0,0.0,0.0,0.0,0.0,0.0,0.0,0.0,0.0,0.0,0.0,0.0,0.0,0.0,0.0,0.0,0.0,0.0,0.0
54,472000000,odom,base_link,-1.7744930350072534,0.09461700726400349,-0.10472191047665791,-1.5233051781139365e-05,0.0038507068950832707,-0.00018589071161256819,0.99999256860689,0.0,0.0,0.0,0.0,0.0,0.0,0.0,0.0,0.0,0.0,0.0,0.0,0.0,0.0,0.0,0.0,0.0,0.0,0.0,0.0,0.0,0.0,0.0,0.0,0.0,0.0,0.0,0.0,0.0,0.0,0.0,0.0,0.0,0.0,0.0,0.0,0.004618816206335881,7.30196644253033e-05,7.283714883795994e-05,-4.805430026122437e-07,-8.297656890476901e-05,2.7045324202390475e-05,0.0,0.0,0.0,0.0,0.0,0.0,0.0,0.0,0.0,0.0,0.0,0.0,0.0,0.0,0.0,0.0,0.0,0.0,0.0,0.0,0.0,0.0,0.0,0.0,0.0,0.0,0.0,0.0,0.0,0.0,0.0,0.0,0.0,0.0,0.0,0.0
54,506000000,odom,base_link,-1.7743360171211722,0.09461943246866827,-0.10472067545510517,-1.524450075791019e-05,0.0038493169125985577,-0.00018545512448461343,0.9999925740390817,0.0,0.0,0.0,0.0,0.0,0.0,0.0,0.0,0.0,0.0,0.0,0.0,0.0,0.0,0.0,0.0,0.0,0.0,0.0,0.0,0.0,0.0,0.0,0.0,0.0,0.0,0.0,0.0,0.0,0.0,0.0,0.0,0.0,0.0,0.0,0.0,0.004617136746481025,7.305503538253657e-05,7.13398440224081e-05,-8.833350217951619e-07,-8.156766071465427e-05,2.5076358767250895e-05,0.0,0.0,0.0,0.0,0.0,0.0,0.0,0.0,0.0,0.0,0.0,0.0,0.0,0.0,0.0,0.0,0.0,0.0,0.0,0.0,0.0,0.0,0.0,0.0,0.0,0.0,0.0,0.0,0.0,0.0,0.0,0.0,0.0,0.0,0.0,0.0
54,540000000,odom,base_link,-1.7741790568091893,0.09462185873124665,-0.1047194356428633,-1.5262032294674497e-05,0.00384788392148684,-0.0001849827087957715,0.9999925796413665,0.0,0.0,0.0,0.0,0.0,0.0,0.0,0.0,0.0,0.0,0.0,0.0,0.0,0.0,0.0,0.0,0.0,0.0,0.0,0.0,0.0,0.0,0.0,0.0,0.0,0.0,0.0,0.0,0.0,0.0,0.0,0.0,0.0,0.0,0.0,0.0,0.004615436134902322,7.307650148963895e-05,7.222004773881981e-05,-7.909349175605485e-07,-8.501850246034337e-05,2.926999655983309e-05,0.0,0.0,0.0,0.0,0.0,0.0,0.0,0.0,0.0,0.0,0.0,0.0,0.0,0.0,0.0,0.0,0.0,0.0,0.0,0.0,0.0,0.0,0.0,0.0,0.0,0.0,0.0,0.0,0.0,0.0,0.0,0.0,0.0,0.0,0.0,0.0
54,574000000,odom,base_link,-1.7740221540276058,0.09462428603985018,-0.10471819335481126,-1.5273935814698757e-05,0.003846455533571832,-0.00018447403419192453,0.9999925852304434,0.0,0.0,0.0,0.0,0.0,0.0,0.0,0.0,0.0,0.0,0.0,0.0,0.0,0.0,0.0,0.0,0.0,0.0,0.0,0.0,0.0,0.0,0.0,0.0,0.0,0.0,0.0,0.0,0.0,0.0,0.0,0.0,0.0,0.0,0.0,0.0,0.004613749686587369,7.310787588502373e-05,7.183995124726592e-05,-4.257785179984097e-07,-8.258450989728772e-05,2.8709577826191435e-05,0.0,0.0,0.0,0.0,0.0,0.0,0.0,0.0,0.0,0.0,0.0,0.0,0.0,0.0,0.0,0.0,0.0,0.0,0.0,0.0,0.0,0.0,0.0,0.0,0.0,0.0,0.0,0.0,0.0,0.0,0.0,0.0,0.0,0.0,0.0,0.0
54,608000000,odom,base_link,-1.7738653086736373,0.0946267148495264,-0.1047169871717178,-1.5281259209810017e-05,0.0038450701228031374,-0.00018403317749476956,0.9999925906395624,0.0,0.0,0.0,0.0,0.0,0.0,0.0,0.0,0.0,0.0,0.0,0.0,0.0,0.0,0.0,0.0,0.0,0.0,0.0,0.0,0.0,0.0,0.0,0.0,0.0,0.0,0.0,0.0,0.0,0.0,0.0,0.0,0.0,0.0,0.0,0.0,0.004612069031276143,7.314707071801884e-05,7.046225053101852e-05,-2.944705534968506e-07,-8.15059401304552e-05,2.4796954534167526e-05,0.0,0.0,0.0,0.0,0.0,0.0,0.0,0.0,0.0,0.0,0.0,0.0,0.0,0.0,0.0,0.0,0.0,0.0,0.0,0.0,0.0,0.0,0.0,0.0,0.0,0.0,0.0,0.0,0.0,0.0,0.0,0.0,0.0,0.0,0.0,0.0
54,642000000,odom,base_link,-1.7737085209082055,0.09462914479309664,-0.1047157726187773,-1.529043517331057e-05,0.0038436392979565534,-0.0001835744094485613,0.9999925962243851,0.0,0.0,0.0,0.0,0.0,0.0,0.0,0.0,0.0,0.0,0.0,0.0,0.0,0.0,0.0,0.0,0.0,0.0,0.0,0.0,0.0,0.0,0.0,0.0,0.0,0.0,0.0,0.0,0.0,0.0,0.0,0.0,0.0,0.0,0.0,0.0,0.004610367732055526,7.317068401510203e-05,7.142756362459759e-05,-4.658545049718299e-07,-8.481715809693924e-05,2.8170673793681544e-05,0.0,0.0,0.0,0.0,0.0,0.0,0.0,0.0,0.0,0.0,0.0,0.0,0.0,0.0,0.0,0.0,0.0,0.0,0.0,0.0,0.0,0.0,0.0,0.0,0.0,0.0,0.0,0.0,0.0,0.0,0.0,0.0,0.0,0.0,0.0,0.0
54,676000000,odom,base_link,-1.7735517906398843,0.09463157587848009,-0.10471455156061485,-1.5300275495000967e-05,0.003842219583729958,-0.00018309998392850786,0.999992601767117,0.0,0.0,0.0,0.0,0.0,0.0,0.0,0.0,0.0,0.0,0.0,0.0,0.0,0.0,0.0,0.0,0.0,0.0,0.0,0.0,0.0,0.0,0.0,0.0,0.0,0.0,0.0,0.0,0.0,0.0,0.0,0.0,0.0,0.0,0.0,0.0,0.004608681351349524,7.320484513571668e-05,7.119543376759331e-05,-4.26604554459864e-07,-8.207040806951227e-05,2.64721238707466e-05,0.0,0.0,0.0,0.0,0.0,0.0,0.0,0.0,0.0,0.0,0.0,0.0,0.0,0.0,0.0,0.0,0.0,0.0,0.0,0.0,0.0,0.0,0.0,0.0,0.0,0.0,0.0,0.0,0.0,0.0,0.0,0.0,0.0,0.0,0.0,0.0
54,710000000,odom,base_link,-1.7733951177895513,0.09463400845403895,-0.10471336030338578,-1.5309094407780616e-05,0.0038408392061782233,-0.00018269240122319917,0.999992607144328,0.0,0.0,0.0,0.0,0.0,0.0,0.0,0.0,0.0,0.0,0.0,0.0,0.0,0.0,0.0,0.0,0.0,0.0,0.0,0.0,0.0,0.0,0.0,0.0,0.0,0.0,0.0,0.0,0.0,0.0,0.0,0.0,0.0,0.0,0.0,0.0,0.004606998729740843,7.324289238236406e-05,7.006699835008999e-05,-4.2204848782478877e-07,-8.140051619420774e-05,2.3110078117838384e-05,0.0,0.0,0.0,0.0,0.0,0.0,0.0,0.0,0.0,0.0,0.0,0.0,0.0,0.0,0.0,0.0,0.0,0.0,0.0,0.0,0.0,0.0,0.0,0.0,0.0,0.0,0.0,0.0,0.0,0.0,0.0,0.0,0.0,0.0,0.0,0.0
54,744000000,odom,base_link,-1.7732385025271191,0.09463644208474115,-0.10471215108671583,-1.531973957511084e-05,0.00383940954571366,-0.00018225122401059217,0.9999926127147827,0.0,0.0,0.0,0.0,0.0,0.0,0.0,0.0,0.0,0.0,0.0,0.0,0.0,0.0,0.0,0.0,0.0,0.0,0.0,0.0,0.0,0.0,0.0,0.0,0.0,0.0,0.0,0.0,0.0,0.0,0.0,0.0,0.0,0.0,0.0,0.0,0.004605295704947919,7.32643001934074e-05,7.126309011940845e-05,-5.401619374012512e-07,-8.473428962929574e-05,2.7439294747466647e-05,0.0,0.0,0.0,0.0,0.0,0.0,0.0,0.0,0.0,0.0,0.0,0.0,0.0,0.0,0.0,0.0,0.0,0.0,0.0,0.0,0.0,0.0,0.0,0.0,0.0,0.0,0.0,0.0,0.0,0.0,0.0,0.0,0.0,0.0,0.0,0.0
54,778000000,odom,base_link,-1.7730819447692934,0.09463887678068422,-0.10471093084101048,-1.533009010192109e-05,0.003837992678794292,-0.00018177866118045173,0.999992618239607,0.0,0.0,0.0,0.0,0.0,0.0,0.0,0.0,0.0,0.0,0.0,0.0,0.0,0.0,0.0,0.0,0.0,0.0,0.0,0.0,0.0,0.0,0.0,0.0,0.0,0.0,0.0,0.0,0.0,0.0,0.0,0.0,0.0,0.0,0.0,0.0,0.004603608494680011,7.329637489632913e-05,7.110643405430116e-05,-4.270396869454629e-07,-8.178952271009621e-05,2.662252445162494e-05,0.0,0.0,0.0,0.0,0.0,0.0,0.0,0.0,0.0,0.0,0.0,0.0,0.0,0.0,0.0,0.0,0.0,0.0,0.0,0.0,0.0,0.0,0.0,0.0,0.0,0.0,0.0,0.0,0.0,0.0,0.0,0.0,0.0,0.0,0.0,0.0
54,812000000,odom,base_link,-1.7729254444300417,0.0946413129109208,-0.10470973697846934,-1.5338519847076357e-05,0.003836616141341119,-0.00018136155367255263,0.9999926235974447,0.0,0.0,0.0,0.0,0.0,0.0,0.0,0.0,0.0,0.0,0.0,0.0,0.0,0.0,0.0,0.0,0.0,0.0,0.0,0.0,0.0,0.0,0.0,0.0,0.0,0.0,0.0,0.0,0.0,0.0,0.0,0.0,0.0,0.0,0.0,0.0,0.004601923845316949,7.333246440821453e-05,7.022797663170687e-05,-3.971912465594585e-07,-8.147669632307952e-05,2.406257202380857e-05,0.0,0.0,0.0,0.0,0.0,0.0,0.0,0.0,0.0,0.0,0.0,0.0,0.0,0.0,0.0,0.0,0.0,0.0,0.0,0.0,0.0,0.0,0.0,0.0,0.0,0.0,0.0,0.0,0.0,0.0,0.0,0.0,0.0,0.0,0.0,0.0
54,846000000,odom,base_link,-1.7727690016805902,0.09464375007885706,-0.10470851893234032,-1.5348787865538925e-05,0.0038351892950695826,-0.0001809075238704532,0.9999926291528121,0.0,0.0,0.0,0.0,0.0,0.0,0.0,0.0,0.0,0.0,0.0,0.0,0.0,0.0,0.0,0.0,0.0,0.0,0.0,0.0,0.0,0.0,0.0,0.0,0.0,0.0,0.0,0.0,0.0,0.0,0.0,0.0,0.0,0.0,0.0,0.0,0.0046002207126775605,7.335437370031505e-05,7.143960290282055e-05,-5.150852688817764e-07,-8.448248820513982e-05,2.806182237691246e-05,0.0,0.0,0.0,0.0,0.0,0.0,0.0,0.0,0.0,0.0,0.0,0.0,0.0,0.0,0.0,0.0,0.0,0.0,0.0,0.0,0.0,0.0,0.0,0.0,0.0,0.0,0.0,0.0,0.0,0.0,0.0,0.0,0.0,0.0,0.0,0.0
54,880000000,odom,base_link,-1.772612616922868,0.094646188357051,-0.10470728656242052,-1.5358859427536513e-05,0.003833777479801273,-0.0001804333325215964,0.9999926346519524,0.0,0.0,0.0,0.0,0.0,0.0,0.0,0.0,0.0,0.0,0.0,0.0,0.0,0.0,0.0,0.0,0.0,0.0,0.0,0.0,0.0,0.0,0.0,0.0,0.0,0.0,0.0,0.0,0.0,0.0,0.0,0.0,0.0,0.0,0.0,0.0,0.004598513980628421,7.338767473966954e-05,7.147142126408e-05,-4.2347032547240815e-07,-8.171138574653014e-05,2.66191889863876e-05,0.0,0.0,0.0,0.0,0.0,0.0,0.0,0.0,0.0,0.0,0.0,0.0,0.0,0.0,0.0,0.0,0.0,0.0,0.0,0.0,0.0,0.0,0.0,0.0,0.0,0.0,0.0,0.0,0.0,0.0,0.0,0.0,0.0,0.0,0.0,0.0
54,914000000,odom,base_link,-1.7724562897200662,0.09464862804189078,-0.10470606633664455,-1.536766018113144e-05,0.0038323927997323285,-0.00018000876596112732,0.9999926400359693,0.0,0.0,0.0,0.0,0.0,0.0,0.0,0.0,0.0,0.0,0.0,0.0,0.0,0.0,0.0,0.0,0.0,0.0,0.0,0.0,0.0,0.0,0.0,0.0,0.0,0.0,0.0,0.0,0.0,0.0,0.0,0.0,0.0,0.0,0.0,0.0,0.004596823373922488,7.342129685871624e-05,7.133769405862477e-05,-4.371502715372344e-07,-8.25476014654214e-05,2.5167562789363274e-05,0.0,0.0,0.0,0.0,0.0,0.0,0.0,0.0,0.0,0.0,0.0,0.0,0.0,0.0,0.0,0.0,0.0,0.0,0.0,0.0,0.0,0.0,0.0,0.0,0.0,0.0,0.0,0.0,0.0,0.0,0.0,0.0,0.0,0.0,0.0,0.0
54,948000000,odom,base_link,-1.7723000200816268,0.09465106873850136,-0.10470480962169998,-1.5378203698235763e-05,0.003830963316257961,-0.00017954172913309341,0.9999926455971303,0.0,0.0,0.0,0.0,0.0,0.0,0.0,0.0,0.0,0.0,0.0,0.0,0.0,0.0,0.0,0.0,0.0,0.0,0.0,0.0,0.0,0.0,0.0,0.0,0.0,0.0,0.0,0.0,0.0,0.0,0.0,0.0,0.0,0.0,0.0,0.0,0.004595121803168173,7.344406438314951e-05,7.246737831994634e-05,-5.19332971071762e-07,-8.439976326712895e-05,2.8654708472686252e-05,0.0,0.0,0.0,0.0,0.0,0.0,0.0,0.0,0.0,0.0,0.0,0.0,0.0,0.0,0.0,0.0,0.0,0.0,0.0,0.0,0.0,0.0,0.0,0.0,0.0,0.0,0.0,0.0,0.0,0.0,0.0,0.0,0.0,0.0,0.0,0.0
54,982000000,odom,base_link,-1.7721438079693663,0.09465351035215297,-0.10470351073776844,-1.53897039202462e-05,0.003829521351421144,-0.00017901005519777263,0.9999926512153858,0.0,0.0,0.0,0.0,0.0,0.0,0.0,0.0,0.0,0.0,0.0,0.0,0.0,0.0,0.0,0.0,0.0,0.0,0.0,0.0,0.0,0.0,0.0,0.0,0.0,0.0,0.0,0.0,0.0,0.0,0.0,0.0,0.0,0.0,0.0,0.0,0.004593419045536419,7.346490594650401e-05,7.39777450962255e-05,-5.499234956296561e-07,-8.510893678703724e-05,3.2803524518953964e-05,0.0,0.0,0.0,0.0,0.0,0.0,0.0,0.0,0.0,0.0,0.0,0.0,0.0,0.0,0.0,0.0,0.0,0.0,0.0,0.0,0.0,0.0,0.0,0.0,0.0,0.0,0.0,0.0,0.0,0.0,0.0,0.0,0.0,0.0,0.0,0.0
55,16000000,odom,base_link,-1.7719876533642742,0.09465595297740743,-0.10470217875905659,-1.5400794545065783e-05,0.003828089735391073,-0.0001784344917187048,0.9999926567995014,0.0,0.0,0.0,0.0,0.0,0.0,0.0,0.0,0.0,0.0,0.0,0.0,0.0,0.0,0.0,0.0,0.0,0.0,0.0,0.0,0.0,0.0,0.0,0.0,0.0,0.0,0.0,0.0,0.0,0.0,0.0,0.0,0.0,0.0,0.0,0.0,0.004591726508753478,7.34950533555302e-05,7.435462895090739e-05,-4.3587693177027376e-07,-8.267077760137909e-05,3.248645690234753e-05,0.0,0.0,0.0,0.0,0.0,0.0,0.0,0.0,0.0,0.0,0.0,0.0,0.0,0.0,0.0,0.0,0.0,0.0,0.0,0.0,0.0,0.0,0.0,0.0,0.0,0.0,0.0,0.0,0.0,0.0,0.0,0.0,0.0,0.0,0.0,0.0
55,50000000,odom,base_link,-1.7718315561607676,0.09465839726061372,-0.10470086867287483,-1.540857743666724e-05,0.003826715470292067,-0.00017796481806829975,0.9999926621429823,0.0,0.0,0.0,0.0,0.0,0.0,0.0,0.0,0.0,0.0,0.0,0.0,0.0,0.0,0.0,0.0,0.0,0.0,0.0,0.0,0.0,0.0,0.0,0.0,0.0,0.0,0.0,0.0,0.0,0.0,0.0,0.0,0.0,0.0,0.0,0.0,0.00459004601923241,7.35410604127225e-05,7.312197672790019e-05,-3.0794877203810245e-07,-8.027487723438753e-05,2.5136153247729e-05,0.0,0.0,0.0,0.0,0.0,0.0,0.0,0.0,0.0,0.0,0.0,0.0,0.0,0.0,0.0,0.0,0.0,0.0,0.0,0.0,0.0,0.0,0.0,0.0,0.0,0.0,0.0,0.0,0.0,0.0,0.0,0.0,0.0,0.0,0.0,0.0
55,84000000,odom,base_link,-1.771675516555688,0.09466084292382625,-0.10469956357082612,-1.5417350098832772e-05,0.0038253055335340977,-0.00017753840302647047,0.999992667613116,0.0,0.0,0.0,0.0,0.0,0.0,0.0,0.0,0.0,0.0,0.0,0.0,0.0,0.0,0.0,0.0,0.0,0.0,0.0,0.0,0.0,0.0,0.0,0.0,0.0,0.0,0.0,0.0,0.0,0.0,0.0,0.0,0.0,0.0,0.0,0.0,0.004588345305188756,7.357035082797896e-05,7.38735400835002e-05,-4.604812503528066e-07,-8.412782079858516e-05,2.575420072759016e-05,0.0,0.0,0.0,0.0,0.0,0.0,0.0,0.0,0.0,0.0,0.0,0.0,0.0,0.0,0.0,0.0,0.0,0.0,0.0,0.0,0.0,0.0,0.0,0.0,0.0,0.0,0.0,0.0,0.0,0.0,0.0,0.0,0.0,0.0,0.0,0.0
55,118000000,odom,base_link,-1.7715195345211276,0.09466328971527393,-0.1046982443878675,-1.5427449418888426e-05,0.0038238817487945124,-0.00017709710520224484,0.9999926731366487,0.0,0.0,0.0,0.0,0.0,0.0,0.0,0.0,0.0,0.0,0.0,0.0,0.0,0.0,0.0,0.0,0.0,0.0,0.0,0.0,0.0,0.0,0.0,0.0,0.0,0.0,0.0,0.0,0.0,0.0,0.0,0.0,0.0,0.0,0.0,0.0,0.0045866553646518645,7.360235925188404e-05,7.375108367640328e-05,-4.549210619320121e-07,-8.257281933765626e-05,2.497537145984552e-05,0.0,0.0,0.0,0.0,0.0,0.0,0.0,0.0,0.0,0.0,0.0,0.0,0.0,0.0,0.0,0.0,0.0,0.0,0.0,0.0,0.0,0.0,0.0,0.0,0.0,0.0,0.0,0.0,0.0,0.0,0.0,0.0,0.0,0.0,0.0,0.0
55,152000000,odom,base_link,-1.7713636099377523,0.09466573797082092,-0.10469695894637455,-1.543624143723719e-05,0.0038225012053598713,-0.00017672094954891834,0.9999926784811795,0.0,0.0,0.0,0.0,0.0,0.0,0.0,0.0,0.0,0.0,0.0,0.0,0.0,0.0,0.0,0.0,0.0,0.0,0.0,0.0,0.0,0.0,0.0,0.0,0.0,0.0,0.0,0.0,0.0,0.0,0.0,0.0,0.0,0.0,0.0,0.0,0.0045849756058122925,7.364208825124993e-05,7.224103488602244e-05,-4.099760475551051e-07,-8.082536666620399e-05,2.0717470938791394e-05,0.0,0.0,0.0,0.0,0.0,0.0,0.0,0.0,0.0,0.0,0.0,0.0,0.0,0.0,0.0,0.0,0.0,0.0,0.0,0.0,0.0,0.0,0.0,0.0,0.0,0.0,0.0,0.0,0.0,0.0,0.0,0.0,0.0,0.0,0.0,0.0
55,186000000,odom,base_link,-1.77120774294317,0.09466818732862654,-0.10469567610237275,-1.5446386680366628e-05,0.0038210835270118294,-0.00017632736051441966,0.9999926839686132,0.0,0.0,0.0,0.0,0.0,0.0,0.0,0.0,0.0,0.0,0.0,0.0,0.0,0.0,0.0,0.0,0.0,0.0,0.0,0.0,0.0,0.0,0.0,0.0,0.0,0.0,0.0,0.0,0.0,0.0,0.0,0.0,0.0,0.0,0.0,0.0,0.00458327559126547,7.366392605176963e-05,7.304984890653441e-05,-5.270203662366413e-07,-8.421142254633196e-05,2.4762128347788348e-05,0.0,0.0,0.0,0.0,0.0,0.0,0.0,0.0,0.0,0.0,0.0,0.0,0.0,0.0,0.0,0.0,0.0,0.0,0.0,0.0,0.0,0.0,0.0,0.0,0.0,0.0,0.0,0.0,0.0,0.0,0.0,0.0,0.0,0.0,0.0,0.0
55,220000000,odom,base_link,-1.7710519334781714,0.09467063763490642,-0.10469438688273555,-1.5456968051612984e-05,0.0038196645871581753,-0.00017588025375232588,0.9999926894681082,0.0,0.0,0.0,0.0,0.0,0.0,0.0,0.0,0.0,0.0,0.0,0.0,0.0,0.0,0.0,0.0,0.0,0.0,0.0,0.0,0.0,0.0,0.0,0.0,0.0,0.0,0.0,0.0,0.0,0.0,0.0,0.0,0.0,0.0,0.0,0.0,0.004581588387089067,7.369133943182849e-05,7.273437991949835e-05,-4.560016697574554e-07,-8.212663473727844e-05,2.5961133509611045e-05,0.0,0.0,0.0,0.0,0.0,0.0,0.0,0.0,0.0,0.0,0.0,0.0,0.0,0.0,0.0,0.0,0.0,0.0,0.0,0.0,0.0,0.0,0.0,0.0,0.0,0.0,0.0,0.0,0.0,0.0,0.0,0.0,0.0,0.0,0.0,0.0
55,254000000,odom,base_link,-1.770896181435835,0.09467308925052599,-0.1046931364435207,-1.546545218770239e-05,0.0038182906399903977,-0.00017546439643028485,0.9999926947881439,0.0,0.0,0.0,0.0,0.0,0.0,0.0,0.0,0.0,0.0,0.0,0.0,0.0,0.0,0.0,0.0,0.0,0.0,0.0,0.0,0.0,0.0,0.0,0.0,0.0,0.0,0.0,0.0,0.0,0.0,0.0,0.0,0.0,0.0,0.0,0.0,0.004579910169766487,7.372618473444315e-05,7.109006564733492e-05,-3.7112563855412617e-07,-8.045450599070136e-05,2.3731077192223893e-05,0.0,0.0,0.0,0.0,0.0,0.0,0.0,0.0,0.0,0.0,0.0,0.0,0.0,0.0,0.0,0.0,0.0,0.0,0.0,0.0,0.0,0.0,0.0,0.0,0.0,0.0,0.0,0.0,0.0,0.0,0.0,0.0,0.0,0.0,0.0,0.0
55,288000000,odom,base_link,-1.7707404869717696,0.09467554193178032,-0.10469189265450402,-1.5475097199693525e-05,0.0038168779280707463,-0.0001750229299717025,0.9999927002585457,0.0,0.0,0.0,0.0,0.0,0.0,0.0,0.0,0.0,0.0,0.0,0.0,0.0,0.0,0.0,0.0,0.0,0.0,0.0,0.0,0.0,0.0,0.0,0.0,0.0,0.0,0.0,0.0,0.0,0.0,0.0,0.0,0.0,0.0,0.0,0.0,0.004578211192700867,7.374846878766479e-05,7.178770084678571e-05,-4.881843929105401e-07,-8.394588206783737e-05,2.7378175282422035e-05,0.0,0.0,0.0,0.0,0.0,0.0,0.0,0.0,0.0,0.0,0.0,0.0,0.0,0.0,0.0,0.0,0.0,0.0,0.0,0.0,0.0,0.0,0.0,0.0,0.0,0.0,0.0,0.0,0.0,0.0,0.0,0.0,0.0,0.0,0.0,0.0
55,322000000,odom,base_link,-1.7705848500127355,0.09467799564251914,-0.10469064441364707,-1.548512555257297e-05,0.003815466293837568,-0.00017454638352303373,0.9999927057287625,0.0,0.0,0.0,0.0,0.0,0.0,0.0,0.0,0.0,0.0,0.0,0.0,0.0,0.0,0.0,0.0,0.0,0.0,0.0,0.0,0.0,0.0,0.0,0.0,0.0,0.0,0.0,0.0,0.0,0.0,0.0,0.0,0.0,0.0,0.0,0.0,0.004576525128180075,7.377921073286807e-05,7.146007320302717e-05,-4.2256909638105355e-07,-8.165600746679047e-05,2.692800809001028e-05,0.0,0.0,0.0,0.0,0.0,0.0,0.0,0.0,0.0,0.0,0.0,0.0,0.0,0.0,0.0,0.0,0.0,0.0,0.0,0.0,0.0,0.0,0.0,0.0,0.0,0.0,0.0,0.0,0.0,0.0,0.0,0.0,0.0,0.0,0.0,0.0
55,356000000,odom,base_link,-1.7704292704545168,0.09468045079965909,-0.10468943198291053,-1.549339642787508e-05,0.0038140967788252637,-0.00017413251289302985,0.9999927110252276,0.0,0.0,0.0,0.0,0.0,0.0,0.0,0.0,0.0,0.0,0.0,0.0,0.0,0.0,0.0,0.0,0.0,0.0,0.0,0.0,0.0,0.0,0.0,0.0,0.0,0.0,0.0,0.0,0.0,0.0,0.0,0.0,0.0,0.0,0.0,0.0,0.004574845651505162,7.381724993744666e-05,7.003014418332265e-05,-3.7450463563626357e-07,-8.046126112049024e-05,2.3220006895030565e-05,0.0,0.0,0.0,0.0,0.0,0.0,0.0,0.0,0.0,0.0,0.0,0.0,0.0,0.0,0.0,0.0,0.0,0.0,0.0,0.0,0.0,0.0,0.0,0.0,0.0,0.0,0.0,0.0,0.0,0.0,0.0,0.0,0.0,0.0,0.0,0.0
55,390000000,odom,base_link,-1.770273748453335,0.09468290705832323,-0.10468821368884496,-1.5503219492273932e-05,0.0038126837788843176,-0.0001737016199604271,0.9999927164883751,0.0,0.0,0.0,0.0,0.0,0.0,0.0,0.0,0.0,0.0,0.0,0.0,0.0,0.0,0.0,0.0,0.0,0.0,0.0,0.0,0.0,0.0,0.0,0.0,0.0,0.0,0.0,0.0,0.0,0.0,0.0,0.0,0.0,0.0,0.0,0.0,0.0045731454832283235,7.384024927926299e-05,7.097714673696273e-05,-4.997312563759237e-07,-8.380150049447366e-05,2.6539319541996065e-05,0.0,0.0,0.0,0.0,0.0,0.0,0.0,0.0,0.0,0.0,0.0,0.0,0.0,0.0,0.0,0.0,0.0,0.0,0.0,0.0,0.0,0.0,0.0,0.0,0.0,0.0,0.0,0.0,0.0,0.0,0.0,0.0,0.0,0.0,0.0,0.0
55,424000000,odom,base_link,-1.7701182839249467,0.09468536439215315,-0.10468698819958992,-1.551322067200864e-05,0.0038112791515352447,-0.00017324737689140978,0.9999927219214725,0.0,0.0,0.0,0.0,0.0,0.0,0.0,0.0,0.0,0.0,0.0,0.0,0.0,0.0,0.0,0.0,0.0,0.0,0.0,0.0,0.0,0.0,0.0,0.0,0.0,0.0,0.0,0.0,0.0,0.0,0.0,0.0,0.0,0.0,0.0,0.0,0.004571459609803043,7.387222805661703e-05,7.07577649912305e-05,-4.2423135004909795e-07,-8.120893397745022e-05,2.5531153724500655e-05,0.0,0.0,0.0,0.0,0.0,0.0,0.0,0.0,0.0,0.0,0.0,0.0,0.0,0.0,0.0,0.0,0.0,0.0,0.0,0.0,0.0,0.0,0.0,0.0,0.0,0.0,0.0,0.0,0.0,0.0,0.0,0.0,0.0,0.0,0.0,0.0
55,458000000,odom,base_link,-1.7699628767671491,0.09468782315113948,-0.10468579107065412,-1.5521551833775906e-05,0.0038099153382214457,-0.00017285238908299648,0.9999927271866773,0.0,0.0,0.0,0.0,0.0,0.0,0.0,0.0,0.0,0.0,0.0,0.0,0.0,0.0,0.0,0.0,0.0,0.0,0.0,0.0,0.0,0.0,0.0,0.0,0.0,0.0,0.0,0.0,0.0,0.0,0.0,0.0,0.0,0.0,0.0,0.0,0.004569778413274685,7.390896512699395e-05,6.977570611884216e-05,-3.925198915899486e-07,-8.020273085662666e-05,2.2430206314538736e-05,0.0,0.0,0.0,0.0,0.0,0.0,0.0,0.0,0.0,0.0,0.0,0.0,0.0,0.0,0.0,0.0,0.0,0.0,0.0,0.0,0.0,0.0,0.0,0.0,0.0,0.0,0.0,0.0,0.0,0.0,0.0,0.0,0.0,0.0,0.0,0.0
55,492000000,odom,base_link,-1.7698075271194906,0.09469028295449927,-0.10468457365491275,-1.5531554222378285e-05,0.0038085055013568955,-0.00017242836222411103,0.9999927326301311,0.0,0.0,0.0,0.0,0.0,0.0,0.0,0.0,0.0,0.0,0.0,0.0,0.0,0.0,0.0,0.0,0.0,0.0,0.0,0.0,0.0,0.0,0.0,0.0,0.0,0.0,0.0,0.0,0.0,0.0,0.0,0.0,0.0,0.0,0.0,0.0,0.004568077181064432,7.393077112702206e-05,7.089782446498617e-05,-5.072587738741419e-07,-8.359729619655809e-05,2.6258801355538708e-05,0.0,0.0,0.0,0.0,0.0,0.0,0.0,0.0,0.0,0.0,0.0,0.0,0.0,0.0,0.0,0.0,0.0,0.0,0.0,0.0,0.0,0.0,0.0,0.0,0.0,0.0,0.0,0.0,0.0,0.0,0.0,0.0,0.0,0.0,0.0,0.0
55,526000000,odom,base_link,-1.7696522349452148,0.094692743801491,-0.10468334690349922,-1.5541570416035162e-05,0.0038071043586829735,-0.00017197506299367955,0.9999927380433516,0.0,0.0,0.0,0.0,0.0,0.0,0.0,0.0,0.0,0.0,0.0,0.0,0.0,0.0,0.0,0.0,0.0,0.0,0.0,0.0,0.0,0.0,0.0,0.0,0.0,0.0,0.0,0.0,0.0,0.0,0.0,0.0,0.0,0.0,0.0,0.0,0.004566390801190908,7.396183136411198e-05,7.073761892714117e-05,-4.2220836826700747e-07,-8.100992587856126e-05,2.5608949982824925e-05,0.0,0.0,0.0,0.0,0.0,0.0,0.0,0.0,0.0,0.0,0.0,0.0,0.0,0.0,0.0,0.0,0.0,0.0,0.0,0.0,0.0,0.0,0.0,0.0,0.0,0.0,0.0,0.0,0.0,0.0,0.0,0.0,0.0,0.0,0.0,0.0
55,560000000,odom,base_link,-1.7694970001590542,0.09469520604261877,-0.10468214825878207,-1.5549794479401117e-05,0.0038057423868583062,-0.00017157505826195178,0.9999927432962142,0.0,0.0,0.0,0.0,0.0,0.0,0.0,0.0,0.0,0.0,0.0,0.0,0.0,0.0,0.0,0.0,0.0,0.0,0.0,0.0,0.0,0.0,0.0,0.0,0.0,0.0,0.0,0.0,0.0,0.0,0.0,0.0,0.0,0.0,0.0,0.0,0.004564708802721064,7.399770904456686e-05,6.965222892983814e-05,-3.811631732464349e-07,-8.030222886645788e-05,2.2823520318127066e-05,0.0,0.0,0.0,0.0,0.0,0.0,0.0,0.0,0.0,0.0,0.0,0.0,0.0,0.0,0.0,0.0,0.0,0.0,0.0,0.0,0.0,0.0,0.0,0.0,0.0,0.0,0.0,0.0,0.0,0.0,0.0,0.0,0.0,0.0,0.0,0.0
55,594000000,odom,base_link,-1.7693418229257751,0.09469766931522944,-0.10468093112856727,-1.555967416849864e-05,0.0038043324812756965,-0.00017114394283367058,0.9999927487347192,0.0,0.0,0.0,0.0,0.0,0.0,0.0,0.0,0.0,0.0,0.0,0.0,0.0,0.0,0.0,0.0,0.0,0.0,0.0,0.0,0.0,0.0,0.0,0.0,0.0,0.0,0.0,0.0,0.0,0.0,0.0,0.0,0.0,0.0,0.0,0.0,0.004563006863694533,7.401928406388367e-05,7.085093440094583e-05,-5.000640512786703e-07,-8.355620408906361e-05,2.668697920427121e-05,0.0,0.0,0.0,0.0,0.0,0.0,0.0,0.0,0.0,0.0,0.0,0.0,0.0,0.0,0.0,0.0,0.0,0.0,0.0,0.0,0.0,0.0,0.0,0.0,0.0,0.0,0.0,0.0,0.0,0.0,0.0,0.0,0.0,0.0,0.0,0.0
55,628000000,odom,base_link,-1.7691867031543236,0.09470013365166476,-0.10467970221716852,-1.5569489088031687e-05,0.003802935674608425,-0.00017068894911682203,0.9999927541253129,0.0,0.0,0.0,0.0,0.0,0.0,0.0,0.0,0.0,0.0,0.0,0.0,0.0,0.0,0.0,0.0,0.0,0.0,0.0,0.0,0.0,0.0,0.0,0.0,0.0,0.0,0.0,0.0,0.0,0.0,0.0,0.0,0.0,0.0,0.0,0.0,0.004561320725254506,7.40515375950699e-05,7.071391814767518e-05,-4.0835803905014956e-07,-8.06604781189435e-05,2.5431500816353036e-05,0.0,0.0,0.0,0.0,0.0,0.0,0.0,0.0,0.0,0.0,0.0,0.0,0.0,0.0,0.0,0.0,0.0,0.0,0.0,0.0,0.0,0.0,0.0,0.0,0.0,0.0,0.0,0.0,0.0,0.0,0.0,0.0,0.0,0.0,0.0,0.0
55,662000000,odom,base_link,-1.769031640771454,0.09470259940847647,-0.10467849826391526,-1.5577623679699313e-05,0.0038015751095989573,-0.000170294148911525,0.9999927593657499,0.0,0.0,0.0,0.0,0.0,0.0,0.0,0.0,0.0,0.0,0.0,0.0,0.0,0.0,0.0,0.0,0.0,0.0,0.0,0.0,0.0,0.0,0.0,0.0,0.0,0.0,0.0,0.0,0.0,0.0,0.0,0.0,0.0,0.0,0.0,0.0,0.004559635377980614,7.408679765753244e-05,7.002796278309936e-05,-3.9647754246363576e-07,-8.085080906994335e-05,2.2921823017441056e-05,0.0,0.0,0.0,0.0,0.0,0.0,0.0,0.0,0.0,0.0,0.0,0.0,0.0,0.0,0.0,0.0,0.0,0.0,0.0,0.0,0.0,0.0,0.0,0.0,0.0,0.0,0.0,0.0,0.0,0.0,0.0,0.0,0.0,0.0,0.0,0.0
55,696000000,odom,base_link,-1.768876635934265,0.09470506617794612,-0.10467726675858287,-1.5587567321787335e-05,0.0038001653487285407,-0.00016986454179282866,0.9999927647970197,0.0,0.0,0.0,0.0,0.0,0.0,0.0,0.0,0.0,0.0,0.0,0.0,0.0,0.0,0.0,0.0,0.0,0.0,0.0,0.0,0.0,0.0,0.0,0.0,0.0,0.0,0.0,0.0,0.0,0.0,0.0,0.0,0.0,0.0,0.0,0.0,0.004557934368794708,7.410892662233805e-05,7.116467784705099e-05,-5.000010294686774e-07,-8.33808059041985e-05,2.6475430026096092e-05,0.0,0.0,0.0,0.0,0.0,0.0,0.0,0.0,0.0,0.0,0.0,0.0,0.0,0.0,0.0,0.0,0.0,0.0,0.0,0.0,0.0,0.0,0.0,0.0,0.0,0.0,0.0,0.0,0.0,0.0,0.0,0.0,0.0,0.0,0.0,0.0
55,730000000,odom,base_link,-1.768721688517745,0.09470753407851741,-0.10467602433741886,-1.5596986067134847e-05,0.0037987788674729303,-0.00016942763448306184,0.999992770138928,0.0,0.0,0.0,0.0,0.0,0.0,0.0,0.0,0.0,0.0,0.0,0.0,0.0,0.0,0.0,0.0,0.0,0.0,0.0,0.0,0.0,0.0,0.0,0.0,0.0,0.0,0.0,0.0,0.0,0.0,0.0,0.0,0.0,0.0,0.0,0.0,0.004556249123145161,7.414316686154234e-05,7.10461216953862e-05,-3.950163640631388e-07,-8.028853386576884e-05,2.4309736801342297e-05,0.0,0.0,0.0,0.0,0.0,0.0,0.0,0.0,0.0,0.0,0.0,0.0,0.0,0.0,0.0,0.0,0.0,0.0,0.0,0.0,0.0,0.0,0.0,0.0,0.0,0.0,0.0,0.0,0.0,0.0,0.0,0.0,0.0,0.0,0.0,0.0
55,764000000,odom,base_link,-1.7685667985066142,0.09471000337537668,-0.10467480646406448,-1.5605037798700636e-05,0.0037974202308797313,-0.00016904669015684813,0.999992775363547,0.0,0.0,0.0,0.0,0.0,0.0,0.0,0.0,0.0,0.0,0.0,0.0,0.0,0.0,0.0,0.0,0.0,0.0,0.0,0.0,0.0,0.0,0.0,0.0,0.0,0.0,0.0,0.0,0.0,0.0,0.0,0.0,0.0,0.0,0.0,0.0,0.004554563360990385,7.417741544168979e-05,7.035222584100485e-05,-3.9846604349413894e-07,-8.077659572336415e-05,2.2255101939094857e-05,0.0,0.0,0.0,0.0,0.0,0.0,0.0,0.0,0.0,0.0,0.0,0.0,0.0,0.0,0.0,0.0,0.0,0.0,0.0,0.0,0.0,0.0,0.0,0.0,0.0,0.0,0.0,0.0,0.0,0.0,0.0,0.0,0.0,0.0,0.0,0.0
55,798000000,odom,base_link,-1.7684119660466682,0.09471247365250447,-0.10467356299726091,-1.561500417902041e-05,0.00379601226195819,-0.0001686248451637806,0.9999927807803116,0.0,0.0,0.0,0.0,0.0,0.0,0.0,0.0,0.0,0.0,0.0,0.0,0.0,0.0,0.0,0.0,0.0,0.0,0.0,0.0,0.0,0.0,0.0,0.0,0.0,0.0,0.0,0.0,0.0,0.0,0.0,0.0,0.0,0.0,0.0,0.0,0.004552862839818746,7.419876725324043e-05,7.141191768121305e-05,-5.034929084768436e-07,-8.32671851469513e-05,2.6126591379238562e-05,0.0,0.0,0.0,0.0,0.0,0.0,0.0,0.0,0.0,0.0,0.0,0.0,0.0,0.0,0.0,0.0,0.0,0.0,0.0,0.0,0.0,0.0,0.0,0.0,0.0,0.0,0.0,0.0,0.0,0.0,0.0,0.0,0.0,0.0,0.0,0.0
55,832000000,odom,base_link,-1.768257191025854,0.09471494499556567,-0.10467230779817649,-1.5624665713626173e-05,0.0037946219718220315,-0.00016818190549495088,0.9999927861313838,0.0,0.0,0.0,0.0,0.0,0.0,0.0,0.0,0.0,0.0,0.0,0.0,0.0,0.0,0.0,0.0,0.0,0.0,0.0,0.0,0.0,0.0,0.0,0.0,0.0,0.0,0.0,0.0,0.0,0.0,0.0,0.0,0.0,0.0,0.0,0.0,0.004551175999622473,7.423037904791461e-05,7.142326126702404e-05,-4.111679274831914e-07,-8.064700196541708e-05,2.5100188771887133e-05,0.0,0.0,0.0,0.0,0.0,0.0,0.0,0.0,0.0,0.0,0.0,0.0,0.0,0.0,0.0,0.0,0.0,0.0,0.0,0.0,0.0,0.0,0.0,0.0,0.0,0.0,0.0,0.0,0.0,0.0,0.0,0.0,0.0,0.0,0.0,0.0
55,866000000,odom,base_link,-1.768102473397875,0.09471741765010164,-0.1046710634403603,-1.5637706990870608e-05,0.0037932539510647225,-0.00016777349170984346,0.9999927913900082,0.0,0.0,0.0,0.0,0.0,0.0,0.0,0.0,0.0,0.0,0.0,0.0,0.0,0.0,0.0,0.0,0.0,0.0,0.0,0.0,0.0,0.0,0.0,0.0,0.0,0.0,0.0,0.0,0.0,0.0,0.0,0.0,0.0,0.0,0.0,0.0,0.004549486583492792,7.426217166671717e-05,7.135738371991183e-05,-9.222647701090381e-07,-8.144061709458583e-05,2.432620416215059e-05,0.0,0.0,0.0,0.0,0.0,0.0,0.0,0.0,0.0,0.0,0.0,0.0,0.0,0.0,0.0,0.0,0.0,0.0,0.0,0.0,0.0,0.0,0.0,0.0,0.0,0.0,0.0,0.0,0.0,0.0,0.0,0.0,0.0,0.0,0.0,0.0
55,900000000,odom,base_link,-1.7679478132778206,0.0947198913032309,-0.10466978939216434,-1.5651962418170277e-05,0.003791848005158266,-0.0001673280898167348,0.999992796796573,0.0,0.0,0.0,0.0,0.0,0.0,0.0,0.0,0.0,0.0,0.0,0.0,0.0,0.0,0.0,0.0,0.0,0.0,0.0,0.0,0.0,0.0,0.0,0.0,0.0,0.0,0.0,0.0,0.0,0.0,0.0,0.0,0.0,0.0,0.0,0.0,0.0045477890031993765,7.42852315924346e-05,7.213188892361689e-05,-6.488702464224616e-07,-8.294390170249244e-05,2.7159921067720916e-05,0.0,0.0,0.0,0.0,0.0,0.0,0.0,0.0,0.0,0.0,0.0,0.0,0.0,0.0,0.0,0.0,0.0,0.0,0.0,0.0,0.0,0.0,0.0,0.0,0.0,0.0,0.0,0.0,0.0,0.0,0.0,0.0,0.0,0.0,0.0,0.0
55,934000000,odom,base_link,-1.767793210651406,0.09472236587485745,-0.10466848217332828,-1.5663633912706987e-05,0.0037904279416649685,-0.00016682763003603577,0.999992802263702,0.0,0.0,0.0,0.0,0.0,0.0,0.0,0.0,0.0,0.0,0.0,0.0,0.0,0.0,0.0,0.0,0.0,0.0,0.0,0.0,0.0,0.0,0.0,0.0,0.0,0.0,0.0,0.0,0.0,0.0,0.0,0.0,0.0,0.0,0.0,0.0,0.004546089377155681,7.430659300119253e-05,7.336956810579421e-05,-5.226541088809711e-07,-8.372849720217346e-05,3.0732509870290414e-05,0.0,0.0,0.0,0.0,0.0,0.0,0.0,0.0,0.0,0.0,0.0,0.0,0.0,0.0,0.0,0.0,0.0,0.0,0.0,0.0,0.0,0.0,0.0,0.0,0.0,0.0,0.0,0.0,0.0,0.0,0.0,0.0,0.0,0.0,0.0,0.0
55,968000000,odom,base_link,-1.767638665498921,0.09472484145678603,-0.10466715441848713,-1.5673414557726066e-05,0.0037890194097072853,-0.00016629128145378893,0.9999928076908686,0.0,0.0,0.0,0.0,0.0,0.0,0.0,0.0,0.0,0.0,0.0,0.0,0.0,0.0,0.0,0.0,0.0,0.0,0.0,0.0,0.0,0.0,0.0,0.0,0.0,0.0,0.0,0.0,0.0,0.0,0.0,0.0,0.0,0.0,0.0,0.0,0.004544400222093501,7.433649602047715e-05,7.34085744577946e-05,-3.5855060309675224e-07,-8.143908800661848e-05,3.0260681072036277e-05,0.0,0.0,0.0,0.0,0.0,0.0,0.0,0.0,0.0,0.0,0.0,0.0,0.0,0.0,0.0,0.0,0.0,0.0,0.0,0.0,0.0,0.0,0.0,0.0,0.0,0.0,0.0,0.0,0.0,0.0,0.0,0.0,0.0,0.0,0.0,0.0
56,2000000,odom,base_link,-1.7674841777245063,0.09472731862593253,-0.10466585727075021,-1.5679564752612456e-05,0.0037876635682150836,-0.00016585249667488608,0.9999928129000701,0.0,0.0,0.0,0.0,0.0,0.0,0.0,0.0,0.0,0.0,0.0,0.0,0.0,0.0,0.0,0.0,0.0,0.0,0.0,0.0,0.0,0.0,0.0,0.0,0.0,0.0,0.0,0.0,0.0,0.0,0.0,0.0,0.0,0.0,0.0,0.0,0.004542722205881019,7.438054661615604e-05,7.194380667113362e-05,-2.169082746750206e-07,-7.923078939597872e-05,2.3529349491013818e-05,0.0,0.0,0.0,0.0,0.0,0.0,0.0,0.0,0.0,0.0,0.0,0.0,0.0,0.0,0.0,0.0,0.0,0.0,0.0,0.0,0.0,0.0,0.0,0.0,0.0,0.0,0.0,0.0,0.0,0.0,0.0,0.0,0.0,0.0,0.0,0.0
56,36000000,odom,base_link,-1.767329747478396,0.09472979714989103,-0.10466457271515564,-1.5695620091790196e-05,0.003786277277715051,-0.00016545448839260714,0.999992818215629,0.0,0.0,0.0,0.0,0.0,0.0,0.0,0.0,0.0,0.0,0.0,0.0,0.0,0.0,0.0,0.0,0.0,0.0,0.0,0.0,0.0,0.0,0.0,0.0,0.0,0.0,0.0,0.0,0.0,0.0,0.0,0.0,0.0,0.0,0.0,0.0,0.004541025244761776,7.440965146572894e-05,7.249337528764573e-05,-7.44641259764478e-07,-8.28073424941067e-05,2.4128799402944878e-05,0.0,0.0,0.0,0.0,0.0,0.0,0.0,0.0,0.0,0.0,0.0,0.0,0.0,0.0,0.0,0.0,0.0,0.0,0.0,0.0,0.0,0.0,0.0,0.0,0.0,0.0,0.0,0.0,0.0,0.0,0.0,0.0,0.0,0.0,0.0,0.0
56,70000000,odom,base_link,-1.7671753747594818,0.09473227674843628,-0.10466327970857758,-1.570748268981633e-05,0.0037848751342495317,-0.000165038854718859,0.9999928235920844,0.0,0.0,0.0,0.0,0.0,0.0,0.0,0.0,0.0,0.0,0.0,0.0,0.0,0.0,0.0,0.0,0.0,0.0,0.0,0.0,0.0,0.0,0.0,0.0,0.0,0.0,0.0,0.0,0.0,0.0,0.0,0.0,0.0,0.0,0.0,0.0,0.004539337861793105,7.444042720155493e-05,7.220635011163698e-05,-4.82337825236101e-07,-8.130052151500422e-05,2.355989554558846e-05,0.0,0.0,0.0,0.0,0.0,0.0,0.0,0.0,0.0,0.0,0.0,0.0,0.0,0.0,0.0,0.0,0.0,0.0,0.0,0.0,0.0,0.0,0.0,0.0,0.0,0.0,0.0,0.0,0.0,0.0,0.0,0.0,0.0,0.0,0.0,0.0
56,104000000,odom,base_link,-1.76702105943824,0.09473475775576277,-0.10466202467131111,-1.571516187998148e-05,0.003783516192425999,-0.00016468309152488318,0.9999928287931542,0.0,0.0,0.0,0.0,0.0,0.0,0.0,0.0,0.0,0.0,0.0,0.0,0.0,0.0,0.0,0.0,0.0,0.0,0.0,0.0,0.0,0.0,0.0,0.0,0.0,0.0,0.0,0.0,0.0,0.0,0.0,0.0,0.0,0.0,0.0,0.0,0.004537660238870307,7.447875874558882e-05,7.062159905235755e-05,-3.206966997515437e-07,-7.960521415384392e-05,1.966748772730398e-05,0.0,0.0,0.0,0.0,0.0,0.0,0.0,0.0,0.0,0.0,0.0,0.0,0.0,0.0,0.0,0.0,0.0,0.0,0.0,0.0,0.0,0.0,0.0,0.0,0.0,0.0,0.0,0.0,0.0,0.0,0.0,0.0,0.0,0.0,0.0,0.0
56,138000000,odom,base_link,-1.766866801646031,0.09473723983826651,-0.10466077385812599,-1.572354489418604e-05,0.003782121214770019,-0.0001643098361025721,0.9999928341314075,0.0,0.0,0.0,0.0,0.0,0.0,0.0,0.0,0.0,0.0,0.0,0.0,0.0,0.0,0.0,0.0,0.0,0.0,0.0,0.0,0.0,0.0,0.0,0.0,0.0,0.0,0.0,0.0,0.0,0.0,0.0,0.0,0.0,0.0,0.0,0.0,0.004535962803035395,7.450081575074261e-05,7.132882425677249e-05,-4.2690800894362724e-07,-8.277511511778357e-05,2.3373028312789756e-05,0.0,0.0,0.0,0.0,0.0,0.0,0.0,0.0,0.0,0.0,0.0,0.0,0.0,0.0,0.0,0.0,0.0,0.0,0.0,0.0,0.0,0.0,0.0,0.0,0.0,0.0,0.0,0.0,0.0,0.0,0.0,0.0,0.0,0.0,0.0,0.0
56,172000000,odom,base_link,-1.7667126013073446,0.09473972289754598,-0.10465952104970905,-1.5732325197600535e-05,0.003780730954111314,-0.0001638959001269987,0.9999928394564035,0.0,0.0,0.0,0.0,0.0,0.0,0.0,0.0,0.0,0.0,0.0,0.0,0.0,0.0,0.0,0.0,0.0,0.0,0.0,0.0,0.0,0.0,0.0,0.0,0.0,0.0,0.0,0.0,0.0,0.0,0.0,0.0,0.0,0.0,0.0,0.0,0.004534278608255013,7.452948780053575e-05,7.093377119963191e-05,-3.7593564372606636e-07,-8.0449284922679e-05,2.378658194857053e-05,0.0,0.0,0.0,0.0,0.0,0.0,0.0,0.0,0.0,0.0,0.0,0.0,0.0,0.0,0.0,0.0,0.0,0.0,0.0,0.0,0.0,0.0,0.0,0.0,0.0,0.0,0.0,0.0,0.0,0.0,0.0,0.0,0.0,0.0,0.0,0.0
56,206000000,odom,base_link,-1.7665584583257736,0.09474220724293919,-0.10465830528614456,-1.573984470534265e-05,0.003779381415928222,-0.00016351446818742746,0.9999928446200947,0.0,0.0,0.0,0.0,0.0,0.0,0.0,0.0,0.0,0.0,0.0,0.0,0.0,0.0,0.0,0.0,0.0,0.0,0.0,0.0,0.0,0.0,0.0,0.0,0.0,0.0,0.0,0.0,0.0,0.0,0.0,0.0,0.0,0.0,0.0,0.0,0.004532600480864783,7.456298574563548e-05,6.955019184701155e-05,-3.436056911221286e-07,-7.915358111176829e-05,2.197791335589727e-05,0.0,0.0,0.0,0.0,0.0,0.0,0.0,0.0,0.0,0.0,0.0,0.0,0.0,0.0,0.0,0.0,0.0,0.0,0.0,0.0,0.0,0.0,0.0,0.0,0.0,0.0,0.0,0.0,0.0,0.0,0.0,0.0,0.0,0.0,0.0,0.0
56,240000000,odom,base_link,-1.7664043728370047,0.09474469258689955,-0.10465708119001611,-1.574893902527238e-05,0.0037779896308216612,-0.00016309811935289102,0.9999928499471002,0.0,0.0,0.0,0.0,0.0,0.0,0.0,0.0,0.0,0.0,0.0,0.0,0.0,0.0,0.0,0.0,0.0,0.0,0.0,0.0,0.0,0.0,0.0,0.0,0.0,0.0,0.0,0.0,0.0,0.0,0.0,0.0,0.0,0.0,0.0,0.0,0.0045309018585053895,7.458430669569064e-05,7.047949965288604e-05,-4.5820254257478155e-07,-8.26155499566994e-05,2.5829744920713438e-05,0.0,0.0,0.0,0.0,0.0,0.0,0.0,0.0,0.0,0.0,0.0,0.0,0.0,0.0,0.0,0.0,0.0,0.0,0.0,0.0,0.0,0.0,0.0,0.0,0.0,0.0,0.0,0.0,0.0,0.0,0.0,0.0,0.0,0.0,0.0,0.0
56,274000000,odom,base_link,-1.7662503447993212,0.0947471789310277,-0.10465585284039185,-1.5758269481024044e-05,0.003776600256317195,-0.00016264699019734872,0.9999928552685452,0.0,0.0,0.0,0.0,0.0,0.0,0.0,0.0,0.0,0.0,0.0,0.0,0.0,0.0,0.0,0.0,0.0,0.0,0.0,0.0,0.0,0.0,0.0,0.0,0.0,0.0,0.0,0.0,0.0,0.0,0.0,0.0,0.0,0.0,0.0,0.0,0.004529216934627005,7.461397141232787e-05,7.019348054471807e-05,-3.8923871348295336e-07,-8.041683230430863e-05,2.5608932752163582e-05,0.0,0.0,0.0,0.0,0.0,0.0,0.0,0.0,0.0,0.0,0.0,0.0,0.0,0.0,0.0,0.0,0.0,0.0,0.0,0.0,0.0,0.0,0.0,0.0,0.0,0.0,0.0,0.0,0.0,0.0,0.0,0.0,0.0,0.0,0.0,0.0
56,308000000,odom,base_link,-1.7660963741091982,0.09474966665185483,-0.10465465654471305,-1.5765846313224293e-05,0.0037752509725069517,-0.00016224939314655917,0.9999928604278467,0.0,0.0,0.0,0.0,0.0,0.0,0.0,0.0,0.0,0.0,0.0,0.0,0.0,0.0,0.0,0.0,0.0,0.0,0.0,0.0,0.0,0.0,0.0,0.0,0.0,0.0,0.0,0.0,0.0,0.0,0.0,0.0,0.0,0.0,0.0,0.0,0.0045275381166071625,7.465025412318228e-05,6.888197757173806e-05,-3.373210183399422e-07,-7.926701641736145e-05,2.241794785362572e-05,0.0,0.0,0.0,0.0,0.0,0.0,0.0,0.0,0.0,0.0,0.0,0.0,0.0,0.0,0.0,0.0,0.0,0.0,0.0,0.0,0.0,0.0,0.0,0.0,0.0,0.0,0.0,0.0,0.0,0.0,0.0,0.0,0.0,0.0,0.0,0.0
56,342000000,odom,base_link,-1.7659424609206742,0.0947521554595667,-0.10465345461906984,-1.5774699626527734e-05,0.0037738615923781525,-0.0001618381683382042,0.999992865738675,0.0,0.0,0.0,0.0,0.0,0.0,0.0,0.0,0.0,0.0,0.0,0.0,0.0,0.0,0.0,0.0,0.0,0.0,0.0,0.0,0.0,0.0,0.0,0.0,0.0,0.0,0.0,0.0,0.0,0.0,0.0,0.0,0.0,0.0,0.0,0.0,0.004525840097405597,7.467383234964253e-05,6.975783229285038e-05,-4.446203100139101e-07,-8.23574822561568e-05,2.518496131642678e-05,0.0,0.0,0.0,0.0,0.0,0.0,0.0,0.0,0.0,0.0,0.0,0.0,0.0,0.0,0.0,0.0,0.0,0.0,0.0,0.0,0.0,0.0,0.0,0.0,0.0,0.0,0.0,0.0,0.0,0.0,0.0,0.0,0.0,0.0,0.0,0.0
56,376000000,odom,base_link,-1.7657886055807743,0.09475464535960892,-0.10465224731375705,-1.578353922523224e-05,0.0037724820458334874,-0.00016141455094969293,0.999992871012307,0.0,0.0,0.0,0.0,0.0,0.0,0.0,0.0,0.0,0.0,0.0,0.0,0.0,0.0,0.0,0.0,0.0,0.0,0.0,0.0,0.0,0.0,0.0,0.0,0.0,0.0,0.0,0.0,0.0,0.0,0.0,0.0,0.0,0.0,0.0,0.0,0.004524138944854787,7.470649466863856e-05,6.950648031536705e-05,-3.69494954077787e-07,-7.97931157592302e-05,2.3603210941303132e-05,0.0,0.0,0.0,0.0,0.0,0.0,0.0,0.0,0.0,0.0,0.0,0.0,0.0,0.0,0.0,0.0,0.0,0.0,0.0,0.0,0.0,0.0,0.0,0.0,0.0,0.0,0.0,0.0,0.0,0.0,0.0,0.0,0.0,0.0,0.0,0.0
56,410000000,odom,base_link,-1.765634807716474,0.09475713665337229,-0.10465106597709876,-1.5791002406889732e-05,0.003771139215021324,-0.00016104988375317329,0.9999928761359254,0.0,0.0,0.0,0.0,0.0,0.0,0.0,0.0,0.0,0.0,0.0,0.0,0.0,0.0,0.0,0.0,0.0,0.0,0.0,0.0,0.0,0.0,0.0,0.0,0.0,0.0,0.0,0.0,0.0,0.0,0.0,0.0,0.0,0.0,0.0,0.0,0.00452245684102265,7.474155615372985e-05,6.877535472249467e-05,-3.618507715685837e-07,-7.924366016709428e-05,2.10545909595794e-05,0.0,0.0,0.0,0.0,0.0,0.0,0.0,0.0,0.0,0.0,0.0,0.0,0.0,0.0,0.0,0.0,0.0,0.0,0.0,0.0,0.0,0.0,0.0,0.0,0.0,0.0,0.0,0.0,0.0,0.0,0.0,0.0,0.0,0.0,0.0,0.0
56,444000000,odom,base_link,-1.76548106732328,0.0947596289414073,-0.10464985915587571,-1.5800213317211695e-05,0.0037697496623736535,-0.00016065121817995524,0.9999928814391743,0.0,0.0,0.0,0.0,0.0,0.0,0.0,0.0,0.0,0.0,0.0,0.0,0.0,0.0,0.0,0.0,0.0,0.0,0.0,0.0,0.0,0.0,0.0,0.0,0.0,0.0,0.0,0.0,0.0,0.0,0.0,0.0,0.0,0.0,0.0,0.0,0.004520757445418592,7.476321341852777e-05,6.98702136179095e-05,-4.654980956253496e-07,-8.229901595768752e-05,2.4680625010375934e-05,0.0,0.0,0.0,0.0,0.0,0.0,0.0,0.0,0.0,0.0,0.0,0.0,0.0,0.0,0.0,0.0,0.0,0.0,0.0,0.0,0.0,0.0,0.0,0.0,0.0,0.0,0.0,0.0,0.0,0.0,0.0,0.0,0.0,0.0,0.0,0.0
56,478000000,odom,base_link,-1.7653273843118171,0.09476212229258378,-0.10464864223775149,-1.5809100779356696e-05,0.0037683771152492293,-0.00016023490319511864,0.999992886679083,0.0,0.0,0.0,0.0,0.0,0.0,0.0,0.0,0.0,0.0,0.0,0.0,0.0,0.0,0.0,0.0,0.0,0.0,0.0,0.0,0.0,0.0,0.0,0.0,0.0,0.0,0.0,0.0,0.0,0.0,0.0,0.0,0.0,0.0,0.0,0.0,0.0045190735003211805,7.479521871264914e-05,6.974599984873457e-05,-3.692080974282419e-07,-7.942413233763546e-05,2.3355573119943074e-05,0.0,0.0,0.0,0.0,0.0,0.0,0.0,0.0,0.0,0.0,0.0,0.0,0.0,0.0,0.0,0.0,0.0,0.0,0.0,0.0,0.0,0.0,0.0,0.0,0.0,0.0,0.0,0.0,0.0,0.0,0.0,0.0,0.0,0.0,0.0,0.0
56,512000000,odom,base_link,-1.7651737586374003,0.09476461698312423,-0.10464744995063864,-1.581651691669344e-05,0.0037670355905299654,-0.000159866602371362,0.9999928917924201,0.0,0.0,0.0,0.0,0.0,0.0,0.0,0.0,0.0,0.0,0.0,0.0,0.0,0.0,0.0,0.0,0.0,0.0,0.0,0.0,0.0,0.0,0.0,0.0,0.0,0.0,0.0,0.0,0.0,0.0,0.0,0.0,0.0,0.0,0.0,0.0,0.004517390300782168,7.48286811603925e-05,6.898148995551577e-05,-3.576379914438377e-07,-7.959494752185492e-05,2.1439895370178874e-05,0.0,0.0,0.0,0.0,0.0,0.0,0.0,0.0,0.0,0.0,0.0,0.0,0.0,0.0,0.0,0.0,0.0,0.0,0.0,0.0,0.0,0.0,0.0,0.0,0.0,0.0,0.0,0.0,0.0,0.0,0.0,0.0,0.0,0.0,0.0,0.0
56,546000000,odom,base_link,-1.765020190454083,0.09476711264959076,-0.10464623339528126,-1.5825638938924272e-05,0.0037656459636055675,-0.0001594614128582715,0.9999928970908162,0.0,0.0,0.0,0.0,0.0,0.0,0.0,0.0,0.0,0.0,0.0,0.0,0.0,0.0,0.0,0.0,0.0,0.0,0.0,0.0,0.0,0.0,0.0,0.0,0.0,0.0,0.0,0.0,0.0,0.0,0.0,0.0,0.0,0.0,0.0,0.0,0.0045156911814835535,7.485015575102978e-05,7.008103831895048e-05,-4.582262236318968e-07,-8.221667258112575e-05,2.5063559050408912e-05,0.0,0.0,0.0,0.0,0.0,0.0,0.0,0.0,0.0,0.0,0.0,0.0,0.0,0.0,0.0,0.0,0.0,0.0,0.0,0.0,0.0,0.0,0.0,0.0,0.0,0.0,0.0,0.0,0.0,0.0,0.0,0.0,0.0,0.0,0.0,0.0
56,580000000,odom,base_link,-1.7648666796448502,0.09476960940653943,-0.10464500734631851,-1.583427955945554e-05,0.0037642769362586375,-0.00015904620448445477,0.9999929023111752,0.0,0.0,0.0,0.0,0.0,0.0,0.0,0.0,0.0,0.0,0.0,0.0,0.0,0.0,0.0,0.0,0.0,0.0,0.0,0.0,0.0,0.0,0.0,0.0,0.0,0.0,0.0,0.0,0.0,0.0,0.0,0.0,0.0,0.0,0.0,0.0,0.00451400760307295,7.488329372437095e-05,6.992769421684023e-05,-3.576899609836204e-07,-7.923370617390901e-05,2.3137909543891055e-05,0.0,0.0,0.0,0.0,0.0,0.0,0.0,0.0,0.0,0.0,0.0,0.0,0.0,0.0,0.0,0.0,0.0,0.0,0.0,0.0,0.0,0.0,0.0,0.0,0.0,0.0,0.0,0.0,0.0,0.0,0.0,0.0,0.0,0.0,0.0,0.0
56,614000000,odom,base_link,-1.7647132261803404,0.09477210750364207,-0.10464380279883634,-1.5841689508961316e-05,0.0037629342084311394,-0.00015868020745210703,0.9999929074227355,0.0,0.0,0.0,0.0,0.0,0.0,0.0,0.0,0.0,0.0,0.0,0.0,0.0,0.0,0.0,0.0,0.0,0.0,0.0,0.0,0.0,0.0,0.0,0.0,0.0,0.0,0.0,0.0,0.0,0.0,0.0,0.0,0.0,0.0,0.0,0.0,0.004512321760424294,7.491579804029571e-05,6.947683297454792e-05,-3.7098748795205694e-07,-8.004312448406381e-05,2.1639879044244026e-05,0.0,0.0,0.0,0.0,0.0,0.0,0.0,0.0,0.0,0.0,0.0,0.0,0.0,0.0,0.0,0.0,0.0,0.0,0.0,0.0,0.0,0.0,0.0,0.0,0.0,0.0,0.0,0.0,0.0,0.0,0.0,0.0,0.0,0.0,0.0,0.0
56,648000000,odom,base_link,-1.764559830198735,0.0947746065534714,-0.10464256782583987,-1.585091336853667e-05,0.003761544139737639,-0.00015827279329118198,0.9999929127169633,0.0,0.0,0.0,0.0,0.0,0.0,0.0,0.0,0.0,0.0,0.0,0.0,0.0,0.0,0.0,0.0,0.0,0.0,0.0,0.0,0.0,0.0,0.0,0.0,0.0,0.0,0.0,0.0,0.0,0.0,0.0,0.0,0.0,0.0,0.0,0.0,0.004510623416413263,7.493733666540808e-05,7.052826889680262e-05,-4.6117478447182947e-07,-8.213221249775415e-05,2.515828825266908e-05,0.0,0.0,0.0,0.0,0.0,0.0,0.0,0.0,0.0,0.0,0.0,0.0,0.0,0.0,0.0,0.0,0.0,0.0,0.0,0.0,0.0,0.0,0.0,0.0,0.0,0.0,0.0,0.0,0.0,0.0,0.0,0.0,0.0,0.0,0.0,0.0
56,682000000,odom,base_link,-1.7644064916761215,0.09477710646517147,-0.10464129967730654,-1.5861113685456214e-05,0.0037601399339043,-0.00015780282231560435,0.9999929180721091,0.0,0.0,0.0,0.0,0.0,0.0,0.0,0.0,0.0,0.0,0.0,0.0,0.0,0.0,0.0,0.0,0.0,0.0,0.0,0.0,0.0,0.0,0.0,0.0,0.0,0.0,0.0,0.0,0.0,0.0,0.0,0.0,0.0,0.0,0.0,0.0,0.004508924865653005,7.495734793797561e-05,7.177242217126324e-05,-4.926003993599437e-07,-8.286816282065956e-05,2.9149999747346556e-05,0.0,0.0,0.0,0.0,0.0,0.0,0.0,0.0,0.0,0.0,0.0,0.0,0.0,0.0,0.0,0.0,0.0,0.0,0.0,0.0,0.0,0.0,0.0,0.0,0.0,0.0,0.0,0.0,0.0,0.0,0.0,0.0,0.0,0.0,0.0,0.0
56,716000000,odom,base_link,-1.7642532105701778,0.09477960730658787,-0.10463999983559388,-1.586991773237347e-05,0.0037587453265969305,-0.00015728533722814562,0.9999929233964799,0.0,0.0,0.0,0.0,0.0,0.0,0.0,0.0,0.0,0.0,0.0,0.0,0.0,0.0,0.0,0.0,0.0,0.0,0.0,0.0,0.0,0.0,0.0,0.0,0.0,0.0,0.0,0.0,0.0,0.0,0.0,0.0,0.0,0.0,0.0,0.0,0.00450723522167392,7.498493780499586e-05,7.211019286338886e-05,-2.654855058015215e-07,-8.050639976886487e-05,2.9406903401252293e-05,0.0,0.0,0.0,0.0,0.0,0.0,0.0,0.0,0.0,0.0,0.0,0.0,0.0,0.0,0.0,0.0,0.0,0.0,0.0,0.0,0.0,0.0,0.0,0.0,0.0,0.0,0.0,0.0,0.0,0.0,0.0,0.0,0.0,0.0,0.0,0.0
56,750000000,odom,base_link,-1.764099986762774,0.09478210968431731,-0.10463872439238386,-1.5875527500415588e-05,0.0037574107929405627,-0.0001568607028678087,0.9999929284784072,0.0,0.0,0.0,0.0,0.0,0.0,0.0,0.0,0.0,0.0,0.0,0.0,0.0,0.0,0.0,0.0,0.0,0.0,0.0,0.0,0.0,0.0,0.0,0.0,0.0,0.0,0.0,0.0,0.0,0.0,0.0,0.0,0.0,0.0,0.0,0.0,0.004505558386750987,7.502827686897692e-05,7.081139370385027e-05,-2.1447509462868553e-07,-7.789543161607071e-05,2.270796422010335e-05,0.0,0.0,0.0,0.0,0.0,0.0,0.0,0.0,0.0,0.0,0.0,0.0,0.0,0.0,0.0,0.0,0.0,0.0,0.0,0.0,0.0,0.0,0.0,0.0,0.0,0.0,0.0,0.0,0.0,0.0,0.0,0.0,0.0,0.0,0.0,0.0
56,784000000,odom,base_link,-1.7639468204494888,0.09478461338190255,-0.10463745899149904,-1.5882712965656316e-05,0.0037560440445527053,-0.00015647998637200418,0.9999929336724778,0.0,0.0,0.0,0.0,0.0,0.0,0.0,0.0,0.0,0.0,0.0,0.0,0.0,0.0,0.0,0.0,0.0,0.0,0.0,0.0,0.0,0.0,0.0,0.0,0.0,0.0,0.0,0.0,0.0,0.0,0.0,0.0,0.0,0.0,0.0,0.0,0.0045038615885852834,7.505703353697331e-05,7.143656746468195e-05,-3.911791335298176e-07,-8.166369624973413e-05,2.297301566756005e-05,0.0,0.0,0.0,0.0,0.0,0.0,0.0,0.0,0.0,0.0,0.0,0.0,0.0,0.0,0.0,0.0,0.0,0.0,0.0,0.0,0.0,0.0,0.0,0.0,0.0,0.0,0.0,0.0,0.0,0.0,0.0,0.0,0.0,0.0,0.0,0.0
56,818000000,odom,base_link,-1.7637937116081563,0.0947871181557131,-0.10463617838434254,-1.5891611715617255e-05,0.0037546608792639303,-0.0001560869217671958,0.9999929389280763,0.0,0.0,0.0,0.0,0.0,0.0,0.0,0.0,0.0,0.0,0.0,0.0,0.0,0.0,0.0,0.0,0.0,0.0,0.0,0.0,0.0,0.0,0.0,0.0,0.0,0.0,0.0,0.0,0.0,0.0,0.0,0.0,0.0,0.0,0.0,0.0,0.004502174144842094,7.508770817148117e-05,7.137630158726901e-05,-4.08245504068816e-07,-8.024151512131539e-05,2.221714776595718e-05,0.0,0.0,0.0,0.0,0.0,0.0,0.0,0.0,0.0,0.0,0.0,0.0,0.0,0.0,0.0,0.0,0.0,0.0,0.0,0.0,0.0,0.0,0.0,0.0,0.0,0.0,0.0,0.0,0.0,0.0,0.0,0.0,0.0,0.0,0.0,0.0
56,852000000,odom,base_link,-1.7636406601122938,0.09478962430756628,-0.10463492826292134,-1.5899559529758048e-05,0.0037533194750796824,-0.0001557538016538397,0.9999929440155442,0.0,0.0,0.0,0.0,0.0,0.0,0.0,0.0,0.0,0.0,0.0,0.0,0.0,0.0,0.0,0.0,0.0,0.0,0.0,0.0,0.0,0.0,0.0,0.0,0.0,0.0,0.0,0.0,0.0,0.0,0.0,0.0,0.0,0.0,0.0,0.0,0.004500496761715972,7.512547317679383e-05,6.994910136632007e-05,-3.7524748031092514e-07,-7.847379777103924e-05,1.8250495337213124e-05,0.0,0.0,0.0,0.0,0.0,0.0,0.0,0.0,0.0,0.0,0.0,0.0,0.0,0.0,0.0,0.0,0.0,0.0,0.0,0.0,0.0,0.0,0.0,0.0,0.0,0.0,0.0,0.0,0.0,0.0,0.0,0.0,0.0,0.0,0.0,0.0
56,886000000,odom,base_link,-1.7634876661069194,0.09479213155133824,-0.10463368886687929,-1.590850629259221e-05,0.0037519473961116177,-0.00015541589968194022,0.9999929492169204,0.0,0.0,0.0,0.0,0.0,0.0,0.0,0.0,0.0,0.0,0.0,0.0,0.0,0.0,0.0,0.0,0.0,0.0,0.0,0.0,0.0,0.0,0.0,0.0,0.0,0.0,0.0,0.0,0.0,0.0,0.0,0.0,0.0,0.0,0.0,0.0,0.0044988010914646165,7.514800700121458e-05,7.054340152872675e-05,-4.7116802959212833e-07,-8.170137704155422e-05,2.137644905531033e-05,0.0,0.0,0.0,0.0,0.0,0.0,0.0,0.0,0.0,0.0,0.0,0.0,0.0,0.0,0.0,0.0,0.0,0.0,0.0,0.0,0.0,0.0,0.0,0.0,0.0,0.0,0.0,0.0,0.0,0.0,0.0,0.0,0.0,0.0,0.0,0.0
56,920000000,odom,base_link,-1.76333472954112,0.09479463968264255,-0.10463243863267245,-1.5917942443530694e-05,0.003750567807905385,-0.00015502512597947245,0.9999929544526539,0.0,0.0,0.0,0.0,0.0,0.0,0.0,0.0,0.0,0.0,0.0,0.0,0.0,0.0,0.0,0.0,0.0,0.0,0.0,0.0,0.0,0.0,0.0,0.0,0.0,0.0,0.0,0.0,0.0,0.0,0.0,0.0,0.0,0.0,0.0,0.0,0.00449711538563718,7.517354032589398e-05,7.038168092764064e-05,-4.0943615442490255e-07,-7.990282782088798e-05,2.2875471650252166e-05,0.0,0.0,0.0,0.0,0.0,0.0,0.0,0.0,0.0,0.0,0.0,0.0,0.0,0.0,0.0,0.0,0.0,0.0,0.0,0.0,0.0,0.0,0.0,0.0,0.0,0.0,0.0,0.0,0.0,0.0,0.0,0.0,0.0,0.0,0.0,0.0
56,954000000,odom,base_link,-1.7631818502918286,0.09479714901229268,-0.10463121990024116,-1.592541070937816e-05,0.003749231419664917,-0.0001546547522479977,0.9999929595212412,0.0,0.0,0.0,0.0,0.0,0.0,0.0,0.0,0.0,0.0,0.0,0.0,0.0,0.0,0.0,0.0,0.0,0.0,0.0,0.0,0.0,0.0,0.0,0.0,0.0,0.0,0.0,0.0,0.0,0.0,0.0,0.0,0.0,0.0,0.0,0.0,0.00449543831817175,7.5205675419872e-05,6.900097932020552e-05,-3.26044707898987e-07,-7.830249941775946e-05,2.1291708840465162e-05,0.0,0.0,0.0,0.0,0.0,0.0,0.0,0.0,0.0,0.0,0.0,0.0,0.0,0.0,0.0,0.0,0.0,0.0,0.0,0.0,0.0,0.0,0.0,0.0,0.0,0.0,0.0,0.0,0.0,0.0,0.0,0.0,0.0,0.0,0.0,0.0
56,988000000,odom,base_link,-1.7630290285075763,0.09479965932897422,-0.10462999765521507,-1.5933948942065607e-05,0.0037478566647531583,-0.00015425490429419575,0.9999929647362297,0.0,0.0,0.0,0.0,0.0,0.0,0.0,0.0,0.0,0.0,0.0,0.0,0.0,0.0,0.0,0.0,0.0,0.0,0.0,0.0,0.0,0.0,0.0,0.0,0.0,0.0,0.0,0.0,0.0,0.0,0.0,0.0,0.0,0.0,0.0,0.0,0.00449374084508958,7.522688299820616e-05,6.994809926080636e-05,-4.3122760362557244e-07,-8.162223323893159e-05,2.4833641454335975e-05,0.0,0.0,0.0,0.0,0.0,0.0,0.0,0.0,0.0,0.0,0.0,0.0,0.0,0.0,0.0,0.0,0.0,0.0,0.0,0.0,0.0,0.0,0.0,0.0,0.0,0.0,0.0,0.0,0.0,0.0,0.0,0.0,0.0,0.0,0.0,0.0
57,22000000,odom,base_link,-1.7628762641220426,0.09480217062243614,-0.10462876501856173,-1.594276322713875e-05,0.003746484500514323,-0.00015382221521059651,0.99999296994451,0.0,0.0,0.0,0.0,0.0,0.0,0.0,0.0,0.0,0.0,0.0,0.0,0.0,0.0,0.0,0.0,0.0,0.0,0.0,0.0,0.0,0.0,0.0,0.0,0.0,0.0,0.0,0.0,0.0,0.0,0.0,0.0,0.0,0.0,0.0,0.0,0.004492056376895098,7.525620946467649e-05,6.980062757382147e-05,-3.6714300766238495e-07,-7.937530455137676e-05,2.4437537504695683e-05,0.0,0.0,0.0,0.0,0.0,0.0,0.0,0.0,0.0,0.0,0.0,0.0,0.0,0.0,0.0,0.0,0.0,0.0,0.0,0.0,0.0,0.0,0.0,0.0,0.0,0.0,0.0,0.0,0.0,0.0,0.0,0.0,0.0,0.0,0.0,0.0
57,56000000,odom,base_link,-1.7627235570350923,0.09480468327857117,-0.10462756192323493,-1.5949917745946952e-05,0.0037451531616653068,-0.00015344729329628412,0.9999929749889866,0.0,0.0,0.0,0.0,0.0,0.0,0.0,0.0,0.0,0.0,0.0,0.0,0.0,0.0,0.0,0.0,0.0,0.0,0.0,0.0,0.0,0.0,0.0,0.0,0.0,0.0,0.0,0.0,0.0,0.0,0.0,0.0,0.0,0.0,0.0,0.0,0.004490378408771398,7.529230741694373e-05,6.855641873022263e-05,-3.2107625447252985e-07,-7.82203052551722e-05,2.1008980155556856e-05,0.0,0.0,0.0,0.0,0.0,0.0,0.0,0.0,0.0,0.0,0.0,0.0,0.0,0.0,0.0,0.0,0.0,0.0,0.0,0.0,0.0,0.0,0.0,0.0,0.0,0.0,0.0,0.0,0.0,0.0,0.0,0.0,0.0,0.0,0.0,0.0
57,90000000,odom,base_link,-1.7625709074040181,0.09480719699216518,-0.10462634832014295,-1.5958505758654187e-05,0.003743779357560556,-0.00015305936398234032,0.9999929801925007,0.0,0.0,0.0,0.0,0.0,0.0,0.0,0.0,0.0,0.0,0.0,0.0,0.0,0.0,0.0,0.0,0.0,0.0,0.0,0.0,0.0,0.0,0.0,0.0,0.0,0.0,0.0,0.0,0.0,0.0,0.0,0.0,0.0,0.0,0.0,0.0,0.004488680414655501,7.531507822900599e-05,6.961513092259503e-05,-4.3855652165358805e-07,-8.147941557012928e-05,2.3838651586061133e-05,0.0,0.0,0.0,0.0,0.0,0.0,0.0,0.0,0.0,0.0,0.0,0.0,0.0,0.0,0.0,0.0,0.0,0.0,0.0,0.0,0.0,0.0,0.0,0.0,0.0,0.0,0.0,0.0,0.0,0.0,0.0,0.0,0.0,0.0,0.0,0.0
57,124000000,odom,base_link,-1.7624183151496629,0.0948097117397064,-0.10462512404882739,-1.596728045209267e-05,0.0037424132016660693,-0.00015265286401268646,0.999992985368186,0.0,0.0,0.0,0.0,0.0,0.0,0.0,0.0,0.0,0.0,0.0,0.0,0.0,0.0,0.0,0.0,0.0,0.0,0.0,0.0,0.0,0.0,0.0,0.0,0.0,0.0,0.0,0.0,0.0,0.0,0.0,0.0,0.0,0.0,0.0,0.0,0.0044869965139857065,7.534587330913607e-05,6.948892424201487e-05,-3.7074652237123473e-07,-7.901216605432637e-05,2.279499433655019e-05,0.0,0.0,0.0,0.0,0.0,0.0,0.0,0.0,0.0,0.0,0.0,0.0,0.0,0.0,0.0,0.0,0.0,0.0,0.0,0.0,0.0,0.0,0.0,0.0,0.0,0.0,0.0,0.0,0.0,0.0,0.0,0.0,0.0,0.0,0.0,0.0
57,158000000,odom,base_link,-1.762265780188305,0.09481222783307003,-0.10462392710159682,-1.597451663559272e-05,0.0037410846824284896,-0.00015230174574377376,0.9999929903926287,0.0,0.0,0.0,0.0,0.0,0.0,0.0,0.0,0.0,0.0,0.0,0.0,0.0,0.0,0.0,0.0,0.0,0.0,0.0,0.0,0.0,0.0,0.0,0.0,0.0,0.0,0.0,0.0,0.0,0.0,0.0,0.0,0.0,0.0,0.0,0.0,0.004485317173074139,7.538086981042478e-05,6.842048599743882e-05,-3.3860062809143443e-07,-7.831445643091683e-05,1.9897278491498582e-05,0.0,0.0,0.0,0.0,0.0,0.0,0.0,0.0,0.0,0.0,0.0,0.0,0.0,0.0,0.0,0.0,0.0,0.0,0.0,0.0,0.0,0.0,0.0,0.0,0.0,0.0,0.0,0.0,0.0,0.0,0.0,0.0,0.0,0.0,0.0,0.0
57,192000000,odom,base_link,-1.7621133026759126,0.0948147449240505,-0.10462271324787498,-1.5983274791531688e-05,0.0037397114113301494,-0.00015192510323481408,0.9999929955863981,0.0,0.0,0.0,0.0,0.0,0.0,0.0,0.0,0.0,0.0,0.0,0.0,0.0,0.0,0.0,0.0,0.0,0.0,0.0,0.0,0.0,0.0,0.0,0.0,0.0,0.0,0.0,0.0,0.0,0.0,0.0,0.0,0.0,0.0,0.0,0.0,0.004483619002247047,7.540225703712858e-05,6.954446240754399e-05,-4.4714168478954264e-07,-8.135856575108846e-05,2.333892403783011e-05,0.0,0.0,0.0,0.0,0.0,0.0,0.0,0.0,0.0,0.0,0.0,0.0,0.0,0.0,0.0,0.0,0.0,0.0,0.0,0.0,0.0,0.0,0.0,0.0,0.0,0.0,0.0,0.0,0.0,0.0,0.0,0.0,0.0,0.0,0.0,0.0
57,226000000,odom,base_link,-1.7619608825196797,0.09481726302671062,-0.10462148863422958,-1.5991950264354526e-05,0.0037383509874826574,-0.0001515261327619037,0.9999930007334966,0.0,0.0,0.0,0.0,0.0,0.0,0.0,0.0,0.0,0.0,0.0,0.0,0.0,0.0,0.0,0.0,0.0,0.0,0.0,0.0,0.0,0.0,0.0,0.0,0.0,0.0,0.0,0.0,0.0,0.0,0.0,0.0,0.0,0.0,0.0,0.0,0.004481935670410583,7.543257982218438e-05,6.942444635387105e-05,-3.6365819244821296e-07,-7.869270319815769e-05,2.247019459389321e-05,0.0,0.0,0.0,0.0,0.0,0.0,0.0,0.0,0.0,0.0,0.0,0.0,0.0,0.0,0.0,0.0,0.0,0.0,0.0,0.0,0.0,0.0,0.0,0.0,0.0,0.0,0.0,0.0,0.0,0.0,0.0,0.0,0.0,0.0,0.0,0.0
57,260000000,odom,base_link,-1.7618085196560065,0.09481978243025055,-0.10462029074286462,-1.59990874810513e-05,0.0037370253849721164,-0.0001511734542554578,0.9999930057414841,0.0,0.0,0.0,0.0,0.0,0.0,0.0,0.0,0.0,0.0,0.0,0.0,0.0,0.0,0.0,0.0,0.0,0.0,0.0,0.0,0.0,0.0,0.0,0.0,0.0,0.0,0.0,0.0,0.0,0.0,0.0,0.0,0.0,0.0,0.0,0.0,0.0044802555980355775,7.546593897704148e-05,6.843683904475081e-05,-3.358817085574728e-07,-7.830556540966427e-05,2.0265503408722907e-05,0.0,0.0,0.0,0.0,0.0,0.0,0.0,0.0,0.0,0.0,0.0,0.0,0.0,0.0,0.0,0.0,0.0,0.0,0.0,0.0,0.0,0.0,0.0,0.0,0.0,0.0,0.0,0.0,0.0,0.0,0.0,0.0,0.0,0.0,0.0,0.0
57,294000000,odom,base_link,-1.7616562142395473,0.0948223028048973,-0.10461907382911802,-1.6007792808753632e-05,0.0037356538235271577,-0.0001507899793017632,0.9999930109238981,0.0,0.0,0.0,0.0,0.0,0.0,0.0,0.0,0.0,0.0,0.0,0.0,0.0,0.0,0.0,0.0,0.0,0.0,0.0,0.0,0.0,0.0,0.0,0.0,0.0,0.0,0.0,0.0,0.0,0.0,0.0,0.0,0.0,0.0,0.0,0.0,0.004478557643759173,7.548709679790485e-05,6.954879438586196e-05,-4.41660616412598e-07,-8.121922121517855e-05,2.373869421035124e-05,0.0,0.0,0.0,0.0,0.0,0.0,0.0,0.0,0.0,0.0,0.0,0.0,0.0,0.0,0.0,0.0,0.0,0.0,0.0,0.0,0.0,0.0,0.0,0.0,0.0,0.0,0.0,0.0,0.0,0.0,0.0,0.0,0.0,0.0,0.0,0.0
57,328000000,odom,base_link,-1.761503966160645,0.09482482421641408,-0.10461784685695663,-1.601624491302485e-05,0.003734299069002138,-0.0001503907957612968,0.999993016043888,0.0,0.0,0.0,0.0,0.0,0.0,0.0,0.0,0.0,0.0,0.0,0.0,0.0,0.0,0.0,0.0,0.0,0.0,0.0,0.0,0.0,0.0,0.0,0.0,0.0,0.0,0.0,0.0,0.0,0.0,0.0,0.0,0.0,0.0,0.0,0.0,0.004476875012629672,7.551850549051075e-05,6.94086177534402e-05,-3.519591923462073e-07,-7.840805338332757e-05,2.2320323900260064e-05,0.0,0.0,0.0,0.0,0.0,0.0,0.0,0.0,0.0,0.0,0.0,0.0,0.0,0.0,0.0,0.0,0.0,0.0,0.0,0.0,0.0,0.0,0.0,0.0,0.0,0.0,0.0,0.0,0.0,0.0,0.0,0.0,0.0,0.0,0.0,0.0
57,362000000,odom,base_link,-1.7613517753768522,0.09482734693418193,-0.10461664430857102,-1.6023351558480368e-05,0.0037329734592601136,-0.0001500399317934412,0.9999930210458589,0.0,0.0,0.0,0.0,0.0,0.0,0.0,0.0,0.0,0.0,0.0,0.0,0.0,0.0,0.0,0.0,0.0,0.0,0.0,0.0,0.0,0.0,0.0,0.0,0.0,0.0,0.0,0.0,0.0,0.0,0.0,0.0,0.0,0.0,0.0,0.0,0.004475192468753312,7.55510030142031e-05,6.872361207230423e-05,-3.490155803254069e-07,-7.877544732082242e-05,2.0493581054381593e-05,0.0,0.0,0.0,0.0,0.0,0.0,0.0,0.0,0.0,0.0,0.0,0.0,0.0,0.0,0.0,0.0,0.0,0.0,0.0,0.0,0.0,0.0,0.0,0.0,0.0,0.0,0.0,0.0,0.0,0.0,0.0,0.0,0.0,0.0,0.0,0.0
57,396000000,odom,base_link,-1.761199642029159,0.09482987060163543,-0.10461541618942324,-1.603215209920813e-05,0.003731601232903017,-0.00014965393194471777,0.999993026225138,0.0,0.0,0.0,0.0,0.0,0.0,0.0,0.0,0.0,0.0,0.0,0.0,0.0,0.0,0.0,0.0,0.0,0.0,0.0,0.0,0.0,0.0,0.0,0.0,0.0,0.0,0.0,0.0,0.0,0.0,0.0,0.0,0.0,0.0,0.0,0.0,0.004473495453391629,7.557230022944736e-05,6.978239206563455e-05,-4.4396956111469876e-07,-8.11405541867316e-05,2.3840406804254144e-05,0.0,0.0,0.0,0.0,0.0,0.0,0.0,0.0,0.0,0.0,0.0,0.0,0.0,0.0,0.0,0.0,0.0,0.0,0.0,0.0,0.0,0.0,0.0,0.0,0.0,0.0,0.0,0.0,0.0,0.0,0.0,0.0,0.0,0.0,0.0,0.0
57,430000000,odom,base_link,-1.761047565996196,0.09483239533479497,-0.10461418004539899,-1.604043502078304e-05,0.0037302518957305747,-0.000149259806667089,0.9999930313182233,0.0,0.0,0.0,0.0,0.0,0.0,0.0,0.0,0.0,0.0,0.0,0.0,0.0,0.0,0.0,0.0,0.0,0.0,0.0,0.0,0.0,0.0,0.0,0.0,0.0,0.0,0.0,0.0,0.0,0.0,0.0,0.0,0.0,0.0,0.0,0.0,0.004471813882305988,7.560467969220998e-05,6.957304362769967e-05,-3.4340930932241776e-07,-7.814556965968222e-05,2.1938681449285014e-05,0.0,0.0,0.0,0.0,0.0,0.0,0.0,0.0,0.0,0.0,0.0,0.0,0.0,0.0,0.0,0.0,0.0,0.0,0.0,0.0,0.0,0.0,0.0,0.0,0.0,0.0,0.0,0.0,0.0,0.0,0.0,0.0,0.0,0.0,0.0,0.0
57,464000000,odom,base_link,-1.7608955472615724,0.09483492138171892,-0.10461297281863434,-1.604737682847726e-05,0.003728930634891551,-0.00014891685898999352,0.999993036297039,0.0,0.0,0.0,0.0,0.0,0.0,0.0,0.0,0.0,0.0,0.0,0.0,0.0,0.0,0.0,0.0,0.0,0.0,0.0,0.0,0.0,0.0,0.0,0.0,0.0,0.0,0.0,0.0,0.0,0.0,0.0,0.0,0.0,0.0,0.0,0.0,0.00447013277660181,7.56375198459333e-05,6.868545359449715e-05,-3.3952479716603534e-07,-7.842522791179363e-05,1.9916379834228337e-05,0.0,0.0,0.0,0.0,0.0,0.0,0.0,0.0,0.0,0.0,0.0,0.0,0.0,0.0,0.0,0.0,0.0,0.0,0.0,0.0,0.0,0.0,0.0,0.0,0.0,0.0,0.0,0.0,0.0,0.0,0.0,0.0,0.0,0.0,0.0,0.0
57,498000000,odom,base_link,-1.7607435859673684,0.09483744836996405,-0.10461174382919926,-1.6056113444772565e-05,0.00372756070917474,-0.00014853802499070957,0.9999930414606972,0.0,0.0,0.0,0.0,0.0,0.0,0.0,0.0,0.0,0.0,0.0,0.0,0.0,0.0,0.0,0.0,0.0,0.0,0.0,0.0,0.0,0.0,0.0,0.0,0.0,0.0,0.0,0.0,0.0,0.0,0.0,0.0,0.0,0.0,0.0,0.0,0.004468435745235274,7.56582522423851e-05,6.972975519109123e-05,-4.4457373893358465e-07,-8.106156101916895e-05,2.3499559809181392e-05,0.0,0.0,0.0,0.0,0.0,0.0,0.0,0.0,0.0,0.0,0.0,0.0,0.0,0.0,0.0,0.0,0.0,0.0,0.0,0.0,0.0,0.0,0.0,0.0,0.0,0.0,0.0,0.0,0.0,0.0,0.0,0.0,0.0,0.0,0.0,0.0
57,532000000,odom,base_link,-1.7605916820746648,0.09483997618899255,-0.10461048316738181,-1.6065912023040432e-05,0.0037261752348970827,-0.00014809730843777524,0.999993046689422,0.0,0.0,0.0,0.0,0.0,0.0,0.0,0.0,0.0,0.0,0.0,0.0,0.0,0.0,0.0,0.0,0.0,0.0,0.0,0.0,0.0,0.0,0.0,0.0,0.0,0.0,0.0,0.0,0.0,0.0,0.0,0.0,0.0,0.0,0.0,0.0,0.004466739703037907,7.567788113796427e-05,7.08915789647557e-05,-4.769138306492948e-07,-8.171904966047805e-05,2.735632200767668e-05,0.0,0.0,0.0,0.0,0.0,0.0,0.0,0.0,0.0,0.0,0.0,0.0,0.0,0.0,0.0,0.0,0.0,0.0,0.0,0.0,0.0,0.0,0.0,0.0,0.0,0.0,0.0,0.0,0.0,0.0,0.0,0.0,0.0,0.0,0.0,0.0
57,566000000,odom,base_link,-1.7604398355433857,0.09484250490101807,-0.10460919430024776,-1.6074515583949685e-05,0.0037247988181676054,-0.00014760858696001003,0.9999930518894015,0.0,0.0,0.0,0.0,0.0,0.0,0.0,0.0,0.0,0.0,0.0,0.0,0.0,0.0,0.0,0.0,0.0,0.0,0.0,0.0,0.0,0.0,0.0,0.0,0.0,0.0,0.0,0.0,0.0,0.0,0.0,0.0,0.0,0.0,0.0,0.0,0.004465052117910157,7.57039680642916e-05,7.114200502586025e-05,-2.648136765426301e-07,-7.954531113796293e-05,2.799104361628224e-05,0.0,0.0,0.0,0.0,0.0,0.0,0.0,0.0,0.0,0.0,0.0,0.0,0.0,0.0,0.0,0.0,0.0,0.0,0.0,0.0,0.0,0.0,0.0,0.0,0.0,0.0,0.0,0.0,0.0,0.0,0.0,0.0,0.0,0.0,0.0,0.0
57,600000000,odom,base_link,-1.7602880462542432,0.09484503506650149,-0.1046079317283627,-1.607994578584323e-05,0.003723481519404915,-0.00014720167510258353,0.9999930568551348,0.0,0.0,0.0,0.0,0.0,0.0,0.0,0.0,0.0,0.0,0.0,0.0,0.0,0.0,0.0,0.0,0.0,0.0,0.0,0.0,0.0,0.0,0.0,0.0,0.0,0.0,0.0,0.0,0.0,0.0,0.0,0.0,0.0,0.0,0.0,0.0,0.004463377453560659,7.574531025220987e-05,6.979809551390086e-05,-2.0743083500862625e-07,-7.686901639658572e-05,2.1856968679401234e-05,0.0,0.0,0.0,0.0,0.0,0.0,0.0,0.0,0.0,0.0,0.0,0.0,0.0,0.0,0.0,0.0,0.0,0.0,0.0,0.0,0.0,0.0,0.0,0.0,0.0,0.0,0.0,0.0,0.0,0.0,0.0,0.0,0.0,0.0,0.0,0.0
57,634000000,odom,base_link,-1.7601363143949043,0.09484756652570121,-0.10460668838769499,-1.6086615351980256e-05,0.003722137989088612,-0.0001468406784085627,0.9999930619098445,0.0,0.0,0.0,0.0,0.0,0.0,0.0,0.0,0.0,0.0,0.0,0.0,0.0,0.0,0.0,0.0,0.0,0.0,0.0,0.0,0.0,0.0,0.0,0.0,0.0,0.0,0.0,0.0,0.0,0.0,0.0,0.0,0.0,0.0,0.0,0.0,0.004461684544284175,7.577403919799321e-05,7.0140623525141e-05,-3.6684565107858447e-07,-8.040769401418402e-05,2.1778825320950546e-05,0.0,0.0,0.0,0.0,0.0,0.0,0.0,0.0,0.0,0.0,0.0,0.0,0.0,0.0,0.0,0.0,0.0,0.0,0.0,0.0,0.0,0.0,0.0,0.0,0.0,0.0,0.0,0.0,0.0,0.0,0.0,0.0,0.0,0.0,0.0,0.0
57,668000000,odom,base_link,-1.7599846399550472,0.09485009902350994,-0.10460543114161057,-1.609507064301066e-05,0.00372077351560281,-0.0001464662774944101,0.9999930670424789,0.0,0.0,0.0,0.0,0.0,0.0,0.0,0.0,0.0,0.0,0.0,0.0,0.0,0.0,0.0,0.0,0.0,0.0,0.0,0.0,0.0,0.0,0.0,0.0,0.0,0.0,0.0,0.0,0.0,0.0,0.0,0.0,0.0,0.0,0.0,0.0,0.004459998716165285,7.580353168785278e-05,7.007002291741117e-05,-3.9130660933750505e-07,-7.921754914264056e-05,2.123290041566861e-05,0.0,0.0,0.0,0.0,0.0,0.0,0.0,0.0,0.0,0.0,0.0,0.0,0.0,0.0,0.0,0.0,0.0,0.0,0.0,0.0,0.0,0.0,0.0,0.0,0.0,0.0,0.0,0.0,0.0,0.0,0.0,0.0,0.0,0.0,0.0,0.0
57,702000000,odom,base_link,-1.7598330227961443,0.09485263285237484,-0.1046042033913914,-1.6102659066857285e-05,0.003719449984061343,-0.00014614848026020812,0.9999930720125726,0.0,0.0,0.0,0.0,0.0,0.0,0.0,0.0,0.0,0.0,0.0,0.0,0.0,0.0,0.0,0.0,0.0,0.0,0.0,0.0,0.0,0.0,0.0,0.0,0.0,0.0,0.0,0.0,0.0,0.0,0.0,0.0,0.0,0.0,0.0,0.0,0.0044583229096171306,7.584023418838192e-05,6.870160980320352e-05,-3.596842490516394e-07,-7.74372338696594e-05,1.7408560815113105e-05,0.0,0.0,0.0,0.0,0.0,0.0,0.0,0.0,0.0,0.0,0.0,0.0,0.0,0.0,0.0,0.0,0.0,0.0,0.0,0.0,0.0,0.0,0.0,0.0,0.0,0.0,0.0,0.0,0.0,0.0,0.0,0.0,0.0,0.0,0.0,0.0
57,736000000,odom,base_link,-1.7596814630524893,0.09485516771800827,-0.10460297706503806,-1.6111323447012082e-05,0.0037180931676911895,-0.0001458201708894581,0.9999930771060864,0.0,0.0,0.0,0.0,0.0,0.0,0.0,0.0,0.0,0.0,0.0,0.0,0.0,0.0,0.0,0.0,0.0,0.0,0.0,0.0,0.0,0.0,0.0,0.0,0.0,0.0,0.0,0.0,0.0,0.0,0.0,0.0,0.0,0.0,0.0,0.0,0.004456627669193826,7.586167991435686e-05,6.955079621135475e-05,-4.5442685725483045e-07,-8.064565477639007e-05,2.069599727150262e-05,0.0,0.0,0.0,0.0,0.0,0.0,0.0,0.0,0.0,0.0,0.0,0.0,0.0,0.0,0.0,0.0,0.0,0.0,0.0,0.0,0.0,0.0,0.0,0.0,0.0,0.0,0.0,0.0,0.0,0.0,0.0,0.0,0.0,0.0,0.0,0.0
57,770000000,odom,base_link,-1.7595299606694537,0.09485770347345494,-0.10460173880123907,-1.6120248367202904e-05,0.003716733684318847,-0.00014544690269227602,0.9999930822141001,0.0,0.0,0.0,0.0,0.0,0.0,0.0,0.0,0.0,0.0,0.0,0.0,0.0,0.0,0.0,0.0,0.0,0.0,0.0,0.0,0.0,0.0,0.0,0.0,0.0,0.0,0.0,0.0,0.0,0.0,0.0,0.0,0.0,0.0,0.0,0.0,0.004454943972558101,7.588763153789164e-05,6.942641032124646e-05,-3.8275471403448336e-07,-7.869629072843054e-05,2.1655542958853857e-05,0.0,0.0,0.0,0.0,0.0,0.0,0.0,0.0,0.0,0.0,0.0,0.0,0.0,0.0,0.0,0.0,0.0,0.0,0.0,0.0,0.0,0.0,0.0,0.0,0.0,0.0,0.0,0.0,0.0,0.0,0.0,0.0,0.0,0.0,0.0,0.0
57,804000000,odom,base_link,-1.759378515526144,0.09486024041384528,-0.10460052946494015,-1.612726296282837e-05,0.0037154175174121343,-0.0001450983333662474,0.9999930871556345,0.0,0.0,0.0,0.0,0.0,0.0,0.0,0.0,0.0,0.0,0.0,0.0,0.0,0.0,0.0,0.0,0.0,0.0,0.0,0.0,0.0,0.0,0.0,0.0,0.0,0.0,0.0,0.0,0.0,0.0,0.0,0.0,0.0,0.0,0.0,0.0,0.0044532684716750755,7.591930553242872e-05,6.818558951555027e-05,-3.0944521667297664e-07,-7.702077837734578e-05,1.997523959573755e-05,0.0,0.0,0.0,0.0,0.0,0.0,0.0,0.0,0.0,0.0,0.0,0.0,0.0,0.0,0.0,0.0,0.0,0.0,0.0,0.0,0.0,0.0,0.0,0.0,0.0,0.0,0.0,0.0,0.0,0.0,0.0,0.0,0.0,0.0,0.0,0.0
57,838000000,odom,base_link,-1.7592271277402816,0.09486277832282489,-0.10459930995086467,-1.613542663411606e-05,0.0037140643162322314,-0.00014472328586666015,0.9999930922366781,0.0,0.0,0.0,0.0,0.0,0.0,0.0,0.0,0.0,0.0,0.0,0.0,0.0,0.0,0.0,0.0,0.0,0.0,0.0,0.0,0.0,0.0,0.0,0.0,0.0,0.0,0.0,0.0,0.0,0.0,0.0,0.0,0.0,0.0,0.0,0.0,0.004451572618446441,7.59403371870143e-05,6.925530582328015e-05,-4.1593370969650323e-07,-8.043356061193663e-05,2.3296932205596477e-05,0.0,0.0,0.0,0.0,0.0,0.0,0.0,0.0,0.0,0.0,0.0,0.0,0.0,0.0,0.0,0.0,0.0,0.0,0.0,0.0,0.0,0.0,0.0,0.0,0.0,0.0,0.0,0.0,0.0,0.0,0.0,0.0,0.0,0.0,0.0,0.0
57,872000000,odom,base_link,-1.7590757973121218,0.09486531715832364,-0.10459807870124144,-1.6144030802627108e-05,0.0037127070821366356,-0.00014431124075503496,0.9999930973360558,0.0,0.0,0.0,0.0,0.0,0.0,0.0,0.0,0.0,0.0,0.0,0.0,0.0,0.0,0.0,0.0,0.0,0.0,0.0,0.0,0.0,0.0,0.0,0.0,0.0,0.0,0.0,0.0,0.0,0.0,0.0,0.0,0.0,0.0,0.0,0.0,0.004449888437465333,7.596745633465355e-05,6.919961589729444e-05,-3.674763049410501e-07,-7.868981910519324e-05,2.3605475441002e-05,0.0,0.0,0.0,0.0,0.0,0.0,0.0,0.0,0.0,0.0,0.0,0.0,0.0,0.0,0.0,0.0,0.0,0.0,0.0,0.0,0.0,0.0,0.0,0.0,0.0,0.0,0.0,0.0,0.0,0.0,0.0,0.0,0.0,0.0,0.0,0.0
57,906000000,odom,base_link,-1.7589245240929645,0.09486785726981303,-0.10459687104490038,-1.6152223101808973e-05,0.0037113900770638134,-0.00014394349320988765,0.9999931022777468,0.0,0.0,0.0,0.0,0.0,0.0,0.0,0.0,0.0,0.0,0.0,0.0,0.0,0.0,0.0,0.0,0.0,0.0,0.0,0.0,0.0,0.0,0.0,0.0,0.0,0.0,0.0,0.0,0.0,0.0,0.0,0.0,0.0,0.0,0.0,0.0,0.004448214986947102,7.600203339701535e-05,6.8079763067082e-05,-5.386768225923433e-07,-7.695541910379688e-05,2.0642083242705667e-05,0.0,0.0,0.0,0.0,0.0,0.0,0.0,0.0,0.0,0.0,0.0,0.0,0.0,0.0,0.0,0.0,0.0,0.0,0.0,0.0,0.0,0.0,0.0,0.0,0.0,0.0,0.0,0.0,0.0,0.0,0.0,0.0,0.0,0.0,0.0,0.0
57,940000000,odom,base_link,-1.758773307783422,0.0948703984654976,-0.10459565591753402,-1.616701891188214e-05,0.0037100489183483137,-0.00014357331577657725,0.9999931073074224,0.0,0.0,0.0,0.0,0.0,0.0,0.0,0.0,0.0,0.0,0.0,0.0,0.0,0.0,0.0,0.0,0.0,0.0,0.0,0.0,0.0,0.0,0.0,0.0,0.0,0.0,0.0,0.0,0.0,0.0,0.0,0.0,0.0,0.0,0.0,0.0,0.004446531146794731,7.602605424284917e-05,6.900305034292264e-05,-6.654655271276511e-07,-7.9922723728032e-05,2.2597398796619927e-05,0.0,0.0,0.0,0.0,0.0,0.0,0.0,0.0,0.0,0.0,0.0,0.0,0.0,0.0,0.0,0.0,0.0,0.0,0.0,0.0,0.0,0.0,0.0,0.0,0.0,0.0,0.0,0.0,0.0,0.0,0.0,0.0,0.0,0.0,0.0,0.0
57,974000000,odom,base_link,-1.7586221488138867,0.09487294068951471,-0.10459443363937763,-1.617695348852889e-05,0.003708704236611725,-0.00014319169430250913,0.9999931123499451,0.0,0.0,0.0,0.0,0.0,0.0,0.0,0.0,0.0,0.0,0.0,0.0,0.0,0.0,0.0,0.0,0.0,0.0,0.0,0.0,0.0,0.0,0.0,0.0,0.0,0.0,0.0,0.0,0.0,0.0,0.0,0.0,0.0,0.0,0.0,0.0,0.004444849139378074,7.605675778474979e-05,6.8790369689685e-05,-3.719992230921676e-07,-7.791692908654113e-05,2.1285960194461495e-05,0.0,0.0,0.0,0.0,0.0,0.0,0.0,0.0,0.0,0.0,0.0,0.0,0.0,0.0,0.0,0.0,0.0,0.0,0.0,0.0,0.0,0.0,0.0,0.0,0.0,0.0,0.0,0.0,0.0,0.0,0.0,0.0,0.0,0.0,0.0,0.0
58,8000000,odom,base_link,-1.7584710470887954,0.09487548423767031,-0.10459324085226614,-1.618290564073327e-05,0.0037073926820507166,-0.00014286696528299984,0.9999931172596364,0.0,0.0,0.0,0.0,0.0,0.0,0.0,0.0,0.0,0.0,0.0,0.0,0.0,0.0,0.0,0.0,0.0,0.0,0.0,0.0,0.0,0.0,0.0,0.0,0.0,0.0,0.0,0.0,0.0,0.0,0.0,0.0,0.0,0.0,0.0,0.0,0.004443171788891279,7.609142210071067e-05,6.766274035172021e-05,-2.492312065061064e-07,-7.732835172191699e-05,1.8322652550750718e-05,0.0,0.0,0.0,0.0,0.0,0.0,0.0,0.0,0.0,0.0,0.0,0.0,0.0,0.0,0.0,0.0,0.0,0.0,0.0,0.0,0.0,0.0,0.0,0.0,0.0,0.0,0.0,0.0,0.0,0.0,0.0,0.0,0.0,0.0,0.0,0.0
58,42000000,odom,base_link,-1.7583200027492987,0.09487802876326384,-0.10459203308308353,-1.6190256299677383e-05,0.0037060373793755133,-0.00014251782425781474,0.9999931223330928,0.0,0.0,0.0,0.0,0.0,0.0,0.0,0.0,0.0,0.0,0.0,0.0,0.0,0.0,0.0,0.0,0.0,0.0,0.0,0.0,0.0,0.0,0.0,0.0,0.0,0.0,0.0,0.0,0.0,0.0,0.0,0.0,0.0,0.0,0.0,0.0,0.0044414760213101175,7.611252494140551e-05,6.873243805431277e-05,-3.776854995418688e-07,-8.028362756817842e-05,2.1699414887166313e-05,0.0,0.0,0.0,0.0,0.0,0.0,0.0,0.0,0.0,0.0,0.0,0.0,0.0,0.0,0.0,0.0,0.0,0.0,0.0,0.0,0.0,0.0,0.0,0.0,0.0,0.0,0.0,0.0,0.0,0.0,0.0,0.0,0.0,0.0,0.0,0.0
58,76000000,odom,base_link,-1.7581690157015173,0.09488057426708447,-0.10459081624253132,-1.619796193681665e-05,0.0037046950283519866,-0.00014214459559946368,0.9999931273600269,0.0,0.0,0.0,0.0,0.0,0.0,0.0,0.0,0.0,0.0,0.0,0.0,0.0,0.0,0.0,0.0,0.0,0.0,0.0,0.0,0.0,0.0,0.0,0.0,0.0,0.0,0.0,0.0,0.0,0.0,0.0,0.0,0.0,0.0,0.0,0.0,0.004439794896442121,7.614175745106127e-05,6.856579025081295e-05,-3.3010117972409603e-07,-7.764518414887789e-05,2.111637353863216e-05,0.0,0.0,0.0,0.0,0.0,0.0,0.0,0.0,0.0,0.0,0.0,0.0,0.0,0.0,0.0,0.0,0.0,0.0,0.0,0.0,0.0,0.0,0.0,0.0,0.0,0.0,0.0,0.0,0.0,0.0,0.0,0.0,0.0,0.0,0.0,0.0
58,110000000,odom,base_link,-1.7580180858797603,0.09488312102257224,-0.1045896306344503,-1.6204592984078828e-05,0.003703390215434715,-0.00014181259148753425,0.9999931322401732,0.0,0.0,0.0,0.0,0.0,0.0,0.0,0.0,0.0,0.0,0.0,0.0,0.0,0.0,0.0,0.0,0.0,0.0,0.0,0.0,0.0,0.0,0.0,0.0,0.0,0.0,0.0,0.0,0.0,0.0,0.0,0.0,0.0,0.0,0.0,0.0,0.004438119440765399,7.617469924939694e-05,6.722959139965631e-05,-3.0487994073791214e-07,-7.663679824077008e-05,1.8835545567696954e-05,0.0,0.0,0.0,0.0,0.0,0.0,0.0,0.0,0.0,0.0,0.0,0.0,0.0,0.0,0.0,0.0,0.0,0.0,0.0,0.0,0.0,0.0,0.0,0.0,0.0,0.0,0.0,0.0,0.0,0.0,0.0,0.0,0.0,0.0,0.0,0.0
58,144000000,odom,base_link,-1.7578672134497733,0.09488566872850901,-0.10458843299105834,-1.6212778993848638e-05,0.0037020381879355334,-0.0001414515426412242,0.9999931372973826,0.0,0.0,0.0,0.0,0.0,0.0,0.0,0.0,0.0,0.0,0.0,0.0,0.0,0.0,0.0,0.0,0.0,0.0,0.0,0.0,0.0,0.0,0.0,0.0,0.0,0.0,0.0,0.0,0.0,0.0,0.0,0.0,0.0,0.0,0.0,0.0,0.004436422019793014,7.619469501770831e-05,6.847363315488065e-05,-4.2338946515396714e-07,-8.033125240558547e-05,2.260940412668333e-05,0.0,0.0,0.0,0.0,0.0,0.0,0.0,0.0,0.0,0.0,0.0,0.0,0.0,0.0,0.0,0.0,0.0,0.0,0.0,0.0,0.0,0.0,0.0,0.0,0.0,0.0,0.0,0.0,0.0,0.0,0.0,0.0,0.0,0.0,0.0,0.0
58,178000000,odom,base_link,-1.757716398275074,0.09488821744193804,-0.10458722190258447,-1.6220631813939834e-05,0.0037007038117616675,-0.0001410739427182785,0.9999931422896516,0.0,0.0,0.0,0.0,0.0,0.0,0.0,0.0,0.0,0.0,0.0,0.0,0.0,0.0,0.0,0.0,0.0,0.0,0.0,0.0,0.0,0.0,0.0,0.0,0.0,0.0,0.0,0.0,0.0,0.0,0.0,0.0,0.0,0.0,0.0,0.0,0.004434742988848559,7.622648190705674e-05,6.823440661808564e-05,-3.121712249809505e-07,-7.690423586836914e-05,2.076670355677379e-05,0.0,0.0,0.0,0.0,0.0,0.0,0.0,0.0,0.0,0.0,0.0,0.0,0.0,0.0,0.0,0.0,0.0,0.0,0.0,0.0,0.0,0.0,0.0,0.0,0.0,0.0,0.0,0.0,0.0,0.0,0.0,0.0,0.0,0.0,0.0,0.0
58,212000000,odom,base_link,-1.7575656403061588,0.0948907674877766,-0.10458604396781698,-1.6226793700893048e-05,0.0036994055346890003,-0.00014075726645580987,0.9999931471379057,0.0,0.0,0.0,0.0,0.0,0.0,0.0,0.0,0.0,0.0,0.0,0.0,0.0,0.0,0.0,0.0,0.0,0.0,0.0,0.0,0.0,0.0,0.0,0.0,0.0,0.0,0.0,0.0,0.0,0.0,0.0,0.0,0.0,0.0,0.0,0.0,0.004433064239702962,7.625983044439935e-05,6.73322736933842e-05,-3.0409124385233355e-07,-7.726732889068444e-05,1.8326484152453304e-05,0.0,0.0,0.0,0.0,0.0,0.0,0.0,0.0,0.0,0.0,0.0,0.0,0.0,0.0,0.0,0.0,0.0,0.0,0.0,0.0,0.0,0.0,0.0,0.0,0.0,0.0,0.0,0.0,0.0,0.0,0.0,0.0,0.0,0.0,0.0,0.0
58,246000000,odom,base_link,-1.7574149397118493,0.09489331846600782,-0.1045848416658614,-1.6234833446837523e-05,0.003698054263501502,-0.00014040786936836446,0.999993152184916,0.0,0.0,0.0,0.0,0.0,0.0,0.0,0.0,0.0,0.0,0.0,0.0,0.0,0.0,0.0,0.0,0.0,0.0,0.0,0.0,0.0,0.0,0.0,0.0,0.0,0.0,0.0,0.0,0.0,0.0,0.0,0.0,0.0,0.0,0.0,0.0,0.004431368866388669,7.628066069942088e-05,6.842578999336754e-05,-4.1251881355286457e-07,-7.998118292107392e-05,2.1694637020175378e-05,0.0,0.0,0.0,0.0,0.0,0.0,0.0,0.0,0.0,0.0,0.0,0.0,0.0,0.0,0.0,0.0,0.0,0.0,0.0,0.0,0.0,0.0,0.0,0.0,0.0,0.0,0.0,0.0,0.0,0.0,0.0,0.0,0.0,0.0,0.0,0.0
58,280000000,odom,base_link,-1.7572642963787766,0.09489587043662909,-0.10458362848153006,-1.624271017376156e-05,0.003696718991858529,-0.00014003993599824623,0.9999931571734308,0.0,0.0,0.0,0.0,0.0,0.0,0.0,0.0,0.0,0.0,0.0,0.0,0.0,0.0,0.0,0.0,0.0,0.0,0.0,0.0,0.0,0.0,0.0,0.0,0.0,0.0,0.0,0.0,0.0,0.0,0.0,0.0,0.0,0.0,0.0,0.0,0.004429687861985829,7.631029066753135e-05,6.835996105027917e-05,-3.3259425491483086e-07,-7.733624940442496e-05,2.0822545998555597e-05,0.0,0.0,0.0,0.0,0.0,0.0,0.0,0.0,0.0,0.0,0.0,0.0,0.0,0.0,0.0,0.0,0.0,0.0,0.0,0.0,0.0,0.0,0.0,0.0,0.0,0.0,0.0,0.0,0.0,0.0,0.0,0.0,0.0,0.0,0.0,0.0
58,314000000,odom,base_link,-1.7571137102627497,0.09489842361476443,-0.10458243565857224,-1.6249433877999948e-05,0.003695411503851727,-0.0001397049045548061,0.9999931620527777,0.0,0.0,0.0,0.0,0.0,0.0,0.0,0.0,0.0,0.0,0.0,0.0,0.0,0.0,0.0,0.0,0.0,0.0,0.0,0.0,0.0,0.0,0.0,0.0,0.0,0.0,0.0,0.0,0.0,0.0,0.0,0.0,0.0,0.0,0.0,0.0,0.004428006945459823,7.634049309392186e-05,6.777425744774101e-05,-3.280109572845191e-07,-7.763630947010824e-05,1.9731173495074472e-05,0.0,0.0,0.0,0.0,0.0,0.0,0.0,0.0,0.0,0.0,0.0,0.0,0.0,0.0,0.0,0.0,0.0,0.0,0.0,0.0,0.0,0.0,0.0,0.0,0.0,0.0,0.0,0.0,0.0,0.0,0.0,0.0,0.0,0.0,0.0,0.0
58,348000000,odom,base_link,-1.7569631815000877,0.09490097770961492,-0.10458121767736699,-1.6257591041012875e-05,0.0036940614883662405,-0.000139334277796494,0.9999931670923407,0.0,0.0,0.0,0.0,0.0,0.0,0.0,0.0,0.0,0.0,0.0,0.0,0.0,0.0,0.0,0.0,0.0,0.0,0.0,0.0,0.0,0.0,0.0,0.0,0.0,0.0,0.0,0.0,0.0,0.0,0.0,0.0,0.0,0.0,0.0,0.0,0.00442631274471973,7.63615482055135e-05,6.87827579754524e-05,-4.0727501371407016e-07,-7.979181262385282e-05,2.286354146008307e-05,0.0,0.0,0.0,0.0,0.0,0.0,0.0,0.0,0.0,0.0,0.0,0.0,0.0,0.0,0.0,0.0,0.0,0.0,0.0,0.0,0.0,0.0,0.0,0.0,0.0,0.0,0.0,0.0,0.0,0.0,0.0,0.0,0.0,0.0,0.0,0.0
58,382000000,odom,base_link,-1.7568127099592485,0.09490353287424691,-0.1045799921023647,-1.6265022160644916e-05,0.003692737055759064,-0.00013896350502388892,0.9999931720355046,0.0,0.0,0.0,0.0,0.0,0.0,0.0,0.0,0.0,0.0,0.0,0.0,0.0,0.0,0.0,0.0,0.0,0.0,0.0,0.0,0.0,0.0,0.0,0.0,0.0,0.0,0.0,0.0,0.0,0.0,0.0,0.0,0.0,0.0,0.0,0.0,0.0044246337131122,7.63942262077835e-05,6.857802875949608e-05,-3.0460910738216995e-07,-7.681349316612796e-05,2.0535288314249556e-05,0.0,0.0,0.0,0.0,0.0,0.0,0.0,0.0,0.0,0.0,0.0,0.0,0.0,0.0,0.0,0.0,0.0,0.0,0.0,0.0,0.0,0.0,0.0,0.0,0.0,0.0,0.0,0.0,0.0,0.0,0.0,0.0,0.0,0.0,0.0,0.0
58,416000000,odom,base_link,-1.7566622956482068,0.09490608929792368,-0.10457878776658473,-1.6271482671821423e-05,0.0036914303934677106,-0.0001386381288711889,0.9999931769049019,0.0,0.0,0.0,0.0,0.0,0.0,0.0,0.0,0.0,0.0,0.0,0.0,0.0,0.0,0.0,0.0,0.0,0.0,0.0,0.0,0.0,0.0,0.0,0.0,0.0,0.0,0.0,0.0,0.0,0.0,0.0,0.0,0.0,0.0,0.0,0.0,0.004422950440299597,7.642451979487106e-05,6.825852943029647e-05,-3.3306178093273076e-07,-7.808260278352464e-05,1.9423537622742515e-05,0.0,0.0,0.0,0.0,0.0,0.0,0.0,0.0,0.0,0.0,0.0,0.0,0.0,0.0,0.0,0.0,0.0,0.0,0.0,0.0,0.0,0.0,0.0,0.0,0.0,0.0,0.0,0.0,0.0,0.0,0.0,0.0,0.0,0.0,0.0,0.0
58,450000000,odom,base_link,-1.7565119386841692,0.09490864661570375,-0.10457755263716448,-1.6279731572924345e-05,0.0036900783615362908,-0.00013827254531782388,0.9999931819454367,0.0,0.0,0.0,0.0,0.0,0.0,0.0,0.0,0.0,0.0,0.0,0.0,0.0,0.0,0.0,0.0,0.0,0.0,0.0,0.0,0.0,0.0,0.0,0.0,0.0,0.0,0.0,0.0,0.0,0.0,0.0,0.0,0.0,0.0,0.0,0.0,0.00442125723809714,7.644546068296411e-05,6.91838622950737e-05,-4.145291498947046e-07,-7.982478038570662e-05,2.2572611868554304e-05,0.0,0.0,0.0,0.0,0.0,0.0,0.0,0.0,0.0,0.0,0.0,0.0,0.0,0.0,0.0,0.0,0.0,0.0,0.0,0.0,0.0,0.0,0.0,0.0,0.0,0.0,0.0,0.0,0.0,0.0,0.0,0.0,0.0,0.0,0.0,0.0
58,484000000,odom,base_link,-1.756361639007363,0.0949112047650361,-0.10457627925481448,-1.6292880645532743e-05,0.0036887147727983505,-0.0001378499028290167,0.9999931870344274,0.0,0.0,0.0,0.0,0.0,0.0,0.0,0.0,0.0,0.0,0.0,0.0,0.0,0.0,0.0,0.0,0.0,0.0,0.0,0.0,0.0,0.0,0.0,0.0,0.0,0.0,0.0,0.0,0.0,0.0,0.0,0.0,0.0,0.0,0.0,0.0,0.004419563153714666,7.646529734877908e-05,7.053374999252865e-05,-5.901838850963514e-07,-8.035648164650411e-05,2.612845015903531e-05,0.0,0.0,0.0,0.0,0.0,0.0,0.0,0.0,0.0,0.0,0.0,0.0,0.0,0.0,0.0,0.0,0.0,0.0,0.0,0.0,0.0,0.0,0.0,0.0,0.0,0.0,0.0,0.0,0.0,0.0,0.0,0.0,0.0,0.0,0.0,0.0
58,518000000,odom,base_link,-1.75621139661067,0.094913763819207,-0.10457498299946129,-1.630277946571129e-05,0.0036873633116224626,-0.00013738949047395203,0.9999931920819038,0.0,0.0,0.0,0.0,0.0,0.0,0.0,0.0,0.0,0.0,0.0,0.0,0.0,0.0,0.0,0.0,0.0,0.0,0.0,0.0,0.0,0.0,0.0,0.0,0.0,0.0,0.0,0.0,0.0,0.0,0.0,0.0,0.0,0.0,0.0,0.0,0.004417879036057346,7.64923141146487e-05,7.065856266968236e-05,-3.6940582814892764e-07,-7.813378104515323e-05,2.6102354411250417e-05,0.0,0.0,0.0,0.0,0.0,0.0,0.0,0.0,0.0,0.0,0.0,0.0,0.0,0.0,0.0,0.0,0.0,0.0,0.0,0.0,0.0,0.0,0.0,0.0,0.0,0.0,0.0,0.0,0.0,0.0,0.0,0.0,0.0,0.0,0.0,0.0
58,552000000,odom,base_link,-1.7560612113971703,0.09491632428190905,-0.10457371354450329,-1.630839921625995e-05,0.00368606254477223,-0.00013700728838407655,0.9999931969298366,0.0,0.0,0.0,0.0,0.0,0.0,0.0,0.0,0.0,0.0,0.0,0.0,0.0,0.0,0.0,0.0,0.0,0.0,0.0,0.0,0.0,0.0,0.0,0.0,0.0,0.0,0.0,0.0,0.0,0.0,0.0,0.0,0.0,0.0,0.0,0.0,0.00441620564830915,7.65316335516846e-05,6.931994064676044e-05,-1.9301860526566017e-07,-7.601178353411342e-05,2.0626723973293792e-05,0.0,0.0,0.0,0.0,0.0,0.0,0.0,0.0,0.0,0.0,0.0,0.0,0.0,0.0,0.0,0.0,0.0,0.0,0.0,0.0,0.0,0.0,0.0,0.0,0.0,0.0,0.0,0.0,0.0,0.0,0.0,0.0,0.0,0.0,0.0,0.0
58,586000000,odom,base_link,-1.7559110834900917,0.09491888601242178,-0.10457245572530326,-1.6330681735344756e-05,0.0036847371601786147,-0.00013666286927738202,0.9999932018612074,0.0,0.0,0.0,0.0,0.0,0.0,0.0,0.0,0.0,0.0,0.0,0.0,0.0,0.0,0.0,0.0,0.0,0.0,0.0,0.0,0.0,0.0,0.0,0.0,0.0,0.0,0.0,0.0,0.0,0.0,0.0,0.0,0.0,0.0,0.0,0.0,0.004414515332688109,7.656015576133951e-05,6.984093072099196e-05,-9.75066460906504e-07,-7.925580476353389e-05,2.0757185303921233e-05,0.0,0.0,0.0,0.0,0.0,0.0,0.0,0.0,0.0,0.0,0.0,0.0,0.0,0.0,0.0,0.0,0.0,0.0,0.0,0.0,0.0,0.0,0.0,0.0,0.0,0.0,0.0,0.0,0.0,0.0,0.0,0.0,0.0,0.0,0.0,0.0
58,620000000,odom,base_link,-1.755761012917,0.09492144875992331,-0.10457118953363911,-1.6342454163291027e-05,0.003683394909974683,-0.0001363097639330224,0.9999932068541815,0.0,0.0,0.0,0.0,0.0,0.0,0.0,0.0,0.0,0.0,0.0,0.0,0.0,0.0,0.0,0.0,0.0,0.0,0.0,0.0,0.0,0.0,0.0,0.0,0.0,0.0,0.0,0.0,0.0,0.0,0.0,0.0,0.0,0.0,0.0,0.0,0.004412833457698731,7.658969297786697e-05,6.958157088122811e-05,-3.9701396614688633e-07,-7.78639538623338e-05,1.9841976595103006e-05,0.0,0.0,0.0,0.0,0.0,0.0,0.0,0.0,0.0,0.0,0.0,0.0,0.0,0.0,0.0,0.0,0.0,0.0,0.0,0.0,0.0,0.0,0.0,0.0,0.0,0.0,0.0,0.0,0.0,0.0,0.0,0.0,0.0,0.0,0.0,0.0
58,654000000,odom,base_link,-1.7556109995537799,0.09492401281560328,-0.10456995949980118,-1.6347349773230634e-05,0.0036820911881457323,-0.00013601330132161709,0.9999932116957736,0.0,0.0,0.0,0.0,0.0,0.0,0.0,0.0,0.0,0.0,0.0,0.0,0.0,0.0,0.0,0.0,0.0,0.0,0.0,0.0,0.0,0.0,0.0,0.0,0.0,0.0,0.0,0.0,0.0,0.0,0.0,0.0,0.0,0.0,0.0,0.0,0.0044111605874226235,7.662555227438096e-05,6.805729070726012e-05,-1.5290159277592252e-07,-7.64062406233279e-05,1.6289474480402077e-05,0.0,0.0,0.0,0.0,0.0,0.0,0.0,0.0,0.0,0.0,0.0,0.0,0.0,0.0,0.0,0.0,0.0,0.0,0.0,0.0,0.0,0.0,0.0,0.0,0.0,0.0,0.0,0.0,0.0,0.0,0.0,0.0,0.0,0.0,0.0,0.0
58,688000000,odom,base_link,-1.7554610435266147,0.09492657787385692,-0.10456873101500484,-1.635287231611476e-05,0.0036807514931589194,-0.00013570132965660717,0.9999932166700823,0.0,0.0,0.0,0.0,0.0,0.0,0.0,0.0,0.0,0.0,0.0,0.0,0.0,0.0,0.0,0.0,0.0,0.0,0.0,0.0,0.0,0.0,0.0,0.0,0.0,0.0,0.0,0.0,0.0,0.0,0.0,0.0,0.0,0.0,0.0,0.0,0.004409468296321037,7.664674767739868e-05,6.885449450265088e-05,-2.8626968850975487e-07,-7.950793445843374e-05,1.9629819902888812e-05,0.0,0.0,0.0,0.0,0.0,0.0,0.0,0.0,0.0,0.0,0.0,0.0,0.0,0.0,0.0,0.0,0.0,0.0,0.0,0.0,0.0,0.0,0.0,0.0,0.0,0.0,0.0,0.0,0.0,0.0,0.0,0.0,0.0,0.0,0.0,0.0
58,722000000,odom,base_link,-1.7553111447666998,0.09492914383087073,-0.10456749757564236,-1.635939751295932e-05,0.003679414848982352,-0.00013534967448714658,0.9999932216366293,0.0,0.0,0.0,0.0,0.0,0.0,0.0,0.0,0.0,0.0,0.0,0.0,0.0,0.0,0.0,0.0,0.0,0.0,0.0,0.0,0.0,0.0,0.0,0.0,0.0,0.0,0.0,0.0,0.0,0.0,0.0,0.0,0.0,0.0,0.0,0.0,0.004407788792855658,7.667310496839455e-05,6.853741782534761e-05,-2.850685326682978e-07,-7.73379866814139e-05,2.033100603426874e-05,0.0,0.0,0.0,0.0,0.0,0.0,0.0,0.0,0.0,0.0,0.0,0.0,0.0,0.0,0.0,0.0,0.0,0.0,0.0,0.0,0.0,0.0,0.0,0.0,0.0,0.0,0.0,0.0,0.0,0.0,0.0,0.0,0.0,0.0,0.0,0.0
58,756000000,odom,base_link,-1.7551613031714453,0.09493171095136037,-0.10456629871546484,-1.6365466262727287e-05,0.003678118556990386,-0.00013502162633228452,0.9999932264496658,0.0,0.0,0.0,0.0,0.0,0.0,0.0,0.0,0.0,0.0,0.0,0.0,0.0,0.0,0.0,0.0,0.0,0.0,0.0,0.0,0.0,0.0,0.0,0.0,0.0,0.0,0.0,0.0,0.0,0.0,0.0,0.0,0.0,0.0,0.0,0.0,0.004406115661725568,7.67038513837356e-05,6.722966582736055e-05,-2.8038448784961645e-07,-7.600864790902051e-05,1.8957983272116508e-05,0.0,0.0,0.0,0.0,0.0,0.0,0.0,0.0,0.0,0.0,0.0,0.0,0.0,0.0,0.0,0.0,0.0,0.0,0.0,0.0,0.0,0.0,0.0,0.0,0.0,0.0,0.0,0.0,0.0,0.0,0.0,0.0,0.0,0.0,0.0,0.0
58,790000000,odom,base_link,-1.755011518872542,0.09493427900636131,-0.10456509038260631,-1.6372920356757814e-05,0.003676782848583255,-0.000134663259181766,0.9999932314099024,0.0,0.0,0.0,0.0,0.0,0.0,0.0,0.0,0.0,0.0,0.0,0.0,0.0,0.0,0.0,0.0,0.0,0.0,0.0,0.0,0.0,0.0,0.0,0.0,0.0,0.0,0.0,0.0,0.0,0.0,0.0,0.0,0.0,0.0,0.0,0.0,0.004404422844754745,7.672470714404392e-05,6.817518307447349e-05,-3.7414034370630844e-07,-7.927506189275846e-05,2.2210149808188362e-05,0.0,0.0,0.0,0.0,0.0,0.0,0.0,0.0,0.0,0.0,0.0,0.0,0.0,0.0,0.0,0.0,0.0,0.0,0.0,0.0,0.0,0.0,0.0,0.0,0.0,0.0,0.0,0.0,0.0,0.0,0.0,0.0,0.0,0.0,0.0,0.0
58,824000000,odom,base_link,-1.7548617918153686,0.09493684802726242,-0.10456387745710609,-1.6380331002118986e-05,0.003675452896824174,-0.00013428159321274497,0.9999932363501974,0.0,0.0,0.0,0.0,0.0,0.0,0.0,0.0,0.0,0.0,0.0,0.0,0.0,0.0,0.0,0.0,0.0,0.0,0.0,0.0,0.0,0.0,0.0,0.0,0.0,0.0,0.0,0.0,0.0,0.0,0.0,0.0,0.0,0.0,0.0,0.0,0.004402744167117457,7.675394404175494e-05,6.787157858101617e-05,-2.9649641630768997e-07,-7.694501320543168e-05,2.1412437689605213e-05,0.0,0.0,0.0,0.0,0.0,0.0,0.0,0.0,0.0,0.0,0.0,0.0,0.0,0.0,0.0,0.0,0.0,0.0,0.0,0.0,0.0,0.0,0.0,0.0,0.0,0.0,0.0,0.0,0.0,0.0,0.0,0.0,0.0,0.0,0.0,0.0
58,858000000,odom,base_link,-1.754712121915132,0.09493941833447768,-0.10456269771885487,-1.638611584890431e-05,0.0036741589176730737,-0.00013395233520507781,0.9999932411494163,0.0,0.0,0.0,0.0,0.0,0.0,0.0,0.0,0.0,0.0,0.0,0.0,0.0,0.0,0.0,0.0,0.0,0.0,0.0,0.0,0.0,0.0,0.0,0.0,0.0,0.0,0.0,0.0,0.0,0.0,0.0,0.0,0.0,0.0,0.0,0.0,0.004401070034696352,7.678769205060036e-05,6.663679054878842e-05,-2.5888594046286073e-07,-7.627359082107432e-05,1.8611963703563106e-05,0.0,0.0,0.0,0.0,0.0,0.0,0.0,0.0,0.0,0.0,0.0,0.0,0.0,0.0,0.0,0.0,0.0,0.0,0.0,0.0,0.0,0.0,0.0,0.0,0.0,0.0,0.0,0.0,0.0,0.0,0.0,0.0,0.0,0.0,0.0,0.0
58,892000000,odom,base_link,-1.7545625093191206,0.09494198963079183,-0.10456150673897611,-1.6393251717412275e-05,0.003672822213167384,-0.00013360612911729586,0.9999932461060195,0.0,0.0,0.0,0.0,0.0,0.0,0.0,0.0,0.0,0.0,0.0,0.0,0.0,0.0,0.0,0.0,0.0,0.0,0.0,0.0,0.0,0.0,0.0,0.0,0.0,0.0,0.0,0.0,0.0,0.0,0.0,0.0,0.0,0.0,0.0,0.0,0.004399377486615947,7.680978057689673e-05,6.759717756900919e-05,-3.6014795312677705e-07,-7.918037923104748e-05,2.128629805753235e-05,0.0,0.0,0.0,0.0,0.0,0.0,0.0,0.0,0.0,0.0,0.0,0.0,0.0,0.0,0.0,0.0,0.0,0.0,0.0,0.0,0.0,0.0,0.0,0.0,0.0,0.0,0.0,0.0,0.0,0.0,0.0,0.0,0.0,0.0,0.0,0.0
58,926000000,odom,base_link,-1.7544129539351825,0.09494456193265904,-0.10456030973690586,-1.64003753932307e-05,0.003671498280755503,-0.00013324694471772127,0.9999932510155525,0.0,0.0,0.0,0.0,0.0,0.0,0.0,0.0,0.0,0.0,0.0,0.0,0.0,0.0,0.0,0.0,0.0,0.0,0.0,0.0,0.0,0.0,0.0,0.0,0.0,0.0,0.0,0.0,0.0,0.0,0.0,0.0,0.0,0.0,0.0,0.0,0.00439769923175372,7.683995802598153e-05,6.735567787690411e-05,-2.918195074474994e-07,-7.658170915192386e-05,2.0065241201905337e-05,0.0,0.0,0.0,0.0,0.0,0.0,0.0,0.0,0.0,0.0,0.0,0.0,0.0,0.0,0.0,0.0,0.0,0.0,0.0,0.0,0.0,0.0,0.0,0.0,0.0,0.0,0.0,0.0,0.0,0.0,0.0,0.0,0.0,0.0,0.0,0.0
58,960000000,odom,base_link,-1.7542634556980694,0.0949471354955031,-0.10455914158525219,-1.6406235505454634e-05,0.0036702072440841786,-0.00013293583806299044,0.9999932557960998,0.0,0.0,0.0,0.0,0.0,0.0,0.0,0.0,0.0,0.0,0.0,0.0,0.0,0.0,0.0,0.0,0.0,0.0,0.0,0.0,0.0,0.0,0.0,0.0,0.0,0.0,0.0,0.0,0.0,0.0,0.0,0.0,0.0,0.0,0.0,0.0,0.004396023184092067,7.687237424828231e-05,6.639290779729304e-05,-2.7767226018493574e-07,-7.640290533572625e-05,1.7876359947877063e-05,0.0,0.0,0.0,0.0,0.0,0.0,0.0,0.0,0.0,0.0,0.0,0.0,0.0,0.0,0.0,0.0,0.0,0.0,0.0,0.0,0.0,0.0,0.0,0.0,0.0,0.0,0.0,0.0,0.0,0.0,0.0,0.0,0.0,0.0,0.0,0.0
58,994000000,odom,base_link,-1.754114014756205,0.0949497099946632,-0.10455795461740454,-1.6413573762129957e-05,0.0036688717175029383,-0.00013259696704829524,0.9999932607417709,0.0,0.0,0.0,0.0,0.0,0.0,0.0,0.0,0.0,0.0,0.0,0.0,0.0,0.0,0.0,0.0,0.0,0.0,0.0,0.0,0.0,0.0,0.0,0.0,0.0,0.0,0.0,0.0,0.0,0.0,0.0,0.0,0.0,0.0,0.0,0.0,0.004394330474373291,7.689340236698234e-05,6.742244538469788e-05,-3.7094599336651157e-07,-7.903891301452859e-05,2.0987429394381252e-05,0.0,0.0,0.0,0.0,0.0,0.0,0.0,0.0,0.0,0.0,0.0,0.0,0.0,0.0,0.0,0.0,0.0,0.0,0.0,0.0,0.0,0.0,0.0,0.0,0.0,0.0,0.0,0.0,0.0,0.0,0.0,0.0,0.0,0.0,0.0,0.0
59,28000000,odom,base_link,-1.7539646310039045,0.09495228548433313,-0.10455675959075668,-1.642065454829925e-05,0.003667553760669991,-0.00013224310074349326,0.9999932656230927,0.0,0.0,0.0,0.0,0.0,0.0,0.0,0.0,0.0,0.0,0.0,0.0,0.0,0.0,0.0,0.0,0.0,0.0,0.0,0.0,0.0,0.0,0.0,0.0,0.0,0.0,0.0,0.0,0.0,0.0,0.0,0.0,0.0,0.0,0.0,0.0,0.004392652389989828,7.69232971874505e-05,6.724555352873065e-05,-2.8789942652096556e-07,-7.626983276054489e-05,1.9837527176491676e-05,0.0,0.0,0.0,0.0,0.0,0.0,0.0,0.0,0.0,0.0,0.0,0.0,0.0,0.0,0.0,0.0,0.0,0.0,0.0,0.0,0.0,0.0,0.0,0.0,0.0,0.0,0.0,0.0,0.0,0.0,0.0,0.0,0.0,0.0,0.0,0.0
59,62000000,odom,base_link,-1.753815304397626,0.09495486219664426,-0.1045555893058011,-1.6426498051817722e-05,0.0036662643664090873,-0.00013192975590216668,0.9999932703925088,0.0,0.0,0.0,0.0,0.0,0.0,0.0,0.0,0.0,0.0,0.0,0.0,0.0,0.0,0.0,0.0,0.0,0.0,0.0,0.0,0.0,0.0,0.0,0.0,0.0,0.0,0.0,0.0,0.0,0.0,0.0,0.0,0.0,0.0,0.0,0.0,0.004390974209662694,7.695407567437083e-05,6.655634311711797e-05,-2.834440099297453e-07,-7.662239269734528e-05,1.834440208625665e-05,0.0,0.0,0.0,0.0,0.0,0.0,0.0,0.0,0.0,0.0,0.0,0.0,0.0,0.0,0.0,0.0,0.0,0.0,0.0,0.0,0.0,0.0,0.0,0.0,0.0,0.0,0.0,0.0,0.0,0.0,0.0,0.0,0.0,0.0,0.0,0.0
59,96000000,odom,base_link,-1.7536660350810649,0.09495743981958996,-0.10455439414583674,-1.643385996639403e-05,0.003664929643457253,-0.000131583583313967,0.999993275330588,0.0,0.0,0.0,0.0,0.0,0.0,0.0,0.0,0.0,0.0,0.0,0.0,0.0,0.0,0.0,0.0,0.0,0.0,0.0,0.0,0.0,0.0,0.0,0.0,0.0,0.0,0.0,0.0,0.0,0.0,0.0,0.0,0.0,0.0,0.0,0.0,0.004389281731317808,7.697503367402887e-05,6.759466252102492e-05,-3.6889725718580735e-07,-7.892323310443317e-05,2.1398739669109546e-05,0.0,0.0,0.0,0.0,0.0,0.0,0.0,0.0,0.0,0.0,0.0,0.0,0.0,0.0,0.0,0.0,0.0,0.0,0.0,0.0,0.0,0.0,0.0,0.0,0.0,0.0,0.0,0.0,0.0,0.0,0.0,0.0,0.0,0.0,0.0,0.0
59,130000000,odom,base_link,-1.753516822946098,0.0949600184484727,-0.10455319098811094,-1.644020099807852e-05,0.0036636155414397588,-0.00013122727118744924,0.9999932801925658,0.0,0.0,0.0,0.0,0.0,0.0,0.0,0.0,0.0,0.0,0.0,0.0,0.0,0.0,0.0,0.0,0.0,0.0,0.0,0.0,0.0,0.0,0.0,0.0,0.0,0.0,0.0,0.0,0.0,0.0,0.0,0.0,0.0,0.0,0.0,0.0,0.004387603885085273,7.700561093449378e-05,6.740576319958282e-05,-2.5069092357554723e-07,-7.60669216504084e-05,1.98514081617418e-05,0.0,0.0,0.0,0.0,0.0,0.0,0.0,0.0,0.0,0.0,0.0,0.0,0.0,0.0,0.0,0.0,0.0,0.0,0.0,0.0,0.0,0.0,0.0,0.0,0.0,0.0,0.0,0.0,0.0,0.0,0.0,0.0,0.0,0.0,0.0,0.0
59,164000000,odom,base_link,-1.753367667959907,0.09496259832514525,-0.10455201596817476,-1.644562638635237e-05,0.003662331333166168,-0.00013091830223544695,0.9999932849370268,0.0,0.0,0.0,0.0,0.0,0.0,0.0,0.0,0.0,0.0,0.0,0.0,0.0,0.0,0.0,0.0,0.0,0.0,0.0,0.0,0.0,0.0,0.0,0.0,0.0,0.0,0.0,0.0,0.0,0.0,0.0,0.0,0.0,0.0,0.0,0.0,0.004385927626798796,7.703752141576857e-05,6.6453796691542e-05,-2.602155602104972e-07,-7.603681027035236e-05,1.777688307669223e-05,0.0,0.0,0.0,0.0,0.0,0.0,0.0,0.0,0.0,0.0,0.0,0.0,0.0,0.0,0.0,0.0,0.0,0.0,0.0,0.0,0.0,0.0,0.0,0.0,0.0,0.0,0.0,0.0,0.0,0.0,0.0,0.0,0.0,0.0,0.0,0.0
59,198000000,odom,base_link,-1.753218570272103,0.09496517913103524,-0.10455082238931676,-1.6452857093124935e-05,0.003661001426655971,-0.00013058224957701844,0.9999932898505537,0.0,0.0,0.0,0.0,0.0,0.0,0.0,0.0,0.0,0.0,0.0,0.0,0.0,0.0,0.0,0.0,0.0,0.0,0.0,0.0,0.0,0.0,0.0,0.0,0.0,0.0,0.0,0.0,0.0,0.0,0.0,0.0,0.0,0.0,0.0,0.0,0.004384234965184459,7.7058503323873e-05,6.746765459271614e-05,-3.701718681581312e-07,-7.87177789618454e-05,2.0787709154035383e-05,0.0,0.0,0.0,0.0,0.0,0.0,0.0,0.0,0.0,0.0,0.0,0.0,0.0,0.0,0.0,0.0,0.0,0.0,0.0,0.0,0.0,0.0,0.0,0.0,0.0,0.0,0.0,0.0,0.0,0.0,0.0,0.0,0.0,0.0,0.0,0.0
59,232000000,odom,base_link,-1.7530695297475418,0.09496776095340703,-0.10454962076767227,-1.6459766183670494e-05,0.0036596931069561747,-0.00013023957210958918,0.9999932946840657,0.0,0.0,0.0,0.0,0.0,0.0,0.0,0.0,0.0,0.0,0.0,0.0,0.0,0.0,0.0,0.0,0.0,0.0,0.0,0.0,0.0,0.0,0.0,0.0,0.0,0.0,0.0,0.0,0.0,0.0,0.0,0.0,0.0,0.0,0.0,0.0,0.004382557653105237,7.708931135329606e-05,6.728607131872113e-05,-2.844622898345861e-07,-7.582568457564776e-05,1.9119596927907878e-05,0.0,0.0,0.0,0.0,0.0,0.0,0.0,0.0,0.0,0.0,0.0,0.0,0.0,0.0,0.0,0.0,0.0,0.0,0.0,0.0,0.0,0.0,0.0,0.0,0.0,0.0,0.0,0.0,0.0,0.0,0.0,0.0,0.0,0.0,0.0,0.0
59,266000000,odom,base_link,-1.7529205463742186,0.09497034397516965,-0.10454844061284944,-1.6465713484332775e-05,0.003658405426753328,-0.0001299344635035512,0.9999932994353756,0.0,0.0,0.0,0.0,0.0,0.0,0.0,0.0,0.0,0.0,0.0,0.0,0.0,0.0,0.0,0.0,0.0,0.0,0.0,0.0,0.0,0.0,0.0,0.0,0.0,0.0,0.0,0.0,0.0,0.0,0.0,0.0,0.0,0.0,0.0,0.0,0.004380877140775865,7.711866546241067e-05,6.689895470384198e-05,-3.0129455041993936e-07,-7.685213603281227e-05,1.8202019269608627e-05,0.0,0.0,0.0,0.0,0.0,0.0,0.0,0.0,0.0,0.0,0.0,0.0,0.0,0.0,0.0,0.0,0.0,0.0,0.0,0.0,0.0,0.0,0.0,0.0,0.0,0.0,0.0,0.0,0.0,0.0,0.0,0.0,0.0,0.0,0.0,0.0
59,300000000,odom,base_link,-1.7527716202760844,0.09497292787009,-0.10454723027533018,-1.647320871933632e-05,0.003657073118881961,-0.00012959009991725411,0.9999933043532054,0.0,0.0,0.0,0.0,0.0,0.0,0.0,0.0,0.0,0.0,0.0,0.0,0.0,0.0,0.0,0.0,0.0,0.0,0.0,0.0,0.0,0.0,0.0,0.0,0.0,0.0,0.0,0.0,0.0,0.0,0.0,0.0,0.0,0.0,0.0,0.0,0.004379185695791707,7.713921560315428e-05,6.787518793231473e-05,-3.7400115782126875e-07,-7.868428681945261e-05,2.1310899711579623e-05,0.0,0.0,0.0,0.0,0.0,0.0,0.0,0.0,0.0,0.0,0.0,0.0,0.0,0.0,0.0,0.0,0.0,0.0,0.0,0.0,0.0,0.0,0.0,0.0,0.0,0.0,0.0,0.0,0.0,0.0,0.0,0.0,0.0,0.0,0.0,0.0
59,334000000,odom,base_link,-1.7526227513992718,0.09497551258166308,-0.10454598175919207,-1.648542813437457e-05,0.003655729067712352,-0.000129191008507004,0.999993309319066,0.0,0.0,0.0,0.0,0.0,0.0,0.0,0.0,0.0,0.0,0.0,0.0,0.0,0.0,0.0,0.0,0.0,0.0,0.0,0.0,0.0,0.0,0.0,0.0,0.0,0.0,0.0,0.0,0.0,0.0,0.0,0.0,0.0,0.0,0.0,0.0,0.0043774935848298864,7.715899268548497e-05,6.922940764236397e-05,-5.511608835995219e-07,-7.92232604851506e-05,2.468208109007719e-05,0.0,0.0,0.0,0.0,0.0,0.0,0.0,0.0,0.0,0.0,0.0,0.0,0.0,0.0,0.0,0.0,0.0,0.0,0.0,0.0,0.0,0.0,0.0,0.0,0.0,0.0,0.0,0.0,0.0,0.0,0.0,0.0,0.0,0.0,0.0,0.0
59,368000000,odom,base_link,-1.752473939730305,0.09497809818103801,-0.10454470733903726,-1.649454898431186e-05,0.0036543965088526196,-0.00012875587256836436,0.999993314245656,0.0,0.0,0.0,0.0,0.0,0.0,0.0,0.0,0.0,0.0,0.0,0.0,0.0,0.0,0.0,0.0,0.0,0.0,0.0,0.0,0.0,0.0,0.0,0.0,0.0,0.0,0.0,0.0,0.0,0.0,0.0,0.0,0.0,0.0,0.0,0.0,0.0043758108585049875,7.718552275632134e-05,6.945919230252647e-05,-3.3413742051013884e-07,-7.704029698629711e-05,2.467213437995497e-05,0.0,0.0,0.0,0.0,0.0,0.0,0.0,0.0,0.0,0.0,0.0,0.0,0.0,0.0,0.0,0.0,0.0,0.0,0.0,0.0,0.0,0.0,0.0,0.0,0.0,0.0,0.0,0.0,0.0,0.0,0.0,0.0,0.0,0.0,0.0,0.0
59,402000000,odom,base_link,-1.7523251851666852,0.09498068514619891,-0.10454345478613106,-1.6500422252842715e-05,0.00365311401290827,-0.00012839448913945335,0.9999933189779819,0.0,0.0,0.0,0.0,0.0,0.0,0.0,0.0,0.0,0.0,0.0,0.0,0.0,0.0,0.0,0.0,0.0,0.0,0.0,0.0,0.0,0.0,0.0,0.0,0.0,0.0,0.0,0.0,0.0,0.0,0.0,0.0,0.0,0.0,0.0,0.0,0.004374138519613275,7.722382861403011e-05,6.830421339582716e-05,-3.3795146264781195e-07,-7.493934930380419e-05,1.952129320414997e-05,0.0,0.0,0.0,0.0,0.0,0.0,0.0,0.0,0.0,0.0,0.0,0.0,0.0,0.0,0.0,0.0,0.0,0.0,0.0,0.0,0.0,0.0,0.0,0.0,0.0,0.0,0.0,0.0,0.0,0.0,0.0,0.0,0.0,0.0,0.0,0.0
59,436000000,odom,base_link,-1.7521764878586732,0.09498327328185584,-0.10454219743026774,-1.651371011035695e-05,0.003651797120644796,-0.00012805836802654046,0.9999933238307851,0.0,0.0,0.0,0.0,0.0,0.0,0.0,0.0,0.0,0.0,0.0,0.0,0.0,0.0,0.0,0.0,0.0,0.0,0.0,0.0,0.0,0.0,0.0,0.0,0.0,0.0,0.0,0.0,0.0,0.0,0.0,0.0,0.0,0.0,0.0,0.0,0.004372446582990951,7.725001305404594e-05,6.926286067285584e-05,-5.79668352207463e-07,-7.841209850312225e-05,2.020927141188622e-05,0.0,0.0,0.0,0.0,0.0,0.0,0.0,0.0,0.0,0.0,0.0,0.0,0.0,0.0,0.0,0.0,0.0,0.0,0.0,0.0,0.0,0.0,0.0,0.0,0.0,0.0,0.0,0.0,0.0,0.0,0.0,0.0,0.0,0.0,0.0,0.0
59,470000000,odom,base_link,-1.752027847794162,0.09498586243831329,-0.10454092839568635,-1.6522406763636048e-05,0.0036504734238641083,-0.000127717959193955,0.9999933287072043,0.0,0.0,0.0,0.0,0.0,0.0,0.0,0.0,0.0,0.0,0.0,0.0,0.0,0.0,0.0,0.0,0.0,0.0,0.0,0.0,0.0,0.0,0.0,0.0,0.0,0.0,0.0,0.0,0.0,0.0,0.0,0.0,0.0,0.0,0.0,0.0,0.004370766477555852,7.727983104200525e-05,6.909971871028422e-05,-3.2716483688854936e-07,-7.671853055057909e-05,1.898810371159243e-05,0.0,0.0,0.0,0.0,0.0,0.0,0.0,0.0,0.0,0.0,0.0,0.0,0.0,0.0,0.0,0.0,0.0,0.0,0.0,0.0,0.0,0.0,0.0,0.0,0.0,0.0,0.0,0.0,0.0,0.0,0.0,0.0,0.0,0.0,0.0,0.0
59,504000000,odom,base_link,-1.751879264869707,0.09498845288640378,-0.10453969253345378,-1.6527372608382733e-05,0.0036491877012328235,-0.000127436355792284,0.9999933334357497,0.0,0.0,0.0,0.0,0.0,0.0,0.0,0.0,0.0,0.0,0.0,0.0,0.0,0.0,0.0,0.0,0.0,0.0,0.0,0.0,0.0,0.0,0.0,0.0,0.0,0.0,0.0,0.0,0.0,0.0,0.0,0.0,0.0,0.0,0.0,0.0,0.0043690945869472465,7.731498592473027e-05,6.768836439328235e-05,-1.9183873795070028e-07,-7.543418050204309e-05,1.5449765733421827e-05,0.0,0.0,0.0,0.0,0.0,0.0,0.0,0.0,0.0,0.0,0.0,0.0,0.0,0.0,0.0,0.0,0.0,0.0,0.0,0.0,0.0,0.0,0.0,0.0,0.0,0.0,0.0,0.0,0.0,0.0,0.0,0.0,0.0,0.0,0.0,0.0
59,538000000,odom,base_link,-1.7517307392154897,0.09499104431352379,-0.10453845376877367,-1.653332486830529e-05,0.0036478646541229912,-0.00012714075241681714,0.9999933383004826,0.0,0.0,0.0,0.0,0.0,0.0,0.0,0.0,0.0,0.0,0.0,0.0,0.0,0.0,0.0,0.0,0.0,0.0,0.0,0.0,0.0,0.0,0.0,0.0,0.0,0.0,0.0,0.0,0.0,0.0,0.0,0.0,0.0,0.0,0.0,0.0,0.004367403727251833,7.733603429108669e-05,6.856024507183728e-05,-3.0950736140678003e-07,-7.847777894198771e-05,1.8530922218928936e-05,0.0,0.0,0.0,0.0,0.0,0.0,0.0,0.0,0.0,0.0,0.0,0.0,0.0,0.0,0.0,0.0,0.0,0.0,0.0,0.0,0.0,0.0,0.0,0.0,0.0,0.0,0.0,0.0,0.0,0.0,0.0,0.0,0.0,0.0,0.0,0.0
59,572000000,odom,base_link,-1.7515822707735034,0.09499363662331911,-0.10453721061538379,-1.6539924093929313e-05,0.0036465441432928097,-0.00012680891714212278,0.9999933431587135,0.0,0.0,0.0,0.0,0.0,0.0,0.0,0.0,0.0,0.0,0.0,0.0,0.0,0.0,0.0,0.0,0.0,0.0,0.0,0.0,0.0,0.0,0.0,0.0,0.0,0.0,0.0,0.0,0.0,0.0,0.0,0.0,0.0,0.0,0.0,0.0,0.004365725867427613,7.736178882352596e-05,6.820922593232039e-05,-2.8095332449407096e-07,-7.642720092349009e-05,1.919545731254857e-05,0.0,0.0,0.0,0.0,0.0,0.0,0.0,0.0,0.0,0.0,0.0,0.0,0.0,0.0,0.0,0.0,0.0,0.0,0.0,0.0,0.0,0.0,0.0,0.0,0.0,0.0,0.0,0.0,0.0,0.0,0.0,0.0,0.0,0.0,0.0,0.0
59,606000000,odom,base_link,-1.7514338593783272,0.09499623006688525,-0.10453600464705932,-1.6545493838326015e-05,0.0036452643885908054,-0.00012650093237156563,0.9999933478635236,0.0,0.0,0.0,0.0,0.0,0.0,0.0,0.0,0.0,0.0,0.0,0.0,0.0,0.0,0.0,0.0,0.0,0.0,0.0,0.0,0.0,0.0,0.0,0.0,0.0,0.0,0.0,0.0,0.0,0.0,0.0,0.0,0.0,0.0,0.0,0.0,0.004364061724088426,7.739218564091474e-05,6.67641375403135e-05,-2.477183069782285e-07,-7.494809253216772e-05,1.7674530994327142e-05,0.0,0.0,0.0,0.0,0.0,0.0,0.0,0.0,0.0,0.0,0.0,0.0,0.0,0.0,0.0,0.0,0.0,0.0,0.0,0.0,0.0,0.0,0.0,0.0,0.0,0.0,0.0,0.0,0.0,0.0,0.0,0.0,0.0,0.0,0.0,0.0
59,640000000,odom,base_link,-1.7512855048639864,0.09499882443673956,-0.1045347945398115,-1.655223195736984e-05,0.0036439478340805427,-0.00012616784323669913,0.9999933527038474,0.0,0.0,0.0,0.0,0.0,0.0,0.0,0.0,0.0,0.0,0.0,0.0,0.0,0.0,0.0,0.0,0.0,0.0,0.0,0.0,0.0,0.0,0.0,0.0,0.0,0.0,0.0,0.0,0.0,0.0,0.0,0.0,0.0,0.0,0.0,0.0,0.0043623773993459024,7.741299982344894e-05,6.760917808161529e-05,-3.3922834263844237e-07,-7.818819156568679e-05,2.0664842814710482e-05,0.0,0.0,0.0,0.0,0.0,0.0,0.0,0.0,0.0,0.0,0.0,0.0,0.0,0.0,0.0,0.0,0.0,0.0,0.0,0.0,0.0,0.0,0.0,0.0,0.0,0.0,0.0,0.0,0.0,0.0,0.0,0.0,0.0,0.0,0.0,0.0
59,674000000,odom,base_link,-1.7511372075357683,0.0950014197451076,-0.10453358213034143,-1.6559011921607105e-05,0.0036426354551377764,-0.0001258120228328312,0.9999933575299763,0.0,0.0,0.0,0.0,0.0,0.0,0.0,0.0,0.0,0.0,0.0,0.0,0.0,0.0,0.0,0.0,0.0,0.0,0.0,0.0,0.0,0.0,0.0,0.0,0.0,0.0,0.0,0.0,0.0,0.0,0.0,0.0,0.0,0.0,0.0,0.0,0.004360700842827269,7.744137083167181e-05,6.723419289566233e-05,-2.714746150100922e-07,-7.595104420943244e-05,1.9992648603306407e-05,0.0,0.0,0.0,0.0,0.0,0.0,0.0,0.0,0.0,0.0,0.0,0.0,0.0,0.0,0.0,0.0,0.0,0.0,0.0,0.0,0.0,0.0,0.0,0.0,0.0,0.0,0.0,0.0,0.0,0.0,0.0,0.0,0.0,0.0,0.0,0.0
59,708000000,odom,base_link,-1.750988967308049,0.0950040162880035,-0.10453240548689213,-1.6564345861048774e-05,0.003641358002506776,-0.00012550363388587216,0.9999933622211489,0.0,0.0,0.0,0.0,0.0,0.0,0.0,0.0,0.0,0.0,0.0,0.0,0.0,0.0,0.0,0.0,0.0,0.0,0.0,0.0,0.0,0.0,0.0,0.0,0.0,0.0,0.0,0.0,0.0,0.0,0.0,0.0,0.0,0.0,0.0,0.0,0.004359028912029235,7.747388921932711e-05,6.592471914672747e-05,-2.3907088114727415e-07,-7.529649437287844e-05,1.7465401036531603e-05,0.0,0.0,0.0,0.0,0.0,0.0,0.0,0.0,0.0,0.0,0.0,0.0,0.0,0.0,0.0,0.0,0.0,0.0,0.0,0.0,0.0,0.0,0.0,0.0,0.0,0.0,0.0,0.0,0.0,0.0,0.0,0.0,0.0,0.0,0.0,0.0
59,742000000,odom,base_link,-1.7508407843209641,0.09500661378795877,-0.10453122003325102,-1.6570996241307456e-05,0.0036400389807589215,-0.00012517775245606553,0.9999933670640775,0.0,0.0,0.0,0.0,0.0,0.0,0.0,0.0,0.0,0.0,0.0,0.0,0.0,0.0,0.0,0.0,0.0,0.0,0.0,0.0,0.0,0.0,0.0,0.0,0.0,0.0,0.0,0.0,0.0,0.0,0.0,0.0,0.0,0.0,0.0,0.0,0.004357338832971593,7.749550733094688e-05,6.681623339871728e-05,-3.3640264462952985e-07,-7.812436990661809e-05,2.0064401695663037e-05,0.0,0.0,0.0,0.0,0.0,0.0,0.0,0.0,0.0,0.0,0.0,0.0,0.0,0.0,0.0,0.0,0.0,0.0,0.0,0.0,0.0,0.0,0.0,0.0,0.0,0.0,0.0,0.0,0.0,0.0,0.0,0.0,0.0,0.0,0.0,0.0
59,776000000,odom,base_link,-1.7506926584901767,0.09500921226148244,-0.10453003134707657,-1.6577633658919038e-05,0.0036387311198793665,-0.00012483859878069983,0.9999933718662057,0.0,0.0,0.0,0.0,0.0,0.0,0.0,0.0,0.0,0.0,0.0,0.0,0.0,0.0,0.0,0.0,0.0,0.0,0.0,0.0,0.0,0.0,0.0,0.0,0.0,0.0,0.0,0.0,0.0,0.0,0.0,0.0,0.0,0.0,0.0,0.0,0.00435566275902897,7.752475273749464e-05,6.64898766016262e-05,-2.6987532208977427e-07,-7.563710653357703e-05,1.896086843089506e-05,0.0,0.0,0.0,0.0,0.0,0.0,0.0,0.0,0.0,0.0,0.0,0.0,0.0,0.0,0.0,0.0,0.0,0.0,0.0,0.0,0.0,0.0,0.0,0.0,0.0,0.0,0.0,0.0,0.0,0.0,0.0,0.0,0.0,0.0,0.0,0.0
59,810000000,odom,base_link,-1.7505445897419887,0.09501181195189862,-0.10452887358219294,-1.6583035086166588e-05,0.0036374568595762993,-0.00012454425104966297,0.9999933765387286,0.0,0.0,0.0,0.0,0.0,0.0,0.0,0.0,0.0,0.0,0.0,0.0,0.0,0.0,0.0,0.0,0.0,0.0,0.0,0.0,0.0,0.0,0.0,0.0,0.0,0.0,0.0,0.0,0.0,0.0,0.0,0.0,0.0,0.0,0.0,0.0,0.004353988997618523,7.755619227416477e-05,6.547559870784489e-05,-2.547826893906091e-07,-7.539105837395255e-05,1.6920351697535807e-05,0.0,0.0,0.0,0.0,0.0,0.0,0.0,0.0,0.0,0.0,0.0,0.0,0.0,0.0,0.0,0.0,0.0,0.0,0.0,0.0,0.0,0.0,0.0,0.0,0.0,0.0,0.0,0.0,0.0,0.0,0.0,0.0,0.0,0.0,0.0,0.0
59,844000000,odom,base_link,-1.7503965782219106,0.09501441255707546,-0.1045276987596468,-1.6589842269868807e-05,0.0036361394655580054,-0.00012422383488267186,0.9999933813695984,0.0,0.0,0.0,0.0,0.0,0.0,0.0,0.0,0.0,0.0,0.0,0.0,0.0,0.0,0.0,0.0,0.0,0.0,0.0,0.0,0.0,0.0,0.0,0.0,0.0,0.0,0.0,0.0,0.0,0.0,0.0,0.0,0.0,0.0,0.0,0.0,0.004352298682142934,7.757701149976771e-05,6.645527344764262e-05,-3.442237023199013e-07,-7.795922840614367e-05,1.9835632691922456e-05,0.0,0.0,0.0,0.0,0.0,0.0,0.0,0.0,0.0,0.0,0.0,0.0,0.0,0.0,0.0,0.0,0.0,0.0,0.0,0.0,0.0,0.0,0.0,0.0,0.0,0.0,0.0,0.0,0.0,0.0,0.0,0.0,0.0,0.0,0.0,0.0
59,878000000,odom,base_link,-1.750248623825495,0.09501701412949799,-0.10452651714664571,-1.659640632192559e-05,0.003634839497079101,-0.00012388975118378696,0.9999933861369881,0.0,0.0,0.0,0.0,0.0,0.0,0.0,0.0,0.0,0.0,0.0,0.0,0.0,0.0,0.0,0.0,0.0,0.0,0.0,0.0,0.0,0.0,0.0,0.0,0.0,0.0,0.0,0.0,0.0,0.0,0.0,0.0,0.0,0.0,0.0,0.0,0.004350622707926346,7.760622269087464e-05,6.624994256837878e-05,-2.651004110676425e-07,-7.523115073126974e-05,1.8713210891974086e-05,0.0,0.0,0.0,0.0,0.0,0.0,0.0,0.0,0.0,0.0,0.0,0.0,0.0,0.0,0.0,0.0,0.0,0.0,0.0,0.0,0.0,0.0,0.0,0.0,0.0,0.0,0.0,0.0,0.0,0.0,0.0,0.0,0.0,0.0,0.0,0.0
59,912000000,odom,base_link,-1.750100726366391,0.09501961689704991,-0.10452536258513659,-1.6601722775083605e-05,0.003633572378105825,-0.00012359663104570938,0.9999933907781734,0.0,0.0,0.0,0.0,0.0,0.0,0.0,0.0,0.0,0.0,0.0,0.0,0.0,0.0,0.0,0.0,0.0,0.0,0.0,0.0,0.0,0.0,0.0,0.0,0.0,0.0,0.0,0.0,0.0,0.0,0.0,0.0,0.0,0.0,0.0,0.0,0.004348961903973465,7.7637070319657e-05,6.539108204097128e-05,-2.4991268360308183e-07,-7.466634457387045e-05,1.6885056020043976e-05,0.0,0.0,0.0,0.0,0.0,0.0,0.0,0.0,0.0,0.0,0.0,0.0,0.0,0.0,0.0,0.0,0.0,0.0,0.0,0.0,0.0,0.0,0.0,0.0,0.0,0.0,0.0,0.0,0.0,0.0,0.0,0.0,0.0,0.0,0.0,0.0
59,946000000,odom,base_link,-1.749952885770254,0.09502222056475326,-0.10452418529385173,-1.660851390375165e-05,0.003632259752934773,-0.0001232751172053231,0.9999933955864359,0.0,0.0,0.0,0.0,0.0,0.0,0.0,0.0,0.0,0.0,0.0,0.0,0.0,0.0,0.0,0.0,0.0,0.0,0.0,0.0,0.0,0.0,0.0,0.0,0.0,0.0,0.0,0.0,0.0,0.0,0.0,0.0,0.0,0.0,0.0,0.0,0.004347271317578725,7.765742211497999e-05,6.65021008140268e-05,-3.445258883738589e-07,-7.781026525321977e-05,1.9954902619190307e-05,0.0,0.0,0.0,0.0,0.0,0.0,0.0,0.0,0.0,0.0,0.0,0.0,0.0,0.0,0.0,0.0,0.0,0.0,0.0,0.0,0.0,0.0,0.0,0.0,0.0,0.0,0.0,0.0,0.0,0.0,0.0,0.0,0.0,0.0,0.0,0.0
59,980000000,odom,base_link,-1.7498051022914458,0.09502482520628781,-0.10452299871584513,-1.6614978986327176e-05,0.0036309643928014476,-0.00012294245638167148,0.9999934003315587,0.0,0.0,0.0,0.0,0.0,0.0,0.0,0.0,0.0,0.0,0.0,0.0,0.0,0.0,0.0,0.0,0.0,0.0,0.0,0.0,0.0,0.0,0.0,0.0,0.0,0.0,0.0,0.0,0.0,0.0,0.0,0.0,0.0,0.0,0.0,0.0,0.004345595552195729,7.768722107394344e-05,6.631380772308465e-05,-2.5822575466794007e-07,-7.493837230754252e-05,1.850406530223836e-05,0.0,0.0,0.0,0.0,0.0,0.0,0.0,0.0,0.0,0.0,0.0,0.0,0.0,0.0,0.0,0.0,0.0,0.0,0.0,0.0,0.0,0.0,0.0,0.0,0.0,0.0,0.0,0.0,0.0,0.0,0.0,0.0,0.0,0.0,0.0,0.0
60,14000000,odom,base_link,-1.7496573758926923,0.09502743104094166,-0.10452183578597271,-1.6620309060700992e-05,0.003629694544254981,-0.00012265128373048964,0.9999934049772244,0.0,0.0,0.0,0.0,0.0,0.0,0.0,0.0,0.0,0.0,0.0,0.0,0.0,0.0,0.0,0.0,0.0,0.0,0.0,0.0,0.0,0.0,0.0,0.0,0.0,0.0,0.0,0.0,0.0,0.0,0.0,0.0,0.0,0.0,0.0,0.0,0.004343917861764179,7.771689407917322e-05,6.580802900997556e-05,-2.661307063611673e-07,-7.571626525759712e-05,1.7194631674044558e-05,0.0,0.0,0.0,0.0,0.0,0.0,0.0,0.0,0.0,0.0,0.0,0.0,0.0,0.0,0.0,0.0,0.0,0.0,0.0,0.0,0.0,0.0,0.0,0.0,0.0,0.0,0.0,0.0,0.0,0.0,0.0,0.0,0.0,0.0,0.0,0.0
60,48000000,odom,base_link,-1.7495097067123513,0.09503003775234735,-0.10452064402342048,-1.662718230361409e-05,0.003628379087088762,-0.00012232704072131224,0.9999934097907007,0.0,0.0,0.0,0.0,0.0,0.0,0.0,0.0,0.0,0.0,0.0,0.0,0.0,0.0,0.0,0.0,0.0,0.0,0.0,0.0,0.0,0.0,0.0,0.0,0.0,0.0,0.0,0.0,0.0,0.0,0.0,0.0,0.0,0.0,0.0,0.0,0.004342227805160231,7.773756855085033e-05,6.682524420027399e-05,-3.447908486498008e-07,-7.773198547056381e-05,2.0037102288483766e-05,0.0,0.0,0.0,0.0,0.0,0.0,0.0,0.0,0.0,0.0,0.0,0.0,0.0,0.0,0.0,0.0,0.0,0.0,0.0,0.0,0.0,0.0,0.0,0.0,0.0,0.0,0.0,0.0,0.0,0.0,0.0,0.0,0.0,0.0,0.0,0.0
60,82000000,odom,base_link,-1.7493620946160662,0.09503264547056314,-0.10451944397645378,-1.6633447632979052e-05,0.0036270897058132603,-0.00012200033803051651,0.9999934145080717,0.0,0.0,0.0,0.0,0.0,0.0,0.0,0.0,0.0,0.0,0.0,0.0,0.0,0.0,0.0,0.0,0.0,0.0,0.0,0.0,0.0,0.0,0.0,0.0,0.0,0.0,0.0,0.0,0.0,0.0,0.0,0.0,0.0,0.0,0.0,0.0,0.004340552610632439,7.776819182265202e-05,6.664593484603603e-05,-2.5198912123602923e-07,-7.47548611457205e-05,1.816744195082265e-05,0.0,0.0,0.0,0.0,0.0,0.0,0.0,0.0,0.0,0.0,0.0,0.0,0.0,0.0,0.0,0.0,0.0,0.0,0.0,0.0,0.0,0.0,0.0,0.0,0.0,0.0,0.0,0.0,0.0,0.0,0.0,0.0,0.0,0.0,0.0,0.0
60,116000000,odom,base_link,-1.7492145396087087,0.09503525436301428,-0.10451826583563006,-1.6638780518464025e-05,0.003625819744476192,-0.0001217117943013963,0.9999934191486315,0.0,0.0,0.0,0.0,0.0,0.0,0.0,0.0,0.0,0.0,0.0,0.0,0.0,0.0,0.0,0.0,0.0,0.0,0.0,0.0,0.0,0.0,0.0,0.0,0.0,0.0,0.0,0.0,0.0,0.0,0.0,0.0,0.0,0.0,0.0,0.0,0.004338874063845042,7.779708757435063e-05,6.623986753470316e-05,-2.7077595998736825e-07,-7.58098472886104e-05,1.7177678302005006e-05,0.0,0.0,0.0,0.0,0.0,0.0,0.0,0.0,0.0,0.0,0.0,0.0,0.0,0.0,0.0,0.0,0.0,0.0,0.0,0.0,0.0,0.0,0.0,0.0,0.0,0.0,0.0,0.0,0.0,0.0,0.0,0.0,0.0,0.0,0.0,0.0
60,150000000,odom,base_link,-1.7490670418149301,0.09503786411614458,-0.10451705872627069,-1.664568923619989e-05,0.0036245052513799673,-0.00012138749067965677,0.9999934239532182,0.0,0.0,0.0,0.0,0.0,0.0,0.0,0.0,0.0,0.0,0.0,0.0,0.0,0.0,0.0,0.0,0.0,0.0,0.0,0.0,0.0,0.0,0.0,0.0,0.0,0.0,0.0,0.0,0.0,0.0,0.0,0.0,0.0,0.0,0.0,0.0,0.004337184778746096,7.781755880570529e-05,6.717685923246305e-05,-3.4610544985547165e-07,-7.763594638277027e-05,2.0051201765625137e-05,0.0,0.0,0.0,0.0,0.0,0.0,0.0,0.0,0.0,0.0,0.0,0.0,0.0,0.0,0.0,0.0,0.0,0.0,0.0,0.0,0.0,0.0,0.0,0.0,0.0,0.0,0.0,0.0,0.0,0.0,0.0,0.0,0.0,0.0,0.0,0.0
60,184000000,odom,base_link,-1.7489196011926553,0.09504047466495749,-0.10451581637713617,-1.665340020759274e-05,0.003623178445338158,-0.00012101212076777606,0.9999934288067518,0.0,0.0,0.0,0.0,0.0,0.0,0.0,0.0,0.0,0.0,0.0,0.0,0.0,0.0,0.0,0.0,0.0,0.0,0.0,0.0,0.0,0.0,0.0,0.0,0.0,0.0,0.0,0.0,0.0,0.0,0.0,0.0,0.0,0.0,0.0,0.0,0.004335494876915706,7.783702146326753e-05,6.844185980074825e-05,-3.698792855333366e-07,-7.818279783577964e-05,2.3219672939944758e-05,0.0,0.0,0.0,0.0,0.0,0.0,0.0,0.0,0.0,0.0,0.0,0.0,0.0,0.0,0.0,0.0,0.0,0.0,0.0,0.0,0.0,0.0,0.0,0.0,0.0,0.0,0.0,0.0,0.0,0.0,0.0,0.0,0.0,0.0,0.0,0.0
60,218000000,odom,base_link,-1.7487722177084926,0.09504308609387471,-0.10451454949423972,-1.6660719464625358e-05,0.0036218647681712786,-0.00012060467647171809,0.999993433614708,0.0,0.0,0.0,0.0,0.0,0.0,0.0,0.0,0.0,0.0,0.0,0.0,0.0,0.0,0.0,0.0,0.0,0.0,0.0,0.0,0.0,0.0,0.0,0.0,0.0,0.0,0.0,0.0,0.0,0.0,0.0,0.0,0.0,0.0,0.0,0.0,0.004333814572996818,7.786351837733448e-05,6.863721177108419e-05,-2.772651830351691e-07,-7.591097670456293e-05,2.2993208936838982e-05,0.0,0.0,0.0,0.0,0.0,0.0,0.0,0.0,0.0,0.0,0.0,0.0,0.0,0.0,0.0,0.0,0.0,0.0,0.0,0.0,0.0,0.0,0.0,0.0,0.0,0.0,0.0,0.0,0.0,0.0,0.0,0.0,0.0,0.0,0.0,0.0
60,252000000,odom,base_link,-1.748624891267043,0.09504569884167371,-0.10451330553327523,-1.6665557050328256e-05,0.0036205992178159766,-0.00012026756286425249,0.9999934382381098,0.0,0.0,0.0,0.0,0.0,0.0,0.0,0.0,0.0,0.0,0.0,0.0,0.0,0.0,0.0,0.0,0.0,0.0,0.0,0.0,0.0,0.0,0.0,0.0,0.0,0.0,0.0,0.0,0.0,0.0,0.0,0.0,0.0,0.0,0.0,0.0,0.0043321439185688366,7.79001289040944e-05,6.745627370736012e-05,-1.8234804638472824e-07,-7.404152242429518e-05,1.8241755306291907e-05,0.0,0.0,0.0,0.0,0.0,0.0,0.0,0.0,0.0,0.0,0.0,0.0,0.0,0.0,0.0,0.0,0.0,0.0,0.0,0.0,0.0,0.0,0.0,0.0,0.0,0.0,0.0,0.0,0.0,0.0,0.0,0.0,0.0,0.0,0.0,0.0
60,286000000,odom,base_link,-1.7484776220380025,0.0950483126908274,-0.10451205717819027,-1.6671327237597825e-05,0.0036192968263764887,-0.000119950499870629,0.9999934429907164,0.0,0.0,0.0,0.0,0.0,0.0,0.0,0.0,0.0,0.0,0.0,0.0,0.0,0.0,0.0,0.0,0.0,0.0,0.0,0.0,0.0,0.0,0.0,0.0,0.0,0.0,0.0,0.0,0.0,0.0,0.0,0.0,0.0,0.0,0.0,0.0,0.004330453720215436,7.792508931156784e-05,6.839760834213257e-05,-2.986132313642642e-07,-7.743692762574028e-05,1.9090157188372814e-05,0.0,0.0,0.0,0.0,0.0,0.0,0.0,0.0,0.0,0.0,0.0,0.0,0.0,0.0,0.0,0.0,0.0,0.0,0.0,0.0,0.0,0.0,0.0,0.0,0.0,0.0,0.0,0.0,0.0,0.0,0.0,0.0,0.0,0.0,0.0,0.0
60,320000000,odom,base_link,-1.74833040998175,0.09505092753165392,-0.10451079814898914,-1.6677810751744267e-05,0.003617990515467794,-0.00011962822731929848,0.9999934477563179,0.0,0.0,0.0,0.0,0.0,0.0,0.0,0.0,0.0,0.0,0.0,0.0,0.0,0.0,0.0,0.0,0.0,0.0,0.0,0.0,0.0,0.0,0.0,0.0,0.0,0.0,0.0,0.0,0.0,0.0,0.0,0.0,0.0,0.0,0.0,0.0,0.00432877575026191,7.795396286979756e-05,6.82098941594542e-05,-2.7900383392509553e-07,-7.569481610403272e-05,1.8004262436477347e-05,0.0,0.0,0.0,0.0,0.0,0.0,0.0,0.0,0.0,0.0,0.0,0.0,0.0,0.0,0.0,0.0,0.0,0.0,0.0,0.0,0.0,0.0,0.0,0.0,0.0,0.0,0.0,0.0,0.0,0.0,0.0,0.0,0.0,0.0,0.0,0.0
60,354000000,odom,base_link,-1.7481832549958545,0.09505354361704738,-0.10450957344720486,-1.6684422171449185e-05,0.003616723273781344,-0.00011936104910396433,0.9999934523722297,0.0,0.0,0.0,0.0,0.0,0.0,0.0,0.0,0.0,0.0,0.0,0.0,0.0,0.0,0.0,0.0,0.0,0.0,0.0,0.0,0.0,0.0,0.0,0.0,0.0,0.0,0.0,0.0,0.0,0.0,0.0,0.0,0.0,0.0,0.0,0.0,0.004327106586461206,7.798826882630413e-05,6.672675021484634e-05,-4.905318040648865e-07,-7.418131531267136e-05,1.4582489082926031e-05,0.0,0.0,0.0,0.0,0.0,0.0,0.0,0.0,0.0,0.0,0.0,0.0,0.0,0.0,0.0,0.0,0.0,0.0,0.0,0.0,0.0,0.0,0.0,0.0,0.0,0.0,0.0,0.0,0.0,0.0,0.0,0.0,0.0,0.0,0.0,0.0
60,388000000,odom,base_link,-1.7480361571968976,0.09505616068309884,-0.10450835071704455,-1.669825344495098e-05,0.0036154224085320485,-0.00011908573876949244,0.9999934571088768,0.0,0.0,0.0,0.0,0.0,0.0,0.0,0.0,0.0,0.0,0.0,0.0,0.0,0.0,0.0,0.0,0.0,0.0,0.0,0.0,0.0,0.0,0.0,0.0,0.0,0.0,0.0,0.0,0.0,0.0,0.0,0.0,0.0,0.0,0.0,0.0,0.004325418588019526,7.800935205872307e-05,6.749658393258513e-05,-6.212090841728468e-07,-7.731063433880081e-05,1.7281984021622065e-05,0.0,0.0,0.0,0.0,0.0,0.0,0.0,0.0,0.0,0.0,0.0,0.0,0.0,0.0,0.0,0.0,0.0,0.0,0.0,0.0,0.0,0.0,0.0,0.0,0.0,0.0,0.0,0.0,0.0,0.0,0.0,0.0,0.0,0.0,0.0,0.0
60,422000000,odom,base_link,-1.7478891165444772,0.09505877860029953,-0.10450712371507742,-1.670649040444057e-05,0.0036141213163218278,-0.00011877691241323088,0.9999934618486509,0.0,0.0,0.0,0.0,0.0,0.0,0.0,0.0,0.0,0.0,0.0,0.0,0.0,0.0,0.0,0.0,0.0,0.0,0.0,0.0,0.0,0.0,0.0,0.0,0.0,0.0,0.0,0.0,0.0,0.0,0.0,0.0,0.0,0.0,0.0,0.0,0.004323742754744534,7.803443111099894e-05,6.715336372678651e-05,-2.7934883850555536e-07,-7.532517614095013e-05,1.784186167697044e-05,0.0,0.0,0.0,0.0,0.0,0.0,0.0,0.0,0.0,0.0,0.0,0.0,0.0,0.0,0.0,0.0,0.0,0.0,0.0,0.0,0.0,0.0,0.0,0.0,0.0,0.0,0.0,0.0,0.0,0.0,0.0,0.0,0.0,0.0,0.0,0.0
60,456000000,odom,base_link,-1.747742132934678,0.09506139760899696,-0.10450593303795587,-1.6710617683188514e-05,0.003612858843740267,-0.00011848964802432886,0.9999934664446233,0.0,0.0,0.0,0.0,0.0,0.0,0.0,0.0,0.0,0.0,0.0,0.0,0.0,0.0,0.0,0.0,0.0,0.0,0.0,0.0,0.0,0.0,0.0,0.0,0.0,0.0,0.0,0.0,0.0,0.0,0.0,0.0,0.0,0.0,0.0,0.0,0.004322073886788162,7.806373301725638e-05,6.573984302365727e-05,-1.4302742878946617e-07,-7.396026262540545e-05,1.654121248861884e-05,0.0,0.0,0.0,0.0,0.0,0.0,0.0,0.0,0.0,0.0,0.0,0.0,0.0,0.0,0.0,0.0,0.0,0.0,0.0,0.0,0.0,0.0,0.0,0.0,0.0,0.0,0.0,0.0,0.0,0.0,0.0,0.0,0.0,0.0,0.0,0.0
60,490000000,odom,base_link,-1.7475952064907456,0.09506401751066783,-0.10450473740140855,-1.6715871692351183e-05,0.003611559892377446,-0.00011817576381986365,0.9999934711737933,0.0,0.0,0.0,0.0,0.0,0.0,0.0,0.0,0.0,0.0,0.0,0.0,0.0,0.0,0.0,0.0,0.0,0.0,0.0,0.0,0.0,0.0,0.0,0.0,0.0,0.0,0.0,0.0,0.0,0.0,0.0,0.0,0.0,0.0,0.0,0.0,0.0043203856480743584,7.808401538912244e-05,6.66062182212308e-05,-2.6718247614354595e-07,-7.713469543091378e-05,1.9515556815008495e-05,0.0,0.0,0.0,0.0,0.0,0.0,0.0,0.0,0.0,0.0,0.0,0.0,0.0,0.0,0.0,0.0,0.0,0.0,0.0,0.0,0.0,0.0,0.0,0.0,0.0,0.0,0.0,0.0,0.0,0.0,0.0,0.0,0.0,0.0,0.0,0.0
60,524000000,odom,base_link,-1.7474483371652534,0.09506663831975995,-0.10450353886544855,-1.6721748020031862e-05,0.003610263813471958,-0.00011783865966657404,0.9999934758935333,0.0,0.0,0.0,0.0,0.0,0.0,0.0,0.0,0.0,0.0,0.0,0.0,0.0,0.0,0.0,0.0,0.0,0.0,0.0,0.0,0.0,0.0,0.0,0.0,0.0,0.0,0.0,0.0,0.0,0.0,0.0,0.0,0.0,0.0,0.0,0.0,0.004318710855898367,7.811144381446153e-05,6.625033725418943e-05,-2.4411293542137e-07,-7.499991738768585e-05,1.8975640792007198e-05,0.0,0.0,0.0,0.0,0.0,0.0,0.0,0.0,0.0,0.0,0.0,0.0,0.0,0.0,0.0,0.0,0.0,0.0,0.0,0.0,0.0,0.0,0.0,0.0,0.0,0.0,0.0,0.0,0.0,0.0,0.0,0.0,0.0,0.0,0.0,0.0
60,558000000,odom,base_link,-1.74730152486485,0.09506926031659946,-0.10450237449732268,-1.6726883007343384e-05,0.0036090033011240068,-0.00011754498802591412,0.9999934804780277,0.0,0.0,0.0,0.0,0.0,0.0,0.0,0.0,0.0,0.0,0.0,0.0,0.0,0.0,0.0,0.0,0.0,0.0,0.0,0.0,0.0,0.0,0.0,0.0,0.0,0.0,0.0,0.0,0.0,0.0,0.0,0.0,0.0,0.0,0.0,0.0,0.004317040727614731,7.814283128319428e-05,6.499859550169126e-05,-2.3740906046620935e-07,-7.428241559637172e-05,1.6657534018804654e-05,0.0,0.0,0.0,0.0,0.0,0.0,0.0,0.0,0.0,0.0,0.0,0.0,0.0,0.0,0.0,0.0,0.0,0.0,0.0,0.0,0.0,0.0,0.0,0.0,0.0,0.0,0.0,0.0,0.0,0.0,0.0,0.0,0.0,0.0,0.0,0.0
60,592000000,odom,base_link,-1.7471547697300809,0.09507188324492112,-0.10450119986804408,-1.6733316109345663e-05,0.0036077022579417053,-0.00011723467302170286,0.9999934852090016,0.0,0.0,0.0,0.0,0.0,0.0,0.0,0.0,0.0,0.0,0.0,0.0,0.0,0.0,0.0,0.0,0.0,0.0,0.0,0.0,0.0,0.0,0.0,0.0,0.0,0.0,0.0,0.0,0.0,0.0,0.0,0.0,0.0,0.0,0.0,0.0,0.004315352599557633,7.816413091180474e-05,6.592672846883082e-05,-3.259820774426103e-07,-7.70563772789501e-05,1.9092011704913148e-05,0.0,0.0,0.0,0.0,0.0,0.0,0.0,0.0,0.0,0.0,0.0,0.0,0.0,0.0,0.0,0.0,0.0,0.0,0.0,0.0,0.0,0.0,0.0,0.0,0.0,0.0,0.0,0.0,0.0,0.0,0.0,0.0,0.0,0.0,0.0,0.0
60,626000000,odom,base_link,-1.747008071662986,0.09507450713375104,-0.10450001964915284,-1.6739570082454828e-05,0.003606415115416627,-0.00011691453527409173,0.999993489889206,0.0,0.0,0.0,0.0,0.0,0.0,0.0,0.0,0.0,0.0,0.0,0.0,0.0,0.0,0.0,0.0,0.0,0.0,0.0,0.0,0.0,0.0,0.0,0.0,0.0,0.0,0.0,0.0,0.0,0.0,0.0,0.0,0.0,0.0,0.0,0.0,0.004313678534702404,7.819310666042343e-05,6.56821170658657e-05,-2.5088464916667164e-07,-7.448472345572554e-05,1.783630594331953e-05,0.0,0.0,0.0,0.0,0.0,0.0,0.0,0.0,0.0,0.0,0.0,0.0,0.0,0.0,0.0,0.0,0.0,0.0,0.0,0.0,0.0,0.0,0.0,0.0,0.0,0.0,0.0,0.0,0.0,0.0,0.0,0.0,0.0,0.0,0.0,0.0
60,660000000,odom,base_link,-1.746861430606594,0.09507713220730263,-0.10449886833234456,-1.674455134427353e-05,0.0036051586572655304,-0.00011663839685736264,0.9999934944519191,0.0,0.0,0.0,0.0,0.0,0.0,0.0,0.0,0.0,0.0,0.0,0.0,0.0,0.0,0.0,0.0,0.0,0.0,0.0,0.0,0.0,0.0,0.0,0.0,0.0,0.0,0.0,0.0,0.0,0.0,0.0,0.0,0.0,0.0,0.0,0.0,0.00431200643646522,7.822376783059441e-05,6.471841033759704e-05,-2.3473288035535944e-07,-7.43650929280193e-05,1.5859704305398736e-05,0.0,0.0,0.0,0.0,0.0,0.0,0.0,0.0,0.0,0.0,0.0,0.0,0.0,0.0,0.0,0.0,0.0,0.0,0.0,0.0,0.0,0.0,0.0,0.0,0.0,0.0,0.0,0.0,0.0,0.0,0.0,0.0,0.0,0.0,0.0,0.0
60,694000000,odom,base_link,-1.7467148467061222,0.09507975817206733,-0.10449769885229192,-1.6750911137936787e-05,0.0036038588576839396,-0.0001163373776996557,0.9999934991720473,0.0,0.0,0.0,0.0,0.0,0.0,0.0,0.0,0.0,0.0,0.0,0.0,0.0,0.0,0.0,0.0,0.0,0.0,0.0,0.0,0.0,0.0,0.0,0.0,0.0,0.0,0.0,0.0,0.0,0.0,0.0,0.0,0.0,0.0,0.0,0.0,0.004310318113078913,7.824422384643907e-05,6.572402638345871e-05,-3.232036333011834e-07,-7.692302830264452e-05,1.8653577349425632e-05,0.0,0.0,0.0,0.0,0.0,0.0,0.0,0.0,0.0,0.0,0.0,0.0,0.0,0.0,0.0,0.0,0.0,0.0,0.0,0.0,0.0,0.0,0.0,0.0,0.0,0.0,0.0,0.0,0.0,0.0,0.0,0.0,0.0,0.0,0.0,0.0
60,728000000,odom,base_link,-1.7465683198760125,0.09508238505645379,-0.10449652242168651,-1.675665493117722e-05,0.003602573097168425,-0.00011601866470712192,0.9999935038418817,0.0,0.0,0.0,0.0,0.0,0.0,0.0,0.0,0.0,0.0,0.0,0.0,0.0,0.0,0.0,0.0,0.0,0.0,0.0,0.0,0.0,0.0,0.0,0.0,0.0,0.0,0.0,0.0,0.0,0.0,0.0,0.0,0.0,0.0,0.0,0.0,0.004308643624041875,7.827185539823522e-05,6.551708493461548e-05,-2.2320327253133598e-07,-7.436583189246448e-05,1.7940149454886978e-05,0.0,0.0,0.0,0.0,0.0,0.0,0.0,0.0,0.0,0.0,0.0,0.0,0.0,0.0,0.0,0.0,0.0,0.0,0.0,0.0,0.0,0.0,0.0,0.0,0.0,0.0,0.0,0.0,0.0,0.0,0.0,0.0,0.0,0.0,0.0,0.0
60,762000000,odom,base_link,-1.746421850052292,0.0950850130830902,-0.10449537065483062,-1.6761472056616254e-05,0.003601317309048664,-0.0001157351566951046,0.9999935083979626,0.0,0.0,0.0,0.0,0.0,0.0,0.0,0.0,0.0,0.0,0.0,0.0,0.0,0.0,0.0,0.0,0.0,0.0,0.0,0.0,0.0,0.0,0.0,0.0,0.0,0.0,0.0,0.0,0.0,0.0,0.0,0.0,0.0,0.0,0.0,0.0,0.004306969540574001,7.830103282804448e-05,6.483733030329542e-05,-2.3565083079324367e-07,-7.45925156309113e-05,1.6584040807288147e-05,0.0,0.0,0.0,0.0,0.0,0.0,0.0,0.0,0.0,0.0,0.0,0.0,0.0,0.0,0.0,0.0,0.0,0.0,0.0,0.0,0.0,0.0,0.0,0.0,0.0,0.0,0.0,0.0,0.0,0.0,0.0,0.0,0.0,0.0,0.0,0.0
60,796000000,odom,base_link,-1.7462754373759268,0.0950876419844281,-0.10449419426637829,-1.6767874686048516e-05,0.003600018529334512,-0.00011542362139532042,0.9999935131103673,0.0,0.0,0.0,0.0,0.0,0.0,0.0,0.0,0.0,0.0,0.0,0.0,0.0,0.0,0.0,0.0,0.0,0.0,0.0,0.0,0.0,0.0,0.0,0.0,0.0,0.0,0.0,0.0,0.0,0.0,0.0,0.0,0.0,0.0,0.0,0.0,0.004305281416211444,7.832162920931925e-05,6.586583224810509e-05,-3.236710593990111e-07,-7.678924802689835e-05,1.921934469351072e-05,0.0,0.0,0.0,0.0,0.0,0.0,0.0,0.0,0.0,0.0,0.0,0.0,0.0,0.0,0.0,0.0,0.0,0.0,0.0,0.0,0.0,0.0,0.0,0.0,0.0,0.0,0.0,0.0,0.0,0.0,0.0,0.0,0.0,0.0,0.0,0.0
60,830000000,odom,base_link,-1.7461290817316188,0.09509027185853328,-0.10449300923067639,-1.677391326661215e-05,0.003598741287752786,-0.00011510719736479331,0.9999935177440465,0.0,0.0,0.0,0.0,0.0,0.0,0.0,0.0,0.0,0.0,0.0,0.0,0.0,0.0,0.0,0.0,0.0,0.0,0.0,0.0,0.0,0.0,0.0,0.0,0.0,0.0,0.0,0.0,0.0,0.0,0.0,0.0,0.0,0.0,0.0,0.0,0.004303607652731844,7.835125627408157e-05,6.570709241617186e-05,-2.4201027570835976e-07,-7.398213668352582e-05,1.7555269238300752e-05,0.0,0.0,0.0,0.0,0.0,0.0,0.0,0.0,0.0,0.0,0.0,0.0,0.0,0.0,0.0,0.0,0.0,0.0,0.0,0.0,0.0,0.0,0.0,0.0,0.0,0.0,0.0,0.0,0.0,0.0,0.0,0.0,0.0,0.0,0.0,0.0
60,864000000,odom,base_link,-1.7459827830986738,0.0950929028993864,-0.10449184757987638,-1.677890895796701e-05,0.0035974881105582486,-0.00011483266949605808,0.9999935222846299,0.0,0.0,0.0,0.0,0.0,0.0,0.0,0.0,0.0,0.0,0.0,0.0,0.0,0.0,0.0,0.0,0.0,0.0,0.0,0.0,0.0,0.0,0.0,0.0,0.0,0.0,0.0,0.0,0.0,0.0,0.0,0.0,0.0,0.0,0.0,0.0,0.004301932636337069,7.838060964101591e-05,6.512531490893871e-05,-2.4771252687960654e-07,-7.460283981686189e-05,1.6094249133402627e-05,0.0,0.0,0.0,0.0,0.0,0.0,0.0,0.0,0.0,0.0,0.0,0.0,0.0,0.0,0.0,0.0,0.0,0.0,0.0,0.0,0.0,0.0,0.0,0.0,0.0,0.0,0.0,0.0,0.0,0.0,0.0,0.0,0.0,0.0,0.0,0.0
60,898000000,odom,base_link,-1.7458365416125767,0.09509553480613303,-0.10449065981725651,-1.6785357048153002e-05,0.0035961906977872485,-0.00011452918498960373,0.9999935269859415,0.0,0.0,0.0,0.0,0.0,0.0,0.0,0.0,0.0,0.0,0.0,0.0,0.0,0.0,0.0,0.0,0.0,0.0,0.0,0.0,0.0,0.0,0.0,0.0,0.0,0.0,0.0,0.0,0.0,0.0,0.0,0.0,0.0,0.0,0.0,0.0,0.0043002448736978675,7.840107575538089e-05,6.611784230324601e-05,-3.2538954586325275e-07,-7.66851556477377e-05,1.8754265518339253e-05,0.0,0.0,0.0,0.0,0.0,0.0,0.0,0.0,0.0,0.0,0.0,0.0,0.0,0.0,0.0,0.0,0.0,0.0,0.0,0.0,0.0,0.0,0.0,0.0,0.0,0.0,0.0,0.0,0.0,0.0,0.0,0.0,0.0,0.0,0.0,0.0
60,932000000,odom,base_link,-1.7456903571510662,0.09509816767891106,-0.10448946512930093,-1.6790657013729775e-05,0.0035949167111684237,-0.0001142207853543182,0.9999935316018428,0.0,0.0,0.0,0.0,0.0,0.0,0.0,0.0,0.0,0.0,0.0,0.0,0.0,0.0,0.0,0.0,0.0,0.0,0.0,0.0,0.0,0.0,0.0,0.0,0.0,0.0,0.0,0.0,0.0,0.0,0.0,0.0,0.0,0.0,0.0,0.0,0.004298571720058066,7.84304010639352e-05,6.58968168086647e-05,-2.1001659439301434e-07,-7.382643261166777e-05,1.7178111200166768e-05,0.0,0.0,0.0,0.0,0.0,0.0,0.0,0.0,0.0,0.0,0.0,0.0,0.0,0.0,0.0,0.0,0.0,0.0,0.0,0.0,0.0,0.0,0.0,0.0,0.0,0.0,0.0,0.0,0.0,0.0,0.0,0.0,0.0,0.0,0.0,0.0
60,966000000,odom,base_link,-1.7455442297043906,0.09510080168037634,-0.10448829145072283,-1.6795461505800953e-05,0.0035936617135781264,-0.00011394639453660794,0.9999935361439193,0.0,0.0,0.0,0.0,0.0,0.0,0.0,0.0,0.0,0.0,0.0,0.0,0.0,0.0,0.0,0.0,0.0,0.0,0.0,0.0,0.0,0.0,0.0,0.0,0.0,0.0,0.0,0.0,0.0,0.0,0.0,0.0,0.0,0.0,0.0,0.0,0.00429689472632115,7.845817059860172e-05,6.558086949730381e-05,-2.5116275309544633e-07,-7.496665190842577e-05,1.6420890602830696e-05,0.0,0.0,0.0,0.0,0.0,0.0,0.0,0.0,0.0,0.0,0.0,0.0,0.0,0.0,0.0,0.0,0.0,0.0,0.0,0.0,0.0,0.0,0.0,0.0,0.0,0.0,0.0,0.0,0.0,0.0,0.0,0.0,0.0,0.0,0.0,0.0
61,0,odom,base_link,-1.745398159391355,0.09510343651898095,-0.10448708769733982,-1.680200707427809e-05,0.0035923640731241316,-0.00011363713900967364,0.9999935408414693,0.0,0.0,0.0,0.0,0.0,0.0,0.0,0.0,0.0,0.0,0.0,0.0,0.0,0.0,0.0,0.0,0.0,0.0,0.0,0.0,0.0,0.0,0.0,0.0,0.0,0.0,0.0,0.0,0.0,0.0,0.0,0.0,0.0,0.0,0.0,0.0,0.0042952080826222224,7.847841936845282e-05,6.648691809692205e-05,-3.3049227521342317e-07,-7.66070556323939e-05,1.910021900641823e-05,0.0,0.0,0.0,0.0,0.0,0.0,0.0,0.0,0.0,0.0,0.0,0.0,0.0,0.0,0.0,0.0,0.0,0.0,0.0,0.0,0.0,0.0,0.0,0.0,0.0,0.0,0.0,0.0,0.0,0.0,0.0,0.0,0.0,0.0,0.0,0.0
61,34000000,odom,base_link,-1.7452521461640302,0.09510607213823943,-0.10448584562232398,-1.6809360726476953e-05,0.0035910543896860475,-0.00011327964109936092,0.9999935455859396,0.0,0.0,0.0,0.0,0.0,0.0,0.0,0.0,0.0,0.0,0.0,0.0,0.0,0.0,0.0,0.0,0.0,0.0,0.0,0.0,0.0,0.0,0.0,0.0,0.0,0.0,0.0,0.0,0.0,0.0,0.0,0.0,0.0,0.0,0.0,0.0,0.004293520139173526,7.849769345538908e-05,6.783787740120159e-05,-3.530395309425671e-07,-7.714392040725215e-05,2.207955365207681e-05,0.0,0.0,0.0,0.0,0.0,0.0,0.0,0.0,0.0,0.0,0.0,0.0,0.0,0.0,0.0,0.0,0.0,0.0,0.0,0.0,0.0,0.0,0.0,0.0,0.0,0.0,0.0,0.0,0.0,0.0,0.0,0.0,0.0,0.0,0.0,0.0
61,68000000,odom,base_link,-1.7451061900001865,0.09510870862299159,-0.1044845806272426,-1.681629577661447e-05,0.0035897582787060974,-0.00011289322058766569,0.9999935502831172,0.0,0.0,0.0,0.0,0.0,0.0,0.0,0.0,0.0,0.0,0.0,0.0,0.0,0.0,0.0,0.0,0.0,0.0,0.0,0.0,0.0,0.0,0.0,0.0,0.0,0.0,0.0,0.0,0.0,0.0,0.0,0.0,0.0,0.0,0.0,0.0,0.00429184234289311,7.852378143401872e-05,6.798242505925342e-05,-2.613108257554231e-07,-7.490606321880477e-05,2.176686813015749e-05,0.0,0.0,0.0,0.0,0.0,0.0,0.0,0.0,0.0,0.0,0.0,0.0,0.0,0.0,0.0,0.0,0.0,0.0,0.0,0.0,0.0,0.0,0.0,0.0,0.0,0.0,0.0,0.0,0.0,0.0,0.0,0.0,0.0,0.0,0.0,0.0
61,102000000,odom,base_link,-1.7449602908077921,0.09511134639169616,-0.1044833407510273,-1.682077379800973e-05,0.003588509574406583,-0.00011257566489232976,0.9999935548006375,0.0,0.0,0.0,0.0,0.0,0.0,0.0,0.0,0.0,0.0,0.0,0.0,0.0,0.0,0.0,0.0,0.0,0.0,0.0,0.0,0.0,0.0,0.0,0.0,0.0,0.0,0.0,0.0,0.0,0.0,0.0,0.0,0.0,0.0,0.0,0.0,0.004290174362266789,7.855957821697128e-05,6.671869539110061e-05,-1.656437556563084e-07,-7.30170505391925e-05,1.7109181271734997e-05,0.0,0.0,0.0,0.0,0.0,0.0,0.0,0.0,0.0,0.0,0.0,0.0,0.0,0.0,0.0,0.0,0.0,0.0,0.0,0.0,0.0,0.0,0.0,0.0,0.0,0.0,0.0,0.0,0.0,0.0,0.0,0.0,0.0,0.0,0.0,0.0
61,136000000,odom,base_link,-1.7448144487543216,0.09511398524336176,-0.10448210222691831,-1.6826082728818192e-05,0.003587226211950097,-0.00011228059983669849,0.9999935594382867,0.0,0.0,0.0,0.0,0.0,0.0,0.0,0.0,0.0,0.0,0.0,0.0,0.0,0.0,0.0,0.0,0.0,0.0,0.0,0.0,0.0,0.0,0.0,0.0,0.0,0.0,0.0,0.0,0.0,0.0,0.0,0.0,0.0,0.0,0.0,0.0,0.004288487410259491,7.858433927438039e-05,6.750847830858046e-05,-2.780330271567877e-07,-7.636506396124787e-05,1.7770346438794604e-05,0.0,0.0,0.0,0.0,0.0,0.0,0.0,0.0,0.0,0.0,0.0,0.0,0.0,0.0,0.0,0.0,0.0,0.0,0.0,0.0,0.0,0.0,0.0,0.0,0.0,0.0,0.0,0.0,0.0,0.0,0.0,0.0,0.0,0.0,0.0,0.0
61,170000000,odom,base_link,-1.7446686638124949,0.09511662504515297,-0.10448085453954462,-1.683223808147344e-05,0.0035859346882078894,-0.00011197726372110104,0.9999935641043797,0.0,0.0,0.0,0.0,0.0,0.0,0.0,0.0,0.0,0.0,0.0,0.0,0.0,0.0,0.0,0.0,0.0,0.0,0.0,0.0,0.0,0.0,0.0,0.0,0.0,0.0,0.0,0.0,0.0,0.0,0.0,0.0,0.0,0.0,0.0,0.0,0.004286811140112635,7.861160882673035e-05,6.73052977336375e-05,-2.701789791892395e-07,-7.495343723462611e-05,1.7145684694241936e-05,0.0,0.0,0.0,0.0,0.0,0.0,0.0,0.0,0.0,0.0,0.0,0.0,0.0,0.0,0.0,0.0,0.0,0.0,0.0,0.0,0.0,0.0,0.0,0.0,0.0,0.0,0.0,0.0,0.0,0.0,0.0,0.0,0.0,0.0,0.0,0.0
61,204000000,odom,base_link,-1.7445229358724765,0.0951192660212736,-0.10447963982478892,-1.6837401023915072e-05,0.0035846808607713876,-0.00011171977968537315,0.9999935686284783,0.0,0.0,0.0,0.0,0.0,0.0,0.0,0.0,0.0,0.0,0.0,0.0,0.0,0.0,0.0,0.0,0.0,0.0,0.0,0.0,0.0,0.0,0.0,0.0,0.0,0.0,0.0,0.0,0.0,0.0,0.0,0.0,0.0,0.0,0.0,0.0,0.00428514393447843,7.864412828053932e-05,6.583214672219309e-05,-2.3299143031563219e-07,-7.336326319773434e-05,1.4121243641085357e-05,0.0,0.0,0.0,0.0,0.0,0.0,0.0,0.0,0.0,0.0,0.0,0.0,0.0,0.0,0.0,0.0,0.0,0.0,0.0,0.0,0.0,0.0,0.0,0.0,0.0,0.0,0.0,0.0,0.0,0.0,0.0,0.0,0.0,0.0,0.0,0.0
61,238000000,odom,base_link,-1.7443772650616016,0.09512190795414292,-0.10447843578877593,-1.6843443175403464e-05,0.003583398332272267,-0.00011145837010388373,0.9999935732542097,0.0,0.0,0.0,0.0,0.0,0.0,0.0,0.0,0.0,0.0,0.0,0.0,0.0,0.0,0.0,0.0,0.0,0.0,0.0,0.0,0.0,0.0,0.0,0.0,0.0,0.0,0.0,0.0,0.0,0.0,0.0,0.0,0.0,0.0,0.0,0.0,0.004283459464539985,7.866534786460612e-05,6.637572287364014e-05,-3.198802528414646e-07,-7.625187805615496e-05,1.64102633704033e-05,0.0,0.0,0.0,0.0,0.0,0.0,0.0,0.0,0.0,0.0,0.0,0.0,0.0,0.0,0.0,0.0,0.0,0.0,0.0,0.0,0.0,0.0,0.0,0.0,0.0,0.0,0.0,0.0,0.0,0.0,0.0,0.0,0.0,0.0,0.0,0.0
61,272000000,odom,base_link,-1.7442316513222642,0.09512455072514096,-0.10447722715112659,-1.6849835117055625e-05,0.003582114503323373,-0.00011116498993447454,0.9999935778864348,0.0,0.0,0.0,0.0,0.0,0.0,0.0,0.0,0.0,0.0,0.0,0.0,0.0,0.0,0.0,0.0,0.0,0.0,0.0,0.0,0.0,0.0,0.0,0.0,0.0,0.0,0.0,0.0,0.0,0.0,0.0,0.0,0.0,0.0,0.0,0.0,0.004281785899655237,7.869007065684445e-05,6.602106558402807e-05,-2.6692994203880716e-07,-7.427349117961057e-05,1.689479507405167e-05,0.0,0.0,0.0,0.0,0.0,0.0,0.0,0.0,0.0,0.0,0.0,0.0,0.0,0.0,0.0,0.0,0.0,0.0,0.0,0.0,0.0,0.0,0.0,0.0,0.0,0.0,0.0,0.0,0.0,0.0,0.0,0.0,0.0,0.0,0.0,0.0
61,306000000,odom,base_link,-1.7440860945489636,0.0951271945735152,-0.10447605736358365,-1.685470855440972e-05,0.0035808703461173955,-0.00011089697484518307,0.999993582372079,0.0,0.0,0.0,0.0,0.0,0.0,0.0,0.0,0.0,0.0,0.0,0.0,0.0,0.0,0.0,0.0,0.0,0.0,0.0,0.0,0.0,0.0,0.0,0.0,0.0,0.0,0.0,0.0,0.0,0.0,0.0,0.0,0.0,0.0,0.0,0.0,0.004280119857639174,7.871928943452493e-05,6.446583086595953e-05,-2.1091740159961958e-07,-7.29945838884305e-05,1.527356090491594e-05,0.0,0.0,0.0,0.0,0.0,0.0,0.0,0.0,0.0,0.0,0.0,0.0,0.0,0.0,0.0,0.0,0.0,0.0,0.0,0.0,0.0,0.0,0.0,0.0,0.0,0.0,0.0,0.0,0.0,0.0,0.0,0.0,0.0,0.0,0.0,0.0
61,340000000,odom,base_link,-1.7439405948858444,0.09512983930201677,-0.10447488775065573,-1.6860625612225745e-05,0.0035795879474506023,-0.00011060753268171309,0.9999935869953465,0.0,0.0,0.0,0.0,0.0,0.0,0.0,0.0,0.0,0.0,0.0,0.0,0.0,0.0,0.0,0.0,0.0,0.0,0.0,0.0,0.0,0.0,0.0,0.0,0.0,0.0,0.0,0.0,0.0,0.0,0.0,0.0,0.0,0.0,0.0,0.0,0.004278434089319704,7.873928571206798e-05,6.52779544778714e-05,-3.0420844732148566e-07,-7.610400487578772e-05,1.8025913028907325e-05,0.0,0.0,0.0,0.0,0.0,0.0,0.0,0.0,0.0,0.0,0.0,0.0,0.0,0.0,0.0,0.0,0.0,0.0,0.0,0.0,0.0,0.0,0.0,0.0,0.0,0.0,0.0,0.0,0.0,0.0,0.0,0.0,0.0,0.0,0.0,0.0
61,374000000,odom,base_link,-1.7437951522533095,0.09513248490561972,-0.10447371267436248,-1.686671376484319e-05,0.003578311140351535,-0.0001102949242270791,0.9999935915994295,0.0,0.0,0.0,0.0,0.0,0.0,0.0,0.0,0.0,0.0,0.0,0.0,0.0,0.0,0.0,0.0,0.0,0.0,0.0,0.0,0.0,0.0,0.0,0.0,0.0,0.0,0.0,0.0,0.0,0.0,0.0,0.0,0.0,0.0,0.0,0.0,0.004276761145496331,7.876566796484524e-05,6.502496934426326e-05,-2.482172301032648e-07,-7.387618481402569e-05,1.765634269901284e-05,0.0,0.0,0.0,0.0,0.0,0.0,0.0,0.0,0.0,0.0,0.0,0.0,0.0,0.0,0.0,0.0,0.0,0.0,0.0,0.0,0.0,0.0,0.0,0.0,0.0,0.0,0.0,0.0,0.0,0.0,0.0,0.0,0.0,0.0,0.0,0.0
61,408000000,odom,base_link,-1.7436497665628898,0.09513513164435122,-0.1044725700649954,-1.6871501588493408e-05,0.003577070821676713,-0.0001100210899294648,0.9999935960670193,0.0,0.0,0.0,0.0,0.0,0.0,0.0,0.0,0.0,0.0,0.0,0.0,0.0,0.0,0.0,0.0,0.0,0.0,0.0,0.0,0.0,0.0,0.0,0.0,0.0,0.0,0.0,0.0,0.0,0.0,0.0,0.0,0.0,0.0,0.0,0.0,0.0042750941599131505,7.879617015937344e-05,6.366880897063703e-05,-2.0983849519096154e-07,-7.28114905257371e-05,1.5402866182512298e-05,0.0,0.0,0.0,0.0,0.0,0.0,0.0,0.0,0.0,0.0,0.0,0.0,0.0,0.0,0.0,0.0,0.0,0.0,0.0,0.0,0.0,0.0,0.0,0.0,0.0,0.0,0.0,0.0,0.0,0.0,0.0,0.0,0.0,0.0,0.0,0.0
61,442000000,odom,base_link,-1.7435044379675557,0.09513777929761585,-0.10447142315678878,-1.6877415596532555e-05,0.00357579188096347,-0.00010973431499335391,0.9999936006725028,0.0,0.0,0.0,0.0,0.0,0.0,0.0,0.0,0.0,0.0,0.0,0.0,0.0,0.0,0.0,0.0,0.0,0.0,0.0,0.0,0.0,0.0,0.0,0.0,0.0,0.0,0.0,0.0,0.0,0.0,0.0,0.0,0.0,0.0,0.0,0.0,0.004273408082656904,7.881702550679535e-05,6.457490304086163e-05,-3.055483144276394e-07,-7.589407999830655e-05,1.7724550538389394e-05,0.0,0.0,0.0,0.0,0.0,0.0,0.0,0.0,0.0,0.0,0.0,0.0,0.0,0.0,0.0,0.0,0.0,0.0,0.0,0.0,0.0,0.0,0.0,0.0,0.0,0.0,0.0,0.0,0.0,0.0,0.0,0.0,0.0,0.0,0.0,0.0
61,476000000,odom,base_link,-1.7433591663746693,0.09514042786048159,-0.1044702664646544,-1.6883411583725337e-05,0.0035745215452531094,-0.00010943314232396428,0.9999936052470837,0.0,0.0,0.0,0.0,0.0,0.0,0.0,0.0,0.0,0.0,0.0,0.0,0.0,0.0,0.0,0.0,0.0,0.0,0.0,0.0,0.0,0.0,0.0,0.0,0.0,0.0,0.0,0.0,0.0,0.0,0.0,0.0,0.0,0.0,0.0,0.0,0.004271735023195529,7.884440849072336e-05,6.447119217361093e-05,-2.4581084390185026e-07,-7.351239901254303e-05,1.688208914885081e-05,0.0,0.0,0.0,0.0,0.0,0.0,0.0,0.0,0.0,0.0,0.0,0.0,0.0,0.0,0.0,0.0,0.0,0.0,0.0,0.0,0.0,0.0,0.0,0.0,0.0,0.0,0.0,0.0,0.0,0.0,0.0,0.0,0.0,0.0,0.0,0.0
61,510000000,odom,base_link,-1.7432139517101208,0.09514307755065655,-0.10446913282690291,-1.688827403816362e-05,0.003573282007157951,-0.00010916980949695127,0.9999936097058002,0.0,0.0,0.0,0.0,0.0,0.0,0.0,0.0,0.0,0.0,0.0,0.0,0.0,0.0,0.0,0.0,0.0,0.0,0.0,0.0,0.0,0.0,0.0,0.0,0.0,0.0,0.0,0.0,0.0,0.0,0.0,0.0,0.0,0.0,0.0,0.0,0.00427006408853759,7.88737504868713e-05,6.368512099722958e-05,-2.3110332814102463e-07,-7.335244447403966e-05,1.5173928424871974e-05,0.0,0.0,0.0,0.0,0.0,0.0,0.0,0.0,0.0,0.0,0.0,0.0,0.0,0.0,0.0,0.0,0.0,0.0,0.0,0.0,0.0,0.0,0.0,0.0,0.0,0.0,0.0,0.0,0.0,0.0,0.0,0.0,0.0,0.0,0.0,0.0
61,544000000,odom,base_link,-1.7430687941197462,0.09514572810404007,-0.10446797571370003,-1.6894434733407538e-05,0.0035720001619272443,-0.00010888204209292045,0.9999936143166726,0.0,0.0,0.0,0.0,0.0,0.0,0.0,0.0,0.0,0.0,0.0,0.0,0.0,0.0,0.0,0.0,0.0,0.0,0.0,0.0,0.0,0.0,0.0,0.0,0.0,0.0,0.0,0.0,0.0,0.0,0.0,0.0,0.0,0.0,0.0,0.0,0.004268377126215741,7.889379269410706e-05,6.48392369640431e-05,-3.141786220073328e-07,-7.585683974298263e-05,1.7826140030763327e-05,0.0,0.0,0.0,0.0,0.0,0.0,0.0,0.0,0.0,0.0,0.0,0.0,0.0,0.0,0.0,0.0,0.0,0.0,0.0,0.0,0.0,0.0,0.0,0.0,0.0,0.0,0.0,0.0,0.0,0.0,0.0,0.0,0.0,0.0,0.0,0.0
61,578000000,odom,base_link,-1.74292369351105,0.09514837956300702,-0.10446680596850647,-1.690040575796346e-05,0.003570733578912256,-0.00010857991103358461,0.9999936188728844,0.0,0.0,0.0,0.0,0.0,0.0,0.0,0.0,0.0,0.0,0.0,0.0,0.0,0.0,0.0,0.0,0.0,0.0,0.0,0.0,0.0,0.0,0.0,0.0,0.0,0.0,0.0,0.0,0.0,0.0,0.0,0.0,0.0,0.0,0.0,0.0,0.004266703986738664,7.892114451978324e-05,6.480536010185643e-05,-2.4072034643385365e-07,-7.328603004452816e-05,1.6940897396011678e-05,0.0,0.0,0.0,0.0,0.0,0.0,0.0,0.0,0.0,0.0,0.0,0.0,0.0,0.0,0.0,0.0,0.0,0.0,0.0,0.0,0.0,0.0,0.0,0.0,0.0,0.0,0.0,0.0,0.0,0.0,0.0,0.0,0.0,0.0,0.0,0.0
61,612000000,odom,base_link,-1.7427786498297295,0.0951510321383934,-0.10446565681058619,-1.690517905390118e-05,0.0035694963067834807,-0.00010831396173630047,0.9999936233188772,0.0,0.0,0.0,0.0,0.0,0.0,0.0,0.0,0.0,0.0,0.0,0.0,0.0,0.0,0.0,0.0,0.0,0.0,0.0,0.0,0.0,0.0,0.0,0.0,0.0,0.0,0.0,0.0,0.0,0.0,0.0,0.0,0.0,0.0,0.0,0.0,0.004265031950021782,7.894992356270253e-05,6.416261672089161e-05,-2.2860595499940572e-07,-7.338454111049941e-05,1.5443229806066938e-05,0.0,0.0,0.0,0.0,0.0,0.0,0.0,0.0,0.0,0.0,0.0,0.0,0.0,0.0,0.0,0.0,0.0,0.0,0.0,0.0,0.0,0.0,0.0,0.0,0.0,0.0,0.0,0.0,0.0,0.0,0.0,0.0,0.0,0.0,0.0,0.0
61,646000000,odom,base_link,-1.7426336632223967,0.09515368557220491,-0.10446448151755493,-1.6911274462276113e-05,0.00356821590397829,-0.00010802312821155462,0.9999936279198359,0.0,0.0,0.0,0.0,0.0,0.0,0.0,0.0,0.0,0.0,0.0,0.0,0.0,0.0,0.0,0.0,0.0,0.0,0.0,0.0,0.0,0.0,0.0,0.0,0.0,0.0,0.0,0.0,0.0,0.0,0.0,0.0,0.0,0.0,0.0,0.0,0.0042633451867550454,7.897013506594353e-05,6.529925042498302e-05,-3.0934368955293223e-07,-7.574268394705541e-05,1.7962782727920512e-05,0.0,0.0,0.0,0.0,0.0,0.0,0.0,0.0,0.0,0.0,0.0,0.0,0.0,0.0,0.0,0.0,0.0,0.0,0.0,0.0,0.0,0.0,0.0,0.0,0.0,0.0,0.0,0.0,0.0,0.0,0.0,0.0,0.0,0.0,0.0,0.0
61,680000000,odom,base_link,-1.7424887335755528,0.09515633994408416,-0.10446329434721675,-1.6916404520219397e-05,0.0035669552708751428,-0.00010772646430209255,0.999993632449197,0.0,0.0,0.0,0.0,0.0,0.0,0.0,0.0,0.0,0.0,0.0,0.0,0.0,0.0,0.0,0.0,0.0,0.0,0.0,0.0,0.0,0.0,0.0,0.0,0.0,0.0,0.0,0.0,0.0,0.0,0.0,0.0,0.0,0.0,0.0,0.0,0.004261672863496169,7.899865277097931e-05,6.522741396350097e-05,-2.028706744261477e-07,-7.303684128601162e-05,1.649905545519914e-05,0.0,0.0,0.0,0.0,0.0,0.0,0.0,0.0,0.0,0.0,0.0,0.0,0.0,0.0,0.0,0.0,0.0,0.0,0.0,0.0,0.0,0.0,0.0,0.0,0.0,0.0,0.0,0.0,0.0,0.0,0.0,0.0,0.0,0.0,0.0,0.0
61,714000000,odom,base_link,-1.7423438608443667,0.09515899543508746,-0.10446212535582866,-1.6920926444736177e-05,0.0035657198571462565,-0.000107467288620929,0.9999936368829376,0.0,0.0,0.0,0.0,0.0,0.0,0.0,0.0,0.0,0.0,0.0,0.0,0.0,0.0,0.0,0.0,0.0,0.0,0.0,0.0,0.0,0.0,0.0,0.0,0.0,0.0,0.0,0.0,0.0,0.0,0.0,0.0,0.0,0.0,0.0,0.0,0.004259999790527955,7.902694026532878e-05,6.49011915275746e-05,-2.322520245567894e-07,-7.340046721537874e-05,1.5227570226983289e-05,0.0,0.0,0.0,0.0,0.0,0.0,0.0,0.0,0.0,0.0,0.0,0.0,0.0,0.0,0.0,0.0,0.0,0.0,0.0,0.0,0.0,0.0,0.0,0.0,0.0,0.0,0.0,0.0,0.0,0.0,0.0,0.0,0.0,0.0,0.0,0.0
61,748000000,odom,base_link,-1.7421990451556861,0.09516165176521159,-0.10446092475584992,-1.692713199083047e-05,0.0035644406441020463,-0.0001071795300279296,0.9999936414742422,0.0,0.0,0.0,0.0,0.0,0.0,0.0,0.0,0.0,0.0,0.0,0.0,0.0,0.0,0.0,0.0,0.0,0.0,0.0,0.0,0.0,0.0,0.0,0.0,0.0,0.0,0.0,0.0,0.0,0.0,0.0,0.0,0.0,0.0,0.0,0.0,0.004258313911109774,7.904693442405285e-05,6.593705790275859e-05,-3.1788499887941413e-07,-7.564989985553439e-05,1.7799301055276828e-05,0.0,0.0,0.0,0.0,0.0,0.0,0.0,0.0,0.0,0.0,0.0,0.0,0.0,0.0,0.0,0.0,0.0,0.0,0.0,0.0,0.0,0.0,0.0,0.0,0.0,0.0,0.0,0.0,0.0,0.0,0.0,0.0,0.0,0.0,0.0,0.0
61,782000000,odom,base_link,-1.742054286408101,0.09516430904260914,-0.10445971630413595,-1.6932821952442758e-05,0.003563184337601484,-0.00010688886123234855,0.9999936459825268,0.0,0.0,0.0,0.0,0.0,0.0,0.0,0.0,0.0,0.0,0.0,0.0,0.0,0.0,0.0,0.0,0.0,0.0,0.0,0.0,0.0,0.0,0.0,0.0,0.0,0.0,0.0,0.0,0.0,0.0,0.0,0.0,0.0,0.0,0.0,0.0,0.004256643040176457,7.907573662878616e-05,6.572334324685621e-05,-2.2947492517300105e-07,-7.287682066703383e-05,1.617920766250336e-05,0.0,0.0,0.0,0.0,0.0,0.0,0.0,0.0,0.0,0.0,0.0,0.0,0.0,0.0,0.0,0.0,0.0,0.0,0.0,0.0,0.0,0.0,0.0,0.0,0.0,0.0,0.0,0.0,0.0,0.0,0.0,0.0,0.0,0.0,0.0,0.0
61,816000000,odom,base_link,-1.7419095843844354,0.09516696742811344,-0.10445852838514244,-1.6942254209652794e-05,0.003561953538487993,-0.00010663191838220946,0.9999936503946331,0.0,0.0,0.0,0.0,0.0,0.0,0.0,0.0,0.0,0.0,0.0,0.0,0.0,0.0,0.0,0.0,0.0,0.0,0.0,0.0,0.0,0.0,0.0,0.0,0.0,0.0,0.0,0.0,0.0,0.0,0.0,0.0,0.0,0.0,0.0,0.0,0.0042549830623057954,7.91037715327295e-05,6.547801540707054e-05,-8.013216312718896e-07,-7.296062278783211e-05,1.526917188243715e-05,0.0,0.0,0.0,0.0,0.0,0.0,0.0,0.0,0.0,0.0,0.0,0.0,0.0,0.0,0.0,0.0,0.0,0.0,0.0,0.0,0.0,0.0,0.0,0.0,0.0,0.0,0.0,0.0,0.0,0.0,0.0,0.0,0.0,0.0,0.0,0.0
61,850000000,odom,base_link,-1.7417649391392351,0.09516962663798961,-0.10445731001321272,-1.6953291481398136e-05,0.0035606778231070274,-0.00010634308152436966,0.9999936549684578,0.0,0.0,0.0,0.0,0.0,0.0,0.0,0.0,0.0,0.0,0.0,0.0,0.0,0.0,0.0,0.0,0.0,0.0,0.0,0.0,0.0,0.0,0.0,0.0,0.0,0.0,0.0,0.0,0.0,0.0,0.0,0.0,0.0,0.0,0.0,0.0,0.004253298359727362,7.91233048767517e-05,6.632361565869453e-05,-4.958574606472865e-07,-7.550496761155046e-05,1.7872797997142698e-05,0.0,0.0,0.0,0.0,0.0,0.0,0.0,0.0,0.0,0.0,0.0,0.0,0.0,0.0,0.0,0.0,0.0,0.0,0.0,0.0,0.0,0.0,0.0,0.0,0.0,0.0,0.0,0.0,0.0,0.0,0.0,0.0,0.0,0.0,0.0,0.0
61,884000000,odom,base_link,-1.7416203508926886,0.09517228660722567,-0.10445605736870814,-1.6961294853850058e-05,0.003559387173977049,-0.00010600808932066242,0.9999936595986723,0.0,0.0,0.0,0.0,0.0,0.0,0.0,0.0,0.0,0.0,0.0,0.0,0.0,0.0,0.0,0.0,0.0,0.0,0.0,0.0,0.0,0.0,0.0,0.0,0.0,0.0,0.0,0.0,0.0,0.0,0.0,0.0,0.0,0.0,0.0,0.0,0.004251614067225121,7.914228245841649e-05,6.754675320777495e-05,-3.480159216362466e-07,-7.612877155338538e-05,2.0732752581409386e-05,0.0,0.0,0.0,0.0,0.0,0.0,0.0,0.0,0.0,0.0,0.0,0.0,0.0,0.0,0.0,0.0,0.0,0.0,0.0,0.0,0.0,0.0,0.0,0.0,0.0,0.0,0.0,0.0,0.0,0.0,0.0,0.0,0.0,0.0,0.0,0.0
61,918000000,odom,base_link,-1.7414758196312412,0.0951749474250352,-0.10445478563064643,-1.6967201943172635e-05,0.0035581067366255146,-0.00010564593589405196,0.9999936641936793,0.0,0.0,0.0,0.0,0.0,0.0,0.0,0.0,0.0,0.0,0.0,0.0,0.0,0.0,0.0,0.0,0.0,0.0,0.0,0.0,0.0,0.0,0.0,0.0,0.0,0.0,0.0,0.0,0.0,0.0,0.0,0.0,0.0,0.0,0.0,0.0,0.004249939564726904,7.916807379248777e-05,6.755661409132017e-05,-1.8596849060692477e-07,-7.404214770190265e-05,2.0347098406148234e-05,0.0,0.0,0.0,0.0,0.0,0.0,0.0,0.0,0.0,0.0,0.0,0.0,0.0,0.0,0.0,0.0,0.0,0.0,0.0,0.0,0.0,0.0,0.0,0.0,0.0,0.0,0.0,0.0,0.0,0.0,0.0,0.0,0.0,0.0,0.0,0.0
61,952000000,odom,base_link,-1.7413313452618804,0.09517760948238192,-0.1044535438533853,-1.6970013375130652e-05,0.003556872198906668,-0.00010534770879793585,0.9999936686169766,0.0,0.0,0.0,0.0,0.0,0.0,0.0,0.0,0.0,0.0,0.0,0.0,0.0,0.0,0.0,0.0,0.0,0.0,0.0,0.0,0.0,0.0,0.0,0.0,0.0,0.0,0.0,0.0,0.0,0.0,0.0,0.0,0.0,0.0,0.0,0.0,0.00424827486686613,7.920253562676834e-05,6.615698483031232e-05,-6.628801257901884e-08,-7.219163009608565e-05,1.6117023804440578e-05,0.0,0.0,0.0,0.0,0.0,0.0,0.0,0.0,0.0,0.0,0.0,0.0,0.0,0.0,0.0,0.0,0.0,0.0,0.0,0.0,0.0,0.0,0.0,0.0,0.0,0.0,0.0,0.0,0.0,0.0,0.0,0.0,0.0,0.0,0.0,0.0
61,986000000,odom,base_link,-1.741186927941586,0.09518027258696474,-0.104452307778074,-1.6974090296636545e-05,0.0035556045470986767,-0.0001050685436241241,0.9999936731543786,0.0,0.0,0.0,0.0,0.0,0.0,0.0,0.0,0.0,0.0,0.0,0.0,0.0,0.0,0.0,0.0,0.0,0.0,0.0,0.0,0.0,0.0,0.0,0.0,0.0,0.0,0.0,0.0,0.0,0.0,0.0,0.0,0.0,0.0,0.0,0.0,0.004246591581430369,7.922672756185835e-05,6.682492509438916e-05,-2.2578348218837974e-07,-7.54049622742059e-05,1.684640267285431e-05,0.0,0.0,0.0,0.0,0.0,0.0,0.0,0.0,0.0,0.0,0.0,0.0,0.0,0.0,0.0,0.0,0.0,0.0,0.0,0.0,0.0,0.0,0.0,0.0,0.0,0.0,0.0,0.0,0.0,0.0,0.0,0.0,0.0,0.0,0.0,0.0
62,20000000,odom,base_link,-1.7410425676345016,0.09518293662286748,-0.1044510669672658,-1.6979542963237056e-05,0.003554331041109239,-0.00010478181542848409,0.9999936777116726,0.0,0.0,0.0,0.0,0.0,0.0,0.0,0.0,0.0,0.0,0.0,0.0,0.0,0.0,0.0,0.0,0.0,0.0,0.0,0.0,0.0,0.0,0.0,0.0,0.0,0.0,0.0,0.0,0.0,0.0,0.0,0.0,0.0,0.0,0.0,0.0,0.0042449193797421915,7.925375533855992e-05,6.646825118790988e-05,-2.4304203372071953e-07,-7.38276710876562e-05,1.6117592060993502e-05,0.0,0.0,0.0,0.0,0.0,0.0,0.0,0.0,0.0,0.0,0.0,0.0,0.0,0.0,0.0,0.0,0.0,0.0,0.0,0.0,0.0,0.0,0.0,0.0,0.0,0.0,0.0,0.0,0.0,0.0,0.0,0.0,0.0,0.0,0.0,0.0
62,54000000,odom,base_link,-1.7408982642356639,0.09518560180948739,-0.10444986545328835,-1.698441763472468e-05,0.003553095162726864,-0.00010454092151897655,0.9999936821287873,0.0,0.0,0.0,0.0,0.0,0.0,0.0,0.0,0.0,0.0,0.0,0.0,0.0,0.0,0.0,0.0,0.0,0.0,0.0,0.0,0.0,0.0,0.0,0.0,0.0,0.0,0.0,0.0,0.0,0.0,0.0,0.0,0.0,0.0,0.0,0.0,0.004243255674933013,7.928546012185851e-05,6.485844871263796e-05,-2.278629840368751e-07,-7.242522173100951e-05,1.3236185836262848e-05,0.0,0.0,0.0,0.0,0.0,0.0,0.0,0.0,0.0,0.0,0.0,0.0,0.0,0.0,0.0,0.0,0.0,0.0,0.0,0.0,0.0,0.0,0.0,0.0,0.0,0.0,0.0,0.0,0.0,0.0,0.0,0.0,0.0,0.0,0.0,0.0
62,88000000,odom,base_link,-1.7407540178692298,0.09518826790271377,-0.1044486694894946,-1.6990266649569726e-05,0.003551825686914559,-0.00010428946125114851,0.9999936866647353,0.0,0.0,0.0,0.0,0.0,0.0,0.0,0.0,0.0,0.0,0.0,0.0,0.0,0.0,0.0,0.0,0.0,0.0,0.0,0.0,0.0,0.0,0.0,0.0,0.0,0.0,0.0,0.0,0.0,0.0,0.0,0.0,0.0,0.0,0.0,0.0,0.004241573378553838,7.930567537722789e-05,6.552162181311803e-05,-3.048986618736649e-07,-7.533325785402667e-05,1.576252444124293e-05,0.0,0.0,0.0,0.0,0.0,0.0,0.0,0.0,0.0,0.0,0.0,0.0,0.0,0.0,0.0,0.0,0.0,0.0,0.0,0.0,0.0,0.0,0.0,0.0,0.0,0.0,0.0,0.0,0.0,0.0,0.0,0.0,0.0,0.0,0.0,0.0
62,122000000,odom,base_link,-1.7406098284708236,0.09519093482333633,-0.10444747243206678,-1.6996213803285736e-05,0.003550558957657953,-0.000104008805354846,0.9999936911922921,0.0,0.0,0.0,0.0,0.0,0.0,0.0,0.0,0.0,0.0,0.0,0.0,0.0,0.0,0.0,0.0,0.0,0.0,0.0,0.0,0.0,0.0,0.0,0.0,0.0,0.0,0.0,0.0,0.0,0.0,0.0,0.0,0.0,0.0,0.0,0.0,0.004239903167550537,7.933007512715804e-05,6.510752387490714e-05,-2.431558177029558e-07,-7.33155950172204e-05,1.616352758304629e-05,0.0,0.0,0.0,0.0,0.0,0.0,0.0,0.0,0.0,0.0,0.0,0.0,0.0,0.0,0.0,0.0,0.0,0.0,0.0,0.0,0.0,0.0,0.0,0.0,0.0,0.0,0.0,0.0,0.0,0.0,0.0,0.0,0.0,0.0,0.0,0.0
62,156000000,odom,base_link,-1.740465695945567,0.09519360278536565,-0.10444631354011336,-1.700066252045747e-05,0.0035493288200021257,-0.0001037502740972628,0.99999369558602,0.0,0.0,0.0,0.0,0.0,0.0,0.0,0.0,0.0,0.0,0.0,0.0,0.0,0.0,0.0,0.0,0.0,0.0,0.0,0.0,0.0,0.0,0.0,0.0,0.0,0.0,0.0,0.0,0.0,0.0,0.0,0.0,0.0,0.0,0.0,0.0,0.004238239211976534,7.935816513339036e-05,6.362555602339455e-05,-1.9100252074411017e-07,-7.227134162235416e-05,1.4832818706622675e-05,0.0,0.0,0.0,0.0,0.0,0.0,0.0,0.0,0.0,0.0,0.0,0.0,0.0,0.0,0.0,0.0,0.0,0.0,0.0,0.0,0.0,0.0,0.0,0.0,0.0,0.0,0.0,0.0,0.0,0.0,0.0,0.0,0.0,0.0,0.0,0.0
62,190000000,odom,base_link,-1.7403216204309209,0.09519627160478243,-0.10444515299003254,-1.700611770493449e-05,0.0035480612777532275,-0.00010346992349693758,0.9999937001131238,0.0,0.0,0.0,0.0,0.0,0.0,0.0,0.0,0.0,0.0,0.0,0.0,0.0,0.0,0.0,0.0,0.0,0.0,0.0,0.0,0.0,0.0,0.0,0.0,0.0,0.0,0.0,0.0,0.0,0.0,0.0,0.0,0.0,0.0,0.0,0.0,0.0042365566230354226,7.937805298734693e-05,6.441773661704853e-05,-2.775435992141695e-07,-7.514818847198512e-05,1.7401296226182694e-05,0.0,0.0,0.0,0.0,0.0,0.0,0.0,0.0,0.0,0.0,0.0,0.0,0.0,0.0,0.0,0.0,0.0,0.0,0.0,0.0,0.0,0.0,0.0,0.0,0.0,0.0,0.0,0.0,0.0,0.0,0.0,0.0,0.0,0.0,0.0,0.0
62,224000000,odom,base_link,-1.7401776018511066,0.09519894129290808,-0.10444398936181937,-1.701168551763892e-05,0.003546801158577722,-0.00010317000706490918,0.9999937046142309,0.0,0.0,0.0,0.0,0.0,0.0,0.0,0.0,0.0,0.0,0.0,0.0,0.0,0.0,0.0,0.0,0.0,0.0,0.0,0.0,0.0,0.0,0.0,0.0,0.0,0.0,0.0,0.0,0.0,0.0,0.0,0.0,0.0,0.0,0.0,0.0,0.0042348868612299235,7.940430548256503e-05,6.409956077984943e-05,-2.2277033689954706e-07,-7.289784278441402e-05,1.6864906093871923e-05,0.0,0.0,0.0,0.0,0.0,0.0,0.0,0.0,0.0,0.0,0.0,0.0,0.0,0.0,0.0,0.0,0.0,0.0,0.0,0.0,0.0,0.0,0.0,0.0,0.0,0.0,0.0,0.0,0.0,0.0,0.0,0.0,0.0,0.0,0.0,0.0
62,258000000,odom,base_link,-1.7400336401213756,0.0952016120968706,-0.10444285793529887,-1.7016052316718938e-05,0.0035455753076903927,-0.00010290945360801633,0.9999937089881294,0.0,0.0,0.0,0.0,0.0,0.0,0.0,0.0,0.0,0.0,0.0,0.0,0.0,0.0,0.0,0.0,0.0,0.0,0.0,0.0,0.0,0.0,0.0,0.0,0.0,0.0,0.0,0.0,0.0,0.0,0.0,0.0,0.0,0.0,0.0,0.0,0.004233221265007813,7.943400490893335e-05,6.290982605864505e-05,-1.963285103934176e-07,-7.225332296911802e-05,1.4769468670294827e-05,0.0,0.0,0.0,0.0,0.0,0.0,0.0,0.0,0.0,0.0,0.0,0.0,0.0,0.0,0.0,0.0,0.0,0.0,0.0,0.0,0.0,0.0,0.0,0.0,0.0,0.0,0.0,0.0,0.0,0.0,0.0,0.0,0.0,0.0,0.0,0.0
62,292000000,odom,base_link,-1.739889735386757,0.0952042837852112,-0.10444171489324022,-1.7021604697337723e-05,0.003544309416634358,-0.00010263367062675552,0.9999937135039169,0.0,0.0,0.0,0.0,0.0,0.0,0.0,0.0,0.0,0.0,0.0,0.0,0.0,0.0,0.0,0.0,0.0,0.0,0.0,0.0,0.0,0.0,0.0,0.0,0.0,0.0,0.0,0.0,0.0,0.0,0.0,0.0,0.0,0.0,0.0,0.0,0.004231537957825911,7.945460462702758e-05,6.387013229660555e-05,-2.837693441337663e-07,-7.498058067767488e-05,1.6985702622207555e-05,0.0,0.0,0.0,0.0,0.0,0.0,0.0,0.0,0.0,0.0,0.0,0.0,0.0,0.0,0.0,0.0,0.0,0.0,0.0,0.0,0.0,0.0,0.0,0.0,0.0,0.0,0.0,0.0,0.0,0.0,0.0,0.0,0.0,0.0,0.0,0.0
62,326000000,odom,base_link,-1.7397458875589866,0.09520695638091783,-0.10444056477778876,-1.7027083487089788e-05,0.003543055369343418,-0.00010234833707535073,0.9999937179770412,0.0,0.0,0.0,0.0,0.0,0.0,0.0,0.0,0.0,0.0,0.0,0.0,0.0,0.0,0.0,0.0,0.0,0.0,0.0,0.0,0.0,0.0,0.0,0.0,0.0,0.0,0.0,0.0,0.0,0.0,0.0,0.0,0.0,0.0,0.0,0.0,0.004229868142977473,7.94819673479093e-05,6.368441803367709e-05,-2.2029642554599604e-07,-7.254856342342464e-05,1.5915774120855986e-05,0.0,0.0,0.0,0.0,0.0,0.0,0.0,0.0,0.0,0.0,0.0,0.0,0.0,0.0,0.0,0.0,0.0,0.0,0.0,0.0,0.0,0.0,0.0,0.0,0.0,0.0,0.0,0.0,0.0,0.0,0.0,0.0,0.0,0.0,0.0,0.0
62,360000000,odom,base_link,-1.739602096570227,0.09520963008347742,-0.10443944012977202,-1.7031460615057398e-05,0.003541832306571161,-0.0001021014031404155,0.9999937223348679,0.0,0.0,0.0,0.0,0.0,0.0,0.0,0.0,0.0,0.0,0.0,0.0,0.0,0.0,0.0,0.0,0.0,0.0,0.0,0.0,0.0,0.0,0.0,0.0,0.0,0.0,0.0,0.0,0.0,0.0,0.0,0.0,0.0,0.0,0.0,0.0,0.004228200264181073,7.951085574409902e-05,6.283129443938408e-05,-2.0721240556742515e-07,-7.237577506202797e-05,1.4197218245470822e-05,0.0,0.0,0.0,0.0,0.0,0.0,0.0,0.0,0.0,0.0,0.0,0.0,0.0,0.0,0.0,0.0,0.0,0.0,0.0,0.0,0.0,0.0,0.0,0.0,0.0,0.0,0.0,0.0,0.0,0.0,0.0,0.0,0.0,0.0,0.0,0.0
62,394000000,odom,base_link,-1.739458362568092,0.09521230463447253,-0.10443829457090086,-1.7037110902145397e-05,0.003540567450335832,-0.00010183184306103699,0.9999937268413949,0.0,0.0,0.0,0.0,0.0,0.0,0.0,0.0,0.0,0.0,0.0,0.0,0.0,0.0,0.0,0.0,0.0,0.0,0.0,0.0,0.0,0.0,0.0,0.0,0.0,0.0,0.0,0.0,0.0,0.0,0.0,0.0,0.0,0.0,0.0,0.0,0.004226516466804506,7.953074155933596e-05,6.390847255520962e-05,-2.8884309388743645e-07,-7.485268440632353e-05,1.6706913186226302e-05,0.0,0.0,0.0,0.0,0.0,0.0,0.0,0.0,0.0,0.0,0.0,0.0,0.0,0.0,0.0,0.0,0.0,0.0,0.0,0.0,0.0,0.0,0.0,0.0,0.0,0.0,0.0,0.0,0.0,0.0,0.0,0.0,0.0,0.0,0.0,0.0
62,428000000,odom,base_link,-1.739314685452416,0.09521498007700073,-0.1044371382893403,-1.7042550170154108e-05,0.003539318946024265,-0.00010154995915268719,0.9999937312896294,0.0,0.0,0.0,0.0,0.0,0.0,0.0,0.0,0.0,0.0,0.0,0.0,0.0,0.0,0.0,0.0,0.0,0.0,0.0,0.0,0.0,0.0,0.0,0.0,0.0,0.0,0.0,0.0,0.0,0.0,0.0,0.0,0.0,0.0,0.0,0.0,0.004224846446458124,7.955767067838721e-05,6.382920500036078e-05,-2.17356470322283e-07,-7.226775053936763e-05,1.580576043380688e-05,0.0,0.0,0.0,0.0,0.0,0.0,0.0,0.0,0.0,0.0,0.0,0.0,0.0,0.0,0.0,0.0,0.0,0.0,0.0,0.0,0.0,0.0,0.0,0.0,0.0,0.0,0.0,0.0,0.0,0.0,0.0,0.0,0.0,0.0,0.0,0.0
62,462000000,odom,base_link,-1.739171065176418,0.09521765659853776,-0.10443600400638632,-1.7046891643749055e-05,0.003538098216821275,-0.00010130097684725467,0.9999937356346408,0.0,0.0,0.0,0.0,0.0,0.0,0.0,0.0,0.0,0.0,0.0,0.0,0.0,0.0,0.0,0.0,0.0,0.0,0.0,0.0,0.0,0.0,0.0,0.0,0.0,0.0,0.0,0.0,0.0,0.0,0.0,0.0,0.0,0.0,0.0,0.0,0.004223177248895975,7.958557144086261e-05,6.314694976730154e-05,-2.0784236692827918e-07,-7.241154094117519e-05,1.4490294564240003e-05,0.0,0.0,0.0,0.0,0.0,0.0,0.0,0.0,0.0,0.0,0.0,0.0,0.0,0.0,0.0,0.0,0.0,0.0,0.0,0.0,0.0,0.0,0.0,0.0,0.0,0.0,0.0,0.0,0.0,0.0,0.0,0.0,0.0,0.0,0.0,0.0
62,496000000,odom,base_link,-1.7390275018852257,0.09522033395489896,-0.1044348450134161,-1.7052517518954698e-05,0.0035368347943093067,-0.00010102694768795057,0.9999937401316097,0.0,0.0,0.0,0.0,0.0,0.0,0.0,0.0,0.0,0.0,0.0,0.0,0.0,0.0,0.0,0.0,0.0,0.0,0.0,0.0,0.0,0.0,0.0,0.0,0.0,0.0,0.0,0.0,0.0,0.0,0.0,0.0,0.0,0.0,0.0,0.0,0.004221493456199841,7.960541668003952e-05,6.424338372296074e-05,-2.856552050456429e-07,-7.47382721044687e-05,1.6956137827150997e-05,0.0,0.0,0.0,0.0,0.0,0.0,0.0,0.0,0.0,0.0,0.0,0.0,0.0,0.0,0.0,0.0,0.0,0.0,0.0,0.0,0.0,0.0,0.0,0.0,0.0,0.0,0.0,0.0,0.0,0.0,0.0,0.0,0.0,0.0,0.0,0.0
62,530000000,odom,base_link,-1.7388839954720448,0.09522301221514312,-0.10443367494750583,-1.7057841876995308e-05,0.0035355896648534895,-0.00010074421430983217,0.9999937445631123,0.0,0.0,0.0,0.0,0.0,0.0,0.0,0.0,0.0,0.0,0.0,0.0,0.0,0.0,0.0,0.0,0.0,0.0,0.0,0.0,0.0,0.0,0.0,0.0,0.0,0.0,0.0,0.0,0.0,0.0,0.0,0.0,0.0,0.0,0.0,0.0,0.0042198236487982,7.963287172386066e-05,6.416011810260984e-05,-2.1105199116133733e-07,-7.210494032960924e-05,1.5764252125904932e-05,0.0,0.0,0.0,0.0,0.0,0.0,0.0,0.0,0.0,0.0,0.0,0.0,0.0,0.0,0.0,0.0,0.0,0.0,0.0,0.0,0.0,0.0,0.0,0.0,0.0,0.0,0.0,0.0,0.0,0.0,0.0,0.0,0.0,0.0,0.0,0.0
62,564000000,odom,base_link,-1.7387405459037149,0.09522569155533864,-0.10443252378434412,-1.7062192092464202e-05,0.003534367558370092,-0.00010049524354975695,0.9999937489082369,0.0,0.0,0.0,0.0,0.0,0.0,0.0,0.0,0.0,0.0,0.0,0.0,0.0,0.0,0.0,0.0,0.0,0.0,0.0,0.0,0.0,0.0,0.0,0.0,0.0,0.0,0.0,0.0,0.0,0.0,0.0,0.0,0.0,0.0,0.0,0.0,0.004218152129094708,7.966017919195086e-05,6.377524447803653e-05,-2.1752954854070694e-07,-7.282926048901572e-05,1.4705415107840736e-05,0.0,0.0,0.0,0.0,0.0,0.0,0.0,0.0,0.0,0.0,0.0,0.0,0.0,0.0,0.0,0.0,0.0,0.0,0.0,0.0,0.0,0.0,0.0,0.0,0.0,0.0,0.0,0.0,0.0,0.0,0.0,0.0,0.0,0.0,0.0,0.0
62,598000000,odom,base_link,-1.7385971533102889,0.09522837171825684,-0.10443134229008134,-1.7067876513592763e-05,0.003533103467605497,-0.00010021892934013929,0.9999937534028606,0.0,0.0,0.0,0.0,0.0,0.0,0.0,0.0,0.0,0.0,0.0,0.0,0.0,0.0,0.0,0.0,0.0,0.0,0.0,0.0,0.0,0.0,0.0,0.0,0.0,0.0,0.0,0.0,0.0,0.0,0.0,0.0,0.0,0.0,0.0,0.0,0.004216469227459118,7.968016504064013e-05,6.481583450593325e-05,-2.8640778637623043e-07,-7.467850551279298e-05,1.704869596608205e-05,0.0,0.0,0.0,0.0,0.0,0.0,0.0,0.0,0.0,0.0,0.0,0.0,0.0,0.0,0.0,0.0,0.0,0.0,0.0,0.0,0.0,0.0,0.0,0.0,0.0,0.0,0.0,0.0,0.0,0.0,0.0,0.0,0.0,0.0,0.0,0.0
62,632000000,odom,base_link,-1.7384538175770945,0.09523105280664472,-0.10443015251730439,-1.7072416727161204e-05,0.003531862643008239,-9.994003835611305e-05,0.9999937578139136,0.0,0.0,0.0,0.0,0.0,0.0,0.0,0.0,0.0,0.0,0.0,0.0,0.0,0.0,0.0,0.0,0.0,0.0,0.0,0.0,0.0,0.0,0.0,0.0,0.0,0.0,0.0,0.0,0.0,0.0,0.0,0.0,0.0,0.0,0.0,0.0,0.004214800513386567,7.970834664857511e-05,6.462818453184969e-05,-1.7588351886033138e-07,-7.191681348217571e-05,1.5472106440483913e-05,0.0,0.0,0.0,0.0,0.0,0.0,0.0,0.0,0.0,0.0,0.0,0.0,0.0,0.0,0.0,0.0,0.0,0.0,0.0,0.0,0.0,0.0,0.0,0.0,0.0,0.0,0.0,0.0,0.0,0.0,0.0,0.0,0.0,0.0,0.0,0.0
62,666000000,odom,base_link,-1.7383105386955473,0.09523373497077606,-0.1044289829121159,-1.7076507047160058e-05,0.003530640087765903,-9.969461440042132e-05,0.9999937621555184,0.0,0.0,0.0,0.0,0.0,0.0,0.0,0.0,0.0,0.0,0.0,0.0,0.0,0.0,0.0,0.0,0.0,0.0,0.0,0.0,0.0,0.0,0.0,0.0,0.0,0.0,0.0,0.0,0.0,0.0,0.0,0.0,0.0,0.0,0.0,0.0,0.004213128237970435,7.973511530154375e-05,6.432951697825976e-05,-2.15742756992654e-07,-7.302108855355982e-05,1.4648386326143736e-05,0.0,0.0,0.0,0.0,0.0,0.0,0.0,0.0,0.0,0.0,0.0,0.0,0.0,0.0,0.0,0.0,0.0,0.0,0.0,0.0,0.0,0.0,0.0,0.0,0.0,0.0,0.0,0.0,0.0,0.0,0.0,0.0,0.0,0.0,0.0,0.0
62,700000000,odom,base_link,-1.7381673167816198,0.09523641794339117,-0.10442778342156431,-1.7082245188101772e-05,0.0035293762973187554,-9.941931383126927e-05,0.999993766644047,0.0,0.0,0.0,0.0,0.0,0.0,0.0,0.0,0.0,0.0,0.0,0.0,0.0,0.0,0.0,0.0,0.0,0.0,0.0,0.0,0.0,0.0,0.0,0.0,0.0,0.0,0.0,0.0,0.0,0.0,0.0,0.0,0.0,0.0,0.0,0.0,0.004211446662428521,7.975500048573264e-05,6.522584140660727e-05,-2.9188200190155555e-07,-7.460601452180526e-05,1.6987712037064284e-05,0.0,0.0,0.0,0.0,0.0,0.0,0.0,0.0,0.0,0.0,0.0,0.0,0.0,0.0,0.0,0.0,0.0,0.0,0.0,0.0,0.0,0.0,0.0,0.0,0.0,0.0,0.0,0.0,0.0,0.0,0.0,0.0,0.0,0.0,0.0,0.0
62,734000000,odom,base_link,-1.7380241516573125,0.09523910167202045,-0.10442654258787135,-1.7088730217371944e-05,0.00352810948485127,-9.910187568923712e-05,0.999993771145729,0.0,0.0,0.0,0.0,0.0,0.0,0.0,0.0,0.0,0.0,0.0,0.0,0.0,0.0,0.0,0.0,0.0,0.0,0.0,0.0,0.0,0.0,0.0,0.0,0.0,0.0,0.0,0.0,0.0,0.0,0.0,0.0,0.0,0.0,0.0,0.0,0.004209766791488371,7.977396332322674e-05,6.666141841932415e-05,-3.1362440422455506e-07,-7.488962125989929e-05,1.961623663504497e-05,0.0,0.0,0.0,0.0,0.0,0.0,0.0,0.0,0.0,0.0,0.0,0.0,0.0,0.0,0.0,0.0,0.0,0.0,0.0,0.0,0.0,0.0,0.0,0.0,0.0,0.0,0.0,0.0,0.0,0.0,0.0,0.0,0.0,0.0,0.0,0.0
62,768000000,odom,base_link,-1.7378810434411458,0.09524178622699575,-0.1044252800730056,-1.7094857749828338e-05,0.003526848064066078,-9.875826286989448e-05,0.9999937756292807,0.0,0.0,0.0,0.0,0.0,0.0,0.0,0.0,0.0,0.0,0.0,0.0,0.0,0.0,0.0,0.0,0.0,0.0,0.0,0.0,0.0,0.0,0.0,0.0,0.0,0.0,0.0,0.0,0.0,0.0,0.0,0.0,0.0,0.0,0.0,0.0,0.00420809398846553,7.979887696931386e-05,6.675922856375556e-05,-2.2944010302783369e-07,-7.298339568251322e-05,1.93671267467721e-05,0.0,0.0,0.0,0.0,0.0,0.0,0.0,0.0,0.0,0.0,0.0,0.0,0.0,0.0,0.0,0.0,0.0,0.0,0.0,0.0,0.0,0.0,0.0,0.0,0.0,0.0,0.0,0.0,0.0,0.0,0.0,0.0,0.0,0.0,0.0,0.0
62,802000000,odom,base_link,-1.7377379920358473,0.09524447197875817,-0.10442404466244806,-1.7098704449519068e-05,0.003525630386273858,-9.847532544414423e-05,0.9999937799509675,0.0,0.0,0.0,0.0,0.0,0.0,0.0,0.0,0.0,0.0,0.0,0.0,0.0,0.0,0.0,0.0,0.0,0.0,0.0,0.0,0.0,0.0,0.0,0.0,0.0,0.0,0.0,0.0,0.0,0.0,0.0,0.0,0.0,0.0,0.0,0.0,0.004206431116599941,7.98323798595817e-05,6.543674504805171e-05,-1.3911525542642522e-07,-7.121820644329091e-05,1.5258034924414687e-05,0.0,0.0,0.0,0.0,0.0,0.0,0.0,0.0,0.0,0.0,0.0,0.0,0.0,0.0,0.0,0.0,0.0,0.0,0.0,0.0,0.0,0.0,0.0,0.0,0.0,0.0,0.0,0.0,0.0,0.0,0.0,0.0,0.0,0.0,0.0,0.0
62,836000000,odom,base_link,-1.737594997596218,0.0952471587493173,-0.10442281308126736,-1.7103304808177388e-05,0.0035243795804203704,-9.821175288705053e-05,0.9999937843859339,0.0,0.0,0.0,0.0,0.0,0.0,0.0,0.0,0.0,0.0,0.0,0.0,0.0,0.0,0.0,0.0,0.0,0.0,0.0,0.0,0.0,0.0,0.0,0.0,0.0,0.0,0.0,0.0,0.0,0.0,0.0,0.0,0.0,0.0,0.0,0.0,0.004204749992580191,7.985609697670712e-05,6.614569315157215e-05,-2.4231962547638375e-07,-7.440740219522013e-05,1.5886489990180053e-05,0.0,0.0,0.0,0.0,0.0,0.0,0.0,0.0,0.0,0.0,0.0,0.0,0.0,0.0,0.0,0.0,0.0,0.0,0.0,0.0,0.0,0.0,0.0,0.0,0.0,0.0,0.0,0.0,0.0,0.0,0.0,0.0,0.0,0.0,0.0,0.0
62,870000000,odom,base_link,-1.7374520600905137,0.09524984642829064,-0.10442157579953358,-1.7108603578628653e-05,0.0035231225982483368,-9.794189394979725e-05,0.9999937888416301,0.0,0.0,0.0,0.0,0.0,0.0,0.0,0.0,0.0,0.0,0.0,0.0,0.0,0.0,0.0,0.0,0.0,0.0,0.0,0.0,0.0,0.0,0.0,0.0,0.0,0.0,0.0,0.0,0.0,0.0,0.0,0.0,0.0,0.0,0.0,0.0,0.004203079876664892,7.988250407115066e-05,6.58096240836665e-05,-2.2694100071385392e-07,-7.288224566082135e-05,1.5150314869316617e-05,0.0,0.0,0.0,0.0,0.0,0.0,0.0,0.0,0.0,0.0,0.0,0.0,0.0,0.0,0.0,0.0,0.0,0.0,0.0,0.0,0.0,0.0,0.0,0.0,0.0,0.0,0.0,0.0,0.0,0.0,0.0,0.0,0.0,0.0,0.0,0.0
62,904000000,odom,base_link,-1.7373091794137396,0.09525253522278017,-0.10442037694764669,-1.7112938992355094e-05,0.0035219025822619834,-9.771606813878202e-05,0.9999937931611969,0.0,0.0,0.0,0.0,0.0,0.0,0.0,0.0,0.0,0.0,0.0,0.0,0.0,0.0,0.0,0.0,0.0,0.0,0.0,0.0,0.0,0.0,0.0,0.0,0.0,0.0,0.0,0.0,0.0,0.0,0.0,0.0,0.0,0.0,0.0,0.0,0.004201418271643197,7.991332980952818e-05,6.423195600841088e-05,-1.962216597539701e-07,-7.14944548008134e-05,1.2388475134628152e-05,0.0,0.0,0.0,0.0,0.0,0.0,0.0,0.0,0.0,0.0,0.0,0.0,0.0,0.0,0.0,0.0,0.0,0.0,0.0,0.0,0.0,0.0,0.0,0.0,0.0,0.0,0.0,0.0,0.0,0.0,0.0,0.0,0.0,0.0,0.0,0.0
62,938000000,odom,base_link,-1.7371663556861412,0.09525522490069738,-0.10441918301572972,-1.7118285711277273e-05,0.0035206496953120556,-9.748040951361056e-05,0.9999937975958936,0.0,0.0,0.0,0.0,0.0,0.0,0.0,0.0,0.0,0.0,0.0,0.0,0.0,0.0,0.0,0.0,0.0,0.0,0.0,0.0,0.0,0.0,0.0,0.0,0.0,0.0,0.0,0.0,0.0,0.0,0.0,0.0,0.0,0.0,0.0,0.0,0.004199738375956542,7.993323224750296e-05,6.490625785955885e-05,-2.8282688135927714e-07,-7.434387043758761e-05,1.4783080537483784e-05,0.0,0.0,0.0,0.0,0.0,0.0,0.0,0.0,0.0,0.0,0.0,0.0,0.0,0.0,0.0,0.0,0.0,0.0,0.0,0.0,0.0,0.0,0.0,0.0,0.0,0.0,0.0,0.0,0.0,0.0,0.0,0.0,0.0,0.0,0.0,0.0
62,972000000,odom,base_link,-1.7370235888379564,0.09525791539029763,-0.1044179875322117,-1.7123829918870346e-05,0.0035194006881479178,-9.721806137400563e-05,0.9999938020179021,0.0,0.0,0.0,0.0,0.0,0.0,0.0,0.0,0.0,0.0,0.0,0.0,0.0,0.0,0.0,0.0,0.0,0.0,0.0,0.0,0.0,0.0,0.0,0.0,0.0,0.0,0.0,0.0,0.0,0.0,0.0,0.0,0.0,0.0,0.0,0.0,0.004198070665171994,7.995725132906667e-05,6.450568904572763e-05,-2.2854872439026508e-07,-7.229924463558746e-05,1.5087688609582983e-05,0.0,0.0,0.0,0.0,0.0,0.0,0.0,0.0,0.0,0.0,0.0,0.0,0.0,0.0,0.0,0.0,0.0,0.0,0.0,0.0,0.0,0.0,0.0,0.0,0.0,0.0,0.0,0.0,0.0,0.0,0.0,0.0,0.0,0.0,0.0,0.0
63,6000000,odom,base_link,-1.73688087878185,0.09526060688573078,-0.10441682938830889,-1.712807950834981e-05,0.0035181860067497804,-9.697582374241036e-05,0.9999938063155893,0.0,0.0,0.0,0.0,0.0,0.0,0.0,0.0,0.0,0.0,0.0,0.0,0.0,0.0,0.0,0.0,0.0,0.0,0.0,0.0,0.0,0.0,0.0,0.0,0.0,0.0,0.0,0.0,0.0,0.0,0.0,0.0,0.0,0.0,0.0,0.0,0.0041964084512039,7.998428551881105e-05,6.309634242322441e-05,-1.8784177546748992e-07,-7.147082357050749e-05,1.3969374634825726e-05,0.0,0.0,0.0,0.0,0.0,0.0,0.0,0.0,0.0,0.0,0.0,0.0,0.0,0.0,0.0,0.0,0.0,0.0,0.0,0.0,0.0,0.0,0.0,0.0,0.0,0.0,0.0,0.0,0.0,0.0,0.0,0.0,0.0,0.0,0.0,0.0
63,40000000,odom,base_link,-1.7367382256501827,0.09526329920735839,-0.10441566685578335,-1.7133350202681975e-05,0.003516933654051083,-9.671057439522664e-05,0.9999938107464396,0.0,0.0,0.0,0.0,0.0,0.0,0.0,0.0,0.0,0.0,0.0,0.0,0.0,0.0,0.0,0.0,0.0,0.0,0.0,0.0,0.0,0.0,0.0,0.0,0.0,0.0,0.0,0.0,0.0,0.0,0.0,0.0,0.0,0.0,0.0,0.0,0.004194728360196179,8.000371195842818e-05,6.39102629631653e-05,-2.6883344994566016e-07,-7.420116148182387e-05,1.6473431330155108e-05,0.0,0.0,0.0,0.0,0.0,0.0,0.0,0.0,0.0,0.0,0.0,0.0,0.0,0.0,0.0,0.0,0.0,0.0,0.0,0.0,0.0,0.0,0.0,0.0,0.0,0.0,0.0,0.0,0.0,0.0,0.0,0.0,0.0,0.0,0.0,0.0
63,74000000,odom,base_link,-1.7365956293689533,0.09526599237419038,-0.1044145021815268,-1.713866646473726e-05,0.003515689661101173,-9.642647450445931e-05,0.9999938151480778,0.0,0.0,0.0,0.0,0.0,0.0,0.0,0.0,0.0,0.0,0.0,0.0,0.0,0.0,0.0,0.0,0.0,0.0,0.0,0.0,0.0,0.0,0.0,0.0,0.0,0.0,0.0,0.0,0.0,0.0,0.0,0.0,0.0,0.0,0.0,0.0,0.004193061208045332,8.002927441717563e-05,6.355842427375663e-05,-2.1167636948815627e-07,-7.196735865022674e-05,1.597832834931978e-05,0.0,0.0,0.0,0.0,0.0,0.0,0.0,0.0,0.0,0.0,0.0,0.0,0.0,0.0,0.0,0.0,0.0,0.0,0.0,0.0,0.0,0.0,0.0,0.0,0.0,0.0,0.0,0.0,0.0,0.0,0.0,0.0,0.0,0.0,0.0,0.0
63,108000000,odom,base_link,-1.7364530898570847,0.09526868661887189,-0.10441337019724081,-1.7142781357369583e-05,0.003514478587124422,-9.617904315763124e-05,0.999993819428889,0.0,0.0,0.0,0.0,0.0,0.0,0.0,0.0,0.0,0.0,0.0,0.0,0.0,0.0,0.0,0.0,0.0,0.0,0.0,0.0,0.0,0.0,0.0,0.0,0.0,0.0,0.0,0.0,0.0,0.0,0.0,0.0,0.0,0.0,0.0,0.0,0.004191397569645233,8.00579027907631e-05,6.241997135759993e-05,-1.8734816059629011e-07,-7.149997784949846e-05,1.410132934864805e-05,0.0,0.0,0.0,0.0,0.0,0.0,0.0,0.0,0.0,0.0,0.0,0.0,0.0,0.0,0.0,0.0,0.0,0.0,0.0,0.0,0.0,0.0,0.0,0.0,0.0,0.0,0.0,0.0,0.0,0.0,0.0,0.0,0.0,0.0,0.0,0.0
63,142000000,odom,base_link,-1.7363106072532462,0.09527138172200335,-0.10441222552001672,-1.7148055321217865e-05,0.0035132279736265547,-9.591621596261801e-05,0.9999938238485421,0.0,0.0,0.0,0.0,0.0,0.0,0.0,0.0,0.0,0.0,0.0,0.0,0.0,0.0,0.0,0.0,0.0,0.0,0.0,0.0,0.0,0.0,0.0,0.0,0.0,0.0,0.0,0.0,0.0,0.0,0.0,0.0,0.0,0.0,0.0,0.0,0.004189717234286169,8.007824203519022e-05,6.334022062486244e-05,-2.6963859756090613e-07,-7.403135029449004e-05,1.6162329607993797e-05,0.0,0.0,0.0,0.0,0.0,0.0,0.0,0.0,0.0,0.0,0.0,0.0,0.0,0.0,0.0,0.0,0.0,0.0,0.0,0.0,0.0,0.0,0.0,0.0,0.0,0.0,0.0,0.0,0.0,0.0,0.0,0.0,0.0,0.0,0.0,0.0
63,176000000,odom,base_link,-1.7361681814801493,0.09527407770069872,-0.10441107592638868,-1.7153320260375616e-05,0.0035119888504922224,-9.564225180662235e-05,0.9999938282272732,0.0,0.0,0.0,0.0,0.0,0.0,0.0,0.0,0.0,0.0,0.0,0.0,0.0,0.0,0.0,0.0,0.0,0.0,0.0,0.0,0.0,0.0,0.0,0.0,0.0,0.0,0.0,0.0,0.0,0.0,0.0,0.0,0.0,0.0,0.0,0.0,0.004188049994320333,8.010455819485891e-05,6.308610150194139e-05,-2.113570027328926e-07,-7.167466407054235e-05,1.5309823275799772e-05,0.0,0.0,0.0,0.0,0.0,0.0,0.0,0.0,0.0,0.0,0.0,0.0,0.0,0.0,0.0,0.0,0.0,0.0,0.0,0.0,0.0,0.0,0.0,0.0,0.0,0.0,0.0,0.0,0.0,0.0,0.0,0.0,0.0,0.0,0.0,0.0
63,210000000,odom,base_link,-1.7360258124654229,0.09527677475456621,-0.1044099531736938,-1.7157472698339918e-05,0.0035107801423726183,-9.540514796086158e-05,0.9999938324941163,0.0,0.0,0.0,0.0,0.0,0.0,0.0,0.0,0.0,0.0,0.0,0.0,0.0,0.0,0.0,0.0,0.0,0.0,0.0,0.0,0.0,0.0,0.0,0.0,0.0,0.0,0.0,0.0,0.0,0.0,0.0,0.0,0.0,0.0,0.0,0.0,0.0041863842055713885,8.013263817494203e-05,6.22746688896147e-05,-1.9890027680435907e-07,-7.165412014842332e-05,1.3688433053715698e-05,0.0,0.0,0.0,0.0,0.0,0.0,0.0,0.0,0.0,0.0,0.0,0.0,0.0,0.0,0.0,0.0,0.0,0.0,0.0,0.0,0.0,0.0,0.0,0.0,0.0,0.0,0.0,0.0,0.0,0.0,0.0,0.0,0.0,0.0,0.0,0.0
63,244000000,odom,base_link,-1.7358835003490787,0.09527947264160758,-0.10440880957580854,-1.7162827602614108e-05,0.0035095307919733774,-9.514753497723745e-05,0.9999938369040101,0.0,0.0,0.0,0.0,0.0,0.0,0.0,0.0,0.0,0.0,0.0,0.0,0.0,0.0,0.0,0.0,0.0,0.0,0.0,0.0,0.0,0.0,0.0,0.0,0.0,0.0,0.0,0.0,0.0,0.0,0.0,0.0,0.0,0.0,0.0,0.0,0.004184703740911021,8.01525674211288e-05,6.326614616765323e-05,-2.733211462713214e-07,-7.389314049532913e-05,1.5906510952845565e-05,0.0,0.0,0.0,0.0,0.0,0.0,0.0,0.0,0.0,0.0,0.0,0.0,0.0,0.0,0.0,0.0,0.0,0.0,0.0,0.0,0.0,0.0,0.0,0.0,0.0,0.0,0.0,0.0,0.0,0.0,0.0,0.0,0.0,0.0,0.0,0.0
63,278000000,odom,base_link,-1.7357412450342522,0.09528217140941132,-0.10440765806112554,-1.7167939214573705e-05,0.0035082984971600076,-9.48808929995794e-05,0.9999938412533014,0.0,0.0,0.0,0.0,0.0,0.0,0.0,0.0,0.0,0.0,0.0,0.0,0.0,0.0,0.0,0.0,0.0,0.0,0.0,0.0,0.0,0.0,0.0,0.0,0.0,0.0,0.0,0.0,0.0,0.0,0.0,0.0,0.0,0.0,0.0,0.0,0.004183036723464402,8.01791835279845e-05,6.310350222688242e-05,-2.032759335857115e-07,-7.133036916684432e-05,1.488945189365154e-05,0.0,0.0,0.0,0.0,0.0,0.0,0.0,0.0,0.0,0.0,0.0,0.0,0.0,0.0,0.0,0.0,0.0,0.0,0.0,0.0,0.0,0.0,0.0,0.0,0.0,0.0,0.0,0.0,0.0,0.0,0.0,0.0,0.0,0.0,0.0,0.0
63,312000000,odom,base_link,-1.735599046476402,0.09528487123201707,-0.10440653006977248,-1.717201026071262e-05,0.0035070925239349933,-9.464731189607338e-05,0.9999938455055796,0.0,0.0,0.0,0.0,0.0,0.0,0.0,0.0,0.0,0.0,0.0,0.0,0.0,0.0,0.0,0.0,0.0,0.0,0.0,0.0,0.0,0.0,0.0,0.0,0.0,0.0,0.0,0.0,0.0,0.0,0.0,0.0,0.0,0.0,0.0,0.0,0.0041813697089279804,8.020639733878356e-05,6.245051751349063e-05,-1.9893449387797801e-07,-7.165469071424013e-05,1.3641757323767933e-05,0.0,0.0,0.0,0.0,0.0,0.0,0.0,0.0,0.0,0.0,0.0,0.0,0.0,0.0,0.0,0.0,0.0,0.0,0.0,0.0,0.0,0.0,0.0,0.0,0.0,0.0,0.0,0.0,0.0,0.0,0.0,0.0,0.0,0.0,0.0,0.0
63,346000000,odom,base_link,-1.7354569048145605,0.0952875718692087,-0.1044053776843376,-1.717734983525722e-05,0.003505844762968542,-9.438966096337303e-05,0.9999938499051024,0.0,0.0,0.0,0.0,0.0,0.0,0.0,0.0,0.0,0.0,0.0,0.0,0.0,0.0,0.0,0.0,0.0,0.0,0.0,0.0,0.0,0.0,0.0,0.0,0.0,0.0,0.0,0.0,0.0,0.0,0.0,0.0,0.0,0.0,0.0,0.0,0.004179689245469196,8.022606474385993e-05,6.346519561786811e-05,-2.7214882292181386e-07,-7.377491400006875e-05,1.593327851878712e-05,0.0,0.0,0.0,0.0,0.0,0.0,0.0,0.0,0.0,0.0,0.0,0.0,0.0,0.0,0.0,0.0,0.0,0.0,0.0,0.0,0.0,0.0,0.0,0.0,0.0,0.0,0.0,0.0,0.0,0.0,0.0,0.0,0.0,0.0,0.0,0.0
63,380000000,odom,base_link,-1.7353148199460233,0.09529027338717137,-0.10440421707569315,-1.718183928109059e-05,0.0035046158413449286,-9.412405541631934e-05,0.9999938542377403,0.0,0.0,0.0,0.0,0.0,0.0,0.0,0.0,0.0,0.0,0.0,0.0,0.0,0.0,0.0,0.0,0.0,0.0,0.0,0.0,0.0,0.0,0.0,0.0,0.0,0.0,0.0,0.0,0.0,0.0,0.0,0.0,0.0,0.0,0.0,0.0,0.0041780224338325445,8.025278721407094e-05,6.330111018658129e-05,-1.7279101205414094e-07,-7.116115341432305e-05,1.4811857962371278e-05,0.0,0.0,0.0,0.0,0.0,0.0,0.0,0.0,0.0,0.0,0.0,0.0,0.0,0.0,0.0,0.0,0.0,0.0,0.0,0.0,0.0,0.0,0.0,0.0,0.0,0.0,0.0,0.0,0.0,0.0,0.0,0.0,0.0,0.0,0.0,0.0
63,414000000,odom,base_link,-1.7351727918366604,0.09529297595091689,-0.10440307770558671,-1.718569419046755e-05,0.0035034098241252727,-9.389003301233235e-05,0.9999938584855999,0.0,0.0,0.0,0.0,0.0,0.0,0.0,0.0,0.0,0.0,0.0,0.0,0.0,0.0,0.0,0.0,0.0,0.0,0.0,0.0,0.0,0.0,0.0,0.0,0.0,0.0,0.0,0.0,0.0,0.0,0.0,0.0,0.0,0.0,0.0,0.0,0.004176353908845398,8.027938275784985e-05,6.285052150570483e-05,-1.978354535747684e-07,-7.186555421867524e-05,1.3826784428516703e-05,0.0,0.0,0.0,0.0,0.0,0.0,0.0,0.0,0.0,0.0,0.0,0.0,0.0,0.0,0.0,0.0,0.0,0.0,0.0,0.0,0.0,0.0,0.0,0.0,0.0,0.0,0.0,0.0,0.0,0.0,0.0,0.0,0.0,0.0,0.0,0.0
63,448000000,odom,base_link,-1.735030820615284,0.09529567931874028,-0.10440191025950425,-1.7191069355728014e-05,0.003502162565502886,-9.363007910801773e-05,0.999993862878788,0.0,0.0,0.0,0.0,0.0,0.0,0.0,0.0,0.0,0.0,0.0,0.0,0.0,0.0,0.0,0.0,0.0,0.0,0.0,0.0,0.0,0.0,0.0,0.0,0.0,0.0,0.0,0.0,0.0,0.0,0.0,0.0,0.0,0.0,0.0,0.0,0.004174674064204777,8.029909233692735e-05,6.382783212891734e-05,-2.75025946461227e-07,-7.368261876194993e-05,1.60434174389934e-05,0.0,0.0,0.0,0.0,0.0,0.0,0.0,0.0,0.0,0.0,0.0,0.0,0.0,0.0,0.0,0.0,0.0,0.0,0.0,0.0,0.0,0.0,0.0,0.0,0.0,0.0,0.0,0.0,0.0,0.0,0.0,0.0,0.0,0.0,0.0,0.0
63,482000000,odom,base_link,-1.7348889061654322,0.09529838358833262,-0.10440073589213555,-1.7196014002870406e-05,0.0035009384095401608,-9.336756926381377e-05,0.9999938671897176,0.0,0.0,0.0,0.0,0.0,0.0,0.0,0.0,0.0,0.0,0.0,0.0,0.0,0.0,0.0,0.0,0.0,0.0,0.0,0.0,0.0,0.0,0.0,0.0,0.0,0.0,0.0,0.0,0.0,0.0,0.0,0.0,0.0,0.0,0.0,0.0,0.004173008142325174,8.03265376767865e-05,6.36120522918539e-05,-1.954229403300367e-07,-7.095379359611798e-05,1.4564169337205612e-05,0.0,0.0,0.0,0.0,0.0,0.0,0.0,0.0,0.0,0.0,0.0,0.0,0.0,0.0,0.0,0.0,0.0,0.0,0.0,0.0,0.0,0.0,0.0,0.0,0.0,0.0,0.0,0.0,0.0,0.0,0.0,0.0,0.0,0.0,0.0,0.0
63,516000000,odom,base_link,-1.7347470484785603,0.09530108889939043,-0.10439958247921163,-1.7200111496071156e-05,0.003499732210513605,-9.313651743899951e-05,0.9999938714333203,0.0,0.0,0.0,0.0,0.0,0.0,0.0,0.0,0.0,0.0,0.0,0.0,0.0,0.0,0.0,0.0,0.0,0.0,0.0,0.0,0.0,0.0,0.0,0.0,0.0,0.0,0.0,0.0,0.0,0.0,0.0,0.0,0.0,0.0,0.0,0.0,0.004171338632255378,8.035262044419657e-05,6.3290878453324e-05,-2.112703581524933e-07,-7.204191589949005e-05,1.3791789932326992e-05,0.0,0.0,0.0,0.0,0.0,0.0,0.0,0.0,0.0,0.0,0.0,0.0,0.0,0.0,0.0,0.0,0.0,0.0,0.0,0.0,0.0,0.0,0.0,0.0,0.0,0.0,0.0,0.0,0.0,0.0,0.0,0.0,0.0,0.0,0.0,0.0
63,550000000,odom,base_link,-1.734605247670914,0.09530379500174362,-0.10439840004633938,-1.7205509637843634e-05,0.003498485415142633,-9.28772784663336e-05,0.999993875820038,0.0,0.0,0.0,0.0,0.0,0.0,0.0,0.0,0.0,0.0,0.0,0.0,0.0,0.0,0.0,0.0,0.0,0.0,0.0,0.0,0.0,0.0,0.0,0.0,0.0,0.0,0.0,0.0,0.0,0.0,0.0,0.0,0.0,0.0,0.0,0.0,0.004169659854272241,8.037225813872647e-05,6.416522952840025e-05,-2.7227431698140236e-07,-7.360213842844132e-05,1.5997751035001784e-05,0.0,0.0,0.0,0.0,0.0,0.0,0.0,0.0,0.0,0.0,0.0,0.0,0.0,0.0,0.0,0.0,0.0,0.0,0.0,0.0,0.0,0.0,0.0,0.0,0.0,0.0,0.0,0.0,0.0,0.0,0.0,0.0,0.0,0.0,0.0,0.0
63,584000000,odom,base_link,-1.7344635037013258,0.09530650184581939,-0.10439718272681964,-1.7211573739352728e-05,0.003497227521741798,-9.257810042871765e-05,0.9999938802476335,0.0,0.0,0.0,0.0,0.0,0.0,0.0,0.0,0.0,0.0,0.0,0.0,0.0,0.0,0.0,0.0,0.0,0.0,0.0,0.0,0.0,0.0,0.0,0.0,0.0,0.0,0.0,0.0,0.0,0.0,0.0,0.0,0.0,0.0,0.0,0.0,0.004167980109961696,8.039102498119078e-05,6.541236313405198e-05,-2.9342170915214183e-07,-7.410478488623085e-05,1.848816655325436e-05,0.0,0.0,0.0,0.0,0.0,0.0,0.0,0.0,0.0,0.0,0.0,0.0,0.0,0.0,0.0,0.0,0.0,0.0,0.0,0.0,0.0,0.0,0.0,0.0,0.0,0.0,0.0,0.0,0.0,0.0,0.0,0.0,0.0,0.0,0.0,0.0
63,618000000,odom,base_link,-1.7343218165426646,0.09530920949868418,-0.10439594338490993,-1.7217296149209493e-05,0.0034959821673884524,-9.225427037493921e-05,0.999993884632001,0.0,0.0,0.0,0.0,0.0,0.0,0.0,0.0,0.0,0.0,0.0,0.0,0.0,0.0,0.0,0.0,0.0,0.0,0.0,0.0,0.0,0.0,0.0,0.0,0.0,0.0,0.0,0.0,0.0,0.0,0.0,0.0,0.0,0.0,0.0,0.0,0.004166309838414353,8.041541406866997e-05,6.554140569011116e-05,-2.1354127355266428e-07,-7.19946051219722e-05,1.8250175415346348e-05,0.0,0.0,0.0,0.0,0.0,0.0,0.0,0.0,0.0,0.0,0.0,0.0,0.0,0.0,0.0,0.0,0.0,0.0,0.0,0.0,0.0,0.0,0.0,0.0,0.0,0.0,0.0,0.0,0.0,0.0,0.0,0.0,0.0,0.0,0.0,0.0
63,652000000,odom,base_link,-1.7341801861020087,0.09531191831086487,-0.10439472911597379,-1.7221356141876308e-05,0.00349478191707381,-9.198782197378031e-05,0.9999938888518357,0.0,0.0,0.0,0.0,0.0,0.0,0.0,0.0,0.0,0.0,0.0,0.0,0.0,0.0,0.0,0.0,0.0,0.0,0.0,0.0,0.0,0.0,0.0,0.0,0.0,0.0,0.0,0.0,0.0,0.0,0.0,0.0,0.0,0.0,0.0,0.0,0.004164649211989687,8.044805003268463e-05,6.428813975323952e-05,-2.279031616203575e-07,-7.014954093165215e-05,1.4353505850550619e-05,0.0,0.0,0.0,0.0,0.0,0.0,0.0,0.0,0.0,0.0,0.0,0.0,0.0,0.0,0.0,0.0,0.0,0.0,0.0,0.0,0.0,0.0,0.0,0.0,0.0,0.0,0.0,0.0,0.0,0.0,0.0,0.0,0.0,0.0,0.0,0.0
63,686000000,odom,base_link,-1.7340386125173666,0.0953146281364651,-0.10439351719690519,-1.723317132388083e-05,0.003493551669425394,-9.174160276153472e-05,0.9999938931729679,0.0,0.0,0.0,0.0,0.0,0.0,0.0,0.0,0.0,0.0,0.0,0.0,0.0,0.0,0.0,0.0,0.0,0.0,0.0,0.0,0.0,0.0,0.0,0.0,0.0,0.0,0.0,0.0,0.0,0.0,0.0,0.0,0.0,0.0,0.0,0.0,0.004162970805002038,8.047175714055814e-05,6.503787088202526e-05,-5.148286796874402e-07,-7.330162219432168e-05,1.4848184193283487e-05,0.0,0.0,0.0,0.0,0.0,0.0,0.0,0.0,0.0,0.0,0.0,0.0,0.0,0.0,0.0,0.0,0.0,0.0,0.0,0.0,0.0,0.0,0.0,0.0,0.0,0.0,0.0,0.0,0.0,0.0,0.0,0.0,0.0,0.0,0.0,0.0
63,720000000,odom,base_link,-1.7338970957982702,0.09531733882748632,-0.10439229712203453,-1.724051598624268e-05,0.0034923095979077085,-9.148616162276031e-05,0.9999938975347396,0.0,0.0,0.0,0.0,0.0,0.0,0.0,0.0,0.0,0.0,0.0,0.0,0.0,0.0,0.0,0.0,0.0,0.0,0.0,0.0,0.0,0.0,0.0,0.0,0.0,0.0,0.0,0.0,0.0,0.0,0.0,0.0,0.0,0.0,0.0,0.0,0.00416130191309153,8.049668814905258e-05,6.478304893570127e-05,-2.786058550530157e-07,-7.2133094874971e-05,1.4519918778432839e-05,0.0,0.0,0.0,0.0,0.0,0.0,0.0,0.0,0.0,0.0,0.0,0.0,0.0,0.0,0.0,0.0,0.0,0.0,0.0,0.0,0.0,0.0,0.0,0.0,0.0,0.0,0.0,0.0,0.0,0.0,0.0,0.0,0.0,0.0,0.0,0.0
63,754000000,odom,base_link,-1.733755635826607,0.0953200505889891,-0.10439111203548371,-1.7244030400059907e-05,0.003491104756846129,-9.126927151629574e-05,0.9999939017614758,0.0,0.0,0.0,0.0,0.0,0.0,0.0,0.0,0.0,0.0,0.0,0.0,0.0,0.0,0.0,0.0,0.0,0.0,0.0,0.0,0.0,0.0,0.0,0.0,0.0,0.0,0.0,0.0,0.0,0.0,0.0,0.0,0.0,0.0,0.0,0.0,0.004159642203564816,8.052673474666529e-05,6.331636105484481e-05,-1.1543653741230564e-07,-7.056373050318143e-05,1.1912801411995133e-05,0.0,0.0,0.0,0.0,0.0,0.0,0.0,0.0,0.0,0.0,0.0,0.0,0.0,0.0,0.0,0.0,0.0,0.0,0.0,0.0,0.0,0.0,0.0,0.0,0.0,0.0,0.0,0.0,0.0,0.0,0.0,0.0,0.0,0.0,0.0,0.0
63,788000000,odom,base_link,-1.7336142327165385,0.09532276322248569,-0.10438992878788501,-1.7247954486003574e-05,0.003489868758472159,-9.104371831551596e-05,0.9999939060962312,0.0,0.0,0.0,0.0,0.0,0.0,0.0,0.0,0.0,0.0,0.0,0.0,0.0,0.0,0.0,0.0,0.0,0.0,0.0,0.0,0.0,0.0,0.0,0.0,0.0,0.0,0.0,0.0,0.0,0.0,0.0,0.0,0.0,0.0,0.0,0.0,0.004157964293747212,8.054670070193006e-05,6.406948217806387e-05,-2.0437371378578817e-07,-7.333247751262206e-05,1.4116952229414892e-05,0.0,0.0,0.0,0.0,0.0,0.0,0.0,0.0,0.0,0.0,0.0,0.0,0.0,0.0,0.0,0.0,0.0,0.0,0.0,0.0,0.0,0.0,0.0,0.0,0.0,0.0,0.0,0.0,0.0,0.0,0.0,0.0,0.0,0.0,0.0,0.0
63,822000000,odom,base_link,-1.7334728864091042,0.09532547665858541,-0.10438874138262978,-1.7252395551384663e-05,0.003488635541439315,-9.079318397399229e-05,0.9999939104219643,0.0,0.0,0.0,0.0,0.0,0.0,0.0,0.0,0.0,0.0,0.0,0.0,0.0,0.0,0.0,0.0,0.0,0.0,0.0,0.0,0.0,0.0,0.0,0.0,0.0,0.0,0.0,0.0,0.0,0.0,0.0,0.0,0.0,0.0,0.0,0.0,0.004156298177452975,8.057043521393775e-05,6.374592277652734e-05,-1.842102970162074e-07,-7.13920840667015e-05,1.4390715996626113e-05,0.0,0.0,0.0,0.0,0.0,0.0,0.0,0.0,0.0,0.0,0.0,0.0,0.0,0.0,0.0,0.0,0.0,0.0,0.0,0.0,0.0,0.0,0.0,0.0,0.0,0.0,0.0,0.0,0.0,0.0,0.0,0.0,0.0,0.0,0.0,0.0
63,856000000,odom,base_link,-1.7333315968111587,0.09532819109167229,-0.10438759024400321,-1.7256094853074954e-05,0.0034874385146315967,-9.056479605619383e-05,0.9999939146179099,0.0,0.0,0.0,0.0,0.0,0.0,0.0,0.0,0.0,0.0,0.0,0.0,0.0,0.0,0.0,0.0,0.0,0.0,0.0,0.0,0.0,0.0,0.0,0.0,0.0,0.0,0.0,0.0,0.0,0.0,0.0,0.0,0.0,0.0,0.0,0.0,0.004154639134238884,8.059768178968996e-05,6.224235461882826e-05,-1.6026916876965558e-07,-7.018135832481676e-05,1.2988768283150876e-05,0.0,0.0,0.0,0.0,0.0,0.0,0.0,0.0,0.0,0.0,0.0,0.0,0.0,0.0,0.0,0.0,0.0,0.0,0.0,0.0,0.0,0.0,0.0,0.0,0.0,0.0,0.0,0.0,0.0,0.0,0.0,0.0,0.0,0.0,0.0,0.0
63,890000000,odom,base_link,-1.733190364061886,0.09533090636241101,-0.10438644202144667,-1.7260801641862802e-05,0.0034862069128269745,-9.03208287742456e-05,0.9999939189342971,0.0,0.0,0.0,0.0,0.0,0.0,0.0,0.0,0.0,0.0,0.0,0.0,0.0,0.0,0.0,0.0,0.0,0.0,0.0,0.0,0.0,0.0,0.0,0.0,0.0,0.0,0.0,0.0,0.0,0.0,0.0,0.0,0.0,0.0,0.0,0.0,0.0041529617283883645,8.061743337319092e-05,6.296612893245469e-05,-2.4394845310471425e-07,-7.31116045926683e-05,1.5167690570194736e-05,0.0,0.0,0.0,0.0,0.0,0.0,0.0,0.0,0.0,0.0,0.0,0.0,0.0,0.0,0.0,0.0,0.0,0.0,0.0,0.0,0.0,0.0,0.0,0.0,0.0,0.0,0.0,0.0,0.0,0.0,0.0,0.0,0.0,0.0,0.0,0.0
63,924000000,odom,base_link,-1.7330491880865175,0.09533362246132182,-0.10438528890155209,-1.7265657699814053e-05,0.0034849798402413865,-9.005856337027094e-05,0.9999939232349692,0.0,0.0,0.0,0.0,0.0,0.0,0.0,0.0,0.0,0.0,0.0,0.0,0.0,0.0,0.0,0.0,0.0,0.0,0.0,0.0,0.0,0.0,0.0,0.0,0.0,0.0,0.0,0.0,0.0,0.0,0.0,0.0,0.0,0.0,0.0,0.0,0.004151296280365384,8.064239855899332e-05,6.270279072463247e-05,-1.917113717775365e-07,-7.101961685407332e-05,1.4784522139876799e-05,0.0,0.0,0.0,0.0,0.0,0.0,0.0,0.0,0.0,0.0,0.0,0.0,0.0,0.0,0.0,0.0,0.0,0.0,0.0,0.0,0.0,0.0,0.0,0.0,0.0,0.0,0.0,0.0,0.0,0.0,0.0,0.0,0.0,0.0,0.0,0.0
63,958000000,odom,base_link,-1.7329080687969072,0.09533633960259773,-0.1043841669312771,-1.7269324127867846e-05,0.0034837860297603587,-8.982942229484319e-05,0.999993927415234,0.0,0.0,0.0,0.0,0.0,0.0,0.0,0.0,0.0,0.0,0.0,0.0,0.0,0.0,0.0,0.0,0.0,0.0,0.0,0.0,0.0,0.0,0.0,0.0,0.0,0.0,0.0,0.0,0.0,0.0,0.0,0.0,0.0,0.0,0.0,0.0,0.0041496357016169005,8.067049002433102e-05,6.148676382743593e-05,-1.5989057022824937e-07,-7.025723860465405e-05,1.2965195939074192e-05,0.0,0.0,0.0,0.0,0.0,0.0,0.0,0.0,0.0,0.0,0.0,0.0,0.0,0.0,0.0,0.0,0.0,0.0,0.0,0.0,0.0,0.0,0.0,0.0,0.0,0.0,0.0,0.0,0.0,0.0,0.0,0.0,0.0,0.0,0.0,0.0
63,992000000,odom,base_link,-1.7327670063337386,0.09533905758776047,-0.10438303505230358,-1.727401475378203e-05,0.0034825542708003293,-8.958633704412466e-05,0.9999939317274118,0.0,0.0,0.0,0.0,0.0,0.0,0.0,0.0,0.0,0.0,0.0,0.0,0.0,0.0,0.0,0.0,0.0,0.0,0.0,0.0,0.0,0.0,0.0,0.0,0.0,0.0,0.0,0.0,0.0,0.0,0.0,0.0,0.0,0.0,0.0,0.0,0.004147957403592057,8.06904628827244e-05,6.244876369877721e-05,-2.4061619086079844e-07,-7.299182129827386e-05,1.5017336885136956e-05,0.0,0.0,0.0,0.0,0.0,0.0,0.0,0.0,0.0,0.0,0.0,0.0,0.0,0.0,0.0,0.0,0.0,0.0,0.0,0.0,0.0,0.0,0.0,0.0,0.0,0.0,0.0,0.0,0.0,0.0,0.0,0.0,0.0,0.0,0.0,0.0
64,26000000,odom,base_link,-1.7326260006188954,0.09534177641838973,-0.10438189501785035,-1.7278321706043108e-05,0.003481331701557181,-8.93299377677158e-05,0.9999939360072168,0.0,0.0,0.0,0.0,0.0,0.0,0.0,0.0,0.0,0.0,0.0,0.0,0.0,0.0,0.0,0.0,0.0,0.0,0.0,0.0,0.0,0.0,0.0,0.0,0.0,0.0,0.0,0.0,0.0,0.0,0.0,0.0,0.0,0.0,0.0,0.0,0.004146291910067342,8.071586759075917e-05,6.22942010746922e-05,-1.612956310181879e-07,-7.073436165683233e-05,1.4390957225884904e-05,0.0,0.0,0.0,0.0,0.0,0.0,0.0,0.0,0.0,0.0,0.0,0.0,0.0,0.0,0.0,0.0,0.0,0.0,0.0,0.0,0.0,0.0,0.0,0.0,0.0,0.0,0.0,0.0,0.0,0.0,0.0,0.0,0.0,0.0,0.0,0.0
64,60000000,odom,base_link,-1.7324850515731516,0.09534449629125986,-0.10438078205564062,-1.7281714566888078e-05,0.0034801422765036714,-8.910747462205524e-05,0.999993940167107,0.0,0.0,0.0,0.0,0.0,0.0,0.0,0.0,0.0,0.0,0.0,0.0,0.0,0.0,0.0,0.0,0.0,0.0,0.0,0.0,0.0,0.0,0.0,0.0,0.0,0.0,0.0,0.0,0.0,0.0,0.0,0.0,0.0,0.0,0.0,0.0,0.004144630894387094,8.074389734050334e-05,6.11987547737522e-05,-1.5148249321583762e-07,-7.001226052238962e-05,1.2576904939720635e-05,0.0,0.0,0.0,0.0,0.0,0.0,0.0,0.0,0.0,0.0,0.0,0.0,0.0,0.0,0.0,0.0,0.0,0.0,0.0,0.0,0.0,0.0,0.0,0.0,0.0,0.0,0.0,0.0,0.0,0.0,0.0,0.0,0.0,0.0,0.0,0.0
64,94000000,odom,base_link,-1.7323441593461688,0.09534721699869077,-0.10437965596105094,-1.728638387573442e-05,0.0034789138648927925,-8.886989045168497e-05,0.9999939444624873,0.0,0.0,0.0,0.0,0.0,0.0,0.0,0.0,0.0,0.0,0.0,0.0,0.0,0.0,0.0,0.0,0.0,0.0,0.0,0.0,0.0,0.0,0.0,0.0,0.0,0.0,0.0,0.0,0.0,0.0,0.0,0.0,0.0,0.0,0.0,0.0,0.004142952175849313,8.076357439456739e-05,6.224271785402058e-05,-2.436868012933857e-07,-7.280837834855447e-05,1.4727786989965352e-05,0.0,0.0,0.0,0.0,0.0,0.0,0.0,0.0,0.0,0.0,0.0,0.0,0.0,0.0,0.0,0.0,0.0,0.0,0.0,0.0,0.0,0.0,0.0,0.0,0.0,0.0,0.0,0.0,0.0,0.0,0.0,0.0,0.0,0.0,0.0,0.0
64,128000000,odom,base_link,-1.732203323836537,0.09534993855854756,-0.10437851785482746,-1.7291041087653497e-05,0.0034776981765963734,-8.862141836340951e-05,0.9999939487130193,0.0,0.0,0.0,0.0,0.0,0.0,0.0,0.0,0.0,0.0,0.0,0.0,0.0,0.0,0.0,0.0,0.0,0.0,0.0,0.0,0.0,0.0,0.0,0.0,0.0,0.0,0.0,0.0,0.0,0.0,0.0,0.0,0.0,0.0,0.0,0.0,0.004141286821992581,8.078930683422516e-05,6.221150891671807e-05,-1.8530880996348031e-07,-7.03997947937296e-05,1.3929630959808037e-05,0.0,0.0,0.0,0.0,0.0,0.0,0.0,0.0,0.0,0.0,0.0,0.0,0.0,0.0,0.0,0.0,0.0,0.0,0.0,0.0,0.0,0.0,0.0,0.0,0.0,0.0,0.0,0.0,0.0,0.0,0.0,0.0,0.0,0.0,0.0,0.0
64,162000000,odom,base_link,-1.7320625449918297,0.09535266113230077,-0.10437739846510849,-1.729477866294135e-05,0.003476507728913037,-8.840129605040681e-05,0.9999939528717723,0.0,0.0,0.0,0.0,0.0,0.0,0.0,0.0,0.0,0.0,0.0,0.0,0.0,0.0,0.0,0.0,0.0,0.0,0.0,0.0,0.0,0.0,0.0,0.0,0.0,0.0,0.0,0.0,0.0,0.0,0.0,0.0,0.0,0.0,0.0,0.0,0.004139621562947919,8.081559416986159e-05,6.16992473317031e-05,-1.8169446225346775e-07,-7.07272356237354e-05,1.2902954438231973e-05,0.0,0.0,0.0,0.0,0.0,0.0,0.0,0.0,0.0,0.0,0.0,0.0,0.0,0.0,0.0,0.0,0.0,0.0,0.0,0.0,0.0,0.0,0.0,0.0,0.0,0.0,0.0,0.0,0.0,0.0,0.0,0.0,0.0,0.0,0.0,0.0
64,196000000,odom,base_link,-1.7319218229481201,0.09535538449863327,-0.10437625045002671,-1.7299668178758865e-05,0.0034752764035259572,-8.815668786377916e-05,0.9999939571732617,0.0,0.0,0.0,0.0,0.0,0.0,0.0,0.0,0.0,0.0,0.0,0.0,0.0,0.0,0.0,0.0,0.0,0.0,0.0,0.0,0.0,0.0,0.0,0.0,0.0,0.0,0.0,0.0,0.0,0.0,0.0,0.0,0.0,0.0,0.0,0.0,0.004137943119515477,8.083490720628022e-05,6.28331535678465e-05,-2.473565768879027e-07,-7.279892173528424e-05,1.5151601662211078e-05,0.0,0.0,0.0,0.0,0.0,0.0,0.0,0.0,0.0,0.0,0.0,0.0,0.0,0.0,0.0,0.0,0.0,0.0,0.0,0.0,0.0,0.0,0.0,0.0,0.0,0.0,0.0,0.0,0.0,0.0,0.0,0.0,0.0,0.0,0.0,0.0
64,230000000,odom,base_link,-1.731781157618942,0.09535810871780863,-0.1043750909662327,-1.730426465400616e-05,0.003474060840465841,-8.790206937178863e-05,0.9999939614193005,0.0,0.0,0.0,0.0,0.0,0.0,0.0,0.0,0.0,0.0,0.0,0.0,0.0,0.0,0.0,0.0,0.0,0.0,0.0,0.0,0.0,0.0,0.0,0.0,0.0,0.0,0.0,0.0,0.0,0.0,0.0,0.0,0.0,0.0,0.0,0.0,0.004136277957495417,8.086078626902409e-05,6.275552227085163e-05,-1.7668808360848942e-07,-7.034325619770243e-05,1.422164830344741e-05,0.0,0.0,0.0,0.0,0.0,0.0,0.0,0.0,0.0,0.0,0.0,0.0,0.0,0.0,0.0,0.0,0.0,0.0,0.0,0.0,0.0,0.0,0.0,0.0,0.0,0.0,0.0,0.0,0.0,0.0,0.0,0.0,0.0,0.0,0.0,0.0
64,264000000,odom,base_link,-1.7316405489545772,0.09536083395903734,-0.1043739508619904,-1.7307849237700696e-05,0.0034728710756373256,-8.767831931083225e-05,0.9999939655715142,0.0,0.0,0.0,0.0,0.0,0.0,0.0,0.0,0.0,0.0,0.0,0.0,0.0,0.0,0.0,0.0,0.0,0.0,0.0,0.0,0.0,0.0,0.0,0.0,0.0,0.0,0.0,0.0,0.0,0.0,0.0,0.0,0.0,0.0,0.0,0.0,0.004134612346988625,8.088712967481125e-05,6.22914052715515e-05,-1.7489441839213526e-07,-7.078142729710635e-05,1.3126472531155287e-05,0.0,0.0,0.0,0.0,0.0,0.0,0.0,0.0,0.0,0.0,0.0,0.0,0.0,0.0,0.0,0.0,0.0,0.0,0.0,0.0,0.0,0.0,0.0,0.0,0.0,0.0,0.0,0.0,0.0,0.0,0.0,0.0,0.0,0.0,0.0,0.0
64,298000000,odom,base_link,-1.7314999970879883,0.09536355999983344,-0.1043727823282956,-1.7312640546059583e-05,0.0034716409471616722,-8.743226202408452e-05,0.9999939698643218,0.0,0.0,0.0,0.0,0.0,0.0,0.0,0.0,0.0,0.0,0.0,0.0,0.0,0.0,0.0,0.0,0.0,0.0,0.0,0.0,0.0,0.0,0.0,0.0,0.0,0.0,0.0,0.0,0.0,0.0,0.0,0.0,0.0,0.0,0.0,0.0,0.004132934654442176,8.090679747454314e-05,6.33403575929938e-05,-2.4191195435729895e-07,-7.269586248526139e-05,1.5166101086094841e-05,0.0,0.0,0.0,0.0,0.0,0.0,0.0,0.0,0.0,0.0,0.0,0.0,0.0,0.0,0.0,0.0,0.0,0.0,0.0,0.0,0.0,0.0,0.0,0.0,0.0,0.0,0.0,0.0,0.0,0.0,0.0,0.0,0.0,0.0,0.0,0.0
64,332000000,odom,base_link,-1.7313595019061978,0.09536628692561695,-0.10437160499216165,-1.7316411192232954e-05,0.0034704323722977697,-8.718464059958608e-05,0.999993974080909,0.0,0.0,0.0,0.0,0.0,0.0,0.0,0.0,0.0,0.0,0.0,0.0,0.0,0.0,0.0,0.0,0.0,0.0,0.0,0.0,0.0,0.0,0.0,0.0,0.0,0.0,0.0,0.0,0.0,0.0,0.0,0.0,0.0,0.0,0.0,0.0,0.004131270891145649,8.093371916875487e-05,6.317155004219501e-05,-1.4224035005394597e-07,-7.00688410404382e-05,1.3720839042719035e-05,0.0,0.0,0.0,0.0,0.0,0.0,0.0,0.0,0.0,0.0,0.0,0.0,0.0,0.0,0.0,0.0,0.0,0.0,0.0,0.0,0.0,0.0,0.0,0.0,0.0,0.0,0.0,0.0,0.0,0.0,0.0,0.0,0.0,0.0,0.0,0.0
64,366000000,odom,base_link,-1.7312190633961722,0.09536901487933441,-0.10437045192115643,-1.7319701272620924e-05,0.0034692449281587025,-8.697005786325587e-05,0.9999939782198017,0.0,0.0,0.0,0.0,0.0,0.0,0.0,0.0,0.0,0.0,0.0,0.0,0.0,0.0,0.0,0.0,0.0,0.0,0.0,0.0,0.0,0.0,0.0,0.0,0.0,0.0,0.0,0.0,0.0,0.0,0.0,0.0,0.0,0.0,0.0,0.0,0.0041296061908772715,8.096009714511588e-05,6.255623982852054e-05,-1.6808089364772627e-07,-7.067654479442353e-05,1.2595599940823377e-05,0.0,0.0,0.0,0.0,0.0,0.0,0.0,0.0,0.0,0.0,0.0,0.0,0.0,0.0,0.0,0.0,0.0,0.0,0.0,0.0,0.0,0.0,0.0,0.0,0.0,0.0,0.0,0.0,0.0,0.0,0.0,0.0,0.0,0.0,0.0,0.0
64,400000000,odom,base_link,-1.7310786816804307,0.09537174362074081,-0.10436927517229293,-1.7324519590880743e-05,0.003468016427141005,-8.673147402783065e-05,0.9999939825016816,0.0,0.0,0.0,0.0,0.0,0.0,0.0,0.0,0.0,0.0,0.0,0.0,0.0,0.0,0.0,0.0,0.0,0.0,0.0,0.0,0.0,0.0,0.0,0.0,0.0,0.0,0.0,0.0,0.0,0.0,0.0,0.0,0.0,0.0,0.0,0.0,0.004127929625996625,8.097940082191362e-05,6.34684274841296e-05,-2.4874626802784405e-07,-7.26024453001628e-05,1.4773260925693421e-05,0.0,0.0,0.0,0.0,0.0,0.0,0.0,0.0,0.0,0.0,0.0,0.0,0.0,0.0,0.0,0.0,0.0,0.0,0.0,0.0,0.0,0.0,0.0,0.0,0.0,0.0,0.0,0.0,0.0,0.0,0.0,0.0,0.0,0.0,0.0,0.0
64,434000000,odom,base_link,-1.7309383567106562,0.09537447308383229,-0.10436806227166445,-1.7330143493893927e-05,0.0034667748435633712,-8.645319012191655e-05,0.9999939868307689,0.0,0.0,0.0,0.0,0.0,0.0,0.0,0.0,0.0,0.0,0.0,0.0,0.0,0.0,0.0,0.0,0.0,0.0,0.0,0.0,0.0,0.0,0.0,0.0,0.0,0.0,0.0,0.0,0.0,0.0,0.0,0.0,0.0,0.0,0.0,0.0,0.004126252470417289,8.099776970359146e-05,6.475167099684697e-05,-2.7364011057073867e-07,-7.315697487797479e-05,1.7258769702266363e-05,0.0,0.0,0.0,0.0,0.0,0.0,0.0,0.0,0.0,0.0,0.0,0.0,0.0,0.0,0.0,0.0,0.0,0.0,0.0,0.0,0.0,0.0,0.0,0.0,0.0,0.0,0.0,0.0,0.0,0.0,0.0,0.0,0.0,0.0,0.0,0.0
64,468000000,odom,base_link,-1.7307980884556426,0.09537720332933633,-0.10436682608347893,-1.733546473006582e-05,0.0034655452644079443,-8.614912441743589e-05,0.9999939911188619,0.0,0.0,0.0,0.0,0.0,0.0,0.0,0.0,0.0,0.0,0.0,0.0,0.0,0.0,0.0,0.0,0.0,0.0,0.0,0.0,0.0,0.0,0.0,0.0,0.0,0.0,0.0,0.0,0.0,0.0,0.0,0.0,0.0,0.0,0.0,0.0,0.0041245847683640015,8.102133457397015e-05,6.491980525603569e-05,-1.9625292085878598e-07,-7.108884148010475e-05,1.7205042190937547e-05,0.0,0.0,0.0,0.0,0.0,0.0,0.0,0.0,0.0,0.0,0.0,0.0,0.0,0.0,0.0,0.0,0.0,0.0,0.0,0.0,0.0,0.0,0.0,0.0,0.0,0.0,0.0,0.0,0.0,0.0,0.0,0.0,0.0,0.0,0.0,0.0
64,502000000,odom,base_link,-1.7306578768227638,0.0953799346812669,-0.10436561371511842,-1.7338673539670346e-05,0.0034643599058664515,-8.58955476030433e-05,0.9999939952478554,0.0,0.0,0.0,0.0,0.0,0.0,0.0,0.0,0.0,0.0,0.0,0.0,0.0,0.0,0.0,0.0,0.0,0.0,0.0,0.0,0.0,0.0,0.0,0.0,0.0,0.0,0.0,0.0,0.0,0.0,0.0,0.0,0.0,0.0,0.0,0.0,0.004122926642373899,8.105242579714332e-05,6.369490890106481e-05,-1.0990651097553261e-07,-6.929725699933442e-05,1.3743647997443986e-05,0.0,0.0,0.0,0.0,0.0,0.0,0.0,0.0,0.0,0.0,0.0,0.0,0.0,0.0,0.0,0.0,0.0,0.0,0.0,0.0,0.0,0.0,0.0,0.0,0.0,0.0,0.0,0.0,0.0,0.0,0.0,0.0,0.0,0.0,0.0,0.0
64,536000000,odom,base_link,-1.7305177219685113,0.09538266699988708,-0.10436440798903118,-1.734245211563807e-05,0.0034631451181411713,-8.566002997610691e-05,0.9999939994757415,0.0,0.0,0.0,0.0,0.0,0.0,0.0,0.0,0.0,0.0,0.0,0.0,0.0,0.0,0.0,0.0,0.0,0.0,0.0,0.0,0.0,0.0,0.0,0.0,0.0,0.0,0.0,0.0,0.0,0.0,0.0,0.0,0.0,0.0,0.0,0.0,0.004121251284222421,8.10753436485511e-05,6.4351756546115e-05,-2.0200878886322826e-07,-7.24197732893117e-05,1.42643053813174e-05,0.0,0.0,0.0,0.0,0.0,0.0,0.0,0.0,0.0,0.0,0.0,0.0,0.0,0.0,0.0,0.0,0.0,0.0,0.0,0.0,0.0,0.0,0.0,0.0,0.0,0.0,0.0,0.0,0.0,0.0,0.0,0.0,0.0,0.0,0.0,0.0
64,570000000,odom,base_link,-1.7303776238576147,0.0953854001818363,-0.10436319089275098,-1.7346934165060654e-05,0.00346192242064549,-8.541801188423638e-05,0.9999940037300227,0.0,0.0,0.0,0.0,0.0,0.0,0.0,0.0,0.0,0.0,0.0,0.0,0.0,0.0,0.0,0.0,0.0,0.0,0.0,0.0,0.0,0.0,0.0,0.0,0.0,0.0,0.0,0.0,0.0,0.0,0.0,0.0,0.0,0.0,0.0,0.0,0.004119586008625008,8.110082095371377e-05,6.416126952927307e-05,-1.8699174847425226e-07,-7.082956372528315e-05,1.3499019413387714e-05,0.0,0.0,0.0,0.0,0.0,0.0,0.0,0.0,0.0,0.0,0.0,0.0,0.0,0.0,0.0,0.0,0.0,0.0,0.0,0.0,0.0,0.0,0.0,0.0,0.0,0.0,0.0,0.0,0.0,0.0,0.0,0.0,0.0,0.0,0.0,0.0
64,604000000,odom,base_link,-1.730237582383021,0.09538813442981937,-0.10436200962108955,-1.7350479061855603e-05,0.0034607364245787535,-8.521897560472736e-05,0.9999940078520904,0.0,0.0,0.0,0.0,0.0,0.0,0.0,0.0,0.0,0.0,0.0,0.0,0.0,0.0,0.0,0.0,0.0,0.0,0.0,0.0,0.0,0.0,0.0,0.0,0.0,0.0,0.0,0.0,0.0,0.0,0.0,0.0,0.0,0.0,0.0,0.0,0.004117929321377137,8.113038923478894e-05,6.264653148150886e-05,-1.5716037776725145e-07,-6.950909110514658e-05,1.0847226228349882e-05,0.0,0.0,0.0,0.0,0.0,0.0,0.0,0.0,0.0,0.0,0.0,0.0,0.0,0.0,0.0,0.0,0.0,0.0,0.0,0.0,0.0,0.0,0.0,0.0,0.0,0.0,0.0,0.0,0.0,0.0,0.0,0.0,0.0,0.0,0.0,0.0
64,638000000,odom,base_link,-1.7300975976719408,0.09539086952529006,-0.10436083066116003,-1.7354991240349347e-05,0.003459516977537285,-8.501204257931612e-05,0.999994012089092,0.0,0.0,0.0,0.0,0.0,0.0,0.0,0.0,0.0,0.0,0.0,0.0,0.0,0.0,0.0,0.0,0.0,0.0,0.0,0.0,0.0,0.0,0.0,0.0,0.0,0.0,0.0,0.0,0.0,0.0,0.0,0.0,0.0,0.0,0.0,0.0,0.004116254305655253,8.114981612537033e-05,6.340582949066059e-05,-2.4081547034260353e-07,-7.238403014753203e-05,1.3005912968822031e-05,0.0,0.0,0.0,0.0,0.0,0.0,0.0,0.0,0.0,0.0,0.0,0.0,0.0,0.0,0.0,0.0,0.0,0.0,0.0,0.0,0.0,0.0,0.0,0.0,0.0,0.0,0.0,0.0,0.0,0.0,0.0,0.0,0.0,0.0,0.0,0.0
64,672000000,odom,base_link,-1.7299576696618844,0.09539360539569619,-0.10435964746809183,-1.7359732982866827e-05,0.0034582991397384584,-8.478031321772323e-05,0.9999940163210969,0.0,0.0,0.0,0.0,0.0,0.0,0.0,0.0,0.0,0.0,0.0,0.0,0.0,0.0,0.0,0.0,0.0,0.0,0.0,0.0,0.0,0.0,0.0,0.0,0.0,0.0,0.0,0.0,0.0,0.0,0.0,0.0,0.0,0.0,0.0,0.0,0.004114591174123639,8.117270682774731e-05,6.308036515103457e-05,-1.9305562842797386e-07,-7.051612129771456e-05,1.3369457274592378e-05,0.0,0.0,0.0,0.0,0.0,0.0,0.0,0.0,0.0,0.0,0.0,0.0,0.0,0.0,0.0,0.0,0.0,0.0,0.0,0.0,0.0,0.0,0.0,0.0,0.0,0.0,0.0,0.0,0.0,0.0,0.0,0.0,0.0,0.0,0.0,0.0
64,706000000,odom,base_link,-1.729817798259442,0.09539634220927166,-0.10435849921560283,-1.736328757936612e-05,0.003457115743906473,-8.456464126903387e-05,0.9999940204311578,0.0,0.0,0.0,0.0,0.0,0.0,0.0,0.0,0.0,0.0,0.0,0.0,0.0,0.0,0.0,0.0,0.0,0.0,0.0,0.0,0.0,0.0,0.0,0.0,0.0,0.0,0.0,0.0,0.0,0.0,0.0,0.0,0.0,0.0,0.0,0.0,0.0041129341918789575,8.119833026564874e-05,6.16992792098887e-05,-1.5244517870272034e-07,-6.952500868351308e-05,1.2432623819336186e-05,0.0,0.0,0.0,0.0,0.0,0.0,0.0,0.0,0.0,0.0,0.0,0.0,0.0,0.0,0.0,0.0,0.0,0.0,0.0,0.0,0.0,0.0,0.0,0.0,0.0,0.0,0.0,0.0,0.0,0.0,0.0,0.0,0.0,0.0,0.0,0.0
64,740000000,odom,base_link,-1.7296779835955214,0.09539907981399334,-0.1043573472820089,-1.736773899540245e-05,0.003455897044953975,-8.43282372533798e-05,0.9999940246635101,0.0,0.0,0.0,0.0,0.0,0.0,0.0,0.0,0.0,0.0,0.0,0.0,0.0,0.0,0.0,0.0,0.0,0.0,0.0,0.0,0.0,0.0,0.0,0.0,0.0,0.0,0.0,0.0,0.0,0.0,0.0,0.0,0.0,0.0,0.0,0.0,0.00411125945136281,8.121725158122015e-05,6.253083984061078e-05,-2.2760445195224577e-07,-7.224131906014009e-05,1.4711723483884498e-05,0.0,0.0,0.0,0.0,0.0,0.0,0.0,0.0,0.0,0.0,0.0,0.0,0.0,0.0,0.0,0.0,0.0,0.0,0.0,0.0,0.0,0.0,0.0,0.0,0.0,0.0,0.0,0.0,0.0,0.0,0.0,0.0,0.0,0.0,0.0,0.0
64,774000000,odom,base_link,-1.7295382258567573,0.09540181821993085,-0.10435619161537292,-1.7372262340656122e-05,0.003454683820524772,-8.407317712844678e-05,0.9999940288769756,0.0,0.0,0.0,0.0,0.0,0.0,0.0,0.0,0.0,0.0,0.0,0.0,0.0,0.0,0.0,0.0,0.0,0.0,0.0,0.0,0.0,0.0,0.0,0.0,0.0,0.0,0.0,0.0,0.0,0.0,0.0,0.0,0.0,0.0,0.0,0.0,0.004109586239696033,8.124146437342778e-05,6.221882749195371e-05,-1.7574776356443778e-07,-7.020616905606403e-05,1.4378092583200441e-05,0.0,0.0,0.0,0.0,0.0,0.0,0.0,0.0,0.0,0.0,0.0,0.0,0.0,0.0,0.0,0.0,0.0,0.0,0.0,0.0,0.0,0.0,0.0,0.0,0.0,0.0,0.0,0.0,0.0,0.0,0.0,0.0,0.0,0.0,0.0,0.0
64,808000000,odom,base_link,-1.7293985248180093,0.09540455764120548,-0.10435506779709826,-1.7375656328104595e-05,0.003453503927254732,-8.385070049403031e-05,0.9999940329710828,0.0,0.0,0.0,0.0,0.0,0.0,0.0,0.0,0.0,0.0,0.0,0.0,0.0,0.0,0.0,0.0,0.0,0.0,0.0,0.0,0.0,0.0,0.0,0.0,0.0,0.0,0.0,0.0,0.0,0.0,0.0,0.0,0.0,0.0,0.0,0.0,0.004107928415888992,8.126881596686986e-05,6.104514734321526e-05,-1.488067460919673e-07,-6.952577535912496e-05,1.2617223354993712e-05,0.0,0.0,0.0,0.0,0.0,0.0,0.0,0.0,0.0,0.0,0.0,0.0,0.0,0.0,0.0,0.0,0.0,0.0,0.0,0.0,0.0,0.0,0.0,0.0,0.0,0.0,0.0,0.0,0.0,0.0,0.0,0.0,0.0,0.0,0.0,0.0
64,842000000,odom,base_link,-1.7292588804970472,0.0954072978898073,-0.10435393289846627,-1.7380090765319116e-05,0.0034522866969881622,-8.361592721868661e-05,0.999994037193658,0.0,0.0,0.0,0.0,0.0,0.0,0.0,0.0,0.0,0.0,0.0,0.0,0.0,0.0,0.0,0.0,0.0,0.0,0.0,0.0,0.0,0.0,0.0,0.0,0.0,0.0,0.0,0.0,0.0,0.0,0.0,0.0,0.0,0.0,0.0,0.0,0.004106253627625326,8.12886906888683e-05,6.197684949793875e-05,-2.2737849936227406e-07,-7.208494992028136e-05,1.4437290651869716e-05,0.0,0.0,0.0,0.0,0.0,0.0,0.0,0.0,0.0,0.0,0.0,0.0,0.0,0.0,0.0,0.0,0.0,0.0,0.0,0.0,0.0,0.0,0.0,0.0,0.0,0.0,0.0,0.0,0.0,0.0,0.0,0.0,0.0,0.0,0.0,0.0
64,876000000,odom,base_link,-1.7291192928384025,0.09541003895770023,-0.10435279267620845,-1.7384681635391507e-05,0.0034510759639222338,-8.336725083246693e-05,0.9999940413934303,0.0,0.0,0.0,0.0,0.0,0.0,0.0,0.0,0.0,0.0,0.0,0.0,0.0,0.0,0.0,0.0,0.0,0.0,0.0,0.0,0.0,0.0,0.0,0.0,0.0,0.0,0.0,0.0,0.0,0.0,0.0,0.0,0.0,0.0,0.0,0.0,0.004104591076331186,8.131310497015839e-05,6.172543402232055e-05,-1.824839349073848e-07,-7.004201307836411e-05,1.3999955150723054e-05,0.0,0.0,0.0,0.0,0.0,0.0,0.0,0.0,0.0,0.0,0.0,0.0,0.0,0.0,0.0,0.0,0.0,0.0,0.0,0.0,0.0,0.0,0.0,0.0,0.0,0.0,0.0,0.0,0.0,0.0,0.0,0.0,0.0,0.0,0.0,0.0
64,910000000,odom,base_link,-1.7289797617496385,0.09541278104143608,-0.10435168071498527,-1.738814796927243e-05,0.0034498988063819047,-8.315198914044748e-05,0.9999940454730842,0.0,0.0,0.0,0.0,0.0,0.0,0.0,0.0,0.0,0.0,0.0,0.0,0.0,0.0,0.0,0.0,0.0,0.0,0.0,0.0,0.0,0.0,0.0,0.0,0.0,0.0,0.0,0.0,0.0,0.0,0.0,0.0,0.0,0.0,0.0,0.0,0.004102932391934094,8.134043559064277e-05,6.072638281302412e-05,-1.5630333971561328e-07,-6.947388726530335e-05,1.223525352145316e-05,0.0,0.0,0.0,0.0,0.0,0.0,0.0,0.0,0.0,0.0,0.0,0.0,0.0,0.0,0.0,0.0,0.0,0.0,0.0,0.0,0.0,0.0,0.0,0.0,0.0,0.0,0.0,0.0,0.0,0.0,0.0,0.0,0.0,0.0,0.0,0.0
64,944000000,odom,base_link,-1.7288402873689679,0.09541552394090964,-0.10435055267457514,-1.739261751646149e-05,0.0034486838357016894,-8.292248948065501e-05,0.9999940496828763,0.0,0.0,0.0,0.0,0.0,0.0,0.0,0.0,0.0,0.0,0.0,0.0,0.0,0.0,0.0,0.0,0.0,0.0,0.0,0.0,0.0,0.0,0.0,0.0,0.0,0.0,0.0,0.0,0.0,0.0,0.0,0.0,0.0,0.0,0.0,0.0,0.004101257392686838,8.136003830864015e-05,6.173059389215133e-05,-2.2864515558662646e-07,-7.191849604737399e-05,1.4153393745885978e-05,0.0,0.0,0.0,0.0,0.0,0.0,0.0,0.0,0.0,0.0,0.0,0.0,0.0,0.0,0.0,0.0,0.0,0.0,0.0,0.0,0.0,0.0,0.0,0.0,0.0,0.0,0.0,0.0,0.0,0.0,0.0,0.0,0.0,0.0,0.0,0.0
64,978000000,odom,base_link,-1.72870086960032,0.09541826768523151,-0.10434941580872674,-1.7396912468289818e-05,0.003447483588937474,-8.268577993764711e-05,0.9999940538409782,0.0,0.0,0.0,0.0,0.0,0.0,0.0,0.0,0.0,0.0,0.0,0.0,0.0,0.0,0.0,0.0,0.0,0.0,0.0,0.0,0.0,0.0,0.0,0.0,0.0,0.0,0.0,0.0,0.0,0.0,0.0,0.0,0.0,0.0,0.0,0.0,0.0040995956790376795,8.138555941325604e-05,6.160106553976439e-05,-1.6717241480002087e-07,-6.95016026952544e-05,1.3197877546389236e-05,0.0,0.0,0.0,0.0,0.0,0.0,0.0,0.0,0.0,0.0,0.0,0.0,0.0,0.0,0.0,0.0,0.0,0.0,0.0,0.0,0.0,0.0,0.0,0.0,0.0,0.0,0.0,0.0,0.0,0.0,0.0,0.0,0.0,0.0,0.0,0.0
65,12000000,odom,base_link,-1.7285615083959442,0.09542101242776876,-0.10434830110706075,-1.7400286656646136e-05,0.003446308372484393,-8.247921553150017e-05,0.9999940579088512,0.0,0.0,0.0,0.0,0.0,0.0,0.0,0.0,0.0,0.0,0.0,0.0,0.0,0.0,0.0,0.0,0.0,0.0,0.0,0.0,0.0,0.0,0.0,0.0,0.0,0.0,0.0,0.0,0.0,0.0,0.0,0.0,0.0,0.0,0.0,0.0,0.004097934082561621,8.141154298331441e-05,6.0988074223207346e-05,-1.6449314965694128e-07,-6.981986402365692e-05,1.2063225618419438e-05,0.0,0.0,0.0,0.0,0.0,0.0,0.0,0.0,0.0,0.0,0.0,0.0,0.0,0.0,0.0,0.0,0.0,0.0,0.0,0.0,0.0,0.0,0.0,0.0,0.0,0.0,0.0,0.0,0.0,0.0,0.0,0.0,0.0,0.0,0.0,0.0
65,46000000,odom,base_link,-1.7284222038900554,0.0954237579497051,-0.10434716124466467,-1.740484131520672e-05,0.003445092915496348,-8.225054636993438e-05,0.9999940621157322,0.0,0.0,0.0,0.0,0.0,0.0,0.0,0.0,0.0,0.0,0.0,0.0,0.0,0.0,0.0,0.0,0.0,0.0,0.0,0.0,0.0,0.0,0.0,0.0,0.0,0.0,0.0,0.0,0.0,0.0,0.0,0.0,0.0,0.0,0.0,0.0,0.004096259413616706,8.143065522189151e-05,6.202164947238713e-05,-2.326072487401909e-07,-7.18596758986223e-05,1.416387558350607e-05,0.0,0.0,0.0,0.0,0.0,0.0,0.0,0.0,0.0,0.0,0.0,0.0,0.0,0.0,0.0,0.0,0.0,0.0,0.0,0.0,0.0,0.0,0.0,0.0,0.0,0.0,0.0,0.0,0.0,0.0,0.0,0.0,0.0,0.0,0.0,0.0
65,80000000,odom,base_link,-1.7282829559741844,0.09542650431497635,-0.10434601208524807,-1.7408532279353985e-05,0.0034438969781283076,-8.201542026123867e-05,0.9999940662544042,0.0,0.0,0.0,0.0,0.0,0.0,0.0,0.0,0.0,0.0,0.0,0.0,0.0,0.0,0.0,0.0,0.0,0.0,0.0,0.0,0.0,0.0,0.0,0.0,0.0,0.0,0.0,0.0,0.0,0.0,0.0,0.0,0.0,0.0,0.0,0.0,0.004094598243776361,8.145624813605924e-05,6.18924995148804e-05,-1.3824341671409002e-07,-6.9294109295015e-05,1.3120477593275837e-05,0.0,0.0,0.0,0.0,0.0,0.0,0.0,0.0,0.0,0.0,0.0,0.0,0.0,0.0,0.0,0.0,0.0,0.0,0.0,0.0,0.0,0.0,0.0,0.0,0.0,0.0,0.0,0.0,0.0,0.0,0.0,0.0,0.0,0.0,0.0,0.0
65,114000000,odom,base_link,-1.728143764477707,0.09542925166419765,-0.10434488239349672,-1.7411684924682352e-05,0.003442725027774496,-8.18077767938314e-05,0.9999940703067713,0.0,0.0,0.0,0.0,0.0,0.0,0.0,0.0,0.0,0.0,0.0,0.0,0.0,0.0,0.0,0.0,0.0,0.0,0.0,0.0,0.0,0.0,0.0,0.0,0.0,0.0,0.0,0.0,0.0,0.0,0.0,0.0,0.0,0.0,0.0,0.0,0.004092945836318555,8.148158305361177e-05,6.152655006354149e-05,-1.6152222476195632e-07,-6.960932878996573e-05,1.2258170745127472e-05,0.0,0.0,0.0,0.0,0.0,0.0,0.0,0.0,0.0,0.0,0.0,0.0,0.0,0.0,0.0,0.0,0.0,0.0,0.0,0.0,0.0,0.0,0.0,0.0,0.0,0.0,0.0,0.0,0.0,0.0,0.0,0.0,0.0,0.0,0.0,0.0
65,148000000,odom,base_link,-1.7280046294547862,0.09543199978328924,-0.10434372335652994,-1.7416260670967e-05,0.0034415120386251477,-8.157638199482686e-05,0.9999940745008721,0.0,0.0,0.0,0.0,0.0,0.0,0.0,0.0,0.0,0.0,0.0,0.0,0.0,0.0,0.0,0.0,0.0,0.0,0.0,0.0,0.0,0.0,0.0,0.0,0.0,0.0,0.0,0.0,0.0,0.0,0.0,0.0,0.0,0.0,0.0,0.0,0.004091271565555318,8.150069067780147e-05,6.249861899554599e-05,-2.348515465433465e-07,-7.173149754180486e-05,1.4306579565470656e-05,0.0,0.0,0.0,0.0,0.0,0.0,0.0,0.0,0.0,0.0,0.0,0.0,0.0,0.0,0.0,0.0,0.0,0.0,0.0,0.0,0.0,0.0,0.0,0.0,0.0,0.0,0.0,0.0,0.0,0.0,0.0,0.0,0.0,0.0,0.0,0.0
65,182000000,odom,base_link,-1.727865551021516,0.09543474874977503,-0.10434255787351743,-1.7420506640999135e-05,0.0034403177890902138,-8.134000466129254e-05,0.9999940786293885,0.0,0.0,0.0,0.0,0.0,0.0,0.0,0.0,0.0,0.0,0.0,0.0,0.0,0.0,0.0,0.0,0.0,0.0,0.0,0.0,0.0,0.0,0.0,0.0,0.0,0.0,0.0,0.0,0.0,0.0,0.0,0.0,0.0,0.0,0.0,0.0,0.004089611069250662,8.152646430756275e-05,6.226627834330366e-05,-1.6310839762168072e-07,-6.921651944935547e-05,1.3143395261039359e-05,0.0,0.0,0.0,0.0,0.0,0.0,0.0,0.0,0.0,0.0,0.0,0.0,0.0,0.0,0.0,0.0,0.0,0.0,0.0,0.0,0.0,0.0,0.0,0.0,0.0,0.0,0.0,0.0,0.0,0.0,0.0,0.0,0.0,0.0,0.0,0.0
65,216000000,odom,base_link,-1.7277265289867616,0.09543749871223375,-0.10434141320490267,-1.742838970026715e-05,0.0034391469294478,-8.113247991749239e-05,0.9999940826735775,0.0,0.0,0.0,0.0,0.0,0.0,0.0,0.0,0.0,0.0,0.0,0.0,0.0,0.0,0.0,0.0,0.0,0.0,0.0,0.0,0.0,0.0,0.0,0.0,0.0,0.0,0.0,0.0,0.0,0.0,0.0,0.0,0.0,0.0,0.0,0.0,0.004087958960470598,8.155227913263081e-05,6.196886320025403e-05,-7.0975013644059e-07,-6.959584908372562e-05,1.2284945327678543e-05,0.0,0.0,0.0,0.0,0.0,0.0,0.0,0.0,0.0,0.0,0.0,0.0,0.0,0.0,0.0,0.0,0.0,0.0,0.0,0.0,0.0,0.0,0.0,0.0,0.0,0.0,0.0,0.0,0.0,0.0,0.0,0.0,0.0,0.0,0.0,0.0
65,250000000,odom,base_link,-1.727587563416251,0.0954402494462555,-0.10434023983570702,-1.7437614542417547e-05,0.003437935387026317,-8.090165173771642e-05,0.9999940868580809,0.0,0.0,0.0,0.0,0.0,0.0,0.0,0.0,0.0,0.0,0.0,0.0,0.0,0.0,0.0,0.0,0.0,0.0,0.0,0.0,0.0,0.0,0.0,0.0,0.0,0.0,0.0,0.0,0.0,0.0,0.0,0.0,0.0,0.0,0.0,0.0,0.004086285835418662,8.157123637466195e-05,6.280914679891127e-05,-4.0637962162026753e-07,-7.162749398048618e-05,1.4241403079040538e-05,0.0,0.0,0.0,0.0,0.0,0.0,0.0,0.0,0.0,0.0,0.0,0.0,0.0,0.0,0.0,0.0,0.0,0.0,0.0,0.0,0.0,0.0,0.0,0.0,0.0,0.0,0.0,0.0,0.0,0.0,0.0,0.0,0.0,0.0,0.0,0.0
65,284000000,odom,base_link,-1.7274486544994598,0.09544300089829286,-0.10433903699933401,-1.7443864927012314e-05,0.0034367107862135287,-8.063591537284808e-05,0.9999940910888088,0.0,0.0,0.0,0.0,0.0,0.0,0.0,0.0,0.0,0.0,0.0,0.0,0.0,0.0,0.0,0.0,0.0,0.0,0.0,0.0,0.0,0.0,0.0,0.0,0.0,0.0,0.0,0.0,0.0,0.0,0.0,0.0,0.0,0.0,0.0,0.0,0.0040846128294740585,8.158976675420964e-05,6.388960499281435e-05,-2.6457316060213287e-07,-7.218750539550456e-05,1.6427867421953124e-05,0.0,0.0,0.0,0.0,0.0,0.0,0.0,0.0,0.0,0.0,0.0,0.0,0.0,0.0,0.0,0.0,0.0,0.0,0.0,0.0,0.0,0.0,0.0,0.0,0.0,0.0,0.0,0.0,0.0,0.0,0.0,0.0,0.0,0.0,0.0,0.0
65,318000000,odom,base_link,-1.7273098024310867,0.09544575311880078,-0.10433781341772727,-1.7448267925199723e-05,0.003435494227685909,-8.034541910522315e-05,0.9999940952923587,0.0,0.0,0.0,0.0,0.0,0.0,0.0,0.0,0.0,0.0,0.0,0.0,0.0,0.0,0.0,0.0,0.0,0.0,0.0,0.0,0.0,0.0,0.0,0.0,0.0,0.0,0.0,0.0,0.0,0.0,0.0,0.0,0.0,0.0,0.0,0.0,0.004082934076864754,8.161258559431909e-05,6.400415055879318e-05,-1.3094955328418756e-07,-7.049205734688258e-05,1.655312260595565e-05,0.0,0.0,0.0,0.0,0.0,0.0,0.0,0.0,0.0,0.0,0.0,0.0,0.0,0.0,0.0,0.0,0.0,0.0,0.0,0.0,0.0,0.0,0.0,0.0,0.0,0.0,0.0,0.0,0.0,0.0,0.0,0.0,0.0,0.0,0.0,0.0
65,352000000,odom,base_link,-1.7271710071327566,0.09544850641108854,-0.10433661278322576,-1.7449984053840223e-05,0.0034343202731512697,-8.010110066057124e-05,0.9999940993443777,0.0,0.0,0.0,0.0,0.0,0.0,0.0,0.0,0.0,0.0,0.0,0.0,0.0,0.0,0.0,0.0,0.0,0.0,0.0,0.0,0.0,0.0,0.0,0.0,0.0,0.0,0.0,0.0,0.0,0.0,0.0,0.0,0.0,0.0,0.0,0.0,0.004081278745123456,8.164299816875898e-05,6.283739538492074e-05,-1.7474238896142413e-08,-6.86080021239377e-05,1.325453684586364e-05,0.0,0.0,0.0,0.0,0.0,0.0,0.0,0.0,0.0,0.0,0.0,0.0,0.0,0.0,0.0,0.0,0.0,0.0,0.0,0.0,0.0,0.0,0.0,0.0,0.0,0.0,0.0,0.0,0.0,0.0,0.0,0.0,0.0,0.0,0.0,0.0
65,386000000,odom,base_link,-1.7270322684991444,0.09545126065716052,-0.10433541702757525,-1.745257955509453e-05,0.003433119730042991,-7.987522589702684e-05,0.999994103484753,0.0,0.0,0.0,0.0,0.0,0.0,0.0,0.0,0.0,0.0,0.0,0.0,0.0,0.0,0.0,0.0,0.0,0.0,0.0,0.0,0.0,0.0,0.0,0.0,0.0,0.0,0.0,0.0,0.0,0.0,0.0,0.0,0.0,0.0,0.0,0.0,0.004079607069403033,8.166607083367767e-05,6.346211708431498e-05,-1.4638795037269503e-07,-7.1409036905834e-05,1.3550672495199478e-05,0.0,0.0,0.0,0.0,0.0,0.0,0.0,0.0,0.0,0.0,0.0,0.0,0.0,0.0,0.0,0.0,0.0,0.0,0.0,0.0,0.0,0.0,0.0,0.0,0.0,0.0,0.0,0.0,0.0,0.0,0.0,0.0,0.0,0.0,0.0,0.0
65,420000000,odom,base_link,-1.7268935865030355,0.09545401577104791,-0.10433421475911993,-1.7456333824475675e-05,0.0034319140576965453,-7.964787961598861e-05,0.9999941076413362,0.0,0.0,0.0,0.0,0.0,0.0,0.0,0.0,0.0,0.0,0.0,0.0,0.0,0.0,0.0,0.0,0.0,0.0,0.0,0.0,0.0,0.0,0.0,0.0,0.0,0.0,0.0,0.0,0.0,0.0,0.0,0.0,0.0,0.0,0.0,0.0,0.004077945240848343,8.16914828456926e-05,6.318348629217087e-05,-1.6173495598348353e-07,-6.992465486632682e-05,1.265116722493076e-05,0.0,0.0,0.0,0.0,0.0,0.0,0.0,0.0,0.0,0.0,0.0,0.0,0.0,0.0,0.0,0.0,0.0,0.0,0.0,0.0,0.0,0.0,0.0,0.0,0.0,0.0,0.0,0.0,0.0,0.0,0.0,0.0,0.0,0.0,0.0,0.0
65,454000000,odom,base_link,-1.7267549610442292,0.09545677192484979,-0.1043330475572221,-1.745968073420679e-05,0.003430742081489451,-7.94615318630742e-05,0.9999941116775612,0.0,0.0,0.0,0.0,0.0,0.0,0.0,0.0,0.0,0.0,0.0,0.0,0.0,0.0,0.0,0.0,0.0,0.0,0.0,0.0,0.0,0.0,0.0,0.0,0.0,0.0,0.0,0.0,0.0,0.0,0.0,0.0,0.0,0.0,0.0,0.0,0.004076291178176633,8.17203474097348e-05,6.171760661667541e-05,-1.5461043417763776e-07,-6.870220303767383e-05,1.0149797891045864e-05,0.0,0.0,0.0,0.0,0.0,0.0,0.0,0.0,0.0,0.0,0.0,0.0,0.0,0.0,0.0,0.0,0.0,0.0,0.0,0.0,0.0,0.0,0.0,0.0,0.0,0.0,0.0,0.0,0.0,0.0,0.0,0.0,0.0,0.0,0.0,0.0
65,488000000,odom,base_link,-1.7266163922423576,0.09545952890940634,-0.10433188260868319,-1.746392440520016e-05,0.0034295379819477404,-7.926763057097059e-05,0.9999941158231305,0.0,0.0,0.0,0.0,0.0,0.0,0.0,0.0,0.0,0.0,0.0,0.0,0.0,0.0,0.0,0.0,0.0,0.0,0.0,0.0,0.0,0.0,0.0,0.0,0.0,0.0,0.0,0.0,0.0,0.0,0.0,0.0,0.0,0.0,0.0,0.0,0.004074619505180367,8.173961757612534e-05,6.245166769183161e-05,-2.2415302947109694e-07,-7.145106764028242e-05,1.219561172050021e-05,0.0,0.0,0.0,0.0,0.0,0.0,0.0,0.0,0.0,0.0,0.0,0.0,0.0,0.0,0.0,0.0,0.0,0.0,0.0,0.0,0.0,0.0,0.0,0.0,0.0,0.0,0.0,0.0,0.0,0.0,0.0,0.0,0.0,0.0,0.0,0.0
65,522000000,odom,base_link,-1.726477880050318,0.0954622866429339,-0.10433071423082553,-1.7467956130374978e-05,0.003428333964696731,-7.90472792738418e-05,0.999994119969025,0.0,0.0,0.0,0.0,0.0,0.0,0.0,0.0,0.0,0.0,0.0,0.0,0.0,0.0,0.0,0.0,0.0,0.0,0.0,0.0,0.0,0.0,0.0,0.0,0.0,0.0,0.0,0.0,0.0,0.0,0.0,0.0,0.0,0.0,0.0,0.0,0.004072958967425952,8.176153209219415e-05,6.210697901369421e-05,-1.443196243067213e-07,-6.97283297768081e-05,1.2817528816100321e-05,0.0,0.0,0.0,0.0,0.0,0.0,0.0,0.0,0.0,0.0,0.0,0.0,0.0,0.0,0.0,0.0,0.0,0.0,0.0,0.0,0.0,0.0,0.0,0.0,0.0,0.0,0.0,0.0,0.0,0.0,0.0,0.0,0.0,0.0,0.0,0.0
65,556000000,odom,base_link,-1.7263394243558297,0.0954650452962351,-0.10432958170665486,-1.747192928488863e-05,0.003427168166551706,-7.884117752176286e-05,0.9999941239813155,0.0,0.0,0.0,0.0,0.0,0.0,0.0,0.0,0.0,0.0,0.0,0.0,0.0,0.0,0.0,0.0,0.0,0.0,0.0,0.0,0.0,0.0,0.0,0.0,0.0,0.0,0.0,0.0,0.0,0.0,0.0,0.0,0.0,0.0,0.0,0.0,0.0040713065455780795,8.178720868000564e-05,6.0643137321152186e-05,-3.4322573741474294e-07,-6.808854138284914e-05,1.1777126118772685e-05,0.0,0.0,0.0,0.0,0.0,0.0,0.0,0.0,0.0,0.0,0.0,0.0,0.0,0.0,0.0,0.0,0.0,0.0,0.0,0.0,0.0,0.0,0.0,0.0,0.0,0.0,0.0,0.0,0.0,0.0,0.0,0.0,0.0,0.0,0.0,0.0
65,590000000,odom,base_link,-1.7262010252178235,0.09546780476535338,-0.10432844875179835,-1.7482595091727062e-05,0.0034259789825410256,-7.862167601060187e-05,0.9999941280732613,0.0,0.0,0.0,0.0,0.0,0.0,0.0,0.0,0.0,0.0,0.0,0.0,0.0,0.0,0.0,0.0,0.0,0.0,0.0,0.0,0.0,0.0,0.0,0.0,0.0,0.0,0.0,0.0,0.0,0.0,0.0,0.0,0.0,0.0,0.0,0.0,0.004069636328751958,8.180665439112413e-05,6.144345169948469e-05,-4.582679097309139e-07,-7.09576248425492e-05,1.3664306930394332e-05,0.0,0.0,0.0,0.0,0.0,0.0,0.0,0.0,0.0,0.0,0.0,0.0,0.0,0.0,0.0,0.0,0.0,0.0,0.0,0.0,0.0,0.0,0.0,0.0,0.0,0.0,0.0,0.0,0.0,0.0,0.0,0.0,0.0,0.0,0.0,0.0
65,624000000,odom,base_link,-1.7260626829073098,0.0954705650225646,-0.10432731112154832,-1.748834471270903e-05,0.0034247843078677918,-7.838606493829349e-05,0.999994132183898,0.0,0.0,0.0,0.0,0.0,0.0,0.0,0.0,0.0,0.0,0.0,0.0,0.0,0.0,0.0,0.0,0.0,0.0,0.0,0.0,0.0,0.0,0.0,0.0,0.0,0.0,0.0,0.0,0.0,0.0,0.0,0.0,0.0,0.0,0.0,0.0,0.004067966623096007,8.183064682857433e-05,6.117695019118932e-05,-1.7801113638693522e-07,-6.922236650552804e-05,1.3246853391990498e-05,0.0,0.0,0.0,0.0,0.0,0.0,0.0,0.0,0.0,0.0,0.0,0.0,0.0,0.0,0.0,0.0,0.0,0.0,0.0,0.0,0.0,0.0,0.0,0.0,0.0,0.0,0.0,0.0,0.0,0.0,0.0,0.0,0.0,0.0,0.0,0.0
65,658000000,odom,base_link,-1.7259243971738873,0.09547332627022069,-0.10432620338433779,-1.7490540395219814e-05,0.0034236194185127923,-7.818101708862007e-05,0.9999941361887512,0.0,0.0,0.0,0.0,0.0,0.0,0.0,0.0,0.0,0.0,0.0,0.0,0.0,0.0,0.0,0.0,0.0,0.0,0.0,0.0,0.0,0.0,0.0,0.0,0.0,0.0,0.0,0.0,0.0,0.0,0.0,0.0,0.0,0.0,0.0,0.0,0.004066311457024459,8.185742817000382e-05,6.006276907585622e-05,-6.112735179142348e-08,-6.865958113166926e-05,1.1640480224173189e-05,0.0,0.0,0.0,0.0,0.0,0.0,0.0,0.0,0.0,0.0,0.0,0.0,0.0,0.0,0.0,0.0,0.0,0.0,0.0,0.0,0.0,0.0,0.0,0.0,0.0,0.0,0.0,0.0,0.0,0.0,0.0,0.0,0.0,0.0,0.0,0.0
65,692000000,odom,base_link,-1.7257861680476574,0.09547608832777621,-0.1043250829516493,-1.749357119504311e-05,0.0034224177588645177,-7.796262126180289e-05,0.9999941403190763,0.0,0.0,0.0,0.0,0.0,0.0,0.0,0.0,0.0,0.0,0.0,0.0,0.0,0.0,0.0,0.0,0.0,0.0,0.0,0.0,0.0,0.0,0.0,0.0,0.0,0.0,0.0,0.0,0.0,0.0,0.0,0.0,0.0,0.0,0.0,0.0,0.004064639693142575,8.187705403031705e-05,6.10374290662577e-05,-1.5273194653442346e-07,-7.115670612733993e-05,1.3480666005705189e-05,0.0,0.0,0.0,0.0,0.0,0.0,0.0,0.0,0.0,0.0,0.0,0.0,0.0,0.0,0.0,0.0,0.0,0.0,0.0,0.0,0.0,0.0,0.0,0.0,0.0,0.0,0.0,0.0,0.0,0.0,0.0,0.0,0.0,0.0,0.0,0.0
65,726000000,odom,base_link,-1.725647995468826,0.09547885118572692,-0.10432395348052821,-1.7497083081514296e-05,0.003421222264272867,-7.77289865153611e-05,0.9999941444279937,0.0,0.0,0.0,0.0,0.0,0.0,0.0,0.0,0.0,0.0,0.0,0.0,0.0,0.0,0.0,0.0,0.0,0.0,0.0,0.0,0.0,0.0,0.0,0.0,0.0,0.0,0.0,0.0,0.0,0.0,0.0,0.0,0.0,0.0,0.0,0.0,0.0040629792234557465,8.190076508026651e-05,6.097058070623702e-05,-1.4072835535783312e-07,-6.926567124310168e-05,1.326543568325178e-05,0.0,0.0,0.0,0.0,0.0,0.0,0.0,0.0,0.0,0.0,0.0,0.0,0.0,0.0,0.0,0.0,0.0,0.0,0.0,0.0,0.0,0.0,0.0,0.0,0.0,0.0,0.0,0.0,0.0,0.0,0.0,0.0,0.0,0.0,0.0,0.0
65,760000000,odom,base_link,-1.7255098793505976,0.09548161500832639,-0.10432284233646265,-1.750014776862042e-05,0.003420055740749529,-7.751991344890235e-05,0.9999941484344486,0.0,0.0,0.0,0.0,0.0,0.0,0.0,0.0,0.0,0.0,0.0,0.0,0.0,0.0,0.0,0.0,0.0,0.0,0.0,0.0,0.0,0.0,0.0,0.0,0.0,0.0,0.0,0.0,0.0,0.0,0.0,0.0,0.0,0.0,0.0,0.0,0.0040613214052719945,8.192660583879276e-05,6.031323998179186e-05,-1.4070993953341215e-07,-6.892702444361021e-05,1.2056036435836859e-05,0.0,0.0,0.0,0.0,0.0,0.0,0.0,0.0,0.0,0.0,0.0,0.0,0.0,0.0,0.0,0.0,0.0,0.0,0.0,0.0,0.0,0.0,0.0,0.0,0.0,0.0,0.0,0.0,0.0,0.0,0.0,0.0,0.0,0.0,0.0,0.0
65,794000000,odom,base_link,-1.72537181981956,0.09548437963508978,-0.10432171122865268,-1.750410266295856e-05,0.0034188563018416186,-7.72971610263878e-05,0.999994152553075,0.0,0.0,0.0,0.0,0.0,0.0,0.0,0.0,0.0,0.0,0.0,0.0,0.0,0.0,0.0,0.0,0.0,0.0,0.0,0.0,0.0,0.0,0.0,0.0,0.0,0.0,0.0,0.0,0.0,0.0,0.0,0.0,0.0,0.0,0.0,0.0,0.004059650346112742,8.194657756558016e-05,6.12730159266045e-05,-1.962213488915232e-07,-7.090469154036327e-05,1.3640368390355206e-05,0.0,0.0,0.0,0.0,0.0,0.0,0.0,0.0,0.0,0.0,0.0,0.0,0.0,0.0,0.0,0.0,0.0,0.0,0.0,0.0,0.0,0.0,0.0,0.0,0.0,0.0,0.0,0.0,0.0,0.0,0.0,0.0,0.0,0.0,0.0,0.0
65,828000000,odom,base_link,-1.7252338167938026,0.09548714511076031,-0.10432057271142524,-1.7507760901099497e-05,0.003417672489685066,-7.707162376978208e-05,0.9999941566170256,0.0,0.0,0.0,0.0,0.0,0.0,0.0,0.0,0.0,0.0,0.0,0.0,0.0,0.0,0.0,0.0,0.0,0.0,0.0,0.0,0.0,0.0,0.0,0.0,0.0,0.0,0.0,0.0,0.0,0.0,0.0,0.0,0.0,0.0,0.0,0.0,0.004057991760358906,8.197221050207194e-05,6.111363160389742e-05,-1.3291613781829525e-07,-6.859570049755348e-05,1.2488020928458354e-05,0.0,0.0,0.0,0.0,0.0,0.0,0.0,0.0,0.0,0.0,0.0,0.0,0.0,0.0,0.0,0.0,0.0,0.0,0.0,0.0,0.0,0.0,0.0,0.0,0.0,0.0,0.0,0.0,0.0,0.0,0.0,0.0,0.0,0.0,0.0,0.0
65,862000000,odom,base_link,-1.7250958702161154,0.09548991158712429,-0.10431945885007973,-1.751043891926459e-05,0.003416516416919815,-7.688040400523988e-05,0.9999941605821311,0.0,0.0,0.0,0.0,0.0,0.0,0.0,0.0,0.0,0.0,0.0,0.0,0.0,0.0,0.0,0.0,0.0,0.0,0.0,0.0,0.0,0.0,0.0,0.0,0.0,0.0,0.0,0.0,0.0,0.0,0.0,0.0,0.0,0.0,0.0,0.0,0.004056336021626973,8.199890103097274e-05,6.031613759588233e-05,-1.2062525353573328e-07,-6.81192730667135e-05,1.0869010313996341e-05,0.0,0.0,0.0,0.0,0.0,0.0,0.0,0.0,0.0,0.0,0.0,0.0,0.0,0.0,0.0,0.0,0.0,0.0,0.0,0.0,0.0,0.0,0.0,0.0,0.0,0.0,0.0,0.0,0.0,0.0,0.0,0.0,0.0,0.0,0.0,0.0
65,896000000,odom,base_link,-1.7249579802097523,0.09549267885192349,-0.10431832427485854,-1.7514247800246474e-05,0.003415320741669309,-7.667311416706991e-05,0.9999941646823326,0.0,0.0,0.0,0.0,0.0,0.0,0.0,0.0,0.0,0.0,0.0,0.0,0.0,0.0,0.0,0.0,0.0,0.0,0.0,0.0,0.0,0.0,0.0,0.0,0.0,0.0,0.0,0.0,0.0,0.0,0.0,0.0,0.0,0.0,0.0,0.0,0.004054664043923236,8.201795119682493e-05,6.132939448561951e-05,-1.9592775180043986e-07,-7.08496727952479e-05,1.2877723243320816e-05,0.0,0.0,0.0,0.0,0.0,0.0,0.0,0.0,0.0,0.0,0.0,0.0,0.0,0.0,0.0,0.0,0.0,0.0,0.0,0.0,0.0,0.0,0.0,0.0,0.0,0.0,0.0,0.0,0.0,0.0,0.0,0.0,0.0,0.0,0.0,0.0
65,930000000,odom,base_link,-1.7248201467235809,0.09549544691280284,-0.10431718197941807,-1.7518044291245758e-05,0.003414134945167808,-7.645201966760494e-05,0.9999941687483898,0.0,0.0,0.0,0.0,0.0,0.0,0.0,0.0,0.0,0.0,0.0,0.0,0.0,0.0,0.0,0.0,0.0,0.0,0.0,0.0,0.0,0.0,0.0,0.0,0.0,0.0,0.0,0.0,0.0,0.0,0.0,0.0,0.0,0.0,0.0,0.0,0.004053005322508194,8.204182714641367e-05,6.115075117625426e-05,-1.4330076986146523e-07,-6.86467977573102e-05,1.2488853684544665e-05,0.0,0.0,0.0,0.0,0.0,0.0,0.0,0.0,0.0,0.0,0.0,0.0,0.0,0.0,0.0,0.0,0.0,0.0,0.0,0.0,0.0,0.0,0.0,0.0,0.0,0.0,0.0,0.0,0.0,0.0,0.0,0.0,0.0,0.0,0.0,0.0
65,964000000,odom,base_link,-1.7246823696931775,0.09549821591316938,-0.10431606068976755,-1.752097576248481e-05,0.0034129731002880285,-7.625202841572386e-05,0.9999941727296516,0.0,0.0,0.0,0.0,0.0,0.0,0.0,0.0,0.0,0.0,0.0,0.0,0.0,0.0,0.0,0.0,0.0,0.0,0.0,0.0,0.0,0.0,0.0,0.0,0.0,0.0,0.0,0.0,0.0,0.0,0.0,0.0,0.0,0.0,0.0,0.0,0.004051345804413102,8.206625910845066e-05,6.0709098574483216e-05,-1.4169411616249405e-07,-6.917798174299605e-05,1.1868556981653455e-05,0.0,0.0,0.0,0.0,0.0,0.0,0.0,0.0,0.0,0.0,0.0,0.0,0.0,0.0,0.0,0.0,0.0,0.0,0.0,0.0,0.0,0.0,0.0,0.0,0.0,0.0,0.0,0.0,0.0,0.0,0.0,0.0,0.0,0.0,0.0,0.0
65,998000000,odom,base_link,-1.7245446492392862,0.09550098567029924,-0.10431491176556343,-1.75249194141933e-05,0.0034117735476436846,-7.60288983432438e-05,0.9999941768399171,0.0,0.0,0.0,0.0,0.0,0.0,0.0,0.0,0.0,0.0,0.0,0.0,0.0,0.0,0.0,0.0,0.0,0.0,0.0,0.0,0.0,0.0,0.0,0.0,0.0,0.0,0.0,0.0,0.0,0.0,0.0,0.0,0.0,0.0,0.0,0.0,0.004049675373420926,8.208532579976547e-05,6.167136204773116e-05,-1.9487449848254457e-07,-7.084845066174239e-05,1.3771039775178906e-05,0.0,0.0,0.0,0.0,0.0,0.0,0.0,0.0,0.0,0.0,0.0,0.0,0.0,0.0,0.0,0.0,0.0,0.0,0.0,0.0,0.0,0.0,0.0,0.0,0.0,0.0,0.0,0.0,0.0,0.0,0.0,0.0,0.0,0.0,0.0,0.0
66,32000000,odom,base_link,-1.7244069852603343,0.0955037562708337,-0.10431375519739233,-1.7528435054729122e-05,0.0034105934098039303,-7.580335988356688e-05,0.9999941808826678,0.0,0.0,0.0,0.0,0.0,0.0,0.0,0.0,0.0,0.0,0.0,0.0,0.0,0.0,0.0,0.0,0.0,0.0,0.0,0.0,0.0,0.0,0.0,0.0,0.0,0.0,0.0,0.0,0.0,0.0,0.0,0.0,0.0,0.0,0.0,0.0,0.004048017592230485,8.211096482590337e-05,6.15174503249286e-05,-1.273302296933565e-07,-6.843205540008057e-05,1.252446919508543e-05,0.0,0.0,0.0,0.0,0.0,0.0,0.0,0.0,0.0,0.0,0.0,0.0,0.0,0.0,0.0,0.0,0.0,0.0,0.0,0.0,0.0,0.0,0.0,0.0,0.0,0.0,0.0,0.0,0.0,0.0,0.0,0.0,0.0,0.0,0.0,0.0
66,66000000,odom,base_link,-1.724269377723564,0.0955065278351774,-0.10431261562994702,-1.7531240481840715e-05,0.003409433832087526,-7.560483912365556e-05,0.9999941848518463,0.0,0.0,0.0,0.0,0.0,0.0,0.0,0.0,0.0,0.0,0.0,0.0,0.0,0.0,0.0,0.0,0.0,0.0,0.0,0.0,0.0,0.0,0.0,0.0,0.0,0.0,0.0,0.0,0.0,0.0,0.0,0.0,0.0,0.0,0.0,0.0,0.004046357254501261,8.21356022019056e-05,6.130876139845277e-05,-1.4048883167916415e-07,-6.90176520379282e-05,1.1803245936192752e-05,0.0,0.0,0.0,0.0,0.0,0.0,0.0,0.0,0.0,0.0,0.0,0.0,0.0,0.0,0.0,0.0,0.0,0.0,0.0,0.0,0.0,0.0,0.0,0.0,0.0,0.0,0.0,0.0,0.0,0.0,0.0,0.0,0.0,0.0,0.0,0.0
66,100000000,odom,base_link,-1.724131826745825,0.09550930016314131,-0.1043114477943748,-1.7535151494511015e-05,0.0034082371664712796,-7.538534333475047e-05,0.9999941889476086,0.0,0.0,0.0,0.0,0.0,0.0,0.0,0.0,0.0,0.0,0.0,0.0,0.0,0.0,0.0,0.0,0.0,0.0,0.0,0.0,0.0,0.0,0.0,0.0,0.0,0.0,0.0,0.0,0.0,0.0,0.0,0.0,0.0,0.0,0.0,0.0,0.004044688099250071,8.215507444062845e-05,6.210470119887159e-05,-1.940288194002271e-07,-7.067601188737171e-05,1.3481112492996772e-05,0.0,0.0,0.0,0.0,0.0,0.0,0.0,0.0,0.0,0.0,0.0,0.0,0.0,0.0,0.0,0.0,0.0,0.0,0.0,0.0,0.0,0.0,0.0,0.0,0.0,0.0,0.0,0.0,0.0,0.0,0.0,0.0,0.0,0.0,0.0,0.0
66,134000000,odom,base_link,-1.7239943323015552,0.09551207320902273,-0.10431024755594194,-1.7539670345051355e-05,0.0034070281149954948,-7.513419295423582e-05,0.9999941930864582,0.0,0.0,0.0,0.0,0.0,0.0,0.0,0.0,0.0,0.0,0.0,0.0,0.0,0.0,0.0,0.0,0.0,0.0,0.0,0.0,0.0,0.0,0.0,0.0,0.0,0.0,0.0,0.0,0.0,0.0,0.0,0.0,0.0,0.0,0.0,0.0,0.004043017952930586,8.217361220531655e-05,6.328264980397211e-05,-2.157815121028861e-07,-7.125485836922962e-05,1.550204355993401e-05,0.0,0.0,0.0,0.0,0.0,0.0,0.0,0.0,0.0,0.0,0.0,0.0,0.0,0.0,0.0,0.0,0.0,0.0,0.0,0.0,0.0,0.0,0.0,0.0,0.0,0.0,0.0,0.0,0.0,0.0,0.0,0.0,0.0,0.0,0.0,0.0
66,168000000,odom,base_link,-1.7238568943904307,0.09551484698985595,-0.10430902672340506,-1.7544181593810122e-05,0.003405823412286595,-7.485540435603032e-05,0.999994197211041,0.0,0.0,0.0,0.0,0.0,0.0,0.0,0.0,0.0,0.0,0.0,0.0,0.0,0.0,0.0,0.0,0.0,0.0,0.0,0.0,0.0,0.0,0.0,0.0,0.0,0.0,0.0,0.0,0.0,0.0,0.0,0.0,0.0,0.0,0.0,0.0,0.004041354733512613,8.219438579934639e-05,6.342581693883387e-05,-1.7680371194872535e-07,-7.015182745817583e-05,1.6344084841080075e-05,0.0,0.0,0.0,0.0,0.0,0.0,0.0,0.0,0.0,0.0,0.0,0.0,0.0,0.0,0.0,0.0,0.0,0.0,0.0,0.0,0.0,0.0,0.0,0.0,0.0,0.0,0.0,0.0,0.0,0.0,0.0,0.0,0.0,0.0,0.0,0.0
66,202000000,odom,base_link,-1.723719512916284,0.09551762176189825,-0.10430782122833564,-1.7547048820914166e-05,0.003404656332111249,-7.460912157930086e-05,0.999994201203607,0.0,0.0,0.0,0.0,0.0,0.0,0.0,0.0,0.0,0.0,0.0,0.0,0.0,0.0,0.0,0.0,0.0,0.0,0.0,0.0,0.0,0.0,0.0,0.0,0.0,0.0,0.0,0.0,0.0,0.0,0.0,0.0,0.0,0.0,0.0,0.0,0.004039700677502074,8.22231354871684e-05,6.257280570141515e-05,-9.362296007897619e-08,-6.816245203822291e-05,1.353632610445743e-05,0.0,0.0,0.0,0.0,0.0,0.0,0.0,0.0,0.0,0.0,0.0,0.0,0.0,0.0,0.0,0.0,0.0,0.0,0.0,0.0,0.0,0.0,0.0,0.0,0.0,0.0,0.0,0.0,0.0,0.0,0.0,0.0,0.0,0.0,0.0,0.0
66,236000000,odom,base_link,-1.723582187710108,0.09552039747785046,-0.10430661299591021,-1.7550104650097954e-05,0.0034034763652340547,-7.438413633917602e-05,0.9999942052370231,0.0,0.0,0.0,0.0,0.0,0.0,0.0,0.0,0.0,0.0,0.0,0.0,0.0,0.0,0.0,0.0,0.0,0.0,0.0,0.0,0.0,0.0,0.0,0.0,0.0,0.0,0.0,0.0,0.0,0.0,0.0,0.0,0.0,0.0,0.0,0.0,0.004038040120832163,8.22467777828338e-05,6.323436140033808e-05,-1.4914549040234704e-07,-7.022747183782485e-05,1.3272802412700457e-05,0.0,0.0,0.0,0.0,0.0,0.0,0.0,0.0,0.0,0.0,0.0,0.0,0.0,0.0,0.0,0.0,0.0,0.0,0.0,0.0,0.0,0.0,0.0,0.0,0.0,0.0,0.0,0.0,0.0,0.0,0.0,0.0,0.0,0.0,0.0,0.0
66,270000000,odom,base_link,-1.723444919046227,0.09552317408199558,-0.10430540443326014,-1.755347395457745e-05,0.0034022892914553986,-7.41675198104867e-05,0.9999942092925498,0.0,0.0,0.0,0.0,0.0,0.0,0.0,0.0,0.0,0.0,0.0,0.0,0.0,0.0,0.0,0.0,0.0,0.0,0.0,0.0,0.0,0.0,0.0,0.0,0.0,0.0,0.0,0.0,0.0,0.0,0.0,0.0,0.0,0.0,0.0,0.0,0.004036382120633899,8.227280516140393e-05,6.279646204703422e-05,-1.3188852648893246e-07,-6.89497035466502e-05,1.1852689496549829e-05,0.0,0.0,0.0,0.0,0.0,0.0,0.0,0.0,0.0,0.0,0.0,0.0,0.0,0.0,0.0,0.0,0.0,0.0,0.0,0.0,0.0,0.0,0.0,0.0,0.0,0.0,0.0,0.0,0.0,0.0,0.0,0.0,0.0,0.0,0.0,0.0
66,304000000,odom,base_link,-1.7233077068294804,0.09552595173656468,-0.10430423544836859,-1.755606404311426e-05,0.003401132049298371,-7.399914455221722e-05,0.999994213241604,0.0,0.0,0.0,0.0,0.0,0.0,0.0,0.0,0.0,0.0,0.0,0.0,0.0,0.0,0.0,0.0,0.0,0.0,0.0,0.0,0.0,0.0,0.0,0.0,0.0,0.0,0.0,0.0,0.0,0.0,0.0,0.0,0.0,0.0,0.0,0.0,0.004034731602497224,8.230207982655091e-05,6.119961771007562e-05,-1.1134713290283926e-07,-6.786280053461269e-05,8.962371733645114e-06,0.0,0.0,0.0,0.0,0.0,0.0,0.0,0.0,0.0,0.0,0.0,0.0,0.0,0.0,0.0,0.0,0.0,0.0,0.0,0.0,0.0,0.0,0.0,0.0,0.0,0.0,0.0,0.0,0.0,0.0,0.0,0.0,0.0,0.0,0.0,0.0
66,338000000,odom,base_link,-1.7231705511707864,0.0955287302179209,-0.10430307309725216,-1.7559663484126227e-05,0.003399942699260487,-7.382716785821715e-05,0.9999942172987047,0.0,0.0,0.0,0.0,0.0,0.0,0.0,0.0,0.0,0.0,0.0,0.0,0.0,0.0,0.0,0.0,0.0,0.0,0.0,0.0,0.0,0.0,0.0,0.0,0.0,0.0,0.0,0.0,0.0,0.0,0.0,0.0,0.0,0.0,0.0,0.0,0.004033063784099976,8.232125632704948e-05,6.180711185024257e-05,-1.9623835889603924e-07,-7.057441919755547e-05,1.0859737820112514e-05,0.0,0.0,0.0,0.0,0.0,0.0,0.0,0.0,0.0,0.0,0.0,0.0,0.0,0.0,0.0,0.0,0.0,0.0,0.0,0.0,0.0,0.0,0.0,0.0,0.0,0.0,0.0,0.0,0.0,0.0,0.0,0.0,0.0,0.0,0.0,0.0
66,372000000,odom,base_link,-1.723033452020684,0.09553150942742784,-0.10430191072209119,-1.756368383425606e-05,0.0033987529151247023,-7.362877767617218e-05,0.9999942213577747,0.0,0.0,0.0,0.0,0.0,0.0,0.0,0.0,0.0,0.0,0.0,0.0,0.0,0.0,0.0,0.0,0.0,0.0,0.0,0.0,0.0,0.0,0.0,0.0,0.0,0.0,0.0,0.0,0.0,0.0,0.0,0.0,0.0,0.0,0.0,0.0,0.004031406622987661,8.234236375388257e-05,6.139688264876838e-05,-1.6552599152452885e-07,-6.895652120419982e-05,1.1672839583809491e-05,0.0,0.0,0.0,0.0,0.0,0.0,0.0,0.0,0.0,0.0,0.0,0.0,0.0,0.0,0.0,0.0,0.0,0.0,0.0,0.0,0.0,0.0,0.0,0.0,0.0,0.0,0.0,0.0,0.0,0.0,0.0,0.0,0.0,0.0,0.0,0.0
66,406000000,odom,base_link,-1.7228964092638033,0.09553428949504725,-0.10430078376167043,-1.7566640753530754e-05,0.0033975997472210765,-7.343606153515176e-05,0.9999942252905842,0.0,0.0,0.0,0.0,0.0,0.0,0.0,0.0,0.0,0.0,0.0,0.0,0.0,0.0,0.0,0.0,0.0,0.0,0.0,0.0,0.0,0.0,0.0,0.0,0.0,0.0,0.0,0.0,0.0,0.0,0.0,0.0,0.0,0.0,0.0,0.0,0.004029756935789526,8.236607008922947e-05,6.001721794178632e-05,-1.197509931494256e-07,-6.728399526423345e-05,1.1195533389241064e-05,0.0,0.0,0.0,0.0,0.0,0.0,0.0,0.0,0.0,0.0,0.0,0.0,0.0,0.0,0.0,0.0,0.0,0.0,0.0,0.0,0.0,0.0,0.0,0.0,0.0,0.0,0.0,0.0,0.0,0.0,0.0,0.0,0.0,0.0,0.0,0.0
66,440000000,odom,base_link,-1.7227594229609504,0.09553707032168418,-0.10429965418344267,-1.7570186263594432e-05,0.003396424310180655,-7.322464724321427e-05,0.9999942292990219,0.0,0.0,0.0,0.0,0.0,0.0,0.0,0.0,0.0,0.0,0.0,0.0,0.0,0.0,0.0,0.0,0.0,0.0,0.0,0.0,0.0,0.0,0.0,0.0,0.0,0.0,0.0,0.0,0.0,0.0,0.0,0.0,0.0,0.0,0.0,0.0,0.0040280899467440645,8.238475956811412e-05,6.076707410134902e-05,-1.7777318089828853e-07,-7.003926469906219e-05,1.315611690699825e-05,0.0,0.0,0.0,0.0,0.0,0.0,0.0,0.0,0.0,0.0,0.0,0.0,0.0,0.0,0.0,0.0,0.0,0.0,0.0,0.0,0.0,0.0,0.0,0.0,0.0,0.0,0.0,0.0,0.0,0.0,0.0,0.0,0.0,0.0,0.0,0.0
66,474000000,odom,base_link,-1.722622493132638,0.09553985192842586,-0.10429852473754198,-1.7573718803405838e-05,0.003395245629535704,-7.299900160342595e-05,0.9999942333180853,0.0,0.0,0.0,0.0,0.0,0.0,0.0,0.0,0.0,0.0,0.0,0.0,0.0,0.0,0.0,0.0,0.0,0.0,0.0,0.0,0.0,0.0,0.0,0.0,0.0,0.0,0.0,0.0,0.0,0.0,0.0,0.0,0.0,0.0,0.0,0.0,0.004026434256752816,8.240849574323618e-05,6.037206410804023e-05,-1.2874821347930165e-07,-6.831167453924536e-05,1.2641228064325105e-05,0.0,0.0,0.0,0.0,0.0,0.0,0.0,0.0,0.0,0.0,0.0,0.0,0.0,0.0,0.0,0.0,0.0,0.0,0.0,0.0,0.0,0.0,0.0,0.0,0.0,0.0,0.0,0.0,0.0,0.0,0.0,0.0,0.0,0.0,0.0,0.0
66,508000000,odom,base_link,-1.7224856196731726,0.09554263450729833,-0.10429743015815855,-1.7576238159694974e-05,0.003394098499021332,-7.280529961289445e-05,0.9999942372263168,0.0,0.0,0.0,0.0,0.0,0.0,0.0,0.0,0.0,0.0,0.0,0.0,0.0,0.0,0.0,0.0,0.0,0.0,0.0,0.0,0.0,0.0,0.0,0.0,0.0,0.0,0.0,0.0,0.0,0.0,0.0,0.0,0.0,0.0,0.0,0.0,0.004024784427614676,8.243508019758179e-05,5.903321750794702e-05,-1.0127048297170482e-07,-6.723234236005737e-05,1.0820857543336615e-05,0.0,0.0,0.0,0.0,0.0,0.0,0.0,0.0,0.0,0.0,0.0,0.0,0.0,0.0,0.0,0.0,0.0,0.0,0.0,0.0,0.0,0.0,0.0,0.0,0.0,0.0,0.0,0.0,0.0,0.0,0.0,0.0,0.0,0.0,0.0,0.0
66,542000000,odom,base_link,-1.7223488026898424,0.09554541789456791,-0.10429633057959399,-1.7579715099349915e-05,0.00339291788843879,-7.260459507893021e-05,0.9999942412472828,0.0,0.0,0.0,0.0,0.0,0.0,0.0,0.0,0.0,0.0,0.0,0.0,0.0,0.0,0.0,0.0,0.0,0.0,0.0,0.0,0.0,0.0,0.0,0.0,0.0,0.0,0.0,0.0,0.0,0.0,0.0,0.0,0.0,0.0,0.0,0.0,0.004023116676049713,8.245463936428898e-05,5.9870760103290355e-05,-1.8120761835493937e-07,-7.010615448166391e-05,1.2388152459408275e-05,0.0,0.0,0.0,0.0,0.0,0.0,0.0,0.0,0.0,0.0,0.0,0.0,0.0,0.0,0.0,0.0,0.0,0.0,0.0,0.0,0.0,0.0,0.0,0.0,0.0,0.0,0.0,0.0,0.0,0.0,0.0,0.0,0.0,0.0,0.0,0.0
66,576000000,odom,base_link,-1.7222120421564393,0.09554820206403081,-0.10429522603083335,-1.758341745962909e-05,0.003391739975679475,-7.239080984539646e-05,0.9999942452586073,0.0,0.0,0.0,0.0,0.0,0.0,0.0,0.0,0.0,0.0,0.0,0.0,0.0,0.0,0.0,0.0,0.0,0.0,0.0,0.0,0.0,0.0,0.0,0.0,0.0,0.0,0.0,0.0,0.0,0.0,0.0,0.0,0.0,0.0,0.0,0.0,0.004021460444777446,8.247795974648437e-05,5.9638803796063184e-05,-1.430226395648937e-07,-6.816804614118155e-05,1.2066212828898415e-05,0.0,0.0,0.0,0.0,0.0,0.0,0.0,0.0,0.0,0.0,0.0,0.0,0.0,0.0,0.0,0.0,0.0,0.0,0.0,0.0,0.0,0.0,0.0,0.0,0.0,0.0,0.0,0.0,0.0,0.0,0.0,0.0,0.0,0.0,0.0,0.0
66,610000000,odom,base_link,-1.7220753379754574,0.09555098717482889,-0.1042941469771662,-1.75861905760873e-05,0.003390592457176353,-7.220268336218585e-05,0.9999942491636078,0.0,0.0,0.0,0.0,0.0,0.0,0.0,0.0,0.0,0.0,0.0,0.0,0.0,0.0,0.0,0.0,0.0,0.0,0.0,0.0,0.0,0.0,0.0,0.0,0.0,0.0,0.0,0.0,0.0,0.0,0.0,0.0,0.0,0.0,0.0,0.0,0.004019806910833627,8.25032488165094e-05,5.880092045512819e-05,-1.2521793810171822e-07,-6.785905668493797e-05,1.0834413188831604e-05,0.0,0.0,0.0,0.0,0.0,0.0,0.0,0.0,0.0,0.0,0.0,0.0,0.0,0.0,0.0,0.0,0.0,0.0,0.0,0.0,0.0,0.0,0.0,0.0,0.0,0.0,0.0,0.0,0.0,0.0,0.0,0.0,0.0,0.0,0.0,0.0
66,644000000,odom,base_link,-1.72193869028197,0.09555377305029912,-0.1042930478271676,-1.7589884061605992e-05,0.003389407922540082,-7.199774881296173e-05,0.9999942531939146,0.0,0.0,0.0,0.0,0.0,0.0,0.0,0.0,0.0,0.0,0.0,0.0,0.0,0.0,0.0,0.0,0.0,0.0,0.0,0.0,0.0,0.0,0.0,0.0,0.0,0.0,0.0,0.0,0.0,0.0,0.0,0.0,0.0,0.0,0.0,0.0,0.004018138279690454,8.252209064844729e-05,5.9844984900726125e-05,-1.8666213297269252e-07,-7.007897551147835e-05,1.268119964592529e-05,0.0,0.0,0.0,0.0,0.0,0.0,0.0,0.0,0.0,0.0,0.0,0.0,0.0,0.0,0.0,0.0,0.0,0.0,0.0,0.0,0.0,0.0,0.0,0.0,0.0,0.0,0.0,0.0,0.0,0.0,0.0,0.0,0.0,0.0,0.0,0.0
66,678000000,odom,base_link,-1.7218020989915157,0.09555655972041202,-0.10429193828602427,-1.7593007460743644e-05,0.0033882374297039093,-7.178355820114268e-05,0.9999942571758734,0.0,0.0,0.0,0.0,0.0,0.0,0.0,0.0,0.0,0.0,0.0,0.0,0.0,0.0,0.0,0.0,0.0,0.0,0.0,0.0,0.0,0.0,0.0,0.0,0.0,0.0,0.0,0.0,0.0,0.0,0.0,0.0,0.0,0.0,0.0,0.0,0.004016482220511168,8.254611673475971e-05,5.977603831077875e-05,-1.07607998206527e-07,-6.774548566568228e-05,1.1975463731772606e-05,0.0,0.0,0.0,0.0,0.0,0.0,0.0,0.0,0.0,0.0,0.0,0.0,0.0,0.0,0.0,0.0,0.0,0.0,0.0,0.0,0.0,0.0,0.0,0.0,0.0,0.0,0.0,0.0,0.0,0.0,0.0,0.0,0.0,0.0,0.0,0.0
66,712000000,odom,base_link,-1.721665564046806,0.09555934733352091,-0.10429084776301639,-1.7595447022482165e-05,0.003387092576557529,-7.159597525560622e-05,0.9999942610676795,0.0,0.0,0.0,0.0,0.0,0.0,0.0,0.0,0.0,0.0,0.0,0.0,0.0,0.0,0.0,0.0,0.0,0.0,0.0,0.0,0.0,0.0,0.0,0.0,0.0,0.0,0.0,0.0,0.0,0.0,0.0,0.0,0.0,0.0,0.0,0.0,0.004014826373934331,8.257094139163437e-05,5.925869351112283e-05,-1.176867811536475e-07,-6.800797223149857e-05,1.0940360173350427e-05,0.0,0.0,0.0,0.0,0.0,0.0,0.0,0.0,0.0,0.0,0.0,0.0,0.0,0.0,0.0,0.0,0.0,0.0,0.0,0.0,0.0,0.0,0.0,0.0,0.0,0.0,0.0,0.0,0.0,0.0,0.0,0.0,0.0,0.0,0.0,0.0
66,746000000,odom,base_link,-1.7215290855860779,0.09556213570284276,-0.10428972983052712,-1.7599124029620188e-05,0.0033859086519079356,-7.139010836544774e-05,0.9999942650917175,0.0,0.0,0.0,0.0,0.0,0.0,0.0,0.0,0.0,0.0,0.0,0.0,0.0,0.0,0.0,0.0,0.0,0.0,0.0,0.0,0.0,0.0,0.0,0.0,0.0,0.0,0.0,0.0,0.0,0.0,0.0,0.0,0.0,0.0,0.0,0.0,0.0040131576738712624,8.258984426685138e-05,6.035160691093242e-05,-1.881078875998199e-07,-6.999575603572339e-05,1.2710726515763326e-05,0.0,0.0,0.0,0.0,0.0,0.0,0.0,0.0,0.0,0.0,0.0,0.0,0.0,0.0,0.0,0.0,0.0,0.0,0.0,0.0,0.0,0.0,0.0,0.0,0.0,0.0,0.0,0.0,0.0,0.0,0.0,0.0,0.0,0.0,0.0,0.0
66,780000000,odom,base_link,-1.7213926635107506,0.09556492488136892,-0.10428860011397705,-1.7602603631621875e-05,0.003384742312167086,-7.117896103969711e-05,0.9999942690551702,0.0,0.0,0.0,0.0,0.0,0.0,0.0,0.0,0.0,0.0,0.0,0.0,0.0,0.0,0.0,0.0,0.0,0.0,0.0,0.0,0.0,0.0,0.0,0.0,0.0,0.0,0.0,0.0,0.0,0.0,0.0,0.0,0.0,0.0,0.0,0.0,0.004011501904861961,8.26143703203938e-05,6.030505488658483e-05,-1.2828156592537e-07,-6.756019672593538e-05,1.1745689576514451e-05,0.0,0.0,0.0,0.0,0.0,0.0,0.0,0.0,0.0,0.0,0.0,0.0,0.0,0.0,0.0,0.0,0.0,0.0,0.0,0.0,0.0,0.0,0.0,0.0,0.0,0.0,0.0,0.0,0.0,0.0,0.0,0.0,0.0,0.0,0.0,0.0
66,814000000,odom,base_link,-1.7212562977667256,0.09556771500083099,-0.10428748671588112,-1.760527293079276e-05,0.00338360003311126,-7.099483935208181e-05,0.9999942729339019,0.0,0.0,0.0,0.0,0.0,0.0,0.0,0.0,0.0,0.0,0.0,0.0,0.0,0.0,0.0,0.0,0.0,0.0,0.0,0.0,0.0,0.0,0.0,0.0,0.0,0.0,0.0,0.0,0.0,0.0,0.0,0.0,0.0,0.0,0.0,0.0,0.0040098456677594,8.263892068853727e-05,6.002699530726674e-05,-1.3104010099240782e-07,-6.784290604855414e-05,1.0805066974484134e-05,0.0,0.0,0.0,0.0,0.0,0.0,0.0,0.0,0.0,0.0,0.0,0.0,0.0,0.0,0.0,0.0,0.0,0.0,0.0,0.0,0.0,0.0,0.0,0.0,0.0,0.0,0.0,0.0,0.0,0.0,0.0,0.0,0.0,0.0,0.0,0.0
66,848000000,odom,base_link,-1.7211199884801638,0.09557050586712844,-0.10428634189291956,-1.7608994109155934e-05,0.0033824181004390415,-7.079103956503348e-05,0.9999942769467963,0.0,0.0,0.0,0.0,0.0,0.0,0.0,0.0,0.0,0.0,0.0,0.0,0.0,0.0,0.0,0.0,0.0,0.0,0.0,0.0,0.0,0.0,0.0,0.0,0.0,0.0,0.0,0.0,0.0,0.0,0.0,0.0,0.0,0.0,0.0,0.0,0.004008177427976261,8.265768814225987e-05,6.105588624846585e-05,-1.8738517265637356e-07,-6.98908998231218e-05,1.2596298315514787e-05,0.0,0.0,0.0,0.0,0.0,0.0,0.0,0.0,0.0,0.0,0.0,0.0,0.0,0.0,0.0,0.0,0.0,0.0,0.0,0.0,0.0,0.0,0.0,0.0,0.0,0.0,0.0,0.0,0.0,0.0,0.0,0.0,0.0,0.0,0.0,0.0
66,882000000,odom,base_link,-1.7209837358385365,0.09557329755211734,-0.1042851886641322,-1.7612261105591944e-05,0.00338125512182303,-7.058507827211892e-05,0.999994280894324,0.0,0.0,0.0,0.0,0.0,0.0,0.0,0.0,0.0,0.0,0.0,0.0,0.0,0.0,0.0,0.0,0.0,0.0,0.0,0.0,0.0,0.0,0.0,0.0,0.0,0.0,0.0,0.0,0.0,0.0,0.0,0.0,0.0,0.0,0.0,0.0,0.004006514084521283,8.268253739057612e-05,6.088335162484711e-05,-1.1773990116203947e-07,-6.744161495930712e-05,1.1447393610808376e-05,0.0,0.0,0.0,0.0,0.0,0.0,0.0,0.0,0.0,0.0,0.0,0.0,0.0,0.0,0.0,0.0,0.0,0.0,0.0,0.0,0.0,0.0,0.0,0.0,0.0,0.0,0.0,0.0,0.0,0.0,0.0,0.0,0.0,0.0,0.0,0.0
66,916000000,odom,base_link,-1.7208475395745353,0.09557609016325605,-0.10428405628663837,-1.761482089446919e-05,0.0033801098784223085,-7.040349705878572e-05,0.9999942847788059,0.0,0.0,0.0,0.0,0.0,0.0,0.0,0.0,0.0,0.0,0.0,0.0,0.0,0.0,0.0,0.0,0.0,0.0,0.0,0.0,0.0,0.0,0.0,0.0,0.0,0.0,0.0,0.0,0.0,0.0,0.0,0.0,0.0,0.0,0.0,0.0,0.0040048571922892615,8.270638997353884e-05,6.049591107816476e-05,-1.2964932669112805e-07,-6.831274532714815e-05,1.0811930550858051e-05,0.0,0.0,0.0,0.0,0.0,0.0,0.0,0.0,0.0,0.0,0.0,0.0,0.0,0.0,0.0,0.0,0.0,0.0,0.0,0.0,0.0,0.0,0.0,0.0,0.0,0.0,0.0,0.0,0.0,0.0,0.0,0.0,0.0,0.0,0.0,0.0
66,950000000,odom,base_link,-1.7207113997762422,0.09557888350477019,-0.10428289668538199,-1.7618526626408564e-05,0.0033789265332606756,-7.019906668752356e-05,0.9999942887922718,0.0,0.0,0.0,0.0,0.0,0.0,0.0,0.0,0.0,0.0,0.0,0.0,0.0,0.0,0.0,0.0,0.0,0.0,0.0,0.0,0.0,0.0,0.0,0.0,0.0,0.0,0.0,0.0,0.0,0.0,0.0,0.0,0.0,0.0,0.0,0.0,0.004003190722831775,8.27249608997843e-05,6.137485920155997e-05,-1.8658519035374965e-07,-6.987287761717198e-05,1.2648849700980236e-05,0.0,0.0,0.0,0.0,0.0,0.0,0.0,0.0,0.0,0.0,0.0,0.0,0.0,0.0,0.0,0.0,0.0,0.0,0.0,0.0,0.0,0.0,0.0,0.0,0.0,0.0,0.0,0.0,0.0,0.0,0.0,0.0,0.0,0.0,0.0,0.0
66,984000000,odom,base_link,-1.7205753164107325,0.09558167753611173,-0.10428170641514402,-1.7622829297578778e-05,0.003377732899990107,-6.996225130943926e-05,0.999994292841302,0.0,0.0,0.0,0.0,0.0,0.0,0.0,0.0,0.0,0.0,0.0,0.0,0.0,0.0,0.0,0.0,0.0,0.0,0.0,0.0,0.0,0.0,0.0,0.0,0.0,0.0,0.0,0.0,0.0,0.0,0.0,0.0,0.0,0.0,0.0,0.0,0.004001524029541891,8.274293991757517e-05,6.248681425258145e-05,-2.0649005838535572e-07,-7.034322848653574e-05,1.4660307545710793e-05,0.0,0.0,0.0,0.0,0.0,0.0,0.0,0.0,0.0,0.0,0.0,0.0,0.0,0.0,0.0,0.0,0.0,0.0,0.0,0.0,0.0,0.0,0.0,0.0,0.0,0.0,0.0,0.0,0.0,0.0,0.0,0.0,0.0,0.0,0.0,0.0
67,18000000,odom,base_link,-1.7204392894433942,0.09558447230894246,-0.10428049431803654,-1.7626875512803596e-05,0.0033765502340217506,-6.970482522133764e-05,0.9999942968532609,0.0,0.0,0.0,0.0,0.0,0.0,0.0,0.0,0.0,0.0,0.0,0.0,0.0,0.0,0.0,0.0,0.0,0.0,0.0,0.0,0.0,0.0,0.0,0.0,0.0,0.0,0.0,0.0,0.0,0.0,0.0,0.0,0.0,0.0,0.0,0.0,0.003999865829140575,8.276531369645938e-05,6.262468564050702e-05,-1.4005082510371025e-07,-6.840279169750829e-05,1.4524722491415787e-05,0.0,0.0,0.0,0.0,0.0,0.0,0.0,0.0,0.0,0.0,0.0,0.0,0.0,0.0,0.0,0.0,0.0,0.0,0.0,0.0,0.0,0.0,0.0,0.0,0.0,0.0,0.0,0.0,0.0,0.0,0.0,0.0,0.0,0.0,0.0,0.0
67,52000000,odom,base_link,-1.7203033187834933,0.0955872680992379,-0.10427930623221104,-1.7629104204333012e-05,0.0033754088223423855,-6.949214163052628e-05,0.9999943007214286,0.0,0.0,0.0,0.0,0.0,0.0,0.0,0.0,0.0,0.0,0.0,0.0,0.0,0.0,0.0,0.0,0.0,0.0,0.0,0.0,0.0,0.0,0.0,0.0,0.0,0.0,0.0,0.0,0.0,0.0,0.0,0.0,0.0,0.0,0.0,0.0,0.003998216604150052,8.279403384349404e-05,6.143406189875459e-05,-6.726050064131961e-08,-6.679278499177599e-05,1.1500314567314263e-05,0.0,0.0,0.0,0.0,0.0,0.0,0.0,0.0,0.0,0.0,0.0,0.0,0.0,0.0,0.0,0.0,0.0,0.0,0.0,0.0,0.0,0.0,0.0,0.0,0.0,0.0,0.0,0.0,0.0,0.0,0.0,0.0,0.0,0.0,0.0,0.0
67,86000000,odom,base_link,-1.7201674045781017,0.09559006477133869,-0.10427811611970465,-1.7631980262229673e-05,0.00337423560331594,-6.929209455120782e-05,0.9999943046946879,0.0,0.0,0.0,0.0,0.0,0.0,0.0,0.0,0.0,0.0,0.0,0.0,0.0,0.0,0.0,0.0,0.0,0.0,0.0,0.0,0.0,0.0,0.0,0.0,0.0,0.0,0.0,0.0,0.0,0.0,0.0,0.0,0.0,0.0,0.0,0.0,0.003996549834486758,8.28154682905566e-05,6.227154573511252e-05,-1.5061749070177655e-07,-6.972409707373117e-05,1.2052102604798165e-05,0.0,0.0,0.0,0.0,0.0,0.0,0.0,0.0,0.0,0.0,0.0,0.0,0.0,0.0,0.0,0.0,0.0,0.0,0.0,0.0,0.0,0.0,0.0,0.0,0.0,0.0,0.0,0.0,0.0,0.0,0.0,0.0,0.0,0.0,0.0,0.0
67,120000000,odom,base_link,-1.7200315467965097,0.09559286225223827,-0.10427691804832283,-1.763539552233634e-05,0.0033730581689707592,-6.908768408385708e-05,0.9999943086810411,0.0,0.0,0.0,0.0,0.0,0.0,0.0,0.0,0.0,0.0,0.0,0.0,0.0,0.0,0.0,0.0,0.0,0.0,0.0,0.0,0.0,0.0,0.0,0.0,0.0,0.0,0.0,0.0,0.0,0.0,0.0,0.0,0.0,0.0,0.0,0.0,0.003994893900669827,8.28391305960485e-05,6.20250901539052e-05,-1.3763365447339027e-07,-6.828489134136362e-05,1.145594143991957e-05,0.0,0.0,0.0,0.0,0.0,0.0,0.0,0.0,0.0,0.0,0.0,0.0,0.0,0.0,0.0,0.0,0.0,0.0,0.0,0.0,0.0,0.0,0.0,0.0,0.0,0.0,0.0,0.0,0.0,0.0,0.0,0.0,0.0,0.0,0.0,0.0
67,154000000,odom,base_link,-1.7198957453035277,0.09559566069972036,-0.10427575469705867,-1.7637989026748026e-05,0.0033719155412199647,-6.891782885419612e-05,0.9999943125462349,0.0,0.0,0.0,0.0,0.0,0.0,0.0,0.0,0.0,0.0,0.0,0.0,0.0,0.0,0.0,0.0,0.0,0.0,0.0,0.0,0.0,0.0,0.0,0.0,0.0,0.0,0.0,0.0,0.0,0.0,0.0,0.0,0.0,0.0,0.0,0.0,0.003993249514409695,8.286618403318782e-05,6.057851045276224e-05,-1.0888605503356352e-07,-6.683502746795966e-05,9.276516710343685e-06,0.0,0.0,0.0,0.0,0.0,0.0,0.0,0.0,0.0,0.0,0.0,0.0,0.0,0.0,0.0,0.0,0.0,0.0,0.0,0.0,0.0,0.0,0.0,0.0,0.0,0.0,0.0,0.0,0.0,0.0,0.0,0.0,0.0,0.0,0.0,0.0
67,188000000,odom,base_link,-1.7197599999140614,0.09559845994243825,-0.10427459274372089,-1.7641372810337803e-05,0.0033707453154987587,-6.874234575650467e-05,0.9999943165034939,0.0,0.0,0.0,0.0,0.0,0.0,0.0,0.0,0.0,0.0,0.0,0.0,0.0,0.0,0.0,0.0,0.0,0.0,0.0,0.0,0.0,0.0,0.0,0.0,0.0,0.0,0.0,0.0,0.0,0.0,0.0,0.0,0.0,0.0,0.0,0.0,0.003991591492028537,8.288506510751023e-05,6.13083258329572e-05,-1.7998203066804663e-07,-6.956172597938348e-05,1.1007243916338894e-05,0.0,0.0,0.0,0.0,0.0,0.0,0.0,0.0,0.0,0.0,0.0,0.0,0.0,0.0,0.0,0.0,0.0,0.0,0.0,0.0,0.0,0.0,0.0,0.0,0.0,0.0,0.0,0.0,0.0,0.0,0.0,0.0,0.0,0.0,0.0,0.0
67,222000000,odom,base_link,-1.7196243110792846,0.09560125991737273,-0.10427342924070061,-1.7644950542904942e-05,0.0033695725157623637,-6.854659769714939e-05,0.9999943204694118,0.0,0.0,0.0,0.0,0.0,0.0,0.0,0.0,0.0,0.0,0.0,0.0,0.0,0.0,0.0,0.0,0.0,0.0,0.0,0.0,0.0,0.0,0.0,0.0,0.0,0.0,0.0,0.0,0.0,0.0,0.0,0.0,0.0,0.0,0.0,0.0,0.003989930644746462,8.290673434314583e-05,6.090144674642663e-05,-1.3812603699703274e-07,-6.79534224445888e-05,1.1269743804831478e-05,0.0,0.0,0.0,0.0,0.0,0.0,0.0,0.0,0.0,0.0,0.0,0.0,0.0,0.0,0.0,0.0,0.0,0.0,0.0,0.0,0.0,0.0,0.0,0.0,0.0,0.0,0.0,0.0,0.0,0.0,0.0,0.0,0.0,0.0,0.0,0.0
67,256000000,odom,base_link,-1.7194886786235017,0.09560406076909993,-0.10427230278205339,-1.7647478474231565e-05,0.003368432676389969,-6.836601295605545e-05,0.9999943243218731,0.0,0.0,0.0,0.0,0.0,0.0,0.0,0.0,0.0,0.0,0.0,0.0,0.0,0.0,0.0,0.0,0.0,0.0,0.0,0.0,0.0,0.0,0.0,0.0,0.0,0.0,0.0,0.0,0.0,0.0,0.0,0.0,0.0,0.0,0.0,0.0,0.003988283138250974,8.293082787769124e-05,5.947270906048374e-05,-1.0233949104820894e-07,-6.695316727700629e-05,1.0374145542613178e-05,0.0,0.0,0.0,0.0,0.0,0.0,0.0,0.0,0.0,0.0,0.0,0.0,0.0,0.0,0.0,0.0,0.0,0.0,0.0,0.0,0.0,0.0,0.0,0.0,0.0,0.0,0.0,0.0,0.0,0.0,0.0,0.0,0.0,0.0,0.0,0.0
67,290000000,odom,base_link,-1.7193531025855209,0.0956068623677506,-0.10427117500225638,-1.765080562910674e-05,0.0033672599460923816,-6.816886484969646e-05,0.999994328284871,0.0,0.0,0.0,0.0,0.0,0.0,0.0,0.0,0.0,0.0,0.0,0.0,0.0,0.0,0.0,0.0,0.0,0.0,0.0,0.0,0.0,0.0,0.0,0.0,0.0,0.0,0.0,0.0,0.0,0.0,0.0,0.0,0.0,0.0,0.0,0.0,0.0039866184760087246,8.294917273972692e-05,6.0225761501326786e-05,-1.699634016860685e-07,-6.950214412881905e-05,1.2267498306073321e-05,0.0,0.0,0.0,0.0,0.0,0.0,0.0,0.0,0.0,0.0,0.0,0.0,0.0,0.0,0.0,0.0,0.0,0.0,0.0,0.0,0.0,0.0,0.0,0.0,0.0,0.0,0.0,0.0,0.0,0.0,0.0,0.0,0.0,0.0,0.0,0.0
67,324000000,odom,base_link,-1.7192175829089427,0.09560966471103313,-0.10427004550335728,-1.7654280564569594e-05,0.0033660918261107136,-6.795441412988497e-05,0.9999943322321093,0.0,0.0,0.0,0.0,0.0,0.0,0.0,0.0,0.0,0.0,0.0,0.0,0.0,0.0,0.0,0.0,0.0,0.0,0.0,0.0,0.0,0.0,0.0,0.0,0.0,0.0,0.0,0.0,0.0,0.0,0.0,0.0,0.0,0.0,0.0,0.0,0.00398496540324337,8.297154219908659e-05,5.986725722101703e-05,-1.293067652952118e-07,-6.760868203059545e-05,1.2143183880652941e-05,0.0,0.0,0.0,0.0,0.0,0.0,0.0,0.0,0.0,0.0,0.0,0.0,0.0,0.0,0.0,0.0,0.0,0.0,0.0,0.0,0.0,0.0,0.0,0.0,0.0,0.0,0.0,0.0,0.0,0.0,0.0,0.0,0.0,0.0,0.0,0.0
67,358000000,odom,base_link,-1.7190821195002572,0.0956124679829791,-0.10426895034693688,-1.765670856090688e-05,0.003364957350517252,-6.77671091575118e-05,0.9999943360629043,0.0,0.0,0.0,0.0,0.0,0.0,0.0,0.0,0.0,0.0,0.0,0.0,0.0,0.0,0.0,0.0,0.0,0.0,0.0,0.0,0.0,0.0,0.0,0.0,0.0,0.0,0.0,0.0,0.0,0.0,0.0,0.0,0.0,0.0,0.0,0.0,0.003983317984118725,8.299709645170198e-05,5.852427724614704e-05,-9.65791648044334e-08,-6.66560616480183e-05,1.0532364136395245e-05,0.0,0.0,0.0,0.0,0.0,0.0,0.0,0.0,0.0,0.0,0.0,0.0,0.0,0.0,0.0,0.0,0.0,0.0,0.0,0.0,0.0,0.0,0.0,0.0,0.0,0.0,0.0,0.0,0.0,0.0,0.0,0.0,0.0,0.0,0.0,0.0
67,392000000,odom,base_link,-1.7189467124952058,0.09561527203441791,-0.10426784976140324,-1.765999505762133e-05,0.0033637876613436435,-6.757107445511087e-05,0.9999943400114042,0.0,0.0,0.0,0.0,0.0,0.0,0.0,0.0,0.0,0.0,0.0,0.0,0.0,0.0,0.0,0.0,0.0,0.0,0.0,0.0,0.0,0.0,0.0,0.0,0.0,0.0,0.0,0.0,0.0,0.0,0.0,0.0,0.0,0.0,0.0,0.0,0.003981652698591589,8.301612044724408e-05,5.9416450749356346e-05,-1.6955490622638791e-07,-6.935750462844226e-05,1.2091428924776437e-05,0.0,0.0,0.0,0.0,0.0,0.0,0.0,0.0,0.0,0.0,0.0,0.0,0.0,0.0,0.0,0.0,0.0,0.0,0.0,0.0,0.0,0.0,0.0,0.0,0.0,0.0,0.0,0.0,0.0,0.0,0.0,0.0,0.0,0.0,0.0,0.0
67,426000000,odom,base_link,-1.7188113618075322,0.09561807687140704,-0.10426674221025821,-1.766329452696598e-05,0.0033626279340594452,-6.73676652789956e-05,0.9999943439254958,0.0,0.0,0.0,0.0,0.0,0.0,0.0,0.0,0.0,0.0,0.0,0.0,0.0,0.0,0.0,0.0,0.0,0.0,0.0,0.0,0.0,0.0,0.0,0.0,0.0,0.0,0.0,0.0,0.0,0.0,0.0,0.0,0.0,0.0,0.0,0.0,0.003980000299913423,8.303995679002046e-05,5.919890761189964e-05,-1.2035126645271177e-07,-6.706308965931385e-05,1.128734687938504e-05,0.0,0.0,0.0,0.0,0.0,0.0,0.0,0.0,0.0,0.0,0.0,0.0,0.0,0.0,0.0,0.0,0.0,0.0,0.0,0.0,0.0,0.0,0.0,0.0,0.0,0.0,0.0,0.0,0.0,0.0,0.0,0.0,0.0,0.0,0.0,0.0
67,460000000,odom,base_link,-1.7186760673650359,0.09562088264962493,-0.10426566243471456,-1.7665673056469815e-05,0.003361497573154405,-6.719502885031288e-05,0.9999943477374349,0.0,0.0,0.0,0.0,0.0,0.0,0.0,0.0,0.0,0.0,0.0,0.0,0.0,0.0,0.0,0.0,0.0,0.0,0.0,0.0,0.0,0.0,0.0,0.0,0.0,0.0,0.0,0.0,0.0,0.0,0.0,0.0,0.0,0.0,0.0,0.0,0.003978350186769965,8.30651570218486e-05,5.828521768565172e-05,-1.0777954570495574e-07,-6.689145450877731e-05,9.865180317092381e-06,0.0,0.0,0.0,0.0,0.0,0.0,0.0,0.0,0.0,0.0,0.0,0.0,0.0,0.0,0.0,0.0,0.0,0.0,0.0,0.0,0.0,0.0,0.0,0.0,0.0,0.0,0.0,0.0,0.0,0.0,0.0,0.0,0.0,0.0,0.0,0.0
67,494000000,odom,base_link,-1.7185408293097681,0.09562368917738236,-0.10426456408008848,-1.766907505925414e-05,0.0033603282898459546,-6.700722904474924e-05,0.999994351679858,0.0,0.0,0.0,0.0,0.0,0.0,0.0,0.0,0.0,0.0,0.0,0.0,0.0,0.0,0.0,0.0,0.0,0.0,0.0,0.0,0.0,0.0,0.0,0.0,0.0,0.0,0.0,0.0,0.0,0.0,0.0,0.0,0.0,0.0,0.0,0.0,0.003976684785132595,8.308364208432404e-05,5.929836787104708e-05,-1.7537586244342762e-07,-6.920104098639968e-05,1.1653432174796308e-05,0.0,0.0,0.0,0.0,0.0,0.0,0.0,0.0,0.0,0.0,0.0,0.0,0.0,0.0,0.0,0.0,0.0,0.0,0.0,0.0,0.0,0.0,0.0,0.0,0.0,0.0,0.0,0.0,0.0,0.0,0.0,0.0,0.0,0.0,0.0,0.0
67,528000000,odom,base_link,-1.7184056475532805,0.0956264964721864,-0.10426345631811007,-1.7672391542445472e-05,0.003359172161979825,-6.680880498642268e-05,0.9999943555773985,0.0,0.0,0.0,0.0,0.0,0.0,0.0,0.0,0.0,0.0,0.0,0.0,0.0,0.0,0.0,0.0,0.0,0.0,0.0,0.0,0.0,0.0,0.0,0.0,0.0,0.0,0.0,0.0,0.0,0.0,0.0,0.0,0.0,0.0,0.0,0.0,0.003975031978877463,8.310670820496535e-05,5.919934765840613e-05,-1.2256452450176702e-07,-6.692730636359556e-05,1.11696563109831e-05,0.0,0.0,0.0,0.0,0.0,0.0,0.0,0.0,0.0,0.0,0.0,0.0,0.0,0.0,0.0,0.0,0.0,0.0,0.0,0.0,0.0,0.0,0.0,0.0,0.0,0.0,0.0,0.0,0.0,0.0,0.0,0.0,0.0,0.0,0.0,0.0
67,562000000,odom,base_link,-1.7182705220381513,0.09562930466377328,-0.10426236881155294,-1.7674855878891563e-05,0.0033580410771818074,-6.663159224586866e-05,0.9999943593880689,0.0,0.0,0.0,0.0,0.0,0.0,0.0,0.0,0.0,0.0,0.0,0.0,0.0,0.0,0.0,0.0,0.0,0.0,0.0,0.0,0.0,0.0,0.0,0.0,0.0,0.0,0.0,0.0,0.0,0.0,0.0,0.0,0.0,0.0,0.0,0.0,0.0039733794843549546,8.313042140701163e-05,5.864451200484151e-05,-1.1588907333770493e-07,-6.718057150578716e-05,1.0397073779699895e-05,0.0,0.0,0.0,0.0,0.0,0.0,0.0,0.0,0.0,0.0,0.0,0.0,0.0,0.0,0.0,0.0,0.0,0.0,0.0,0.0,0.0,0.0,0.0,0.0,0.0,0.0,0.0,0.0,0.0,0.0,0.0,0.0,0.0,0.0,0.0,0.0
67,596000000,odom,base_link,-1.7181354528980959,0.09563211358530847,-0.10426125529898146,-1.76782937329058e-05,0.0033568719441766574,-6.643507471196486e-05,0.9999943633264186,0.0,0.0,0.0,0.0,0.0,0.0,0.0,0.0,0.0,0.0,0.0,0.0,0.0,0.0,0.0,0.0,0.0,0.0,0.0,0.0,0.0,0.0,0.0,0.0,0.0,0.0,0.0,0.0,0.0,0.0,0.0,0.0,0.0,0.0,0.0,0.0,0.003971714339930726,8.314882098786471e-05,5.969597931502293e-05,-1.730817836276266e-07,-6.911542413945426e-05,1.2157401751977659e-05,0.0,0.0,0.0,0.0,0.0,0.0,0.0,0.0,0.0,0.0,0.0,0.0,0.0,0.0,0.0,0.0,0.0,0.0,0.0,0.0,0.0,0.0,0.0,0.0,0.0,0.0,0.0,0.0,0.0,0.0,0.0,0.0,0.0,0.0,0.0,0.0
67,630000000,odom,base_link,-1.7180004400277196,0.09563492329967255,-0.10426013107920434,-1.7681407497190077e-05,0.0033557214543883814,-6.623439903379956e-05,0.9999943672010821,0.0,0.0,0.0,0.0,0.0,0.0,0.0,0.0,0.0,0.0,0.0,0.0,0.0,0.0,0.0,0.0,0.0,0.0,0.0,0.0,0.0,0.0,0.0,0.0,0.0,0.0,0.0,0.0,0.0,0.0,0.0,0.0,0.0,0.0,0.0,0.0,0.003970062130799143,8.317294711955006e-05,5.961983396192577e-05,-1.1052218307217032e-07,-6.667652883152186e-05,1.1144296685472455e-05,0.0,0.0,0.0,0.0,0.0,0.0,0.0,0.0,0.0,0.0,0.0,0.0,0.0,0.0,0.0,0.0,0.0,0.0,0.0,0.0,0.0,0.0,0.0,0.0,0.0,0.0,0.0,0.0,0.0,0.0,0.0,0.0,0.0,0.0,0.0,0.0
67,664000000,odom,base_link,-1.7178654834010538,0.09563773392738602,-0.10425902521398533,-1.768376622939149e-05,0.0033545907836287866,-6.605920395569658e-05,0.9999943710062275,0.0,0.0,0.0,0.0,0.0,0.0,0.0,0.0,0.0,0.0,0.0,0.0,0.0,0.0,0.0,0.0,0.0,0.0,0.0,0.0,0.0,0.0,0.0,0.0,0.0,0.0,0.0,0.0,0.0,0.0,0.0,0.0,0.0,0.0,0.0,0.0,0.003968408294693837,8.319671489675709e-05,5.924415993025115e-05,-1.1654047726850081e-07,-6.737335453976812e-05,1.0337527900361465e-05,0.0,0.0,0.0,0.0,0.0,0.0,0.0,0.0,0.0,0.0,0.0,0.0,0.0,0.0,0.0,0.0,0.0,0.0,0.0,0.0,0.0,0.0,0.0,0.0,0.0,0.0,0.0,0.0,0.0,0.0,0.0,0.0,0.0,0.0,0.0,0.0
67,698000000,odom,base_link,-1.717730583142292,0.09564054528282957,-0.1042578904836474,-1.7687201826822482e-05,0.0033534217532279736,-6.586465058556209e-05,0.9999943749399571,0.0,0.0,0.0,0.0,0.0,0.0,0.0,0.0,0.0,0.0,0.0,0.0,0.0,0.0,0.0,0.0,0.0,0.0,0.0,0.0,0.0,0.0,0.0,0.0,0.0,0.0,0.0,0.0,0.0,0.0,0.0,0.0,0.0,0.0,0.0,0.0,0.003966743906696298,8.321522635815005e-05,6.0236756385121675e-05,-1.7339230606872036e-07,-6.90573756401136e-05,1.2013210870520652e-05,0.0,0.0,0.0,0.0,0.0,0.0,0.0,0.0,0.0,0.0,0.0,0.0,0.0,0.0,0.0,0.0,0.0,0.0,0.0,0.0,0.0,0.0,0.0,0.0,0.0,0.0,0.0,0.0,0.0,0.0,0.0,0.0,0.0,0.0,0.0,0.0
67,732000000,odom,base_link,-1.7175957391429049,0.09564335743237144,-0.10425674632650438,-1.769029068351012e-05,0.003352272463497153,-6.566692477547128e-05,0.9999943788063207,0.0,0.0,0.0,0.0,0.0,0.0,0.0,0.0,0.0,0.0,0.0,0.0,0.0,0.0,0.0,0.0,0.0,0.0,0.0,0.0,0.0,0.0,0.0,0.0,0.0,0.0,0.0,0.0,0.0,0.0,0.0,0.0,0.0,0.0,0.0,0.0,0.0039650920083792035,8.323923529966126e-05,6.0139523077618507e-05,-1.112488809407175e-07,-6.668589520586465e-05,1.1028118684919264e-05,0.0,0.0,0.0,0.0,0.0,0.0,0.0,0.0,0.0,0.0,0.0,0.0,0.0,0.0,0.0,0.0,0.0,0.0,0.0,0.0,0.0,0.0,0.0,0.0,0.0,0.0,0.0,0.0,0.0,0.0,0.0,0.0,0.0,0.0,0.0,0.0
67,766000000,odom,base_link,-1.7174609513867782,0.09564617048367734,-0.10425562319722036,-1.7692645298744763e-05,0.0033511423938592734,-6.549271155228575e-05,0.999994382605388,0.0,0.0,0.0,0.0,0.0,0.0,0.0,0.0,0.0,0.0,0.0,0.0,0.0,0.0,0.0,0.0,0.0,0.0,0.0,0.0,0.0,0.0,0.0,0.0,0.0,0.0,0.0,0.0,0.0,0.0,0.0,0.0,0.0,0.0,0.0,0.0,0.003963439497467285,8.326287476332463e-05,5.9593230555593284e-05,-1.1352925821661586e-07,-6.7199653130956e-05,1.0239977399351119e-05,0.0,0.0,0.0,0.0,0.0,0.0,0.0,0.0,0.0,0.0,0.0,0.0,0.0,0.0,0.0,0.0,0.0,0.0,0.0,0.0,0.0,0.0,0.0,0.0,0.0,0.0,0.0,0.0,0.0,0.0,0.0,0.0,0.0,0.0,0.0,0.0
67,800000000,odom,base_link,-1.7173262199901416,0.09564898426463045,-0.10425447821298393,-1.7696001399665616e-05,0.0033499763070816337,-6.530045261647204e-05,0.9999943865249666,0.0,0.0,0.0,0.0,0.0,0.0,0.0,0.0,0.0,0.0,0.0,0.0,0.0,0.0,0.0,0.0,0.0,0.0,0.0,0.0,0.0,0.0,0.0,0.0,0.0,0.0,0.0,0.0,0.0,0.0,0.0,0.0,0.0,0.0,0.0,0.0,0.003961776443455023,8.328143425569525e-05,6.0417872601163135e-05,-1.6889622894700196e-07,-6.888430590379357e-05,1.1859112625245416e-05,0.0,0.0,0.0,0.0,0.0,0.0,0.0,0.0,0.0,0.0,0.0,0.0,0.0,0.0,0.0,0.0,0.0,0.0,0.0,0.0,0.0,0.0,0.0,0.0,0.0,0.0,0.0,0.0,0.0,0.0,0.0,0.0,0.0,0.0,0.0,0.0
67,834000000,odom,base_link,-1.7171915449145723,0.09565179872556445,-0.10425329963352785,-1.769997563869208e-05,0.0033487979241411526,-6.507814996576319e-05,0.9999943904862709,0.0,0.0,0.0,0.0,0.0,0.0,0.0,0.0,0.0,0.0,0.0,0.0,0.0,0.0,0.0,0.0,0.0,0.0,0.0,0.0,0.0,0.0,0.0,0.0,0.0,0.0,0.0,0.0,0.0,0.0,0.0,0.0,0.0,0.0,0.0,0.0,0.0039601124198077155,8.329921332338626e-05,6.163316163995038e-05,-1.9138998302858923e-07,-6.944578316847583e-05,1.375932869862595e-05,0.0,0.0,0.0,0.0,0.0,0.0,0.0,0.0,0.0,0.0,0.0,0.0,0.0,0.0,0.0,0.0,0.0,0.0,0.0,0.0,0.0,0.0,0.0,0.0,0.0,0.0,0.0,0.0,0.0,0.0,0.0,0.0,0.0,0.0,0.0,0.0
67,868000000,odom,base_link,-1.7170569261302955,0.09565461391273371,-0.10425209929623015,-1.7703730054525327e-05,0.0033476303420846387,-6.483652666163969e-05,0.9999943944112365,0.0,0.0,0.0,0.0,0.0,0.0,0.0,0.0,0.0,0.0,0.0,0.0,0.0,0.0,0.0,0.0,0.0,0.0,0.0,0.0,0.0,0.0,0.0,0.0,0.0,0.0,0.0,0.0,0.0,0.0,0.0,0.0,0.0,0.0,0.0,0.0,0.003958457351062055,8.332109005150233e-05,6.177346275090755e-05,-1.2898243792469621e-07,-6.753241947876631e-05,1.3642912044531386e-05,0.0,0.0,0.0,0.0,0.0,0.0,0.0,0.0,0.0,0.0,0.0,0.0,0.0,0.0,0.0,0.0,0.0,0.0,0.0,0.0,0.0,0.0,0.0,0.0,0.0,0.0,0.0,0.0,0.0,0.0,0.0,0.0,0.0,0.0,0.0,0.0
67,902000000,odom,base_link,-1.7169223635437219,0.09565743008211132,-0.10425092251238315,-1.770575183014211e-05,0.0033465040508685196,-6.463639142677464e-05,0.9999943981939503,0.0,0.0,0.0,0.0,0.0,0.0,0.0,0.0,0.0,0.0,0.0,0.0,0.0,0.0,0.0,0.0,0.0,0.0,0.0,0.0,0.0,0.0,0.0,0.0,0.0,0.0,0.0,0.0,0.0,0.0,0.0,0.0,0.0,0.0,0.0,0.0,0.003956811389573859,8.334888438214468e-05,6.059198669292773e-05,-5.807637148969036e-08,-6.581859111065569e-05,1.082229150739522e-05,0.0,0.0,0.0,0.0,0.0,0.0,0.0,0.0,0.0,0.0,0.0,0.0,0.0,0.0,0.0,0.0,0.0,0.0,0.0,0.0,0.0,0.0,0.0,0.0,0.0,0.0,0.0,0.0,0.0,0.0,0.0,0.0,0.0,0.0,0.0,0.0
67,936000000,odom,base_link,-1.7167878572814674,0.09566024711127057,-0.10424974476907241,-1.7708335921621574e-05,0.0033453515724286395,-6.44487834223488e-05,0.9999944020621445,0.0,0.0,0.0,0.0,0.0,0.0,0.0,0.0,0.0,0.0,0.0,0.0,0.0,0.0,0.0,0.0,0.0,0.0,0.0,0.0,0.0,0.0,0.0,0.0,0.0,0.0,0.0,0.0,0.0,0.0,0.0,0.0,0.0,0.0,0.0,0.0,0.003955148344549507,8.336992513824163e-05,6.140269987748281e-05,-1.367558705167582e-07,-6.869176445434277e-05,1.1326222093543947e-05,0.0,0.0,0.0,0.0,0.0,0.0,0.0,0.0,0.0,0.0,0.0,0.0,0.0,0.0,0.0,0.0,0.0,0.0,0.0,0.0,0.0,0.0,0.0,0.0,0.0,0.0,0.0,0.0,0.0,0.0,0.0,0.0,0.0,0.0,0.0,0.0
67,970000000,odom,base_link,-1.7166534073376094,0.09566306492902885,-0.1042485584632775,-1.771144668220018e-05,0.0033441907287264155,-6.425691694213987e-05,0.9999944059572149,0.0,0.0,0.0,0.0,0.0,0.0,0.0,0.0,0.0,0.0,0.0,0.0,0.0,0.0,0.0,0.0,0.0,0.0,0.0,0.0,0.0,0.0,0.0,0.0,0.0,0.0,0.0,0.0,0.0,0.0,0.0,0.0,0.0,0.0,0.0,0.0,0.003953495553897528,8.339310362230254e-05,6.118286141080313e-05,-1.232399161887887e-07,-6.734475235248283e-05,1.073363646852954e-05,0.0,0.0,0.0,0.0,0.0,0.0,0.0,0.0,0.0,0.0,0.0,0.0,0.0,0.0,0.0,0.0,0.0,0.0,0.0,0.0,0.0,0.0,0.0,0.0,0.0,0.0,0.0,0.0,0.0,0.0,0.0,0.0,0.0,0.0,0.0,0.0
68,4000000,odom,base_link,-1.7165190136085078,0.09566588368206651,-0.10424740592322317,-1.771379033285563e-05,0.003343061684579622,-6.409713589816575e-05,0.9999944097425505,0.0,0.0,0.0,0.0,0.0,0.0,0.0,0.0,0.0,0.0,0.0,0.0,0.0,0.0,0.0,0.0,0.0,0.0,0.0,0.0,0.0,0.0,0.0,0.0,0.0,0.0,0.0,0.0,0.0,0.0,0.0,0.0,0.0,0.0,0.0,0.0,0.003951850562269282,8.341922375281963e-05,5.975228952121636e-05,-9.776625897739422e-08,-6.618834902383242e-05,8.759241598710332e-06,0.0,0.0,0.0,0.0,0.0,0.0,0.0,0.0,0.0,0.0,0.0,0.0,0.0,0.0,0.0,0.0,0.0,0.0,0.0,0.0,0.0,0.0,0.0,0.0,0.0,0.0,0.0,0.0,0.0,0.0,0.0,0.0,0.0,0.0,0.0,0.0
68,38000000,odom,base_link,-1.7163846762088932,0.095668703204049,-0.10424625568644556,-1.7716920147361003e-05,0.0033419024549052093,-6.393030553546977e-05,0.9999944136279005,0.0,0.0,0.0,0.0,0.0,0.0,0.0,0.0,0.0,0.0,0.0,0.0,0.0,0.0,0.0,0.0,0.0,0.0,0.0,0.0,0.0,0.0,0.0,0.0,0.0,0.0,0.0,0.0,0.0,0.0,0.0,0.0,0.0,0.0,0.0,0.0,0.003950188763654753,8.343765026144764e-05,6.04649053851325e-05,-1.664286888858335e-07,-6.877368434743403e-05,1.0472958944518496e-05,0.0,0.0,0.0,0.0,0.0,0.0,0.0,0.0,0.0,0.0,0.0,0.0,0.0,0.0,0.0,0.0,0.0,0.0,0.0,0.0,0.0,0.0,0.0,0.0,0.0,0.0,0.0,0.0,0.0,0.0,0.0,0.0,0.0,0.0,0.0,0.0
68,72000000,odom,base_link,-1.7162503950819605,0.09567152343997652,-0.10424510220752214,-1.772025145226269e-05,0.003340745570723817,-6.374348241951467e-05,0.9999944175053143,0.0,0.0,0.0,0.0,0.0,0.0,0.0,0.0,0.0,0.0,0.0,0.0,0.0,0.0,0.0,0.0,0.0,0.0,0.0,0.0,0.0,0.0,0.0,0.0,0.0,0.0,0.0,0.0,0.0,0.0,0.0,0.0,0.0,0.0,0.0,0.0,0.003948538115784969,8.345878699476486e-05,6.012492847695672e-05,-1.270044305834439e-07,-6.699916710317666e-05,1.0769897240692217e-05,0.0,0.0,0.0,0.0,0.0,0.0,0.0,0.0,0.0,0.0,0.0,0.0,0.0,0.0,0.0,0.0,0.0,0.0,0.0,0.0,0.0,0.0,0.0,0.0,0.0,0.0,0.0,0.0,0.0,0.0,0.0,0.0,0.0,0.0,0.0,0.0
68,106000000,odom,base_link,-1.7161161701362564,0.09567434453075406,-0.10424398501450319,-1.7722524308174118e-05,0.0033396218853539435,-6.35713475543533e-05,0.9999944212695683,0.0,0.0,0.0,0.0,0.0,0.0,0.0,0.0,0.0,0.0,0.0,0.0,0.0,0.0,0.0,0.0,0.0,0.0,0.0,0.0,0.0,0.0,0.0,0.0,0.0,0.0,0.0,0.0,0.0,0.0,0.0,0.0,0.0,0.0,0.0,0.0,0.003946894283657856,8.348247033862647e-05,5.8634182114274766e-05,-8.664884990072785e-08,-6.588392906792251e-05,9.828678670942281e-06,0.0,0.0,0.0,0.0,0.0,0.0,0.0,0.0,0.0,0.0,0.0,0.0,0.0,0.0,0.0,0.0,0.0,0.0,0.0,0.0,0.0,0.0,0.0,0.0,0.0,0.0,0.0,0.0,0.0,0.0,0.0,0.0,0.0,0.0,0.0,0.0
68,140000000,odom,base_link,-1.7159820015007592,0.09567716636261929,-0.10424287176106879,-1.772549536599496e-05,0.0033384667149946668,-6.33862248421898e-05,0.9999944251384535,0.0,0.0,0.0,0.0,0.0,0.0,0.0,0.0,0.0,0.0,0.0,0.0,0.0,0.0,0.0,0.0,0.0,0.0,0.0,0.0,0.0,0.0,0.0,0.0,0.0,0.0,0.0,0.0,0.0,0.0,0.0,0.0,0.0,0.0,0.0,0.0,0.003945233228666205,8.350076345711068e-05,5.9305044377574175e-05,-1.5321655610911478e-07,-6.855601526467581e-05,1.1521631204658433e-05,0.0,0.0,0.0,0.0,0.0,0.0,0.0,0.0,0.0,0.0,0.0,0.0,0.0,0.0,0.0,0.0,0.0,0.0,0.0,0.0,0.0,0.0,0.0,0.0,0.0,0.0,0.0,0.0,0.0,0.0,0.0,0.0,0.0,0.0,0.0,0.0
68,174000000,odom,base_link,-1.715847889112833,0.09567998892800943,-0.10424175507790824,-1.7728636427809423e-05,0.0033373147298885533,-6.318584575442552e-05,0.999994428996301,0.0,0.0,0.0,0.0,0.0,0.0,0.0,0.0,0.0,0.0,0.0,0.0,0.0,0.0,0.0,0.0,0.0,0.0,0.0,0.0,0.0,0.0,0.0,0.0,0.0,0.0,0.0,0.0,0.0,0.0,0.0,0.0,0.0,0.0,0.0,0.0,0.003943583196356273,8.352286142086677e-05,5.900838204598448e-05,-1.1499318788854573e-07,-6.669261694014494e-05,1.1315157610880533e-05,0.0,0.0,0.0,0.0,0.0,0.0,0.0,0.0,0.0,0.0,0.0,0.0,0.0,0.0,0.0,0.0,0.0,0.0,0.0,0.0,0.0,0.0,0.0,0.0,0.0,0.0,0.0,0.0,0.0,0.0,0.0,0.0,0.0,0.0,0.0,0.0
68,208000000,odom,base_link,-1.715713832874293,0.0956828123947801,-0.1042406694169142,-1.773083266522971e-05,0.0033361957071364897,-6.301094550009926e-05,0.9999944327412238,0.0,0.0,0.0,0.0,0.0,0.0,0.0,0.0,0.0,0.0,0.0,0.0,0.0,0.0,0.0,0.0,0.0,0.0,0.0,0.0,0.0,0.0,0.0,0.0,0.0,0.0,0.0,0.0,0.0,0.0,0.0,0.0,0.0,0.0,0.0,0.0,0.003941938414722172,8.35475833423253e-05,5.7837120733612834e-05,-8.814673296830833e-08,-6.561990275599783e-05,9.879665707757113e-06,0.0,0.0,0.0,0.0,0.0,0.0,0.0,0.0,0.0,0.0,0.0,0.0,0.0,0.0,0.0,0.0,0.0,0.0,0.0,0.0,0.0,0.0,0.0,0.0,0.0,0.0,0.0,0.0,0.0,0.0,0.0,0.0,0.0,0.0,0.0,0.0
68,242000000,odom,base_link,-1.7155798329081793,0.09568563661779678,-0.10423957353802606,-1.7733866298668784e-05,0.0033350436697061753,-6.282650550339733e-05,0.999994436595555,0.0,0.0,0.0,0.0,0.0,0.0,0.0,0.0,0.0,0.0,0.0,0.0,0.0,0.0,0.0,0.0,0.0,0.0,0.0,0.0,0.0,0.0,0.0,0.0,0.0,0.0,0.0,0.0,0.0,0.0,0.0,0.0,0.0,0.0,0.0,0.0,0.003940276364328239,8.356627576472489e-05,5.876221071503805e-05,-1.559425741315401e-07,-6.835836643404036e-05,1.1373021902016944e-05,0.0,0.0,0.0,0.0,0.0,0.0,0.0,0.0,0.0,0.0,0.0,0.0,0.0,0.0,0.0,0.0,0.0,0.0,0.0,0.0,0.0,0.0,0.0,0.0,0.0,0.0,0.0,0.0,0.0,0.0,0.0,0.0,0.0,0.0,0.0,0.0
68,276000000,odom,base_link,-1.7154458891592754,0.09568846159891613,-0.1042384706002393,-1.773694951031393e-05,0.003333897467765756,-6.263306693919852e-05,0.9999944404296326,0.0,0.0,0.0,0.0,0.0,0.0,0.0,0.0,0.0,0.0,0.0,0.0,0.0,0.0,0.0,0.0,0.0,0.0,0.0,0.0,0.0,0.0,0.0,0.0,0.0,0.0,0.0,0.0,0.0,0.0,0.0,0.0,0.0,0.0,0.0,0.0,0.003938626494562312,8.358907771582222e-05,5.859048386420664e-05,-1.1245699996220715e-07,-6.636235738710639e-05,1.0826696872356933e-05,0.0,0.0,0.0,0.0,0.0,0.0,0.0,0.0,0.0,0.0,0.0,0.0,0.0,0.0,0.0,0.0,0.0,0.0,0.0,0.0,0.0,0.0,0.0,0.0,0.0,0.0,0.0,0.0,0.0,0.0,0.0,0.0,0.0,0.0,0.0,0.0
68,310000000,odom,base_link,-1.7153120015465013,0.09569128748358752,-0.10423739397674125,-1.7739129161855837e-05,0.0033327804098042244,-6.246627527755049e-05,0.9999944441635802,0.0,0.0,0.0,0.0,0.0,0.0,0.0,0.0,0.0,0.0,0.0,0.0,0.0,0.0,0.0,0.0,0.0,0.0,0.0,0.0,0.0,0.0,0.0,0.0,0.0,0.0,0.0,0.0,0.0,0.0,0.0,0.0,0.0,0.0,0.0,0.0,0.003936980426445347,8.361364906098107e-05,5.758312369206304e-05,-9.208861451170947e-08,-6.585134428860329e-05,9.454326566071813e-06,0.0,0.0,0.0,0.0,0.0,0.0,0.0,0.0,0.0,0.0,0.0,0.0,0.0,0.0,0.0,0.0,0.0,0.0,0.0,0.0,0.0,0.0,0.0,0.0,0.0,0.0,0.0,0.0,0.0,0.0,0.0,0.0,0.0,0.0,0.0,0.0
68,344000000,odom,base_link,-1.7151781702073867,0.09569411410980332,-0.10423630271336327,-1.7742197808257364e-05,0.0033316272319136317,-6.22872030614212e-05,0.9999944480173409,0.0,0.0,0.0,0.0,0.0,0.0,0.0,0.0,0.0,0.0,0.0,0.0,0.0,0.0,0.0,0.0,0.0,0.0,0.0,0.0,0.0,0.0,0.0,0.0,0.0,0.0,0.0,0.0,0.0,0.0,0.0,0.0,0.0,0.0,0.0,0.0,0.0039353182861307096,8.363195935873876e-05,5.859466035383738e-05,-1.5812658960001613e-07,-6.829620318171692e-05,1.1100589869528221e-05,0.0,0.0,0.0,0.0,0.0,0.0,0.0,0.0,0.0,0.0,0.0,0.0,0.0,0.0,0.0,0.0,0.0,0.0,0.0,0.0,0.0,0.0,0.0,0.0,0.0,0.0,0.0,0.0,0.0,0.0,0.0,0.0,0.0,0.0,0.0,0.0
68,378000000,odom,base_link,-1.7150443950479013,0.09569694149455882,-0.10423520086018125,-1.7745163350712348e-05,0.003330486870487825,-6.210001884682165e-05,0.9999944518275601,0.0,0.0,0.0,0.0,0.0,0.0,0.0,0.0,0.0,0.0,0.0,0.0,0.0,0.0,0.0,0.0,0.0,0.0,0.0,0.0,0.0,0.0,0.0,0.0,0.0,0.0,0.0,0.0,0.0,0.0,0.0,0.0,0.0,0.0,0.0,0.0,0.003933668745477266,8.365484797676099e-05,5.853355285070318e-05,-1.0667200942005017e-07,-6.605128959336071e-05,1.0489111978984056e-05,0.0,0.0,0.0,0.0,0.0,0.0,0.0,0.0,0.0,0.0,0.0,0.0,0.0,0.0,0.0,0.0,0.0,0.0,0.0,0.0,0.0,0.0,0.0,0.0,0.0,0.0,0.0,0.0,0.0,0.0,0.0,0.0,0.0,0.0,0.0,0.0
68,412000000,odom,base_link,-1.7149106760162878,0.09569976975814402,-0.10423411822587274,-1.7747348924851114e-05,0.003329369921584933,-6.193440444002027e-05,0.9999944555571728,0.0,0.0,0.0,0.0,0.0,0.0,0.0,0.0,0.0,0.0,0.0,0.0,0.0,0.0,0.0,0.0,0.0,0.0,0.0,0.0,0.0,0.0,0.0,0.0,0.0,0.0,0.0,0.0,0.0,0.0,0.0,0.0,0.0,0.0,0.0,0.0,0.00393201940345984,8.367812984780632e-05,5.8006743725936434e-05,-1.0292923804944287e-07,-6.634822682372032e-05,9.706419668020771e-06,0.0,0.0,0.0,0.0,0.0,0.0,0.0,0.0,0.0,0.0,0.0,0.0,0.0,0.0,0.0,0.0,0.0,0.0,0.0,0.0,0.0,0.0,0.0,0.0,0.0,0.0,0.0,0.0,0.0,0.0,0.0,0.0,0.0,0.0,0.0,0.0
68,446000000,odom,base_link,-1.7147770132436457,0.09570259873560416,-0.10423300892788964,-1.7750507687552898e-05,0.0033282153088535875,-6.175030095874467e-05,0.9999944594119897,0.0,0.0,0.0,0.0,0.0,0.0,0.0,0.0,0.0,0.0,0.0,0.0,0.0,0.0,0.0,0.0,0.0,0.0,0.0,0.0,0.0,0.0,0.0,0.0,0.0,0.0,0.0,0.0,0.0,0.0,0.0,0.0,0.0,0.0,0.0,0.0,0.003930357624177689,8.369620919545731e-05,5.907538291018182e-05,-1.597566981481613e-07,-6.825651155395462e-05,1.1406906885724766e-05,0.0,0.0,0.0,0.0,0.0,0.0,0.0,0.0,0.0,0.0,0.0,0.0,0.0,0.0,0.0,0.0,0.0,0.0,0.0,0.0,0.0,0.0,0.0,0.0,0.0,0.0,0.0,0.0,0.0,0.0,0.0,0.0,0.0,0.0,0.0,0.0
68,480000000,odom,base_link,-1.714643406625461,0.09570542848315564,-0.10423188836575423,-1.7753364820422743e-05,0.0033270789843681137,-6.156135814743847e-05,0.9999944632048965,0.0,0.0,0.0,0.0,0.0,0.0,0.0,0.0,0.0,0.0,0.0,0.0,0.0,0.0,0.0,0.0,0.0,0.0,0.0,0.0,0.0,0.0,0.0,0.0,0.0,0.0,0.0,0.0,0.0,0.0,0.0,0.0,0.0,0.0,0.0,0.0,0.003928708665024492,8.371960632215275e-05,5.9014428423188596e-05,-9.923801919109465e-08,-6.586082719195474e-05,1.051903097959439e-05,0.0,0.0,0.0,0.0,0.0,0.0,0.0,0.0,0.0,0.0,0.0,0.0,0.0,0.0,0.0,0.0,0.0,0.0,0.0,0.0,0.0,0.0,0.0,0.0,0.0,0.0,0.0,0.0,0.0,0.0,0.0,0.0,0.0,0.0,0.0,0.0
68,514000000,odom,base_link,-1.7145098561362762,0.09570825911038973,-0.10423078416970422,-1.775551506022743e-05,0.0033259609798936022,-6.139460318161329e-05,0.9999944669341949,0.0,0.0,0.0,0.0,0.0,0.0,0.0,0.0,0.0,0.0,0.0,0.0,0.0,0.0,0.0,0.0,0.0,0.0,0.0,0.0,0.0,0.0,0.0,0.0,0.0,0.0,0.0,0.0,0.0,0.0,0.0,0.0,0.0,0.0,0.0,0.0,0.003927057414648376,8.37424916497166e-05,5.875689205266327e-05,-1.0732494892806699e-07,-6.66869034660067e-05,9.909374920624714e-06,0.0,0.0,0.0,0.0,0.0,0.0,0.0,0.0,0.0,0.0,0.0,0.0,0.0,0.0,0.0,0.0,0.0,0.0,0.0,0.0,0.0,0.0,0.0,0.0,0.0,0.0,0.0,0.0,0.0,0.0,0.0,0.0,0.0,0.0,0.0,0.0
68,548000000,odom,base_link,-1.7143763618957384,0.09571109044565351,-0.10422964908918564,-1.7758689959183802e-05,0.0033248057164039623,-6.120829523017036e-05,0.9999944707872748,0.0,0.0,0.0,0.0,0.0,0.0,0.0,0.0,0.0,0.0,0.0,0.0,0.0,0.0,0.0,0.0,0.0,0.0,0.0,0.0,0.0,0.0,0.0,0.0,0.0,0.0,0.0,0.0,0.0,0.0,0.0,0.0,0.0,0.0,0.0,0.0,0.00392539666952984,8.376071733562785e-05,5.974254757158365e-05,-1.5905614048072891e-07,-6.821620175401222e-05,1.1499076535415043e-05,0.0,0.0,0.0,0.0,0.0,0.0,0.0,0.0,0.0,0.0,0.0,0.0,0.0,0.0,0.0,0.0,0.0,0.0,0.0,0.0,0.0,0.0,0.0,0.0,0.0,0.0,0.0,0.0,0.0,0.0,0.0,0.0,0.0,0.0,0.0,0.0
68,582000000,odom,base_link,-1.714242923789602,0.09571392256898423,-0.10422850635951587,-1.7761415720901247e-05,0.00332367294538052,-6.102192882507687e-05,0.999994474564239,0.0,0.0,0.0,0.0,0.0,0.0,0.0,0.0,0.0,0.0,0.0,0.0,0.0,0.0,0.0,0.0,0.0,0.0,0.0,0.0,0.0,0.0,0.0,0.0,0.0,0.0,0.0,0.0,0.0,0.0,0.0,0.0,0.0,0.0,0.0,0.0,0.003923749010680354,8.378469409029267e-05,5.955001457388417e-05,-9.290252039884095e-08,-6.572202764232316e-05,1.0315659881854344e-05,0.0,0.0,0.0,0.0,0.0,0.0,0.0,0.0,0.0,0.0,0.0,0.0,0.0,0.0,0.0,0.0,0.0,0.0,0.0,0.0,0.0,0.0,0.0,0.0,0.0,0.0,0.0,0.0,0.0,0.0,0.0,0.0,0.0,0.0,0.0,0.0
68,616000000,odom,base_link,-1.7141095418149244,0.09571675557585428,-0.10422738574296651,-1.776347639122984e-05,0.0033225564639729013,-6.085935614828962e-05,0.999994478284326,0.0,0.0,0.0,0.0,0.0,0.0,0.0,0.0,0.0,0.0,0.0,0.0,0.0,0.0,0.0,0.0,0.0,0.0,0.0,0.0,0.0,0.0,0.0,0.0,0.0,0.0,0.0,0.0,0.0,0.0,0.0,0.0,0.0,0.0,0.0,0.0,0.003922098909921308,8.380763352456013e-05,5.9121837683200094e-05,-1.041210825891703e-07,-6.660402860347858e-05,9.657457233913647e-06,0.0,0.0,0.0,0.0,0.0,0.0,0.0,0.0,0.0,0.0,0.0,0.0,0.0,0.0,0.0,0.0,0.0,0.0,0.0,0.0,0.0,0.0,0.0,0.0,0.0,0.0,0.0,0.0,0.0,0.0,0.0,0.0,0.0,0.0,0.0,0.0
68,650000000,odom,base_link,-1.7139762160830458,0.09571958928641688,-0.10422623971721484,-1.7766608477651747e-05,0.003321402658906989,-6.067697327945779e-05,0.9999944821282915,0.0,0.0,0.0,0.0,0.0,0.0,0.0,0.0,0.0,0.0,0.0,0.0,0.0,0.0,0.0,0.0,0.0,0.0,0.0,0.0,0.0,0.0,0.0,0.0,0.0,0.0,0.0,0.0,0.0,0.0,0.0,0.0,0.0,0.0,0.0,0.0,0.0039204394506912885,8.382573586861042e-05,5.994752796889483e-05,-1.5792962770877494e-07,-6.812953543544609e-05,1.1278979439310888e-05,0.0,0.0,0.0,0.0,0.0,0.0,0.0,0.0,0.0,0.0,0.0,0.0,0.0,0.0,0.0,0.0,0.0,0.0,0.0,0.0,0.0,0.0,0.0,0.0,0.0,0.0,0.0,0.0,0.0,0.0,0.0,0.0,0.0,0.0,0.0,0.0
68,684000000,odom,base_link,-1.71384294655728,0.09572242366123478,-0.10422506290250168,-1.777030850860503e-05,0.0033202385518142394,-6.046542331667805e-05,0.9999944860068518,0.0,0.0,0.0,0.0,0.0,0.0,0.0,0.0,0.0,0.0,0.0,0.0,0.0,0.0,0.0,0.0,0.0,0.0,0.0,0.0,0.0,0.0,0.0,0.0,0.0,0.0,0.0,0.0,0.0,0.0,0.0,0.0,0.0,0.0,0.0,0.0,0.003918779515604477,8.384322379925654e-05,6.10633832466417e-05,-1.77255356226258e-07,-6.859084251686909e-05,1.3102598650505115e-05,0.0,0.0,0.0,0.0,0.0,0.0,0.0,0.0,0.0,0.0,0.0,0.0,0.0,0.0,0.0,0.0,0.0,0.0,0.0,0.0,0.0,0.0,0.0,0.0,0.0,0.0,0.0,0.0,0.0,0.0,0.0,0.0,0.0,0.0,0.0,0.0
68,718000000,odom,base_link,-1.7137097332225408,0.09572525873148258,-0.10422386639426637,-1.7773861422039776e-05,0.0033190822433375026,-6.023194347298494e-05,0.9999944898594516,0.0,0.0,0.0,0.0,0.0,0.0,0.0,0.0,0.0,0.0,0.0,0.0,0.0,0.0,0.0,0.0,0.0,0.0,0.0,0.0,0.0,0.0,0.0,0.0,0.0,0.0,0.0,0.0,0.0,0.0,0.0,0.0,0.0,0.0,0.0,0.0,0.003917127426695623,8.386376139212688e-05,6.112628228130588e-05,-1.2355055520330005e-07,-6.702044785811268e-05,1.3389433828336905e-05,0.0,0.0,0.0,0.0,0.0,0.0,0.0,0.0,0.0,0.0,0.0,0.0,0.0,0.0,0.0,0.0,0.0,0.0,0.0,0.0,0.0,0.0,0.0,0.0,0.0,0.0,0.0,0.0,0.0,0.0,0.0,0.0,0.0,0.0,0.0,0.0
68,752000000,odom,base_link,-1.7135765759816346,0.09572809474628621,-0.10422269584807917,-1.7775686880082253e-05,0.0033179675899615477,-6.0035685565546414e-05,0.9999944935702463,0.0,0.0,0.0,0.0,0.0,0.0,0.0,0.0,0.0,0.0,0.0,0.0,0.0,0.0,0.0,0.0,0.0,0.0,0.0,0.0,0.0,0.0,0.0,0.0,0.0,0.0,0.0,0.0,0.0,0.0,0.0,0.0,0.0,0.0,0.0,0.0,0.003915485262461755,8.389098204227839e-05,5.98841082825937e-05,-4.6289228700091556e-08,-6.513715860023694e-05,1.0606729272666371e-05,0.0,0.0,0.0,0.0,0.0,0.0,0.0,0.0,0.0,0.0,0.0,0.0,0.0,0.0,0.0,0.0,0.0,0.0,0.0,0.0,0.0,0.0,0.0,0.0,0.0,0.0,0.0,0.0,0.0,0.0,0.0,0.0,0.0,0.0,0.0,0.0
68,786000000,odom,base_link,-1.713443474968019,0.09573093160910365,-0.10422152801218976,-1.7777985105697908e-05,0.0033168251523906056,-5.98535414761259e-05,0.9999944973710632,0.0,0.0,0.0,0.0,0.0,0.0,0.0,0.0,0.0,0.0,0.0,0.0,0.0,0.0,0.0,0.0,0.0,0.0,0.0,0.0,0.0,0.0,0.0,0.0,0.0,0.0,0.0,0.0,0.0,0.0,0.0,0.0,0.0,0.0,0.0,0.0,0.003913825991501167,8.391192679906688e-05,6.059495350964861e-05,-1.1993186513348242e-07,-6.793130893356647e-05,1.093772459270781e-05,0.0,0.0,0.0,0.0,0.0,0.0,0.0,0.0,0.0,0.0,0.0,0.0,0.0,0.0,0.0,0.0,0.0,0.0,0.0,0.0,0.0,0.0,0.0,0.0,0.0,0.0,0.0,0.0,0.0,0.0,0.0,0.0,0.0,0.0,0.0,0.0
68,820000000,odom,base_link,-1.7133104301557456,0.09573376925119041,-0.10422035308311473,-1.7780791920685887e-05,0.0033156776026247842,-5.966925747258237e-05,0.9999945011876108,0.0,0.0,0.0,0.0,0.0,0.0,0.0,0.0,0.0,0.0,0.0,0.0,0.0,0.0,0.0,0.0,0.0,0.0,0.0,0.0,0.0,0.0,0.0,0.0,0.0,0.0,0.0,0.0,0.0,0.0,0.0,0.0,0.0,0.0,0.0,0.0,0.003912176661595119,8.393481416015779e-05,6.0336187784883414e-05,-1.0894064816913129e-07,-6.656459703435758e-05,1.027087055405218e-05,0.0,0.0,0.0,0.0,0.0,0.0,0.0,0.0,0.0,0.0,0.0,0.0,0.0,0.0,0.0,0.0,0.0,0.0,0.0,0.0,0.0,0.0,0.0,0.0,0.0,0.0,0.0,0.0,0.0,0.0,0.0,0.0,0.0,0.0,0.0,0.0
68,854000000,odom,base_link,-1.7131774414438705,0.0957366078181951,-0.10421921272595791,-1.778285482462061e-05,0.0033145626905119246,-5.951892193920526e-05,0.9999945048926212,0.0,0.0,0.0,0.0,0.0,0.0,0.0,0.0,0.0,0.0,0.0,0.0,0.0,0.0,0.0,0.0,0.0,0.0,0.0,0.0,0.0,0.0,0.0,0.0,0.0,0.0,0.0,0.0,0.0,0.0,0.0,0.0,0.0,0.0,0.0,0.0,0.003910535150811195,8.396079782084664e-05,5.889022760984372e-05,-8.38887063980831e-08,-6.5343733268719e-05,8.155518838037779e-06,0.0,0.0,0.0,0.0,0.0,0.0,0.0,0.0,0.0,0.0,0.0,0.0,0.0,0.0,0.0,0.0,0.0,0.0,0.0,0.0,0.0,0.0,0.0,0.0,0.0,0.0,0.0,0.0,0.0,0.0,0.0,0.0,0.0,0.0,0.0,0.0
68,888000000,odom,base_link,-1.7130445089467528,0.09573944714671079,-0.10421807527975376,-1.778568453080642e-05,0.0033134183149728176,-5.936411123510858e-05,0.9999945086942436,0.0,0.0,0.0,0.0,0.0,0.0,0.0,0.0,0.0,0.0,0.0,0.0,0.0,0.0,0.0,0.0,0.0,0.0,0.0,0.0,0.0,0.0,0.0,0.0,0.0,0.0,0.0,0.0,0.0,0.0,0.0,0.0,0.0,0.0,0.0,0.0,0.003908876847629217,8.397913780795614e-05,5.958384348175208e-05,-1.5155064564398302e-07,-6.789185391653518e-05,9.711571369308558e-06,0.0,0.0,0.0,0.0,0.0,0.0,0.0,0.0,0.0,0.0,0.0,0.0,0.0,0.0,0.0,0.0,0.0,0.0,0.0,0.0,0.0,0.0,0.0,0.0,0.0,0.0,0.0,0.0,0.0,0.0,0.0,0.0,0.0,0.0,0.0,0.0
68,922000000,odom,base_link,-1.712911632614804,0.09574228717363918,-0.10421693504895695,-1.77887606277062e-05,0.003312275198155527,-5.919006767873989e-05,0.9999945124914974,0.0,0.0,0.0,0.0,0.0,0.0,0.0,0.0,0.0,0.0,0.0,0.0,0.0,0.0,0.0,0.0,0.0,0.0,0.0,0.0,0.0,0.0,0.0,0.0,0.0,0.0,0.0,0.0,0.0,0.0,0.0,0.0,0.0,0.0,0.0,0.0,0.003907229316356814,8.39997119364198e-05,5.923591646915912e-05,-1.1701879396031067e-07,-6.621069132961566e-05,1.0072390566051581e-05,0.0,0.0,0.0,0.0,0.0,0.0,0.0,0.0,0.0,0.0,0.0,0.0,0.0,0.0,0.0,0.0,0.0,0.0,0.0,0.0,0.0,0.0,0.0,0.0,0.0,0.0,0.0,0.0,0.0,0.0,0.0,0.0,0.0,0.0,0.0,0.0
68,956000000,odom,base_link,-1.7127788123520842,0.09574512802590816,-0.10421582967929269,-1.7790836138209872e-05,0.0033111645205610002,-5.902822835741315e-05,0.9999945161792999,0.0,0.0,0.0,0.0,0.0,0.0,0.0,0.0,0.0,0.0,0.0,0.0,0.0,0.0,0.0,0.0,0.0,0.0,0.0,0.0,0.0,0.0,0.0,0.0,0.0,0.0,0.0,0.0,0.0,0.0,0.0,0.0,0.0,0.0,0.0,0.0,0.003905587920123809,8.40225804894947e-05,5.78710112637307e-05,-8.00571095527225e-08,-6.524211926262069e-05,9.310509252458132e-06,0.0,0.0,0.0,0.0,0.0,0.0,0.0,0.0,0.0,0.0,0.0,0.0,0.0,0.0,0.0,0.0,0.0,0.0,0.0,0.0,0.0,0.0,0.0,0.0,0.0,0.0,0.0,0.0,0.0,0.0,0.0,0.0,0.0,0.0,0.0,0.0
68,990000000,odom,base_link,-1.712646048282365,0.09574796959297562,-0.10421472161440985,-1.7793607654129875e-05,0.0033100216179219066,-5.8851323678802466e-05,0.9999945199733837,0.0,0.0,0.0,0.0,0.0,0.0,0.0,0.0,0.0,0.0,0.0,0.0,0.0,0.0,0.0,0.0,0.0,0.0,0.0,0.0,0.0,0.0,0.0,0.0,0.0,0.0,0.0,0.0,0.0,0.0,0.0,0.0,0.0,0.0,0.0,0.0,0.003903929692527169,8.404043598522111e-05,5.8653410398531133e-05,-1.4085352467718693e-07,-6.773683836058808e-05,1.1006669442537032e-05,0.0,0.0,0.0,0.0,0.0,0.0,0.0,0.0,0.0,0.0,0.0,0.0,0.0,0.0,0.0,0.0,0.0,0.0,0.0,0.0,0.0,0.0,0.0,0.0,0.0,0.0,0.0,0.0,0.0,0.0,0.0,0.0,0.0,0.0,0.0,0.0
69,24000000,odom,base_link,-1.7125133403391217,0.09575081188402651,-0.10421360997717963,-1.7796429874763533e-05,0.003308885195430934,-5.866124629699339e-05,0.9999945237454597,0.0,0.0,0.0,0.0,0.0,0.0,0.0,0.0,0.0,0.0,0.0,0.0,0.0,0.0,0.0,0.0,0.0,0.0,0.0,0.0,0.0,0.0,0.0,0.0,0.0,0.0,0.0,0.0,0.0,0.0,0.0,0.0,0.0,0.0,0.0,0.0,0.003902283096222748,8.406233899706213e-05,5.83640761641832e-05,-9.858636892956518e-08,-6.578694708991861e-05,1.068911377188897e-05,0.0,0.0,0.0,0.0,0.0,0.0,0.0,0.0,0.0,0.0,0.0,0.0,0.0,0.0,0.0,0.0,0.0,0.0,0.0,0.0,0.0,0.0,0.0,0.0,0.0,0.0,0.0,0.0,0.0,0.0,0.0,0.0,0.0,0.0,0.0,0.0
69,58000000,odom,base_link,-1.712380688438888,0.09575365505991469,-0.10421253140660997,-1.7798293383930964e-05,0.003307780699158179,-5.849718674285129e-05,0.9999945274090984,0.0,0.0,0.0,0.0,0.0,0.0,0.0,0.0,0.0,0.0,0.0,0.0,0.0,0.0,0.0,0.0,0.0,0.0,0.0,0.0,0.0,0.0,0.0,0.0,0.0,0.0,0.0,0.0,0.0,0.0,0.0,0.0,0.0,0.0,0.0,0.0,0.003900642392449436,8.40868174286333e-05,5.6984362456582646e-05,-6.791160481189884e-08,-6.4784788378347e-05,9.155537927796331e-06,0.0,0.0,0.0,0.0,0.0,0.0,0.0,0.0,0.0,0.0,0.0,0.0,0.0,0.0,0.0,0.0,0.0,0.0,0.0,0.0,0.0,0.0,0.0,0.0,0.0,0.0,0.0,0.0,0.0,0.0,0.0,0.0,0.0,0.0,0.0,0.0
69,92000000,odom,base_link,-1.7122480927218082,0.0957564989814963,-0.10421144935270925,-1.7800989716486262e-05,0.0033066411122639663,-5.832569864152525e-05,0.9999945311879422,0.0,0.0,0.0,0.0,0.0,0.0,0.0,0.0,0.0,0.0,0.0,0.0,0.0,0.0,0.0,0.0,0.0,0.0,0.0,0.0,0.0,0.0,0.0,0.0,0.0,0.0,0.0,0.0,0.0,0.0,0.0,0.0,0.0,0.0,0.0,0.0,0.0038989831596712545,8.410506621572814e-05,5.793388894754914e-05,-1.4294537914461003e-07,-6.769782956439485e-05,1.0664330574172709e-05,0.0,0.0,0.0,0.0,0.0,0.0,0.0,0.0,0.0,0.0,0.0,0.0,0.0,0.0,0.0,0.0,0.0,0.0,0.0,0.0,0.0,0.0,0.0,0.0,0.0,0.0,0.0,0.0,0.0,0.0,0.0,0.0,0.0,0.0,0.0,0.0
69,126000000,odom,base_link,-1.7121155531029106,0.09575934364030235,-0.10421035663936275,-1.780377939371976e-05,0.0033055093354988833,-5.814451537623738e-05,0.9999945349402034,0.0,0.0,0.0,0.0,0.0,0.0,0.0,0.0,0.0,0.0,0.0,0.0,0.0,0.0,0.0,0.0,0.0,0.0,0.0,0.0,0.0,0.0,0.0,0.0,0.0,0.0,0.0,0.0,0.0,0.0,0.0,0.0,0.0,0.0,0.0,0.0,0.0038973371989294544,8.41276179343789e-05,5.77395269074083e-05,-9.489800958939476e-08,-6.53033438879902e-05,1.0034571129580172e-05,0.0,0.0,0.0,0.0,0.0,0.0,0.0,0.0,0.0,0.0,0.0,0.0,0.0,0.0,0.0,0.0,0.0,0.0,0.0,0.0,0.0,0.0,0.0,0.0,0.0,0.0,0.0,0.0,0.0,0.0,0.0,0.0,0.0,0.0,0.0,0.0
69,160000000,odom,base_link,-1.7119830694935072,0.09576218919744942,-0.10420929585878005,-1.7805550558604538e-05,0.00330441212477238,-5.799344095592296e-05,0.9999945385752028,0.0,0.0,0.0,0.0,0.0,0.0,0.0,0.0,0.0,0.0,0.0,0.0,0.0,0.0,0.0,0.0,0.0,0.0,0.0,0.0,0.0,0.0,0.0,0.0,0.0,0.0,0.0,0.0,0.0,0.0,0.0,0.0,0.0,0.0,0.0,0.0,0.003895695640558374,8.41521536626343e-05,5.6574910737546695e-05,-7.16076448137315e-08,-6.470028708349673e-05,8.475260848683774e-06,0.0,0.0,0.0,0.0,0.0,0.0,0.0,0.0,0.0,0.0,0.0,0.0,0.0,0.0,0.0,0.0,0.0,0.0,0.0,0.0,0.0,0.0,0.0,0.0,0.0,0.0,0.0,0.0,0.0,0.0,0.0,0.0,0.0,0.0,0.0,0.0
69,194000000,odom,base_link,-1.7118506420517907,0.0957650354776892,-0.10420822005227855,-1.7808289747639804e-05,0.0033032742815770444,-5.783020173782114e-05,0.9999945423438836,0.0,0.0,0.0,0.0,0.0,0.0,0.0,0.0,0.0,0.0,0.0,0.0,0.0,0.0,0.0,0.0,0.0,0.0,0.0,0.0,0.0,0.0,0.0,0.0,0.0,0.0,0.0,0.0,0.0,0.0,0.0,0.0,0.0,0.0,0.0,0.0,0.003894035987249098,8.416991697306648e-05,5.7678389014043023e-05,-1.4424672428736685e-07,-6.74619670348875e-05,1.0194759259007924e-05,0.0,0.0,0.0,0.0,0.0,0.0,0.0,0.0,0.0,0.0,0.0,0.0,0.0,0.0,0.0,0.0,0.0,0.0,0.0,0.0,0.0,0.0,0.0,0.0,0.0,0.0,0.0,0.0,0.0,0.0,0.0,0.0,0.0,0.0,0.0,0.0
69,228000000,odom,base_link,-1.7117182706968905,0.09576788247429623,-0.10420713201208971,-1.781110691741922e-05,0.0033021448877409037,-5.765345612247658e-05,0.9999945460841193,0.0,0.0,0.0,0.0,0.0,0.0,0.0,0.0,0.0,0.0,0.0,0.0,0.0,0.0,0.0,0.0,0.0,0.0,0.0,0.0,0.0,0.0,0.0,0.0,0.0,0.0,0.0,0.0,0.0,0.0,0.0,0.0,0.0,0.0,0.0,0.0,0.003892389162585343,8.41914552221121e-05,5.7626947449312493e-05,-1.0042504328122703e-07,-6.530356131406734e-05,1.0001357786393328e-05,0.0,0.0,0.0,0.0,0.0,0.0,0.0,0.0,0.0,0.0,0.0,0.0,0.0,0.0,0.0,0.0,0.0,0.0,0.0,0.0,0.0,0.0,0.0,0.0,0.0,0.0,0.0,0.0,0.0,0.0,0.0,0.0,0.0,0.0,0.0,0.0
69,262000000,odom,base_link,-1.7115859552573798,0.0957707303152908,-0.10420606250849561,-1.7813078969985784e-05,0.003301045416795864,-5.749478449521629e-05,0.9999945497232473,0.0,0.0,0.0,0.0,0.0,0.0,0.0,0.0,0.0,0.0,0.0,0.0,0.0,0.0,0.0,0.0,0.0,0.0,0.0,0.0,0.0,0.0,0.0,0.0,0.0,0.0,0.0,0.0,0.0,0.0,0.0,0.0,0.0,0.0,0.0,0.0,0.0038907511387916496,8.421410419909634e-05,5.717159883844706e-05,-8.938170759087427e-08,-6.500854468072248e-05,9.287461466556124e-06,0.0,0.0,0.0,0.0,0.0,0.0,0.0,0.0,0.0,0.0,0.0,0.0,0.0,0.0,0.0,0.0,0.0,0.0,0.0,0.0,0.0,0.0,0.0,0.0,0.0,0.0,0.0,0.0,0.0,0.0,0.0,0.0,0.0,0.0,0.0,0.0
69,296000000,odom,base_link,-1.7114536957850128,0.09577357885727468,-0.10420496377330028,-1.781592239664597e-05,0.003299908360417054,-5.731893011368101e-05,0.9999945534861407,0.0,0.0,0.0,0.0,0.0,0.0,0.0,0.0,0.0,0.0,0.0,0.0,0.0,0.0,0.0,0.0,0.0,0.0,0.0,0.0,0.0,0.0,0.0,0.0,0.0,0.0,0.0,0.0,0.0,0.0,0.0,0.0,0.0,0.0,0.0,0.0,0.0038890920289834396,8.423195652065706e-05,5.828670233168618e-05,-1.425497830886968e-07,-6.730568671287074e-05,1.0887936241488205e-05,0.0,0.0,0.0,0.0,0.0,0.0,0.0,0.0,0.0,0.0,0.0,0.0,0.0,0.0,0.0,0.0,0.0,0.0,0.0,0.0,0.0,0.0,0.0,0.0,0.0,0.0,0.0,0.0,0.0,0.0,0.0,0.0,0.0,0.0,0.0,0.0
69,330000000,odom,base_link,-1.711321492352589,0.09577642816111696,-0.10420385168070379,-1.7818430770986262e-05,0.0032987879191665984,-5.714051464103408e-05,0.9999945571930526,0.0,0.0,0.0,0.0,0.0,0.0,0.0,0.0,0.0,0.0,0.0,0.0,0.0,0.0,0.0,0.0,0.0,0.0,0.0,0.0,0.0,0.0,0.0,0.0,0.0,0.0,0.0,0.0,0.0,0.0,0.0,0.0,0.0,0.0,0.0,0.0,0.0038874460023073077,8.425515447930095e-05,5.8293111391925705e-05,-8.359488518072666e-08,-6.50006846569795e-05,9.896457342506437e-06,0.0,0.0,0.0,0.0,0.0,0.0,0.0,0.0,0.0,0.0,0.0,0.0,0.0,0.0,0.0,0.0,0.0,0.0,0.0,0.0,0.0,0.0,0.0,0.0,0.0,0.0,0.0,0.0,0.0,0.0,0.0,0.0,0.0,0.0,0.0,0.0
69,364000000,odom,base_link,-1.7111893449367828,0.09577927833339106,-0.10420275809519747,-1.7820229826967006e-05,0.003297687127957558,-5.6986075082107225e-05,0.9999945608325241,0.0,0.0,0.0,0.0,0.0,0.0,0.0,0.0,0.0,0.0,0.0,0.0,0.0,0.0,0.0,0.0,0.0,0.0,0.0,0.0,0.0,0.0,0.0,0.0,0.0,0.0,0.0,0.0,0.0,0.0,0.0,0.0,0.0,0.0,0.0,0.0,0.0038857999204832774,8.427816604879587e-05,5.777436912250964e-05,-8.424359335124088e-08,-6.541402939319596e-05,9.00923868840664e-06,0.0,0.0,0.0,0.0,0.0,0.0,0.0,0.0,0.0,0.0,0.0,0.0,0.0,0.0,0.0,0.0,0.0,0.0,0.0,0.0,0.0,0.0,0.0,0.0,0.0,0.0,0.0,0.0,0.0,0.0,0.0,0.0,0.0,0.0,0.0,0.0
69,398000000,odom,base_link,-1.7110572536631858,0.09578212920784503,-0.10420163849084452,-1.782303624606015e-05,0.0032965485499925223,-5.6815316661209174e-05,0.9999945645962365,0.0,0.0,0.0,0.0,0.0,0.0,0.0,0.0,0.0,0.0,0.0,0.0,0.0,0.0,0.0,0.0,0.0,0.0,0.0,0.0,0.0,0.0,0.0,0.0,0.0,0.0,0.0,0.0,0.0,0.0,0.0,0.0,0.0,0.0,0.0,0.0,0.0038841418643250406,8.429604521347409e-05,5.881336824349889e-05,-1.4296490935539197e-07,-6.731172916829564e-05,1.0576918807458924e-05,0.0,0.0,0.0,0.0,0.0,0.0,0.0,0.0,0.0,0.0,0.0,0.0,0.0,0.0,0.0,0.0,0.0,0.0,0.0,0.0,0.0,0.0,0.0,0.0,0.0,0.0,0.0,0.0,0.0,0.0,0.0,0.0,0.0,0.0,0.0,0.0
69,432000000,odom,base_link,-1.7109252184199029,0.09578498084164817,-0.1042005094640119,-1.7825508743207768e-05,0.0032954286301592737,-5.6642365306650995e-05,0.999994568297267,0.0,0.0,0.0,0.0,0.0,0.0,0.0,0.0,0.0,0.0,0.0,0.0,0.0,0.0,0.0,0.0,0.0,0.0,0.0,0.0,0.0,0.0,0.0,0.0,0.0,0.0,0.0,0.0,0.0,0.0,0.0,0.0,0.0,0.0,0.0,0.0,0.003882496941042754,8.431906124497783e-05,5.8682927306259576e-05,-8.320907990411186e-08,-6.495095590253186e-05,9.633224173910548e-06,0.0,0.0,0.0,0.0,0.0,0.0,0.0,0.0,0.0,0.0,0.0,0.0,0.0,0.0,0.0,0.0,0.0,0.0,0.0,0.0,0.0,0.0,0.0,0.0,0.0,0.0,0.0,0.0,0.0,0.0,0.0,0.0,0.0,0.0,0.0,0.0
69,466000000,odom,base_link,-1.7107932391907712,0.09578783331878477,-0.10419939788100849,-1.7827395729947377e-05,0.00329432452685011,-5.648818120897791e-05,0.9999945719438587,0.0,0.0,0.0,0.0,0.0,0.0,0.0,0.0,0.0,0.0,0.0,0.0,0.0,0.0,0.0,0.0,0.0,0.0,0.0,0.0,0.0,0.0,0.0,0.0,0.0,0.0,0.0,0.0,0.0,0.0,0.0,0.0,0.0,0.0,0.0,0.0,0.0038808489766442742,8.434097482672182e-05,5.8450542804349e-05,-9.614590790185673e-08,-6.590840087028482e-05,9.249744259420822e-06,0.0,0.0,0.0,0.0,0.0,0.0,0.0,0.0,0.0,0.0,0.0,0.0,0.0,0.0,0.0,0.0,0.0,0.0,0.0,0.0,0.0,0.0,0.0,0.0,0.0,0.0,0.0,0.0,0.0,0.0,0.0,0.0,0.0,0.0,0.0,0.0
69,500000000,odom,base_link,-1.7106613160844146,0.09579068647705452,-0.10419825634877097,-1.7830276820499724e-05,0.0032931846500677438,-5.631310016140822e-05,0.9999945757081768,0.0,0.0,0.0,0.0,0.0,0.0,0.0,0.0,0.0,0.0,0.0,0.0,0.0,0.0,0.0,0.0,0.0,0.0,0.0,0.0,0.0,0.0,0.0,0.0,0.0,0.0,0.0,0.0,0.0,0.0,0.0,0.0,0.0,0.0,0.0,0.0,0.003879192632682815,8.435869574826691e-05,5.93478137012247e-05,-1.4352540961271032e-07,-6.727891204150183e-05,1.0838314690175821e-05,0.0,0.0,0.0,0.0,0.0,0.0,0.0,0.0,0.0,0.0,0.0,0.0,0.0,0.0,0.0,0.0,0.0,0.0,0.0,0.0,0.0,0.0,0.0,0.0,0.0,0.0,0.0,0.0,0.0,0.0,0.0,0.0,0.0,0.0,0.0,0.0
69,534000000,odom,base_link,-1.7105294490610656,0.09579354028582851,-0.10419707784827718,-1.7833669038183287e-05,0.0032920346002474864,-5.610966004430489e-05,0.9999945795062376,0.0,0.0,0.0,0.0,0.0,0.0,0.0,0.0,0.0,0.0,0.0,0.0,0.0,0.0,0.0,0.0,0.0,0.0,0.0,0.0,0.0,0.0,0.0,0.0,0.0,0.0,0.0,0.0,0.0,0.0,0.0,0.0,0.0,0.0,0.0,0.0,0.003877535196654517,8.437594043829284e-05,6.063815783353091e-05,-1.6038444045074485e-07,-6.773845981911109e-05,1.2581133823630353e-05,0.0,0.0,0.0,0.0,0.0,0.0,0.0,0.0,0.0,0.0,0.0,0.0,0.0,0.0,0.0,0.0,0.0,0.0,0.0,0.0,0.0,0.0,0.0,0.0,0.0,0.0,0.0,0.0,0.0,0.0,0.0,0.0,0.0,0.0,0.0,0.0
69,568000000,odom,base_link,-1.7103976381087298,0.09579639478305232,-0.1041958779338285,-1.783635126837756e-05,0.0032908937519882707,-5.588707497981544e-05,0.9999945832737358,0.0,0.0,0.0,0.0,0.0,0.0,0.0,0.0,0.0,0.0,0.0,0.0,0.0,0.0,0.0,0.0,0.0,0.0,0.0,0.0,0.0,0.0,0.0,0.0,0.0,0.0,0.0,0.0,0.0,0.0,0.0,0.0,0.0,0.0,0.0,0.0,0.003875886428223883,8.439643917000571e-05,6.075203853287931e-05,-4.865206189308413e-08,-6.608189124790442e-05,1.266618276929421e-05,0.0,0.0,0.0,0.0,0.0,0.0,0.0,0.0,0.0,0.0,0.0,0.0,0.0,0.0,0.0,0.0,0.0,0.0,0.0,0.0,0.0,0.0,0.0,0.0,0.0,0.0,0.0,0.0,0.0,0.0,0.0,0.0,0.0,0.0,0.0,0.0
69,602000000,odom,base_link,-1.7102658831362199,0.09579925021041485,-0.10419470315916993,-1.7837385226483524e-05,0.0032897932774438848,-5.5702637150583876e-05,0.999994586904967,0.0,0.0,0.0,0.0,0.0,0.0,0.0,0.0,0.0,0.0,0.0,0.0,0.0,0.0,0.0,0.0,0.0,0.0,0.0,0.0,0.0,0.0,0.0,0.0,0.0,0.0,0.0,0.0,0.0,0.0,0.0,0.0,0.0,0.0,0.0,0.0,0.0038742473777334486,8.442319579879992e-05,5.9510186413054634e-05,-1.3865435275622895e-08,-6.431305834553314e-05,9.919048871154246e-06,0.0,0.0,0.0,0.0,0.0,0.0,0.0,0.0,0.0,0.0,0.0,0.0,0.0,0.0,0.0,0.0,0.0,0.0,0.0,0.0,0.0,0.0,0.0,0.0,0.0,0.0,0.0,0.0,0.0,0.0,0.0,0.0,0.0,0.0,0.0,0.0
69,636000000,odom,base_link,-1.7101341842780695,0.09580210648087696,-0.10419354056787469,-1.783917072228787e-05,0.0032886689728305694,-5.553587467541723e-05,0.9999945906123282,0.0,0.0,0.0,0.0,0.0,0.0,0.0,0.0,0.0,0.0,0.0,0.0,0.0,0.0,0.0,0.0,0.0,0.0,0.0,0.0,0.0,0.0,0.0,0.0,0.0,0.0,0.0,0.0,0.0,0.0,0.0,0.0,0.0,0.0,0.0,0.0,0.0038725929517854493,8.444409844061462e-05,5.997456212035345e-05,-1.023532064658994e-07,-6.705334243406469e-05,1.0061938660044234e-05,0.0,0.0,0.0,0.0,0.0,0.0,0.0,0.0,0.0,0.0,0.0,0.0,0.0,0.0,0.0,0.0,0.0,0.0,0.0,0.0,0.0,0.0,0.0,0.0,0.0,0.0,0.0,0.0,0.0,0.0,0.0,0.0,0.0,0.0,0.0,0.0
69,670000000,odom,base_link,-1.7100025415124918,0.09580496350508315,-0.10419236908049052,-1.7841758252165284e-05,0.0032875351972500473,-5.536539251373643e-05,0.9999945943497254,0.0,0.0,0.0,0.0,0.0,0.0,0.0,0.0,0.0,0.0,0.0,0.0,0.0,0.0,0.0,0.0,0.0,0.0,0.0,0.0,0.0,0.0,0.0,0.0,0.0,0.0,0.0,0.0,0.0,0.0,0.0,0.0,0.0,0.0,0.0,0.0,0.003870946894100022,8.446631606386898e-05,5.9732333392405774e-05,-1.023937455657542e-07,-6.57363862899274e-05,9.508001941327393e-06,0.0,0.0,0.0,0.0,0.0,0.0,0.0,0.0,0.0,0.0,0.0,0.0,0.0,0.0,0.0,0.0,0.0,0.0,0.0,0.0,0.0,0.0,0.0,0.0,0.0,0.0,0.0,0.0,0.0,0.0,0.0,0.0,0.0,0.0,0.0,0.0
69,704000000,odom,base_link,-1.7098709547299071,0.09580782142376562,-0.10419123412515909,-1.7843703101415487e-05,0.0032864347884401963,-5.522640824873448e-05,0.9999945979744227,0.0,0.0,0.0,0.0,0.0,0.0,0.0,0.0,0.0,0.0,0.0,0.0,0.0,0.0,0.0,0.0,0.0,0.0,0.0,0.0,0.0,0.0,0.0,0.0,0.0,0.0,0.0,0.0,0.0,0.0,0.0,0.0,0.0,0.0,0.0,0.0,0.003869309214716756,8.44915261599478e-05,5.821668147980577e-05,-8.03121125159123e-08,-6.448537632763873e-05,7.535358381716151e-06,0.0,0.0,0.0,0.0,0.0,0.0,0.0,0.0,0.0,0.0,0.0,0.0,0.0,0.0,0.0,0.0,0.0,0.0,0.0,0.0,0.0,0.0,0.0,0.0,0.0,0.0,0.0,0.0,0.0,0.0,0.0,0.0,0.0,0.0,0.0,0.0
69,738000000,odom,base_link,-1.7097394240448225,0.09581068007977221,-0.10419010304890379,-1.7846342801639846e-05,0.003285304824342726,-5.508183447733896e-05,0.9999946016952844,0.0,0.0,0.0,0.0,0.0,0.0,0.0,0.0,0.0,0.0,0.0,0.0,0.0,0.0,0.0,0.0,0.0,0.0,0.0,0.0,0.0,0.0,0.0,0.0,0.0,0.0,0.0,0.0,0.0,0.0,0.0,0.0,0.0,0.0,0.0,0.0,0.0038676544285914057,8.450936058893457e-05,5.8905987673427445e-05,-1.4076385890238186e-07,-6.704843542593153e-05,9.115339771881281e-06,0.0,0.0,0.0,0.0,0.0,0.0,0.0,0.0,0.0,0.0,0.0,0.0,0.0,0.0,0.0,0.0,0.0,0.0,0.0,0.0,0.0,0.0,0.0,0.0,0.0,0.0,0.0,0.0,0.0,0.0,0.0,0.0,0.0,0.0,0.0,0.0
69,772000000,odom,base_link,-1.7096079494064327,0.09581353941204228,-0.1041889690643887,-1.7849166453698913e-05,0.0032841757260125256,-5.4917269500144257e-05,0.9999946054130999,0.0,0.0,0.0,0.0,0.0,0.0,0.0,0.0,0.0,0.0,0.0,0.0,0.0,0.0,0.0,0.0,0.0,0.0,0.0,0.0,0.0,0.0,0.0,0.0,0.0,0.0,0.0,0.0,0.0,0.0,0.0,0.0,0.0,0.0,0.0,0.0,0.0038660103062817565,8.45292975139604e-05,5.856450319462243e-05,-1.0433362784834088e-07,-6.540714565517192e-05,9.562642322435977e-06,0.0,0.0,0.0,0.0,0.0,0.0,0.0,0.0,0.0,0.0,0.0,0.0,0.0,0.0,0.0,0.0,0.0,0.0,0.0,0.0,0.0,0.0,0.0,0.0,0.0,0.0,0.0,0.0,0.0,0.0,0.0,0.0,0.0,0.0,0.0,0.0
69,806000000,odom,base_link,-1.7094765307142528,0.09581639954481369,-0.10418786906031112,-1.7853030426611727e-05,0.0032830789012920983,-5.476245911923068e-05,0.9999946090231038,0.0,0.0,0.0,0.0,0.0,0.0,0.0,0.0,0.0,0.0,0.0,0.0,0.0,0.0,0.0,0.0,0.0,0.0,0.0,0.0,0.0,0.0,0.0,0.0,0.0,0.0,0.0,0.0,0.0,0.0,0.0,0.0,0.0,0.0,0.0,0.0,0.003864372378119546,8.455183880099439e-05,5.726507264224148e-05,-4.7559679250408493e-07,-6.436223571881783e-05,8.941818840924043e-06,0.0,0.0,0.0,0.0,0.0,0.0,0.0,0.0,0.0,0.0,0.0,0.0,0.0,0.0,0.0,0.0,0.0,0.0,0.0,0.0,0.0,0.0,0.0,0.0,0.0,0.0,0.0,0.0,0.0,0.0,0.0,0.0,0.0,0.0,0.0,0.0
69,840000000,odom,base_link,-1.7093451680783196,0.09581926038466941,-0.10418676399946696,-1.7861576403116234e-05,0.003281950904536406,-5.459274619584103e-05,0.9999946127349169,0.0,0.0,0.0,0.0,0.0,0.0,0.0,0.0,0.0,0.0,0.0,0.0,0.0,0.0,0.0,0.0,0.0,0.0,0.0,0.0,0.0,0.0,0.0,0.0,0.0,0.0,0.0,0.0,0.0,0.0,0.0,0.0,0.0,0.0,0.0,0.0,0.003862717692081847,8.456931403828024e-05,5.807371544094313e-05,-3.552649063820468e-07,-6.688068836524508e-05,1.0550066420478288e-05,0.0,0.0,0.0,0.0,0.0,0.0,0.0,0.0,0.0,0.0,0.0,0.0,0.0,0.0,0.0,0.0,0.0,0.0,0.0,0.0,0.0,0.0,0.0,0.0,0.0,0.0,0.0,0.0,0.0,0.0,0.0,0.0,0.0,0.0,0.0,0.0
69,874000000,odom,base_link,-1.709213861634753,0.09582212191512933,-0.10418565653480807,-1.786582129460983e-05,0.0032808240934180284,-5.440739327218671e-05,0.9999946164424667,0.0,0.0,0.0,0.0,0.0,0.0,0.0,0.0,0.0,0.0,0.0,0.0,0.0,0.0,0.0,0.0,0.0,0.0,0.0,0.0,0.0,0.0,0.0,0.0,0.0,0.0,0.0,0.0,0.0,0.0,0.0,0.0,0.0,0.0,0.0,0.0,0.0038610659870214523,8.459010882145566e-05,5.773217370989023e-05,-1.1320300669082073e-07,-6.526027149789115e-05,1.0515256665399875e-05,0.0,0.0,0.0,0.0,0.0,0.0,0.0,0.0,0.0,0.0,0.0,0.0,0.0,0.0,0.0,0.0,0.0,0.0,0.0,0.0,0.0,0.0,0.0,0.0,0.0,0.0,0.0,0.0,0.0,0.0,0.0,0.0,0.0,0.0,0.0,0.0
69,908000000,odom,base_link,-1.7090826112236472,0.09582498431240484,-0.10418458063400307,-1.7868947407593016e-05,0.003279730487094031,-5.424611473806086e-05,0.9999946200385239,0.0,0.0,0.0,0.0,0.0,0.0,0.0,0.0,0.0,0.0,0.0,0.0,0.0,0.0,0.0,0.0,0.0,0.0,0.0,0.0,0.0,0.0,0.0,0.0,0.0,0.0,0.0,0.0,0.0,0.0,0.0,0.0,0.0,0.0,0.0,0.0,0.0038594279009212646,8.461460033266821e-05,5.6576860829416086e-05,-4.496769611186946e-07,-6.423246290410134e-05,9.066836259563615e-06,0.0,0.0,0.0,0.0,0.0,0.0,0.0,0.0,0.0,0.0,0.0,0.0,0.0,0.0,0.0,0.0,0.0,0.0,0.0,0.0,0.0,0.0,0.0,0.0,0.0,0.0,0.0,0.0,0.0,0.0,0.0,0.0,0.0,0.0,0.0,0.0
69,942000000,odom,base_link,-1.7089514168506608,0.09582784746123184,-0.10418349503266044,-1.787619185705034e-05,0.003278604901705195,-5.4079010824244775e-05,0.9999946237384484,0.0,0.0,0.0,0.0,0.0,0.0,0.0,0.0,0.0,0.0,0.0,0.0,0.0,0.0,0.0,0.0,0.0,0.0,0.0,0.0,0.0,0.0,0.0,0.0,0.0,0.0,0.0,0.0,0.0,0.0,0.0,0.0,0.0,0.0,0.0,0.0,0.0038577731829841553,8.46331223299598e-05,5.7459585120924816e-05,-2.9154682279486366e-07,-6.670540244613221e-05,1.024259281834361e-05,0.0,0.0,0.0,0.0,0.0,0.0,0.0,0.0,0.0,0.0,0.0,0.0,0.0,0.0,0.0,0.0,0.0,0.0,0.0,0.0,0.0,0.0,0.0,0.0,0.0,0.0,0.0,0.0,0.0,0.0,0.0,0.0,0.0,0.0,0.0,0.0
69,976000000,odom,base_link,-1.7088202784561723,0.09583071135408262,-0.10418240342395112,-1.7879408173852766e-05,0.003277488040880437,-5.390753469828292e-05,0.9999946274087909,0.0,0.0,0.0,0.0,0.0,0.0,0.0,0.0,0.0,0.0,0.0,0.0,0.0,0.0,0.0,0.0,0.0,0.0,0.0,0.0,0.0,0.0,0.0,0.0,0.0,0.0,0.0,0.0,0.0,0.0,0.0,0.0,0.0,0.0,0.0,0.0,0.003856130380464273,8.465562640077238e-05,5.726142149780338e-05,-7.119167859392928e-08,-6.467623308026305e-05,9.516837629064412e-06,0.0,0.0,0.0,0.0,0.0,0.0,0.0,0.0,0.0,0.0,0.0,0.0,0.0,0.0,0.0,0.0,0.0,0.0,0.0,0.0,0.0,0.0,0.0,0.0,0.0,0.0,0.0,0.0,0.0,0.0,0.0,0.0,0.0,0.0,0.0,0.0
70,10000000,odom,base_link,-1.7086891959704054,0.09583357612044668,-0.10418133826538484,-1.7880002974070197e-05,0.003276398000844576,-5.3762234679507575e-05,0.9999946309886207,0.0,0.0,0.0,0.0,0.0,0.0,0.0,0.0,0.0,0.0,0.0,0.0,0.0,0.0,0.0,0.0,0.0,0.0,0.0,0.0,0.0,0.0,0.0,0.0,0.0,0.0,0.0,0.0,0.0,0.0,0.0,0.0,0.0,0.0,0.0,0.0,0.0038544904879719254,8.467942661163886e-05,5.631331696639951e-05,6.523205498036805e-09,-6.43733045535555e-05,8.247523641813359e-06,0.0,0.0,0.0,0.0,0.0,0.0,0.0,0.0,0.0,0.0,0.0,0.0,0.0,0.0,0.0,0.0,0.0,0.0,0.0,0.0,0.0,0.0,0.0,0.0,0.0,0.0,0.0,0.0,0.0,0.0,0.0,0.0,0.0,0.0,0.0,0.0
70,44000000,odom,base_link,-1.7085581695264482,0.09583644160436706,-0.10418025732927964,-1.7881520155489824e-05,0.003275272357694384,-5.360499606472144e-05,0.999994634684476,0.0,0.0,0.0,0.0,0.0,0.0,0.0,0.0,0.0,0.0,0.0,0.0,0.0,0.0,0.0,0.0,0.0,0.0,0.0,0.0,0.0,0.0,0.0,0.0,0.0,0.0,0.0,0.0,0.0,0.0,0.0,0.0,0.0,0.0,0.0,0.0,0.0038528355779788998,8.469747099670125e-05,5.72886287222687e-05,-7.710242860836658e-08,-6.662914060484582e-05,9.767642072944227e-06,0.0,0.0,0.0,0.0,0.0,0.0,0.0,0.0,0.0,0.0,0.0,0.0,0.0,0.0,0.0,0.0,0.0,0.0,0.0,0.0,0.0,0.0,0.0,0.0,0.0,0.0,0.0,0.0,0.0,0.0,0.0,0.0,0.0,0.0,0.0,0.0
70,78000000,odom,base_link,-1.7084271990657938,0.09583930779831226,-0.1041791687269234,-1.7883461527832226e-05,0.0032741543022866038,-5.343472634726285e-05,0.9999946383548847,0.0,0.0,0.0,0.0,0.0,0.0,0.0,0.0,0.0,0.0,0.0,0.0,0.0,0.0,0.0,0.0,0.0,0.0,0.0,0.0,0.0,0.0,0.0,0.0,0.0,0.0,0.0,0.0,0.0,0.0,0.0,0.0,0.0,0.0,0.0,0.0,0.0038511921971686536,8.47186392185477e-05,5.713186914643801e-05,-6.475671873729105e-08,-6.469639330930477e-05,9.670476597278821e-06,0.0,0.0,0.0,0.0,0.0,0.0,0.0,0.0,0.0,0.0,0.0,0.0,0.0,0.0,0.0,0.0,0.0,0.0,0.0,0.0,0.0,0.0,0.0,0.0,0.0,0.0,0.0,0.0,0.0,0.0,0.0,0.0,0.0,0.0,0.0,0.0
70,112000000,odom,base_link,-1.708296284505009,0.09584217482332344,-0.10417810115027101,-1.7884998437069502e-05,0.003273063414779165,-5.3281429313555063e-05,0.9999946419341951,0.0,0.0,0.0,0.0,0.0,0.0,0.0,0.0,0.0,0.0,0.0,0.0,0.0,0.0,0.0,0.0,0.0,0.0,0.0,0.0,0.0,0.0,0.0,0.0,0.0,0.0,0.0,0.0,0.0,0.0,0.0,0.0,0.0,0.0,0.0,0.0,0.0038495500023448515,8.474106134937734e-05,5.6565673022502554e-05,-6.718049068432652e-08,-6.47378520568509e-05,8.975255205712074e-06,0.0,0.0,0.0,0.0,0.0,0.0,0.0,0.0,0.0,0.0,0.0,0.0,0.0,0.0,0.0,0.0,0.0,0.0,0.0,0.0,0.0,0.0,0.0,0.0,0.0,0.0,0.0,0.0,0.0,0.0,0.0,0.0,0.0,0.0,0.0,0.0
70,146000000,odom,base_link,-1.7081654259713621,0.0958450425492478,-0.10417700863667641,-1.788731655378237e-05,0.0032719377260304622,-5.3113136868512934e-05,0.9999946456269432,0.0,0.0,0.0,0.0,0.0,0.0,0.0,0.0,0.0,0.0,0.0,0.0,0.0,0.0,0.0,0.0,0.0,0.0,0.0,0.0,0.0,0.0,0.0,0.0,0.0,0.0,0.0,0.0,0.0,0.0,0.0,0.0,0.0,0.0,0.0,0.0,0.00384789544952594,8.475914153064925e-05,5.758284328182888e-05,-1.1147310366443897e-07,-6.653323083583018e-05,1.0375034786846982e-05,0.0,0.0,0.0,0.0,0.0,0.0,0.0,0.0,0.0,0.0,0.0,0.0,0.0,0.0,0.0,0.0,0.0,0.0,0.0,0.0,0.0,0.0,0.0,0.0,0.0,0.0,0.0,0.0,0.0,0.0,0.0,0.0,0.0,0.0,0.0,0.0
70,180000000,odom,base_link,-1.708034623365169,0.09584791103092964,-0.10417590613037404,-1.7889283406269997e-05,0.0032708298831413234,-5.294322818666795e-05,0.9999946492601166,0.0,0.0,0.0,0.0,0.0,0.0,0.0,0.0,0.0,0.0,0.0,0.0,0.0,0.0,0.0,0.0,0.0,0.0,0.0,0.0,0.0,0.0,0.0,0.0,0.0,0.0,0.0,0.0,0.0,0.0,0.0,0.0,0.0,0.0,0.0,0.0,0.0038462532792212173,8.478213596015221e-05,5.7493658981585974e-05,-5.339002226434353e-08,-6.42206792633715e-05,9.382849430750184e-06,0.0,0.0,0.0,0.0,0.0,0.0,0.0,0.0,0.0,0.0,0.0,0.0,0.0,0.0,0.0,0.0,0.0,0.0,0.0,0.0,0.0,0.0,0.0,0.0,0.0,0.0,0.0,0.0,0.0,0.0,0.0,0.0,0.0,0.0,0.0,0.0
70,214000000,odom,base_link,-1.7079038766584393,0.09585078037269011,-0.10417482352907267,-1.7890531289592527e-05,0.0032697418733949333,-5.279771153708952e-05,0.9999946528259098,0.0,0.0,0.0,0.0,0.0,0.0,0.0,0.0,0.0,0.0,0.0,0.0,0.0,0.0,0.0,0.0,0.0,0.0,0.0,0.0,0.0,0.0,0.0,0.0,0.0,0.0,0.0,0.0,0.0,0.0,0.0,0.0,0.0,0.0,0.0,0.0,0.0038446103664298006,8.480492799369522e-05,5.700698513111076e-05,-5.4961299053579715e-08,-6.474068499073837e-05,8.508842963550478e-06,0.0,0.0,0.0,0.0,0.0,0.0,0.0,0.0,0.0,0.0,0.0,0.0,0.0,0.0,0.0,0.0,0.0,0.0,0.0,0.0,0.0,0.0,0.0,0.0,0.0,0.0,0.0,0.0,0.0,0.0,0.0,0.0,0.0,0.0,0.0,0.0
70,248000000,odom,base_link,-1.7077731859753194,0.09585365041170649,-0.10417371511127513,-1.7892723981973446e-05,0.003268616980408521,-5.26370862586498e-05,0.9999946565118351,0.0,0.0,0.0,0.0,0.0,0.0,0.0,0.0,0.0,0.0,0.0,0.0,0.0,0.0,0.0,0.0,0.0,0.0,0.0,0.0,0.0,0.0,0.0,0.0,0.0,0.0,0.0,0.0,0.0,0.0,0.0,0.0,0.0,0.0,0.0,0.0,0.0038429563687446752,8.48229085868858e-05,5.797402384901357e-05,-1.0800323690940417e-07,-6.647334629406032e-05,9.932044431337772e-06,0.0,0.0,0.0,0.0,0.0,0.0,0.0,0.0,0.0,0.0,0.0,0.0,0.0,0.0,0.0,0.0,0.0,0.0,0.0,0.0,0.0,0.0,0.0,0.0,0.0,0.0,0.0,0.0,0.0,0.0,0.0,0.0,0.0,0.0,0.0,0.0
70,282000000,odom,base_link,-1.7076425512255382,0.09585652111186974,-0.10417257432593828,-1.789887674822423e-05,0.0032674836926981864,-5.245121119430822e-05,0.9999946602251527,0.0,0.0,0.0,0.0,0.0,0.0,0.0,0.0,0.0,0.0,0.0,0.0,0.0,0.0,0.0,0.0,0.0,0.0,0.0,0.0,0.0,0.0,0.0,0.0,0.0,0.0,0.0,0.0,0.0,0.0,0.0,0.0,0.0,0.0,0.0,0.0,0.0038413044236256834,8.484049542115518e-05,5.913612375162416e-05,-2.845400026707523e-07,-6.687181937081732e-05,1.1531470534009713e-05,0.0,0.0,0.0,0.0,0.0,0.0,0.0,0.0,0.0,0.0,0.0,0.0,0.0,0.0,0.0,0.0,0.0,0.0,0.0,0.0,0.0,0.0,0.0,0.0,0.0,0.0,0.0,0.0,0.0,0.0,0.0,0.0,0.0,0.0,0.0,0.0
70,316000000,odom,base_link,-1.7075119724421035,0.0958593924837222,-0.10417140759045553,-1.790237672003784e-05,0.003266355159509844,-5.224499225727641e-05,0.999994663922732,0.0,0.0,0.0,0.0,0.0,0.0,0.0,0.0,0.0,0.0,0.0,0.0,0.0,0.0,0.0,0.0,0.0,0.0,0.0,0.0,0.0,0.0,0.0,0.0,0.0,0.0,0.0,0.0,0.0,0.0,0.0,0.0,0.0,0.0,0.0,0.0,0.003839657426449672,8.486031592529791e-05,5.9414947332903065e-05,-6.670464111624419e-08,-6.542535473386124e-05,1.1855184922637818e-05,0.0,0.0,0.0,0.0,0.0,0.0,0.0,0.0,0.0,0.0,0.0,0.0,0.0,0.0,0.0,0.0,0.0,0.0,0.0,0.0,0.0,0.0,0.0,0.0,0.0,0.0,0.0,0.0,0.0,0.0,0.0,0.0,0.0,0.0,0.0,0.0
70,350000000,odom,base_link,-1.707381449528784,0.09586226474758754,-0.1041702585469088,-1.790291614968967e-05,0.0032652668584860337,-5.207014208864498e-05,0.9999946674860465,0.0,0.0,0.0,0.0,0.0,0.0,0.0,0.0,0.0,0.0,0.0,0.0,0.0,0.0,0.0,0.0,0.0,0.0,0.0,0.0,0.0,0.0,0.0,0.0,0.0,0.0,0.0,0.0,0.0,0.0,0.0,0.0,0.0,0.0,0.0,0.0,0.0038380201638387027,8.488613422925637e-05,5.841359767101238e-05,2.9762132515431805e-08,-6.35825657013811e-05,9.481943052946917e-06,0.0,0.0,0.0,0.0,0.0,0.0,0.0,0.0,0.0,0.0,0.0,0.0,0.0,0.0,0.0,0.0,0.0,0.0,0.0,0.0,0.0,0.0,0.0,0.0,0.0,0.0,0.0,0.0,0.0,0.0,0.0,0.0,0.0,0.0,0.0,0.0
70,384000000,odom,base_link,-1.7072509826195905,0.09586513783094797,-0.10416911176404245,-1.7903791731005908e-05,0.003264154363010557,-5.190888354760001e-05,0.9999946711264098,0.0,0.0,0.0,0.0,0.0,0.0,0.0,0.0,0.0,0.0,0.0,0.0,0.0,0.0,0.0,0.0,0.0,0.0,0.0,0.0,0.0,0.0,0.0,0.0,0.0,0.0,0.0,0.0,0.0,0.0,0.0,0.0,0.0,0.0,0.0,0.0,0.0038363673155415493,8.490672435416781e-05,5.912755010663096e-05,-4.598173994341259e-08,-6.62719088495578e-05,9.718864912855452e-06,0.0,0.0,0.0,0.0,0.0,0.0,0.0,0.0,0.0,0.0,0.0,0.0,0.0,0.0,0.0,0.0,0.0,0.0,0.0,0.0,0.0,0.0,0.0,0.0,0.0,0.0,0.0,0.0,0.0,0.0,0.0,0.0,0.0,0.0,0.0,0.0
70,418000000,odom,base_link,-1.7071205718144373,0.09586801165447477,-0.10416795095972554,-1.7905473959039647e-05,0.0032630306561029585,-5.174230584586761e-05,0.9999946748023537,0.0,0.0,0.0,0.0,0.0,0.0,0.0,0.0,0.0,0.0,0.0,0.0,0.0,0.0,0.0,0.0,0.0,0.0,0.0,0.0,0.0,0.0,0.0,0.0,0.0,0.0,0.0,0.0,0.0,0.0,0.0,0.0,0.0,0.0,0.0,0.0,0.0038347157764511827,8.492822121632358e-05,5.908863094021271e-05,-6.024240967184014e-08,-6.53432124408937e-05,9.434646663919466e-06,0.0,0.0,0.0,0.0,0.0,0.0,0.0,0.0,0.0,0.0,0.0,0.0,0.0,0.0,0.0,0.0,0.0,0.0,0.0,0.0,0.0,0.0,0.0,0.0,0.0,0.0,0.0,0.0,0.0,0.0,0.0,0.0,0.0,0.0,0.0,0.0
70,452000000,odom,base_link,-1.7069902170111524,0.09587088634598354,-0.10416681547991465,-1.790687135852523e-05,0.0032619384287131984,-5.160237664980295e-05,0.9999946783729531,0.0,0.0,0.0,0.0,0.0,0.0,0.0,0.0,0.0,0.0,0.0,0.0,0.0,0.0,0.0,0.0,0.0,0.0,0.0,0.0,0.0,0.0,0.0,0.0,0.0,0.0,0.0,0.0,0.0,0.0,0.0,0.0,0.0,0.0,0.0,0.0,0.003833079218613155,8.495294346693362e-05,5.788812213578633e-05,-5.057920436646324e-08,-6.389500128989312e-05,7.6153225059272245e-06,0.0,0.0,0.0,0.0,0.0,0.0,0.0,0.0,0.0,0.0,0.0,0.0,0.0,0.0,0.0,0.0,0.0,0.0,0.0,0.0,0.0,0.0,0.0,0.0,0.0,0.0,0.0,0.0,0.0,0.0,0.0,0.0,0.0,0.0,0.0,0.0
70,486000000,odom,base_link,-1.706859918201609,0.09587376179381685,-0.10416568705792462,-1.7908865119894283e-05,0.003260823790502013,-5.146327108441821e-05,0.9999946820153653,0.0,0.0,0.0,0.0,0.0,0.0,0.0,0.0,0.0,0.0,0.0,0.0,0.0,0.0,0.0,0.0,0.0,0.0,0.0,0.0,0.0,0.0,0.0,0.0,0.0,0.0,0.0,0.0,0.0,0.0,0.0,0.0,0.0,0.0,0.0,0.0,0.003831427783390795,8.497153881558934e-05,5.85003077228998e-05,-1.0610891887363749e-07,-6.630793691897452e-05,8.749635327376382e-06,0.0,0.0,0.0,0.0,0.0,0.0,0.0,0.0,0.0,0.0,0.0,0.0,0.0,0.0,0.0,0.0,0.0,0.0,0.0,0.0,0.0,0.0,0.0,0.0,0.0,0.0,0.0,0.0,0.0,0.0,0.0,0.0,0.0,0.0,0.0,0.0
70,520000000,odom,base_link,-1.7067296753558159,0.09587663791724628,-0.10416454867324895,-1.7911118348648605e-05,0.0032597047181055867,-5.130563264265789e-05,0.9999946856719163,0.0,0.0,0.0,0.0,0.0,0.0,0.0,0.0,0.0,0.0,0.0,0.0,0.0,0.0,0.0,0.0,0.0,0.0,0.0,0.0,0.0,0.0,0.0,0.0,0.0,0.0,0.0,0.0,0.0,0.0,0.0,0.0,0.0,0.0,0.0,0.0,0.0038297852911083493,8.499154544074028e-05,5.827439286932651e-05,-7.255981926412858e-08,-6.477712304331362e-05,9.094263919706691e-06,0.0,0.0,0.0,0.0,0.0,0.0,0.0,0.0,0.0,0.0,0.0,0.0,0.0,0.0,0.0,0.0,0.0,0.0,0.0,0.0,0.0,0.0,0.0,0.0,0.0,0.0,0.0,0.0,0.0,0.0,0.0,0.0,0.0,0.0,0.0,0.0
70,554000000,odom,base_link,-1.7065994883575444,0.09587951485216192,-0.10416344586113041,-1.7912290312253865e-05,0.003258623073338173,-5.116339130853796e-05,0.9999946892044593,0.0,0.0,0.0,0.0,0.0,0.0,0.0,0.0,0.0,0.0,0.0,0.0,0.0,0.0,0.0,0.0,0.0,0.0,0.0,0.0,0.0,0.0,0.0,0.0,0.0,0.0,0.0,0.0,0.0,0.0,0.0,0.0,0.0,0.0,0.0,0.0,0.003828151381956955,8.501444046702124e-05,5.681922019616434e-05,-2.8162312065704853e-08,-6.32359167695995e-05,8.026440223574127e-06,0.0,0.0,0.0,0.0,0.0,0.0,0.0,0.0,0.0,0.0,0.0,0.0,0.0,0.0,0.0,0.0,0.0,0.0,0.0,0.0,0.0,0.0,0.0,0.0,0.0,0.0,0.0,0.0,0.0,0.0,0.0,0.0,0.0,0.0,0.0,0.0
70,588000000,odom,base_link,-1.7064693573204501,0.09588239249587803,-0.1041623430138264,-1.7914057520902153e-05,0.003257513135950319,-5.101137665118827e-05,0.9999946928284645,0.0,0.0,0.0,0.0,0.0,0.0,0.0,0.0,0.0,0.0,0.0,0.0,0.0,0.0,0.0,0.0,0.0,0.0,0.0,0.0,0.0,0.0,0.0,0.0,0.0,0.0,0.0,0.0,0.0,0.0,0.0,0.0,0.0,0.0,0.0,0.0,0.0038264993663101065,8.503219465077203e-05,5.762026182671032e-05,-8.945319623920867e-08,-6.603272382221803e-05,9.49569631814029e-06,0.0,0.0,0.0,0.0,0.0,0.0,0.0,0.0,0.0,0.0,0.0,0.0,0.0,0.0,0.0,0.0,0.0,0.0,0.0,0.0,0.0,0.0,0.0,0.0,0.0,0.0,0.0,0.0,0.0,0.0,0.0,0.0,0.0,0.0,0.0,0.0
70,622000000,odom,base_link,-1.706339282214473,0.09588527082726161,-0.10416123374231592,-1.7916066616350212e-05,0.0032564006461432518,-5.084424185065868e-05,0.9999946964602909,0.0,0.0,0.0,0.0,0.0,0.0,0.0,0.0,0.0,0.0,0.0,0.0,0.0,0.0,0.0,0.0,0.0,0.0,0.0,0.0,0.0,0.0,0.0,0.0,0.0,0.0,0.0,0.0,0.0,0.0,0.0,0.0,0.0,0.0,0.0,0.0,0.003824858019456792,8.505278076356555e-05,5.74053838228116e-05,-6.206603182790094e-08,-6.446736904308636e-05,9.51164285112327e-06,0.0,0.0,0.0,0.0,0.0,0.0,0.0,0.0,0.0,0.0,0.0,0.0,0.0,0.0,0.0,0.0,0.0,0.0,0.0,0.0,0.0,0.0,0.0,0.0,0.0,0.0,0.0,0.0,0.0,0.0,0.0,0.0,0.0,0.0,0.0,0.0
70,656000000,odom,base_link,-1.7062092629356742,0.0958881499869825,-0.10416015538471911,-1.7917269419670426e-05,0.0032553199351192702,-5.069664050889465e-05,0.999994699986426,0.0,0.0,0.0,0.0,0.0,0.0,0.0,0.0,0.0,0.0,0.0,0.0,0.0,0.0,0.0,0.0,0.0,0.0,0.0,0.0,0.0,0.0,0.0,0.0,0.0,0.0,0.0,0.0,0.0,0.0,0.0,0.0,0.0,0.0,0.0,0.0,0.0038232237528331853,8.507599232852666e-05,5.605523593793368e-05,-3.208780706420722e-08,-6.324020418446707e-05,8.258711226005744e-06,0.0,0.0,0.0,0.0,0.0,0.0,0.0,0.0,0.0,0.0,0.0,0.0,0.0,0.0,0.0,0.0,0.0,0.0,0.0,0.0,0.0,0.0,0.0,0.0,0.0,0.0,0.0,0.0,0.0,0.0,0.0,0.0,0.0,0.0,0.0,0.0
70,690000000,odom,base_link,-1.7060792995752168,0.0958910298732554,-0.10415907649419001,-1.79191019646232e-05,0.0032542124831673167,-5.054417719319905e-05,0.9999947035986273,0.0,0.0,0.0,0.0,0.0,0.0,0.0,0.0,0.0,0.0,0.0,0.0,0.0,0.0,0.0,0.0,0.0,0.0,0.0,0.0,0.0,0.0,0.0,0.0,0.0,0.0,0.0,0.0,0.0,0.0,0.0,0.0,0.0,0.0,0.0,0.0,0.0038215723983431255,8.509409020234304e-05,5.694708426874554e-05,-9.5764011304178e-08,-6.6014462873909e-05,9.52026537603956e-06,0.0,0.0,0.0,0.0,0.0,0.0,0.0,0.0,0.0,0.0,0.0,0.0,0.0,0.0,0.0,0.0,0.0,0.0,0.0,0.0,0.0,0.0,0.0,0.0,0.0,0.0,0.0,0.0,0.0,0.0,0.0,0.0,0.0,0.0,0.0,0.0
70,724000000,odom,base_link,-1.7059493921232283,0.09589391044950844,-0.10415798355466468,-1.792120129947499e-05,0.003253101084199832,-5.037753837894268e-05,0.9999947072231283,0.0,0.0,0.0,0.0,0.0,0.0,0.0,0.0,0.0,0.0,0.0,0.0,0.0,0.0,0.0,0.0,0.0,0.0,0.0,0.0,0.0,0.0,0.0,0.0,0.0,0.0,0.0,0.0,0.0,0.0,0.0,0.0,0.0,0.0,0.0,0.0,0.0038199308159308186,8.511488184003349e-05,5.69133932698701e-05,-6.44416325856767e-08,-6.428539336411632e-05,9.409909296209662e-06,0.0,0.0,0.0,0.0,0.0,0.0,0.0,0.0,0.0,0.0,0.0,0.0,0.0,0.0,0.0,0.0,0.0,0.0,0.0,0.0,0.0,0.0,0.0,0.0,0.0,0.0,0.0,0.0,0.0,0.0,0.0,0.0,0.0,0.0,0.0,0.0
70,758000000,odom,base_link,-1.7058195404674443,0.09589679186265888,-0.1041569147061404,-1.792242295569321e-05,0.0032520219302624243,-5.023296998126376e-05,0.9999947107404121,0.0,0.0,0.0,0.0,0.0,0.0,0.0,0.0,0.0,0.0,0.0,0.0,0.0,0.0,0.0,0.0,0.0,0.0,0.0,0.0,0.0,0.0,0.0,0.0,0.0,0.0,0.0,0.0,0.0,0.0,0.0,0.0,0.0,0.0,0.0,0.0,0.003818294432067096,8.513803870368201e-05,5.596190757854254e-05,-3.945962064044739e-08,-6.355693216164582e-05,8.17134955255483e-06,0.0,0.0,0.0,0.0,0.0,0.0,0.0,0.0,0.0,0.0,0.0,0.0,0.0,0.0,0.0,0.0,0.0,0.0,0.0,0.0,0.0,0.0,0.0,0.0,0.0,0.0,0.0,0.0,0.0,0.0,0.0,0.0,0.0,0.0,0.0,0.0
70,792000000,odom,base_link,-1.7056897447420554,0.09589967398993059,-0.10415583221926948,-1.7924310769844354e-05,0.0032509107285168346,-5.0080622571298586e-05,0.9999947143610738,0.0,0.0,0.0,0.0,0.0,0.0,0.0,0.0,0.0,0.0,0.0,0.0,0.0,0.0,0.0,0.0,0.0,0.0,0.0,0.0,0.0,0.0,0.0,0.0,0.0,0.0,0.0,0.0,0.0,0.0,0.0,0.0,0.0,0.0,0.0,0.0,0.003816642922507739,8.515619708271543e-05,5.6905914469976046e-05,-9.229823988432528e-08,-6.578281954716658e-05,9.37815007873155e-06,0.0,0.0,0.0,0.0,0.0,0.0,0.0,0.0,0.0,0.0,0.0,0.0,0.0,0.0,0.0,0.0,0.0,0.0,0.0,0.0,0.0,0.0,0.0,0.0,0.0,0.0,0.0,0.0,0.0,0.0,0.0,0.0,0.0,0.0,0.0,0.0
70,826000000,odom,base_link,-1.7055600048708068,0.0959025568398648,-0.104154741100329,-1.7926148494902444e-05,0.0032498098951997106,-4.992281572908188e-05,0.9999947179470553,0.0,0.0,0.0,0.0,0.0,0.0,0.0,0.0,0.0,0.0,0.0,0.0,0.0,0.0,0.0,0.0,0.0,0.0,0.0,0.0,0.0,0.0,0.0,0.0,0.0,0.0,0.0,0.0,0.0,0.0,0.0,0.0,0.0,0.0,0.0,0.0,0.003815002990278058,8.517787578336414e-05,5.68036579518267e-05,-5.3004148292679076e-08,-6.381196726579219e-05,8.825933939249353e-06,0.0,0.0,0.0,0.0,0.0,0.0,0.0,0.0,0.0,0.0,0.0,0.0,0.0,0.0,0.0,0.0,0.0,0.0,0.0,0.0,0.0,0.0,0.0,0.0,0.0,0.0,0.0,0.0,0.0,0.0,0.0,0.0,0.0,0.0,0.0,0.0
70,860000000,odom,base_link,-1.7054303207969692,0.09590544051450499,-0.10415367198429246,-1.79273208961376e-05,0.0032487325838806464,-4.978511953218251e-05,0.9999947214543943,0.0,0.0,0.0,0.0,0.0,0.0,0.0,0.0,0.0,0.0,0.0,0.0,0.0,0.0,0.0,0.0,0.0,0.0,0.0,0.0,0.0,0.0,0.0,0.0,0.0,0.0,0.0,0.0,0.0,0.0,0.0,0.0,0.0,0.0,0.0,0.0,0.003813365048526048,8.520022913370501e-05,5.605161384217336e-05,-4.5208167417931655e-08,-6.375142262982081e-05,7.946890612231527e-06,0.0,0.0,0.0,0.0,0.0,0.0,0.0,0.0,0.0,0.0,0.0,0.0,0.0,0.0,0.0,0.0,0.0,0.0,0.0,0.0,0.0,0.0,0.0,0.0,0.0,0.0,0.0,0.0,0.0,0.0,0.0,0.0,0.0,0.0,0.0,0.0
70,894000000,odom,base_link,-1.7053006926480119,0.09590832487251223,-0.10415258199738014,-1.792933941524402e-05,0.003247619618033668,-4.963310405865248e-05,0.9999947250770428,0.0,0.0,0.0,0.0,0.0,0.0,0.0,0.0,0.0,0.0,0.0,0.0,0.0,0.0,0.0,0.0,0.0,0.0,0.0,0.0,0.0,0.0,0.0,0.0,0.0,0.0,0.0,0.0,0.0,0.0,0.0,0.0,0.0,0.0,0.0,0.0,0.003811713268507258,8.521765500497003e-05,5.709526173331427e-05,-1.0031410355160197e-07,-6.584669804965415e-05,9.453265636949482e-06,0.0,0.0,0.0,0.0,0.0,0.0,0.0,0.0,0.0,0.0,0.0,0.0,0.0,0.0,0.0,0.0,0.0,0.0,0.0,0.0,0.0,0.0,0.0,0.0,0.0,0.0,0.0,0.0,0.0,0.0,0.0,0.0,0.0,0.0,0.0,0.0
70,928000000,odom,base_link,-1.7051711203414257,0.0959112099349822,-0.10415148195523401,-1.793126564814869e-05,0.003246519134850173,-4.94721976152853e-05,0.9999947286583457,0.0,0.0,0.0,0.0,0.0,0.0,0.0,0.0,0.0,0.0,0.0,0.0,0.0,0.0,0.0,0.0,0.0,0.0,0.0,0.0,0.0,0.0,0.0,0.0,0.0,0.0,0.0,0.0,0.0,0.0,0.0,0.0,0.0,0.0,0.0,0.0,0.0038100736483863682,8.523891707987986e-05,5.70026334461009e-05,-5.4659662560019306e-08,-6.373186991481816e-05,9.038484449774842e-06,0.0,0.0,0.0,0.0,0.0,0.0,0.0,0.0,0.0,0.0,0.0,0.0,0.0,0.0,0.0,0.0,0.0,0.0,0.0,0.0,0.0,0.0,0.0,0.0,0.0,0.0,0.0,0.0,0.0,0.0,0.0,0.0,0.0,0.0,0.0,0.0
70,962000000,odom,base_link,-1.7050416038221632,0.09591409581088325,-0.10415040251401195,-1.7932461182239855e-05,0.0032454419367027574,-4.932946899439521e-05,0.9999947321619579,0.0,0.0,0.0,0.0,0.0,0.0,0.0,0.0,0.0,0.0,0.0,0.0,0.0,0.0,0.0,0.0,0.0,0.0,0.0,0.0,0.0,0.0,0.0,0.0,0.0,0.0,0.0,0.0,0.0,0.0,0.0,0.0,0.0,0.0,0.0,0.0,0.003808434664944511,8.526076814132009e-05,5.643123822492443e-05,-4.8562276769303914e-08,-6.396542033826336e-05,8.351327807076814e-06,0.0,0.0,0.0,0.0,0.0,0.0,0.0,0.0,0.0,0.0,0.0,0.0,0.0,0.0,0.0,0.0,0.0,0.0,0.0,0.0,0.0,0.0,0.0,0.0,0.0,0.0,0.0,0.0,0.0,0.0,0.0,0.0,0.0,0.0,0.0,0.0
70,996000000,odom,base_link,-1.7049121432152774,0.09591698236782045,-0.10414929886614357,-1.7934470787736254e-05,0.003244329362642411,-4.917229094865592e-05,0.9999947357798576,0.0,0.0,0.0,0.0,0.0,0.0,0.0,0.0,0.0,0.0,0.0,0.0,0.0,0.0,0.0,0.0,0.0,0.0,0.0,0.0,0.0,0.0,0.0,0.0,0.0,0.0,0.0,0.0,0.0,0.0,0.0,0.0,0.0,0.0,0.0,0.0,0.0038067837744544366,8.527840397953647e-05,5.7419938590960176e-05,-9.7253075731496e-08,-6.576264794944109e-05,9.705981440788491e-06,0.0,0.0,0.0,0.0,0.0,0.0,0.0,0.0,0.0,0.0,0.0,0.0,0.0,0.0,0.0,0.0,0.0,0.0,0.0,0.0,0.0,0.0,0.0,0.0,0.0,0.0,0.0,0.0,0.0,0.0,0.0,0.0,0.0,0.0,0.0,0.0
71,30000000,odom,base_link,-1.704782738437115,0.0959198696443966,-0.10414818767121888,-1.7936271084096054e-05,0.0032432315608169164,-4.9010362553562855e-05,0.9999947393488214,0.0,0.0,0.0,0.0,0.0,0.0,0.0,0.0,0.0,0.0,0.0,0.0,0.0,0.0,0.0,0.0,0.0,0.0,0.0,0.0,0.0,0.0,0.0,0.0,0.0,0.0,0.0,0.0,0.0,0.0,0.0,0.0,0.0,0.0,0.0,0.0,0.0038051450330283615,8.530021809155336e-05,5.723968806450531e-05,-4.756212368395296e-08,-6.359529933774866e-05,8.996152089935094e-06,0.0,0.0,0.0,0.0,0.0,0.0,0.0,0.0,0.0,0.0,0.0,0.0,0.0,0.0,0.0,0.0,0.0,0.0,0.0,0.0,0.0,0.0,0.0,0.0,0.0,0.0,0.0,0.0,0.0,0.0,0.0,0.0,0.0,0.0,0.0,0.0
71,64000000,odom,base_link,-1.7046533894125186,0.09592275775389555,-0.10414710053212575,-1.793734209897143e-05,0.003242161498125009,-4.887188388119213e-05,0.9999947428254865,0.0,0.0,0.0,0.0,0.0,0.0,0.0,0.0,0.0,0.0,0.0,0.0,0.0,0.0,0.0,0.0,0.0,0.0,0.0,0.0,0.0,0.0,0.0,0.0,0.0,0.0,0.0,0.0,0.0,0.0,0.0,0.0,0.0,0.0,0.0,0.0,0.003803509701546327,8.532288140300343e-05,5.657781693054575e-05,-3.9851601185691976e-08,-6.283076672275456e-05,7.884868047369764e-06,0.0,0.0,0.0,0.0,0.0,0.0,0.0,0.0,0.0,0.0,0.0,0.0,0.0,0.0,0.0,0.0,0.0,0.0,0.0,0.0,0.0,0.0,0.0,0.0,0.0,0.0,0.0,0.0,0.0,0.0,0.0,0.0,0.0,0.0,0.0,0.0
71,98000000,odom,base_link,-1.70452409624427,0.09592564655571097,-0.1041459920586204,-1.7939275925893972e-05,0.00324105629668476,-4.8722643460006224e-05,0.999994746415384,0.0,0.0,0.0,0.0,0.0,0.0,0.0,0.0,0.0,0.0,0.0,0.0,0.0,0.0,0.0,0.0,0.0,0.0,0.0,0.0,0.0,0.0,0.0,0.0,0.0,0.0,0.0,0.0,0.0,0.0,0.0,0.0,0.0,0.0,0.0,0.0,0.003801858907942593,8.534047275975194e-05,5.7471344239843064e-05,-9.653309818169475e-08,-6.552154658834297e-05,9.241422027628232e-06,0.0,0.0,0.0,0.0,0.0,0.0,0.0,0.0,0.0,0.0,0.0,0.0,0.0,0.0,0.0,0.0,0.0,0.0,0.0,0.0,0.0,0.0,0.0,0.0,0.0,0.0,0.0,0.0,0.0,0.0,0.0,0.0,0.0,0.0,0.0,0.0
71,132000000,odom,base_link,-1.7043948588854156,0.09592853607574446,-0.10414487860959198,-1.7941038635199142e-05,0.003239962909819218,-4.8569179320007745e-05,0.999994749965967,0.0,0.0,0.0,0.0,0.0,0.0,0.0,0.0,0.0,0.0,0.0,0.0,0.0,0.0,0.0,0.0,0.0,0.0,0.0,0.0,0.0,0.0,0.0,0.0,0.0,0.0,0.0,0.0,0.0,0.0,0.0,0.0,0.0,0.0,0.0,0.0,0.0038002213533301172,8.536216242228211e-05,5.721723068205559e-05,-4.881963097669306e-08,-6.34384903719365e-05,8.568919085405469e-06,0.0,0.0,0.0,0.0,0.0,0.0,0.0,0.0,0.0,0.0,0.0,0.0,0.0,0.0,0.0,0.0,0.0,0.0,0.0,0.0,0.0,0.0,0.0,0.0,0.0,0.0,0.0,0.0,0.0,0.0,0.0,0.0,0.0,0.0,0.0,0.0
71,166000000,odom,base_link,-1.7042656773011056,0.09593142639697529,-0.10414378820176695,-1.7942238157891166e-05,0.0032388858576448167,-4.843244651582276e-05,0.9999947534616246,0.0,0.0,0.0,0.0,0.0,0.0,0.0,0.0,0.0,0.0,0.0,0.0,0.0,0.0,0.0,0.0,0.0,0.0,0.0,0.0,0.0,0.0,0.0,0.0,0.0,0.0,0.0,0.0,0.0,0.0,0.0,0.0,0.0,0.0,0.0,0.0,0.0037985819872998266,8.538331751730765e-05,5.6765336463629686e-05,-5.6293385231054316e-08,-6.420554399255707e-05,8.165865050813181e-06,0.0,0.0,0.0,0.0,0.0,0.0,0.0,0.0,0.0,0.0,0.0,0.0,0.0,0.0,0.0,0.0,0.0,0.0,0.0,0.0,0.0,0.0,0.0,0.0,0.0,0.0,0.0,0.0,0.0,0.0,0.0,0.0,0.0,0.0,0.0,0.0
71,200000000,odom,base_link,-1.7041365515954252,0.09593431737757924,-0.1041426735394535,-1.7944305511892314e-05,0.003237774572478047,-4.827751705902358e-05,0.9999947570678064,0.0,0.0,0.0,0.0,0.0,0.0,0.0,0.0,0.0,0.0,0.0,0.0,0.0,0.0,0.0,0.0,0.0,0.0,0.0,0.0,0.0,0.0,0.0,0.0,0.0,0.0,0.0,0.0,0.0,0.0,0.0,0.0,0.0,0.0,0.0,0.0,0.003796933543702756,8.540060827199839e-05,5.75616780182988e-05,-9.975887754753998e-08,-6.560442926684118e-05,9.601039163698033e-06,0.0,0.0,0.0,0.0,0.0,0.0,0.0,0.0,0.0,0.0,0.0,0.0,0.0,0.0,0.0,0.0,0.0,0.0,0.0,0.0,0.0,0.0,0.0,0.0,0.0,0.0,0.0,0.0,0.0,0.0,0.0,0.0,0.0,0.0,0.0,0.0
71,234000000,odom,base_link,-1.7040074817320852,0.09593720898805076,-0.10414152691719214,-1.7946842647677916e-05,0.003236653437985493,-4.809721329028708e-05,0.9999947607058205,0.0,0.0,0.0,0.0,0.0,0.0,0.0,0.0,0.0,0.0,0.0,0.0,0.0,0.0,0.0,0.0,0.0,0.0,0.0,0.0,0.0,0.0,0.0,0.0,0.0,0.0,0.0,0.0,0.0,0.0,0.0,0.0,0.0,0.0,0.0,0.0,0.003795284205801134,8.541749681950307e-05,5.871344065665519e-05,-1.1585899045707393e-07,-6.604615947480852e-05,1.1160726653969277e-05,0.0,0.0,0.0,0.0,0.0,0.0,0.0,0.0,0.0,0.0,0.0,0.0,0.0,0.0,0.0,0.0,0.0,0.0,0.0,0.0,0.0,0.0,0.0,0.0,0.0,0.0,0.0,0.0,0.0,0.0,0.0,0.0,0.0,0.0,0.0,0.0
71,268000000,odom,base_link,-1.7038784676993333,0.09594010125812653,-0.10414036078171313,-1.7949244593049208e-05,0.0032355400507882983,-4.7898610757366605e-05,0.9999947643183575,0.0,0.0,0.0,0.0,0.0,0.0,0.0,0.0,0.0,0.0,0.0,0.0,0.0,0.0,0.0,0.0,0.0,0.0,0.0,0.0,0.0,0.0,0.0,0.0,0.0,0.0,0.0,0.0,0.0,0.0,0.0,0.0,0.0,0.0,0.0,0.0,0.0037936426487145047,8.543703234511782e-05,5.878657745462737e-05,-6.944753105919688e-08,-6.4541610811375e-05,1.1373800479219653e-05,0.0,0.0,0.0,0.0,0.0,0.0,0.0,0.0,0.0,0.0,0.0,0.0,0.0,0.0,0.0,0.0,0.0,0.0,0.0,0.0,0.0,0.0,0.0,0.0,0.0,0.0,0.0,0.0,0.0,0.0,0.0,0.0,0.0,0.0,0.0,0.0
71,302000000,odom,base_link,-1.70374950940057,0.09594299440068674,-0.10413921933706508,-1.7950155017430617e-05,0.00323446636949247,-4.773263591414705e-05,0.999994767799658,0.0,0.0,0.0,0.0,0.0,0.0,0.0,0.0,0.0,0.0,0.0,0.0,0.0,0.0,0.0,0.0,0.0,0.0,0.0,0.0,0.0,0.0,0.0,0.0,0.0,0.0,0.0,0.0,0.0,0.0,0.0,0.0,0.0,0.0,0.0,0.0,0.00379201059645111,8.546227899971172e-05,5.759572753906545e-05,-2.7038827116697677e-09,-6.274689710039638e-05,8.944702489799283e-06,0.0,0.0,0.0,0.0,0.0,0.0,0.0,0.0,0.0,0.0,0.0,0.0,0.0,0.0,0.0,0.0,0.0,0.0,0.0,0.0,0.0,0.0,0.0,0.0,0.0,0.0,0.0,0.0,0.0,0.0,0.0,0.0,0.0,0.0,0.0,0.0
71,336000000,odom,base_link,-1.7036206069661675,0.0959458883335081,-0.10413807974763255,-1.7951481503835736e-05,0.003233366055752675,-4.757944680388667e-05,0.9999947713652757,0.0,0.0,0.0,0.0,0.0,0.0,0.0,0.0,0.0,0.0,0.0,0.0,0.0,0.0,0.0,0.0,0.0,0.0,0.0,0.0,0.0,0.0,0.0,0.0,0.0,0.0,0.0,0.0,0.0,0.0,0.0,0.0,0.0,0.0,0.0,0.0,0.003790362008108141,8.548218562849632e-05,5.8314415643728594e-05,-6.708062369464862e-08,-6.542227168893078e-05,9.189591221314686e-06,0.0,0.0,0.0,0.0,0.0,0.0,0.0,0.0,0.0,0.0,0.0,0.0,0.0,0.0,0.0,0.0,0.0,0.0,0.0,0.0,0.0,0.0,0.0,0.0,0.0,0.0,0.0,0.0,0.0,0.0,0.0,0.0,0.0,0.0,0.0,0.0
71,370000000,odom,base_link,-1.7034917604938984,0.095948782998205,-0.1041369325820414,-1.7953238515972922e-05,0.003232260585636623,-4.742523296351473e-05,0.9999947749463669,0.0,0.0,0.0,0.0,0.0,0.0,0.0,0.0,0.0,0.0,0.0,0.0,0.0,0.0,0.0,0.0,0.0,0.0,0.0,0.0,0.0,0.0,0.0,0.0,0.0,0.0,0.0,0.0,0.0,0.0,0.0,0.0,0.0,0.0,0.0,0.0,0.0037887167315582846,8.550374177288564e-05,5.807846466338555e-05,-5.660154289710562e-08,-6.41379578780743e-05,8.570418064124397e-06,0.0,0.0,0.0,0.0,0.0,0.0,0.0,0.0,0.0,0.0,0.0,0.0,0.0,0.0,0.0,0.0,0.0,0.0,0.0,0.0,0.0,0.0,0.0,0.0,0.0,0.0,0.0,0.0,0.0,0.0,0.0,0.0,0.0,0.0,0.0,0.0
71,404000000,odom,base_link,-1.7033629698538488,0.09595167851439562,-0.10413581826886416,-1.7954365416051328e-05,0.0032311863398053957,-4.730008278452085e-05,0.9999947784239578,0.0,0.0,0.0,0.0,0.0,0.0,0.0,0.0,0.0,0.0,0.0,0.0,0.0,0.0,0.0,0.0,0.0,0.0,0.0,0.0,0.0,0.0,0.0,0.0,0.0,0.0,0.0,0.0,0.0,0.0,0.0,0.0,0.0,0.0,0.0,0.0,0.0037870852935622612,8.552776699495717e-05,5.669917362627963e-05,-3.6170162351356616e-08,-6.295934298350403e-05,6.78025280365091e-06,0.0,0.0,0.0,0.0,0.0,0.0,0.0,0.0,0.0,0.0,0.0,0.0,0.0,0.0,0.0,0.0,0.0,0.0,0.0,0.0,0.0,0.0,0.0,0.0,0.0,0.0,0.0,0.0,0.0,0.0,0.0,0.0,0.0,0.0,0.0,0.0
71,438000000,odom,base_link,-1.70323423506439,0.09595457474208306,-0.10413470564492963,-1.79561704504953e-05,0.0032300840606207496,-4.7170832474359226e-05,0.9999947819911111,0.0,0.0,0.0,0.0,0.0,0.0,0.0,0.0,0.0,0.0,0.0,0.0,0.0,0.0,0.0,0.0,0.0,0.0,0.0,0.0,0.0,0.0,0.0,0.0,0.0,0.0,0.0,0.0,0.0,0.0,0.0,0.0,0.0,0.0,0.0,0.0,0.003785437624571603,8.55453141786154e-05,5.74117049555396e-05,-9.548357035593646e-08,-6.538842285408464e-05,8.125596728802975e-06,0.0,0.0,0.0,0.0,0.0,0.0,0.0,0.0,0.0,0.0,0.0,0.0,0.0,0.0,0.0,0.0,0.0,0.0,0.0,0.0,0.0,0.0,0.0,0.0,0.0,0.0,0.0,0.0,0.0,0.0,0.0,0.0,0.0,0.0,0.0,0.0
71,472000000,odom,base_link,-1.7031055560738473,0.09595747162963422,-0.10413358899875455,-1.795816708168347e-05,0.0032289839475836994,-4.702539874446614e-05,0.9999947855507959,0.0,0.0,0.0,0.0,0.0,0.0,0.0,0.0,0.0,0.0,0.0,0.0,0.0,0.0,0.0,0.0,0.0,0.0,0.0,0.0,0.0,0.0,0.0,0.0,0.0,0.0,0.0,0.0,0.0,0.0,0.0,0.0,0.0,0.0,0.0,0.0,0.0037838004857211533,8.556482574164085e-05,5.7113134052173374e-05,-6.384623177368987e-08,-6.37268932734969e-05,8.40970040272282e-06,0.0,0.0,0.0,0.0,0.0,0.0,0.0,0.0,0.0,0.0,0.0,0.0,0.0,0.0,0.0,0.0,0.0,0.0,0.0,0.0,0.0,0.0,0.0,0.0,0.0,0.0,0.0,0.0,0.0,0.0,0.0,0.0,0.0,0.0,0.0,0.0
71,506000000,odom,base_link,-1.7029769327628048,0.09596036928131874,-0.104132505561381,-1.7959301353945824e-05,0.0032279156435169173,-4.689007235207799e-05,0.9999947890061143,0.0,0.0,0.0,0.0,0.0,0.0,0.0,0.0,0.0,0.0,0.0,0.0,0.0,0.0,0.0,0.0,0.0,0.0,0.0,0.0,0.0,0.0,0.0,0.0,0.0,0.0,0.0,0.0,0.0,0.0,0.0,0.0,0.0,0.0,0.0,0.0,0.0037821721925979275,8.558618366576325e-05,5.577790530093892e-05,-3.114422539307604e-08,-6.254037003827762e-05,7.764520493225291e-06,0.0,0.0,0.0,0.0,0.0,0.0,0.0,0.0,0.0,0.0,0.0,0.0,0.0,0.0,0.0,0.0,0.0,0.0,0.0,0.0,0.0,0.0,0.0,0.0,0.0,0.0,0.0,0.0,0.0,0.0,0.0,0.0,0.0,0.0,0.0,0.0
71,540000000,odom,base_link,-1.7028483650933663,0.09596326760803923,-0.10413141981324946,-1.7961026947293294e-05,0.0032268191009315666,-4.6742717155101194e-05,0.9999947925519461,0.0,0.0,0.0,0.0,0.0,0.0,0.0,0.0,0.0,0.0,0.0,0.0,0.0,0.0,0.0,0.0,0.0,0.0,0.0,0.0,0.0,0.0,0.0,0.0,0.0,0.0,0.0,0.0,0.0,0.0,0.0,0.0,0.0,0.0,0.0,0.0,0.0037805281059042897,8.560337677934554e-05,5.655673840356127e-05,-8.58693866012672e-08,-6.514364301324349e-05,9.191801719765635e-06,0.0,0.0,0.0,0.0,0.0,0.0,0.0,0.0,0.0,0.0,0.0,0.0,0.0,0.0,0.0,0.0,0.0,0.0,0.0,0.0,0.0,0.0,0.0,0.0,0.0,0.0,0.0,0.0,0.0,0.0,0.0,0.0,0.0,0.0,0.0,0.0
71,574000000,odom,base_link,-1.7027198531918077,0.09596616661600114,-0.10413032937675605,-1.796281001106926e-05,0.003225725604757203,-4.658438419857034e-05,0.9999947960872374,0.0,0.0,0.0,0.0,0.0,0.0,0.0,0.0,0.0,0.0,0.0,0.0,0.0,0.0,0.0,0.0,0.0,0.0,0.0,0.0,0.0,0.0,0.0,0.0,0.0,0.0,0.0,0.0,0.0,0.0,0.0,0.0,0.0,0.0,0.0,0.0,0.0037788918180622,8.56240117163207e-05,5.631071096566139e-05,-4.9391585960067985e-08,-6.335394644452208e-05,8.898235304144464e-06,0.0,0.0,0.0,0.0,0.0,0.0,0.0,0.0,0.0,0.0,0.0,0.0,0.0,0.0,0.0,0.0,0.0,0.0,0.0,0.0,0.0,0.0,0.0,0.0,0.0,0.0,0.0,0.0,0.0,0.0,0.0,0.0,0.0,0.0,0.0,0.0
71,608000000,odom,base_link,-1.7025913969761812,0.0959690664325504,-0.10412926793493987,-1.7963841178129153e-05,0.003224658842392965,-4.644648965551251e-05,0.9999947995341647,0.0,0.0,0.0,0.0,0.0,0.0,0.0,0.0,0.0,0.0,0.0,0.0,0.0,0.0,0.0,0.0,0.0,0.0,0.0,0.0,0.0,0.0,0.0,0.0,0.0,0.0,0.0,0.0,0.0,0.0,0.0,0.0,0.0,0.0,0.0,0.0,0.003777259445011593,8.564625908894721e-05,5.522785555135193e-05,-3.2101232783077194e-08,-6.288007341481716e-05,7.832966630871852e-06,0.0,0.0,0.0,0.0,0.0,0.0,0.0,0.0,0.0,0.0,0.0,0.0,0.0,0.0,0.0,0.0,0.0,0.0,0.0,0.0,0.0,0.0,0.0,0.0,0.0,0.0,0.0,0.0,0.0,0.0,0.0,0.0,0.0,0.0,0.0,0.0
71,642000000,odom,base_link,-1.7024629965718425,0.09597196693759776,-0.10412819508669127,-1.7965625140979172e-05,0.0032235588118816453,-4.629960188491761e-05,0.9999948030875808,0.0,0.0,0.0,0.0,0.0,0.0,0.0,0.0,0.0,0.0,0.0,0.0,0.0,0.0,0.0,0.0,0.0,0.0,0.0,0.0,0.0,0.0,0.0,0.0,0.0,0.0,0.0,0.0,0.0,0.0,0.0,0.0,0.0,0.0,0.0,0.0,0.003775611794558871,8.566383918814365e-05,5.613824070868614e-05,-8.878859245053938e-08,-6.513152968068425e-05,9.065321826540185e-06,0.0,0.0,0.0,0.0,0.0,0.0,0.0,0.0,0.0,0.0,0.0,0.0,0.0,0.0,0.0,0.0,0.0,0.0,0.0,0.0,0.0,0.0,0.0,0.0,0.0,0.0,0.0,0.0,0.0,0.0,0.0,0.0,0.0,0.0,0.0,0.0
71,676000000,odom,base_link,-1.7023346519021434,0.09597486814074616,-0.10412711533413754,-1.7967402382676e-05,0.003222468789950456,-4.614624198036719e-05,0.9999948066078116,0.0,0.0,0.0,0.0,0.0,0.0,0.0,0.0,0.0,0.0,0.0,0.0,0.0,0.0,0.0,0.0,0.0,0.0,0.0,0.0,0.0,0.0,0.0,0.0,0.0,0.0,0.0,0.0,0.0,0.0,0.0,0.0,0.0,0.0,0.0,0.0,0.003773975870106934,8.568487169916126e-05,5.5968655198347105e-05,-4.969165599832959e-08,-6.31140459006474e-05,8.565111642155898e-06,0.0,0.0,0.0,0.0,0.0,0.0,0.0,0.0,0.0,0.0,0.0,0.0,0.0,0.0,0.0,0.0,0.0,0.0,0.0,0.0,0.0,0.0,0.0,0.0,0.0,0.0,0.0,0.0,0.0,0.0,0.0,0.0,0.0,0.0,0.0,0.0
71,710000000,odom,base_link,-1.7022063628871371,0.09597777015370232,-0.10412606048786058,-1.7968436654299424e-05,0.0032214070613344734,-4.601429660745628e-05,0.9999948100347147,0.0,0.0,0.0,0.0,0.0,0.0,0.0,0.0,0.0,0.0,0.0,0.0,0.0,0.0,0.0,0.0,0.0,0.0,0.0,0.0,0.0,0.0,0.0,0.0,0.0,0.0,0.0,0.0,0.0,0.0,0.0,0.0,0.0,0.0,0.0,0.0,0.003772343728900878,8.570711469772251e-05,5.510072514461285e-05,-3.476999643065026e-08,-6.24303432061879e-05,7.4810242445266795e-06,0.0,0.0,0.0,0.0,0.0,0.0,0.0,0.0,0.0,0.0,0.0,0.0,0.0,0.0,0.0,0.0,0.0,0.0,0.0,0.0,0.0,0.0,0.0,0.0,0.0,0.0,0.0,0.0,0.0,0.0,0.0,0.0,0.0,0.0,0.0,0.0
71,744000000,odom,base_link,-1.7020781296440788,0.09598067284741374,-0.10412498814215151,-1.797023458503047e-05,0.003220311494249171,-4.5872293319139665e-05,0.9999948135698922,0.0,0.0,0.0,0.0,0.0,0.0,0.0,0.0,0.0,0.0,0.0,0.0,0.0,0.0,0.0,0.0,0.0,0.0,0.0,0.0,0.0,0.0,0.0,0.0,0.0,0.0,0.0,0.0,0.0,0.0,0.0,0.0,0.0,0.0,0.0,0.0,0.0037706958737055802,8.572442244893596e-05,5.60831199322505e-05,-9.003916848215887e-08,-6.493599187251675e-05,8.8116324015175e-06,0.0,0.0,0.0,0.0,0.0,0.0,0.0,0.0,0.0,0.0,0.0,0.0,0.0,0.0,0.0,0.0,0.0,0.0,0.0,0.0,0.0,0.0,0.0,0.0,0.0,0.0,0.0,0.0,0.0,0.0,0.0,0.0,0.0,0.0,0.0,0.0
71,778000000,odom,base_link,-1.701949952114062,0.09598357623491179,-0.1041239069419274,-1.7971942766637362e-05,0.003219226194326798,-4.572358620625911e-05,0.9999948170711049,0.0,0.0,0.0,0.0,0.0,0.0,0.0,0.0,0.0,0.0,0.0,0.0,0.0,0.0,0.0,0.0,0.0,0.0,0.0,0.0,0.0,0.0,0.0,0.0,0.0,0.0,0.0,0.0,0.0,0.0,0.0,0.0,0.0,0.0,0.0,0.0,0.003769060271781495,8.574534260809066e-05,5.59720811969535e-05,-4.667629997789913e-08,-6.289760463573657e-05,8.334697998435558e-06,0.0,0.0,0.0,0.0,0.0,0.0,0.0,0.0,0.0,0.0,0.0,0.0,0.0,0.0,0.0,0.0,0.0,0.0,0.0,0.0,0.0,0.0,0.0,0.0,0.0,0.0,0.0,0.0,0.0,0.0,0.0,0.0,0.0,0.0,0.0,0.0
71,812000000,odom,base_link,-1.701821830242982,0.09598648041088176,-0.10412284656776775,-1.797299622685854e-05,0.0032181623897426063,-4.559195057096329e-05,0.9999948205011757,0.0,0.0,0.0,0.0,0.0,0.0,0.0,0.0,0.0,0.0,0.0,0.0,0.0,0.0,0.0,0.0,0.0,0.0,0.0,0.0,0.0,0.0,0.0,0.0,0.0,0.0,0.0,0.0,0.0,0.0,0.0,0.0,0.0,0.0,0.0,0.0,0.003767425090497376,8.576655906600998e-05,5.5396696235174815e-05,-4.317628858607758e-08,-6.317680174561247e-05,7.717771044468691e-06,0.0,0.0,0.0,0.0,0.0,0.0,0.0,0.0,0.0,0.0,0.0,0.0,0.0,0.0,0.0,0.0,0.0,0.0,0.0,0.0,0.0,0.0,0.0,0.0,0.0,0.0,0.0,0.0,0.0,0.0,0.0,0.0,0.0,0.0,0.0,0.0
71,846000000,odom,base_link,-1.7016937641541312,0.09598938524592274,-0.10412176225798328,-1.797486051061928e-05,0.0032170636039381326,-4.544544501135581e-05,0.9999948240432968,0.0,0.0,0.0,0.0,0.0,0.0,0.0,0.0,0.0,0.0,0.0,0.0,0.0,0.0,0.0,0.0,0.0,0.0,0.0,0.0,0.0,0.0,0.0,0.0,0.0,0.0,0.0,0.0,0.0,0.0,0.0,0.0,0.0,0.0,0.0,0.0,0.0037657781114066543,8.578368999609748e-05,5.637917753739631e-05,-9.103813744526512e-08,-6.494674522627975e-05,9.081151564060974e-06,0.0,0.0,0.0,0.0,0.0,0.0,0.0,0.0,0.0,0.0,0.0,0.0,0.0,0.0,0.0,0.0,0.0,0.0,0.0,0.0,0.0,0.0,0.0,0.0,0.0,0.0,0.0,0.0,0.0,0.0,0.0,0.0,0.0,0.0,0.0,0.0
71,880000000,odom,base_link,-1.7015657537678182,0.09599229077096942,-0.10412066982875341,-1.797658366743169e-05,0.003215978613358017,-4.5291969204993453e-05,0.999994827540142,0.0,0.0,0.0,0.0,0.0,0.0,0.0,0.0,0.0,0.0,0.0,0.0,0.0,0.0,0.0,0.0,0.0,0.0,0.0,0.0,0.0,0.0,0.0,0.0,0.0,0.0,0.0,0.0,0.0,0.0,0.0,0.0,0.0,0.0,0.0,0.0,0.003764142880284966,8.580456751541112e-05,5.6230648686162364e-05,-4.4908438079360735e-08,-6.282899960297073e-05,8.575000354227313e-06,0.0,0.0,0.0,0.0,0.0,0.0,0.0,0.0,0.0,0.0,0.0,0.0,0.0,0.0,0.0,0.0,0.0,0.0,0.0,0.0,0.0,0.0,0.0,0.0,0.0,0.0,0.0,0.0,0.0,0.0,0.0,0.0,0.0,0.0,0.0,0.0
71,914000000,odom,base_link,-1.7014377990321405,0.09599519709052075,-0.10411959852196971,-1.7977600137045234e-05,0.003214915742726073,-4.5157460184674724e-05,0.999994830963829,0.0,0.0,0.0,0.0,0.0,0.0,0.0,0.0,0.0,0.0,0.0,0.0,0.0,0.0,0.0,0.0,0.0,0.0,0.0,0.0,0.0,0.0,0.0,0.0,0.0,0.0,0.0,0.0,0.0,0.0,0.0,0.0,0.0,0.0,0.0,0.0,0.003762507531173156,8.582587973360629e-05,5.571218456364731e-05,-4.180931122144127e-08,-6.320499679191016e-05,7.881220209782214e-06,0.0,0.0,0.0,0.0,0.0,0.0,0.0,0.0,0.0,0.0,0.0,0.0,0.0,0.0,0.0,0.0,0.0,0.0,0.0,0.0,0.0,0.0,0.0,0.0,0.0,0.0,0.0,0.0,0.0,0.0,0.0,0.0,0.0,0.0,0.0,0.0
71,948000000,odom,base_link,-1.701309900069139,0.09599810407510057,-0.10411850285451488,-1.7979420511248867e-05,0.0032138182279275933,-4.5009896379066956e-05,0.9999948344982825,0.0,0.0,0.0,0.0,0.0,0.0,0.0,0.0,0.0,0.0,0.0,0.0,0.0,0.0,0.0,0.0,0.0,0.0,0.0,0.0,0.0,0.0,0.0,0.0,0.0,0.0,0.0,0.0,0.0,0.0,0.0,0.0,0.0,0.0,0.0,0.0,0.003760861276062011,8.584326453436419e-05,5.663572660131259e-05,-8.795291925323134e-08,-6.484508858761728e-05,9.091598585087013e-06,0.0,0.0,0.0,0.0,0.0,0.0,0.0,0.0,0.0,0.0,0.0,0.0,0.0,0.0,0.0,0.0,0.0,0.0,0.0,0.0,0.0,0.0,0.0,0.0,0.0,0.0,0.0,0.0,0.0,0.0,0.0,0.0,0.0,0.0,0.0,0.0
71,982000000,odom,base_link,-1.7011820567736111,0.09600101177551618,-0.10411740060860498,-1.798094879464548e-05,0.0032127394717609632,-4.4861903575013676e-05,0.9999948379712676,0.0,0.0,0.0,0.0,0.0,0.0,0.0,0.0,0.0,0.0,0.0,0.0,0.0,0.0,0.0,0.0,0.0,0.0,0.0,0.0,0.0,0.0,0.0,0.0,0.0,0.0,0.0,0.0,0.0,0.0,0.0,0.0,0.0,0.0,0.0,0.0,0.003759227343389445,8.586498146133625e-05,5.643556939083726e-05,-3.6829291352735716e-08,-6.257587230606987e-05,8.179916655137731e-06,0.0,0.0,0.0,0.0,0.0,0.0,0.0,0.0,0.0,0.0,0.0,0.0,0.0,0.0,0.0,0.0,0.0,0.0,0.0,0.0,0.0,0.0,0.0,0.0,0.0,0.0,0.0,0.0,0.0,0.0,0.0,0.0,0.0,0.0,0.0,0.0
72,16000000,odom,base_link,-1.7010542691294928,0.09600392026580706,-0.1041163163373828,-1.7981976119906038e-05,0.003211674523920336,-4.473220131963265e-05,0.99999484139791,0.0,0.0,0.0,0.0,0.0,0.0,0.0,0.0,0.0,0.0,0.0,0.0,0.0,0.0,0.0,0.0,0.0,0.0,0.0,0.0,0.0,0.0,0.0,0.0,0.0,0.0,0.0,0.0,0.0,0.0,0.0,0.0,0.0,0.0,0.0,0.0,0.0037575898412065684,8.588568636755869e-05,5.62399275513621e-05,-5.092058302791358e-08,-6.361139952559824e-05,7.781844857390752e-06,0.0,0.0,0.0,0.0,0.0,0.0,0.0,0.0,0.0,0.0,0.0,0.0,0.0,0.0,0.0,0.0,0.0,0.0,0.0,0.0,0.0,0.0,0.0,0.0,0.0,0.0,0.0,0.0,0.0,0.0,0.0,0.0,0.0,0.0,0.0,0.0
72,50000000,odom,base_link,-1.7009265372410864,0.09600682940305563,-0.10411520315939785,-1.7983882406375542e-05,0.0032105759432841897,-4.458559785785845e-05,0.9999948449321211,0.0,0.0,0.0,0.0,0.0,0.0,0.0,0.0,0.0,0.0,0.0,0.0,0.0,0.0,0.0,0.0,0.0,0.0,0.0,0.0,0.0,0.0,0.0,0.0,0.0,0.0,0.0,0.0,0.0,0.0,0.0,0.0,0.0,0.0,0.0,0.0,0.003755944976517379,8.590285111433318e-05,5.7054712495893495e-05,-9.179163470984797e-08,-6.481798280333351e-05,9.057040362137059e-06,0.0,0.0,0.0,0.0,0.0,0.0,0.0,0.0,0.0,0.0,0.0,0.0,0.0,0.0,0.0,0.0,0.0,0.0,0.0,0.0,0.0,0.0,0.0,0.0,0.0,0.0,0.0,0.0,0.0,0.0,0.0,0.0,0.0,0.0,0.0,0.0
72,84000000,odom,base_link,-1.7007988610676226,0.09600973916102154,-0.10411405702348858,-1.7986222227781143e-05,0.0032094701480122633,-4.4415887815336575e-05,0.9999948484892778,0.0,0.0,0.0,0.0,0.0,0.0,0.0,0.0,0.0,0.0,0.0,0.0,0.0,0.0,0.0,0.0,0.0,0.0,0.0,0.0,0.0,0.0,0.0,0.0,0.0,0.0,0.0,0.0,0.0,0.0,0.0,0.0,0.0,0.0,0.0,0.0,0.0037542992037820516,8.591953976059047e-05,5.8229181014580374e-05,-1.0659312321692482e-07,-6.519013808770069e-05,1.0498537861280965e-05,0.0,0.0,0.0,0.0,0.0,0.0,0.0,0.0,0.0,0.0,0.0,0.0,0.0,0.0,0.0,0.0,0.0,0.0,0.0,0.0,0.0,0.0,0.0,0.0,0.0,0.0,0.0,0.0,0.0,0.0,0.0,0.0,0.0,0.0,0.0,0.0
72,118000000,odom,base_link,-1.7006712406031894,0.0960126495691534,-0.10411289118743525,-1.798841702044519e-05,0.0032083716874038958,-4.423008703486515e-05,0.999994852022365,0.0,0.0,0.0,0.0,0.0,0.0,0.0,0.0,0.0,0.0,0.0,0.0,0.0,0.0,0.0,0.0,0.0,0.0,0.0,0.0,0.0,0.0,0.0,0.0,0.0,0.0,0.0,0.0,0.0,0.0,0.0,0.0,0.0,0.0,0.0,0.0,0.003752661357420417,8.593893607076027e-05,5.831517260483612e-05,-6.079064474029394e-08,-6.364274440784357e-05,1.0573722164508581e-05,0.0,0.0,0.0,0.0,0.0,0.0,0.0,0.0,0.0,0.0,0.0,0.0,0.0,0.0,0.0,0.0,0.0,0.0,0.0,0.0,0.0,0.0,0.0,0.0,0.0,0.0,0.0,0.0,0.0,0.0,0.0,0.0,0.0,0.0,0.0,0.0
72,152000000,odom,base_link,-1.7005436757517636,0.09601556082664757,-0.10411174993547927,-1.7989164864733905e-05,0.0032073116208556638,-4.4076014837940646e-05,0.9999948554296975,0.0,0.0,0.0,0.0,0.0,0.0,0.0,0.0,0.0,0.0,0.0,0.0,0.0,0.0,0.0,0.0,0.0,0.0,0.0,0.0,0.0,0.0,0.0,0.0,0.0,0.0,0.0,0.0,0.0,0.0,0.0,0.0,0.0,0.0,0.0,0.0,0.003751032653147335,8.596338992546802e-05,5.71397399858049e-05,3.1400153337928297e-09,-6.192518711145567e-05,8.30504074400551e-06,0.0,0.0,0.0,0.0,0.0,0.0,0.0,0.0,0.0,0.0,0.0,0.0,0.0,0.0,0.0,0.0,0.0,0.0,0.0,0.0,0.0,0.0,0.0,0.0,0.0,0.0,0.0,0.0,0.0,0.0,0.0,0.0,0.0,0.0,0.0,0.0
72,186000000,odom,base_link,-1.7004161666277542,0.09601847284625042,-0.10411060641326393,-1.7990348026136253e-05,0.0032062266912572506,-4.393245291524963e-05,0.9999948589151302,0.0,0.0,0.0,0.0,0.0,0.0,0.0,0.0,0.0,0.0,0.0,0.0,0.0,0.0,0.0,0.0,0.0,0.0,0.0,0.0,0.0,0.0,0.0,0.0,0.0,0.0,0.0,0.0,0.0,0.0,0.0,0.0,0.0,0.0,0.0,0.0,0.003749387391194411,8.598269405667593e-05,5.794571744786826e-05,-5.974922917539871e-08,-6.458660664065974e-05,8.623319569522891e-06,0.0,0.0,0.0,0.0,0.0,0.0,0.0,0.0,0.0,0.0,0.0,0.0,0.0,0.0,0.0,0.0,0.0,0.0,0.0,0.0,0.0,0.0,0.0,0.0,0.0,0.0,0.0,0.0,0.0,0.0,0.0,0.0,0.0,0.0,0.0,0.0
72,220000000,odom,base_link,-1.7002887132247184,0.09602138557831187,-0.10410945663183561,-1.799192377279241e-05,0.0032051356013818528,-4.378771246220028e-05,0.9999948624191545,0.0,0.0,0.0,0.0,0.0,0.0,0.0,0.0,0.0,0.0,0.0,0.0,0.0,0.0,0.0,0.0,0.0,0.0,0.0,0.0,0.0,0.0,0.0,0.0,0.0,0.0,0.0,0.0,0.0,0.0,0.0,0.0,0.0,0.0,0.0,0.0,0.003747752282494786,8.600371394930905e-05,5.767294049498484e-05,-4.8197861327037295e-08,-6.331048894026026e-05,8.044550892094549e-06,0.0,0.0,0.0,0.0,0.0,0.0,0.0,0.0,0.0,0.0,0.0,0.0,0.0,0.0,0.0,0.0,0.0,0.0,0.0,0.0,0.0,0.0,0.0,0.0,0.0,0.0,0.0,0.0,0.0,0.0,0.0,0.0,0.0,0.0,0.0,0.0
72,254000000,odom,base_link,-1.7001613154439925,0.09602429913310968,-0.10410834167984792,-1.7992878149576916e-05,0.0032040739626216052,-4.3669719290035945e-05,0.9999948658264471,0.0,0.0,0.0,0.0,0.0,0.0,0.0,0.0,0.0,0.0,0.0,0.0,0.0,0.0,0.0,0.0,0.0,0.0,0.0,0.0,0.0,0.0,0.0,0.0,0.0,0.0,0.0,0.0,0.0,0.0,0.0,0.0,0.0,0.0,0.0,0.0,0.003746124577860973,8.602693171609632e-05,5.6226116981010165e-05,-2.7673140688688758e-08,-6.223889528200743e-05,6.410519493016409e-06,0.0,0.0,0.0,0.0,0.0,0.0,0.0,0.0,0.0,0.0,0.0,0.0,0.0,0.0,0.0,0.0,0.0,0.0,0.0,0.0,0.0,0.0,0.0,0.0,0.0,0.0,0.0,0.0,0.0,0.0,0.0,0.0,0.0,0.0,0.0,0.0
72,288000000,odom,base_link,-1.7000339733944154,0.09602721338008906,-0.10410723092893454,-1.799448149381971e-05,0.003202984570136476,-4.354741839781627e-05,0.9999948693216703,0.0,0.0,0.0,0.0,0.0,0.0,0.0,0.0,0.0,0.0,0.0,0.0,0.0,0.0,0.0,0.0,0.0,0.0,0.0,0.0,0.0,0.0,0.0,0.0,0.0,0.0,0.0,0.0,0.0,0.0,0.0,0.0,0.0,0.0,0.0,0.0,0.003744480986712131,8.604415958798275e-05,5.686186213565899e-05,-8.481963811868276e-08,-6.461843682359358e-05,7.689953029910157e-06,0.0,0.0,0.0,0.0,0.0,0.0,0.0,0.0,0.0,0.0,0.0,0.0,0.0,0.0,0.0,0.0,0.0,0.0,0.0,0.0,0.0,0.0,0.0,0.0,0.0,0.0,0.0,0.0,0.0,0.0,0.0,0.0,0.0,0.0,0.0,0.0
72,322000000,odom,base_link,-1.6999066870446078,0.09603012826103315,-0.10410611838207927,-1.7996359696855412e-05,0.003201892774904801,-4.3407140494840784e-05,0.9999948728241607,0.0,0.0,0.0,0.0,0.0,0.0,0.0,0.0,0.0,0.0,0.0,0.0,0.0,0.0,0.0,0.0,0.0,0.0,0.0,0.0,0.0,0.0,0.0,0.0,0.0,0.0,0.0,0.0,0.0,0.0,0.0,0.0,0.0,0.0,0.0,0.0,0.003742846525280014,8.606263317387755e-05,5.65358186080523e-05,-6.208583820666025e-08,-6.339217790696239e-05,8.244494598130814e-06,0.0,0.0,0.0,0.0,0.0,0.0,0.0,0.0,0.0,0.0,0.0,0.0,0.0,0.0,0.0,0.0,0.0,0.0,0.0,0.0,0.0,0.0,0.0,0.0,0.0,0.0,0.0,0.0,0.0,0.0,0.0,0.0,0.0,0.0,0.0,0.0
72,356000000,odom,base_link,-1.699779456264009,0.09603304387148952,-0.10410503526739444,-1.7997459606416304e-05,0.0032008314427986384,-4.3272803082066405e-05,0.9999948762276888,0.0,0.0,0.0,0.0,0.0,0.0,0.0,0.0,0.0,0.0,0.0,0.0,0.0,0.0,0.0,0.0,0.0,0.0,0.0,0.0,0.0,0.0,0.0,0.0,0.0,0.0,0.0,0.0,0.0,0.0,0.0,0.0,0.0,0.0,0.0,0.0,0.003741220658534875,8.608317978405915e-05,5.5381115048020844e-05,-3.021217147985977e-08,-6.213556176248858e-05,7.767919107948273e-06,0.0,0.0,0.0,0.0,0.0,0.0,0.0,0.0,0.0,0.0,0.0,0.0,0.0,0.0,0.0,0.0,0.0,0.0,0.0,0.0,0.0,0.0,0.0,0.0,0.0,0.0,0.0,0.0,0.0,0.0,0.0,0.0,0.0,0.0,0.0,0.0
72,390000000,odom,base_link,-1.6996522810366836,0.09603596014810128,-0.10410394899368342,-1.7999007456376298e-05,0.0031997468055702753,-4.312825666427781e-05,0.9999948797050761,0.0,0.0,0.0,0.0,0.0,0.0,0.0,0.0,0.0,0.0,0.0,0.0,0.0,0.0,0.0,0.0,0.0,0.0,0.0,0.0,0.0,0.0,0.0,0.0,0.0,0.0,0.0,0.0,0.0,0.0,0.0,0.0,0.0,0.0,0.0,0.0,0.003739580028118073,8.610051024653734e-05,5.604935137800782e-05,-7.261672166358757e-08,-6.429614032299469e-05,8.912780469216841e-06,0.0,0.0,0.0,0.0,0.0,0.0,0.0,0.0,0.0,0.0,0.0,0.0,0.0,0.0,0.0,0.0,0.0,0.0,0.0,0.0,0.0,0.0,0.0,0.0,0.0,0.0,0.0,0.0,0.0,0.0,0.0,0.0,0.0,0.0,0.0,0.0
72,424000000,odom,base_link,-1.699525161465596,0.09603887710057266,-0.10410286342882971,-1.800057020313151e-05,0.0031986658779073213,-4.297564959068688e-05,0.9999948831697463,0.0,0.0,0.0,0.0,0.0,0.0,0.0,0.0,0.0,0.0,0.0,0.0,0.0,0.0,0.0,0.0,0.0,0.0,0.0,0.0,0.0,0.0,0.0,0.0,0.0,0.0,0.0,0.0,0.0,0.0,0.0,0.0,0.0,0.0,0.0,0.0,0.0037379476554001588,8.612088640785113e-05,5.5656237754747324e-05,-3.88932306499834e-08,-6.264594034632864e-05,8.530282169516568e-06,0.0,0.0,0.0,0.0,0.0,0.0,0.0,0.0,0.0,0.0,0.0,0.0,0.0,0.0,0.0,0.0,0.0,0.0,0.0,0.0,0.0,0.0,0.0,0.0,0.0,0.0,0.0,0.0,0.0,0.0,0.0,0.0,0.0,0.0,0.0,0.0
72,458000000,odom,base_link,-1.6993980974677942,0.09604179486164627,-0.10410181111474115,-1.8003633056930733e-05,0.003197611302163111,-4.2846430404354304e-05,0.9999948865479328,0.0,0.0,0.0,0.0,0.0,0.0,0.0,0.0,0.0,0.0,0.0,0.0,0.0,0.0,0.0,0.0,0.0,0.0,0.0,0.0,0.0,0.0,0.0,0.0,0.0,0.0,0.0,0.0,0.0,0.0,0.0,0.0,0.0,0.0,0.0,0.0,0.003736319622563157,8.614370467736228e-05,5.441775057780391e-05,-4.7236147415405383e-07,-6.222408757139419e-05,7.222357112368627e-06,0.0,0.0,0.0,0.0,0.0,0.0,0.0,0.0,0.0,0.0,0.0,0.0,0.0,0.0,0.0,0.0,0.0,0.0,0.0,0.0,0.0,0.0,0.0,0.0,0.0,0.0,0.0,0.0,0.0,0.0,0.0,0.0,0.0,0.0,0.0,0.0
72,492000000,odom,base_link,-1.6992710891629141,0.0960447133167822,-0.10410075258849681,-1.8010854069783695e-05,0.0031965239203794633,-4.271173252344271e-05,0.9999948900300158,0.0,0.0,0.0,0.0,0.0,0.0,0.0,0.0,0.0,0.0,0.0,0.0,0.0,0.0,0.0,0.0,0.0,0.0,0.0,0.0,0.0,0.0,0.0,0.0,0.0,0.0,0.0,0.0,0.0,0.0,0.0,0.0,0.0,0.0,0.0,0.0,0.0037346762422855047,8.616102454030797e-05,5.5222843792350486e-05,-2.929563647224853e-07,-6.435077963828917e-05,8.302677478866372e-06,0.0,0.0,0.0,0.0,0.0,0.0,0.0,0.0,0.0,0.0,0.0,0.0,0.0,0.0,0.0,0.0,0.0,0.0,0.0,0.0,0.0,0.0,0.0,0.0,0.0,0.0,0.0,0.0,0.0,0.0,0.0,0.0,0.0,0.0,0.0,0.0
72,526000000,odom,base_link,-1.6991441364743218,0.09604763245094504,-0.1040996894302258,-1.801373983311919e-05,0.00319544732316648,-4.257114239959774e-05,0.9999948934767657,0.0,0.0,0.0,0.0,0.0,0.0,0.0,0.0,0.0,0.0,0.0,0.0,0.0,0.0,0.0,0.0,0.0,0.0,0.0,0.0,0.0,0.0,0.0,0.0,0.0,0.0,0.0,0.0,0.0,0.0,0.0,0.0,0.0,0.0,0.0,0.0,0.003733044116912316,8.618149647319095e-05,5.499914331473403e-05,-4.8347194477049715e-08,-6.232721858623336e-05,7.868818752143625e-06,0.0,0.0,0.0,0.0,0.0,0.0,0.0,0.0,0.0,0.0,0.0,0.0,0.0,0.0,0.0,0.0,0.0,0.0,0.0,0.0,0.0,0.0,0.0,0.0,0.0,0.0,0.0,0.0,0.0,0.0,0.0,0.0,0.0,0.0,0.0,0.0
72,560000000,odom,base_link,-1.6990172393327683,0.09605055236886997,-0.1040986537381991,-1.8013615393214962e-05,0.0031943977688153866,-4.244932309927922e-05,0.9999948968352085,0.0,0.0,0.0,0.0,0.0,0.0,0.0,0.0,0.0,0.0,0.0,0.0,0.0,0.0,0.0,0.0,0.0,0.0,0.0,0.0,0.0,0.0,0.0,0.0,0.0,0.0,0.0,0.0,0.0,0.0,0.0,0.0,0.0,0.0,0.0,0.0,0.003731415367303954,8.620315265826038e-05,5.396719474687643e-05,5.1169504744486005e-08,-6.187531198520446e-05,6.93018313846494e-06,0.0,0.0,0.0,0.0,0.0,0.0,0.0,0.0,0.0,0.0,0.0,0.0,0.0,0.0,0.0,0.0,0.0,0.0,0.0,0.0,0.0,0.0,0.0,0.0,0.0,0.0,0.0,0.0,0.0,0.0,0.0,0.0,0.0,0.0,0.0,0.0
72,594000000,odom,base_link,-1.698890397872292,0.09605347295288032,-0.1040976055261934,-1.801422219813298e-05,0.0031933144821301445,-4.231670539384449e-05,0.9999949003006977,0.0,0.0,0.0,0.0,0.0,0.0,0.0,0.0,0.0,0.0,0.0,0.0,0.0,0.0,0.0,0.0,0.0,0.0,0.0,0.0,0.0,0.0,0.0,0.0,0.0,0.0,0.0,0.0,0.0,0.0,0.0,0.0,0.0,0.0,0.0,0.0,0.0037297713514205092,8.622023053554291e-05,5.490362722068526e-05,-2.9438215407018298e-08,-6.415310807028618e-05,8.258631112312287e-06,0.0,0.0,0.0,0.0,0.0,0.0,0.0,0.0,0.0,0.0,0.0,0.0,0.0,0.0,0.0,0.0,0.0,0.0,0.0,0.0,0.0,0.0,0.0,0.0,0.0,0.0,0.0,0.0,0.0,0.0,0.0,0.0,0.0,0.0,0.0,0.0
72,628000000,odom,base_link,-1.6987636120034872,0.0960563942156673,-0.10409654814072669,-1.8015234160924086e-05,0.0031922430019670233,-4.2176660697563226e-05,0.9999949037276126,0.0,0.0,0.0,0.0,0.0,0.0,0.0,0.0,0.0,0.0,0.0,0.0,0.0,0.0,0.0,0.0,0.0,0.0,0.0,0.0,0.0,0.0,0.0,0.0,0.0,0.0,0.0,0.0,0.0,0.0,0.0,0.0,0.0,0.0,0.0,0.0,0.003728139107911981,8.624069297413934e-05,5.482262016104413e-05,-2.347767796145872e-08,-6.20762193648261e-05,7.869054030607003e-06,0.0,0.0,0.0,0.0,0.0,0.0,0.0,0.0,0.0,0.0,0.0,0.0,0.0,0.0,0.0,0.0,0.0,0.0,0.0,0.0,0.0,0.0,0.0,0.0,0.0,0.0,0.0,0.0,0.0,0.0,0.0,0.0,0.0,0.0,0.0,0.0
72,662000000,odom,base_link,-1.6986368816719102,0.09605931624626089,-0.10409550973482683,-1.801608836372573e-05,0.0031911932225664004,-4.2051875316634713e-05,0.9999949070834694,0.0,0.0,0.0,0.0,0.0,0.0,0.0,0.0,0.0,0.0,0.0,0.0,0.0,0.0,0.0,0.0,0.0,0.0,0.0,0.0,0.0,0.0,0.0,0.0,0.0,0.0,0.0,0.0,0.0,0.0,0.0,0.0,0.0,0.0,0.0,0.0,0.0037265070822730777,8.626143793668208e-05,5.430579891267071e-05,-3.519311595617802e-08,-6.234740936861272e-05,7.3246900100798484e-06,0.0,0.0,0.0,0.0,0.0,0.0,0.0,0.0,0.0,0.0,0.0,0.0,0.0,0.0,0.0,0.0,0.0,0.0,0.0,0.0,0.0,0.0,0.0,0.0,0.0,0.0,0.0,0.0,0.0,0.0,0.0,0.0,0.0,0.0,0.0,0.0
72,696000000,odom,base_link,-1.698510207004863,0.09606223892622423,-0.10409444568890704,-1.801770109612427e-05,0.0031901086630816977,-4.191307474389869e-05,0.9999949105497359,0.0,0.0,0.0,0.0,0.0,0.0,0.0,0.0,0.0,0.0,0.0,0.0,0.0,0.0,0.0,0.0,0.0,0.0,0.0,0.0,0.0,0.0,0.0,0.0,0.0,0.0,0.0,0.0,0.0,0.0,0.0,0.0,0.0,0.0,0.0,0.0,0.003724863263218738,8.627844823027439e-05,5.533850593372071e-05,-7.64658281138253e-08,-6.410903594655792e-05,8.597114575792375e-06,0.0,0.0,0.0,0.0,0.0,0.0,0.0,0.0,0.0,0.0,0.0,0.0,0.0,0.0,0.0,0.0,0.0,0.0,0.0,0.0,0.0,0.0,0.0,0.0,0.0,0.0,0.0,0.0,0.0,0.0,0.0,0.0,0.0,0.0,0.0,0.0
72,730000000,odom,base_link,-1.6983835880906875,0.09606516230121857,-0.10409337064856049,-1.8018967040852146e-05,0.0031890408376501326,-4.177162706038732e-05,0.999994913961558,0.0,0.0,0.0,0.0,0.0,0.0,0.0,0.0,0.0,0.0,0.0,0.0,0.0,0.0,0.0,0.0,0.0,0.0,0.0,0.0,0.0,0.0,0.0,0.0,0.0,0.0,0.0,0.0,0.0,0.0,0.0,0.0,0.0,0.0,0.0,0.0,0.003723225231142909,8.62995464601483e-05,5.5291449361482225e-05,-2.1459627824738092e-08,-6.189855881189033e-05,7.850568284339943e-06,0.0,0.0,0.0,0.0,0.0,0.0,0.0,0.0,0.0,0.0,0.0,0.0,0.0,0.0,0.0,0.0,0.0,0.0,0.0,0.0,0.0,0.0,0.0,0.0,0.0,0.0,0.0,0.0,0.0,0.0,0.0,0.0,0.0,0.0,0.0,0.0
72,764000000,odom,base_link,-1.69825702473253,0.09606808645329837,-0.10409231194390613,-1.8019604801350865e-05,0.003187991244266274,-4.164819732640183e-05,0.9999949173133571,0.0,0.0,0.0,0.0,0.0,0.0,0.0,0.0,0.0,0.0,0.0,0.0,0.0,0.0,0.0,0.0,0.0,0.0,0.0,0.0,0.0,0.0,0.0,0.0,0.0,0.0,0.0,0.0,0.0,0.0,0.0,0.0,0.0,0.0,0.0,0.0,0.003721592013578982,8.6320294121785e-05,5.497084411317027e-05,-2.4417785154939864e-08,-6.252558222286098e-05,7.290031156514942e-06,0.0,0.0,0.0,0.0,0.0,0.0,0.0,0.0,0.0,0.0,0.0,0.0,0.0,0.0,0.0,0.0,0.0,0.0,0.0,0.0,0.0,0.0,0.0,0.0,0.0,0.0,0.0,0.0,0.0,0.0,0.0,0.0,0.0,0.0,0.0,0.0
72,798000000,odom,base_link,-1.6981305170275376,0.09607101125234933,-0.1040912242756517,-1.8021070587068775e-05,0.0031869067695011206,-4.1510612840025974e-05,0.999994920775777,0.0,0.0,0.0,0.0,0.0,0.0,0.0,0.0,0.0,0.0,0.0,0.0,0.0,0.0,0.0,0.0,0.0,0.0,0.0,0.0,0.0,0.0,0.0,0.0,0.0,0.0,0.0,0.0,0.0,0.0,0.0,0.0,0.0,0.0,0.0,0.0,0.0037199489476880863,8.633735322582538e-05,5.5961142293749505e-05,-6.907010102752409e-08,-6.405609624948738e-05,8.506749438197403e-06,0.0,0.0,0.0,0.0,0.0,0.0,0.0,0.0,0.0,0.0,0.0,0.0,0.0,0.0,0.0,0.0,0.0,0.0,0.0,0.0,0.0,0.0,0.0,0.0,0.0,0.0,0.0,0.0,0.0,0.0,0.0,0.0,0.0,0.0,0.0,0.0
72,832000000,odom,base_link,-1.6980040650567596,0.09607393673383607,-0.10409012736749415,-1.8022363466226688e-05,0.0031858367679273585,-4.136812070330738e-05,0.9999949241910986,0.0,0.0,0.0,0.0,0.0,0.0,0.0,0.0,0.0,0.0,0.0,0.0,0.0,0.0,0.0,0.0,0.0,0.0,0.0,0.0,0.0,0.0,0.0,0.0,0.0,0.0,0.0,0.0,0.0,0.0,0.0,0.0,0.0,0.0,0.0,0.0,0.003718311314719863,8.635792574477352e-05,5.5870642024455374e-05,-2.523951915522904e-08,-6.202773903396519e-05,7.96684753723298e-06,0.0,0.0,0.0,0.0,0.0,0.0,0.0,0.0,0.0,0.0,0.0,0.0,0.0,0.0,0.0,0.0,0.0,0.0,0.0,0.0,0.0,0.0,0.0,0.0,0.0,0.0,0.0,0.0,0.0,0.0,0.0,0.0,0.0,0.0,0.0,0.0
72,866000000,odom,base_link,-1.6978776686487271,0.09607686297942121,-0.10408904512747491,-1.8023114620116844e-05,0.0031847839482326786,-4.124109120591492e-05,0.9999949275499066,0.0,0.0,0.0,0.0,0.0,0.0,0.0,0.0,0.0,0.0,0.0,0.0,0.0,0.0,0.0,0.0,0.0,0.0,0.0,0.0,0.0,0.0,0.0,0.0,0.0,0.0,0.0,0.0,0.0,0.0,0.0,0.0,0.0,0.0,0.0,0.0,0.003716677425352885,8.637827447444257e-05,5.568700828356525e-05,-3.10369419401213e-08,-6.275602828509363e-05,7.562757842194401e-06,0.0,0.0,0.0,0.0,0.0,0.0,0.0,0.0,0.0,0.0,0.0,0.0,0.0,0.0,0.0,0.0,0.0,0.0,0.0,0.0,0.0,0.0,0.0,0.0,0.0,0.0,0.0,0.0,0.0,0.0,0.0,0.0,0.0,0.0,0.0,0.0
72,900000000,odom,base_link,-1.697751327875734,0.09607978987292119,-0.10408793498984242,-1.8024587972846242e-05,0.00318370024717541,-4.1100626628408053e-05,0.9999949310064471,0.0,0.0,0.0,0.0,0.0,0.0,0.0,0.0,0.0,0.0,0.0,0.0,0.0,0.0,0.0,0.0,0.0,0.0,0.0,0.0,0.0,0.0,0.0,0.0,0.0,0.0,0.0,0.0,0.0,0.0,0.0,0.0,0.0,0.0,0.0,0.0,0.0037150360572164457,8.63955637913053e-05,5.650370273357899e-05,-6.670774835293436e-08,-6.393841758267627e-05,8.623175329347532e-06,0.0,0.0,0.0,0.0,0.0,0.0,0.0,0.0,0.0,0.0,0.0,0.0,0.0,0.0,0.0,0.0,0.0,0.0,0.0,0.0,0.0,0.0,0.0,0.0,0.0,0.0,0.0,0.0,0.0,0.0,0.0,0.0,0.0,0.0,0.0,0.0
72,934000000,odom,base_link,-1.6976250426519908,0.09608271738787427,-0.1040867907764953,-1.8026467234203316e-05,0.003182610361042287,-4.094051131587487e-05,0.9999949344822757,0.0,0.0,0.0,0.0,0.0,0.0,0.0,0.0,0.0,0.0,0.0,0.0,0.0,0.0,0.0,0.0,0.0,0.0,0.0,0.0,0.0,0.0,0.0,0.0,0.0,0.0,0.0,0.0,0.0,0.0,0.0,0.0,0.0,0.0,0.0,0.0,0.0037133948980675054,8.641234688071191e-05,5.771853894398475e-05,-8.250930008668611e-08,-6.432722443605599e-05,9.870195860628428e-06,0.0,0.0,0.0,0.0,0.0,0.0,0.0,0.0,0.0,0.0,0.0,0.0,0.0,0.0,0.0,0.0,0.0,0.0,0.0,0.0,0.0,0.0,0.0,0.0,0.0,0.0,0.0,0.0,0.0,0.0,0.0,0.0,0.0,0.0,0.0,0.0
72,968000000,odom,base_link,-1.6974988130148603,0.09608564555681973,-0.1040856260697982,-1.8028177747823974e-05,0.0031815273498807797,-4.076841190654233e-05,0.9999949379355094,0.0,0.0,0.0,0.0,0.0,0.0,0.0,0.0,0.0,0.0,0.0,0.0,0.0,0.0,0.0,0.0,0.0,0.0,0.0,0.0,0.0,0.0,0.0,0.0,0.0,0.0,0.0,0.0,0.0,0.0,0.0,0.0,0.0,0.0,0.0,0.0,0.00371176072030461,8.643205341633773e-05,5.782862072326652e-05,-3.546021341144234e-08,-6.270854129297732e-05,9.666386979745312e-06,0.0,0.0,0.0,0.0,0.0,0.0,0.0,0.0,0.0,0.0,0.0,0.0,0.0,0.0,0.0,0.0,0.0,0.0,0.0,0.0,0.0,0.0,0.0,0.0,0.0,0.0,0.0,0.0,0.0,0.0,0.0,0.0,0.0,0.0,0.0,0.0
73,2000000,odom,base_link,-1.6973726388747503,0.09608857456262218,-0.10408448592552327,-1.8028567185969667e-05,0.0031804802663688964,-4.062852098748058e-05,0.9999949412719893,0.0,0.0,0.0,0.0,0.0,0.0,0.0,0.0,0.0,0.0,0.0,0.0,0.0,0.0,0.0,0.0,0.0,0.0,0.0,0.0,0.0,0.0,0.0,0.0,0.0,0.0,0.0,0.0,0.0,0.0,0.0,0.0,0.0,0.0,0.0,0.0,0.0037101352967554855,8.645599905821337e-05,5.661247216361101e-05,1.9172391105271025e-08,-6.12365234076151e-05,7.4933097948814975e-06,0.0,0.0,0.0,0.0,0.0,0.0,0.0,0.0,0.0,0.0,0.0,0.0,0.0,0.0,0.0,0.0,0.0,0.0,0.0,0.0,0.0,0.0,0.0,0.0,0.0,0.0,0.0,0.0,0.0,0.0,0.0,0.0,0.0,0.0,0.0,0.0
73,36000000,odom,base_link,-1.6972465203185996,0.09609150431712551,-0.10408334810748432,-1.802935061013837e-05,0.0031794158609042104,-4.049982441850372e-05,0.9999949446619669,0.0,0.0,0.0,0.0,0.0,0.0,0.0,0.0,0.0,0.0,0.0,0.0,0.0,0.0,0.0,0.0,0.0,0.0,0.0,0.0,0.0,0.0,0.0,0.0,0.0,0.0,0.0,0.0,0.0,0.0,0.0,0.0,0.0,0.0,0.0,0.0,0.003708494879103011,8.647502530394522e-05,5.7317359201464526e-05,-4.1060035232964864e-08,-6.362912898794093e-05,7.781138489093564e-06,0.0,0.0,0.0,0.0,0.0,0.0,0.0,0.0,0.0,0.0,0.0,0.0,0.0,0.0,0.0,0.0,0.0,0.0,0.0,0.0,0.0,0.0,0.0,0.0,0.0,0.0,0.0,0.0,0.0,0.0,0.0,0.0,0.0,0.0,0.0,0.0
73,70000000,odom,base_link,-1.6971204573792324,0.09609443475572584,-0.10408220413046576,-1.803026247796373e-05,0.0031783376280211505,-4.036705173799006e-05,0.9999949480949056,0.0,0.0,0.0,0.0,0.0,0.0,0.0,0.0,0.0,0.0,0.0,0.0,0.0,0.0,0.0,0.0,0.0,0.0,0.0,0.0,0.0,0.0,0.0,0.0,0.0,0.0,0.0,0.0,0.0,0.0,0.0,0.0,0.0,0.0,0.0,0.0,0.003706862983351234,8.649509506638963e-05,5.703827050040511e-05,-3.5537766306104057e-09,-6.263089744606987e-05,7.473615859510119e-06,0.0,0.0,0.0,0.0,0.0,0.0,0.0,0.0,0.0,0.0,0.0,0.0,0.0,0.0,0.0,0.0,0.0,0.0,0.0,0.0,0.0,0.0,0.0,0.0,0.0,0.0,0.0,0.0,0.0,0.0,0.0,0.0,0.0,0.0,0.0,0.0
73,104000000,odom,base_link,-1.696994449940699,0.09609736597918465,-0.1040810945543202,-1.8032090566165583e-05,0.0031772879868504494,-4.0255077978338576e-05,0.9999949514349665,0.0,0.0,0.0,0.0,0.0,0.0,0.0,0.0,0.0,0.0,0.0,0.0,0.0,0.0,0.0,0.0,0.0,0.0,0.0,0.0,0.0,0.0,0.0,0.0,0.0,0.0,0.0,0.0,0.0,0.0,0.0,0.0,0.0,0.0,0.0,0.0,0.0037052388646874276,8.651755196786333e-05,5.5635910438487355e-05,-2.8292964490347905e-07,-6.148336382238995e-05,6.1653462779531765e-06,0.0,0.0,0.0,0.0,0.0,0.0,0.0,0.0,0.0,0.0,0.0,0.0,0.0,0.0,0.0,0.0,0.0,0.0,0.0,0.0,0.0,0.0,0.0,0.0,0.0,0.0,0.0,0.0,0.0,0.0,0.0,0.0,0.0,0.0,0.0,0.0
73,138000000,odom,base_link,-1.69686849808991,0.09610029788322674,-0.1040799866547653,-1.8039621651037485e-05,0.0031762124193278644,-4.013683706917741e-05,0.9999949548564101,0.0,0.0,0.0,0.0,0.0,0.0,0.0,0.0,0.0,0.0,0.0,0.0,0.0,0.0,0.0,0.0,0.0,0.0,0.0,0.0,0.0,0.0,0.0,0.0,0.0,0.0,0.0,0.0,0.0,0.0,0.0,0.0,0.0,0.0,0.0,0.0,0.003703599017664888,8.653442607075005e-05,5.631730949198254e-05,-3.04487110525109e-07,-6.381900661267537e-05,7.441684690689954e-06,0.0,0.0,0.0,0.0,0.0,0.0,0.0,0.0,0.0,0.0,0.0,0.0,0.0,0.0,0.0,0.0,0.0,0.0,0.0,0.0,0.0,0.0,0.0,0.0,0.0,0.0,0.0,0.0,0.0,0.0,0.0,0.0,0.0,0.0,0.0,0.0
73,172000000,odom,base_link,-1.6967426017992713,0.09610323041213752,-0.10407887766132468,-1.8042462191992308e-05,0.003175137410170478,-4.000318602442888e-05,0.9999949582756111,0.0,0.0,0.0,0.0,0.0,0.0,0.0,0.0,0.0,0.0,0.0,0.0,0.0,0.0,0.0,0.0,0.0,0.0,0.0,0.0,0.0,0.0,0.0,0.0,0.0,0.0,0.0,0.0,0.0,0.0,0.0,0.0,0.0,0.0,0.0,0.0,0.0037019693444518393,8.65530555434684e-05,5.592677177671182e-05,-4.006544176288207e-08,-6.229270681501475e-05,7.722997352743732e-06,0.0,0.0,0.0,0.0,0.0,0.0,0.0,0.0,0.0,0.0,0.0,0.0,0.0,0.0,0.0,0.0,0.0,0.0,0.0,0.0,0.0,0.0,0.0,0.0,0.0,0.0,0.0,0.0,0.0,0.0,0.0,0.0,0.0,0.0,0.0,0.0
73,206000000,odom,base_link,-1.696616760973459,0.09610616367629189,-0.10407780500335206,-1.8042130569675322e-05,0.003174092661109238,-3.987985569078e-05,0.9999949615972359,0.0,0.0,0.0,0.0,0.0,0.0,0.0,0.0,0.0,0.0,0.0,0.0,0.0,0.0,0.0,0.0,0.0,0.0,0.0,0.0,0.0,0.0,0.0,0.0,0.0,0.0,0.0,0.0,0.0,0.0,0.0,0.0,0.0,0.0,0.0,0.0,0.0037003460170774577,8.657379466059598e-05,5.449021293880715e-05,7.197150375670702e-08,-6.130270833182294e-05,7.053393558109633e-06,0.0,0.0,0.0,0.0,0.0,0.0,0.0,0.0,0.0,0.0,0.0,0.0,0.0,0.0,0.0,0.0,0.0,0.0,0.0,0.0,0.0,0.0,0.0,0.0,0.0,0.0,0.0,0.0,0.0,0.0,0.0,0.0,0.0,0.0,0.0,0.0
73,240000000,odom,base_link,-1.6964909757296018,0.09610909760034544,-0.10407673456428632,-1.804229862406631e-05,0.003173019048755862,-3.974704321766516e-05,0.9999949650097066,0.0,0.0,0.0,0.0,0.0,0.0,0.0,0.0,0.0,0.0,0.0,0.0,0.0,0.0,0.0,0.0,0.0,0.0,0.0,0.0,0.0,0.0,0.0,0.0,0.0,0.0,0.0,0.0,0.0,0.0,0.0,0.0,0.0,0.0,0.0,0.0,0.0036987066355668,8.659087933276234e-05,5.515121082614036e-05,-4.9364713028019966e-09,-6.365585534240381e-05,8.246587857030363e-06,0.0,0.0,0.0,0.0,0.0,0.0,0.0,0.0,0.0,0.0,0.0,0.0,0.0,0.0,0.0,0.0,0.0,0.0,0.0,0.0,0.0,0.0,0.0,0.0,0.0,0.0,0.0,0.0,0.0,0.0,0.0,0.0,0.0,0.0,0.0,0.0
73,274000000,odom,base_link,-1.6963652460109724,0.09611203218294533,-0.1040756623600799,-1.8043018789254945e-05,0.0031719495332559813,-3.9604342555220676e-05,0.9999949684083935,0.0,0.0,0.0,0.0,0.0,0.0,0.0,0.0,0.0,0.0,0.0,0.0,0.0,0.0,0.0,0.0,0.0,0.0,0.0,0.0,0.0,0.0,0.0,0.0,0.0,0.0,0.0,0.0,0.0,0.0,0.0,0.0,0.0,0.0,0.0,0.0,0.0036970777620921403,8.661070654436643e-05,5.482277569273838e-05,-8.367827177696574e-09,-6.193457977587968e-05,8.026690512252799e-06,0.0,0.0,0.0,0.0,0.0,0.0,0.0,0.0,0.0,0.0,0.0,0.0,0.0,0.0,0.0,0.0,0.0,0.0,0.0,0.0,0.0,0.0,0.0,0.0,0.0,0.0,0.0,0.0,0.0,0.0,0.0,0.0,0.0,0.0,0.0,0.0
73,308000000,odom,base_link,-1.6962395717239103,0.09611496754643604,-0.10407462033341297,-1.804607887914377e-05,0.0031709086335800466,-3.948101448176977e-05,0.9999949717143712,0.0,0.0,0.0,0.0,0.0,0.0,0.0,0.0,0.0,0.0,0.0,0.0,0.0,0.0,0.0,0.0,0.0,0.0,0.0,0.0,0.0,0.0,0.0,0.0,0.0,0.0,0.0,0.0,0.0,0.0,0.0,0.0,0.0,0.0,0.0,0.0,0.003695453112414847,8.66327654949099e-05,5.376484445041771e-05,-5.140384052443325e-07,-6.125224132347284e-05,6.975044275492337e-06,0.0,0.0,0.0,0.0,0.0,0.0,0.0,0.0,0.0,0.0,0.0,0.0,0.0,0.0,0.0,0.0,0.0,0.0,0.0,0.0,0.0,0.0,0.0,0.0,0.0,0.0,0.0,0.0,0.0,0.0,0.0,0.0,0.0,0.0,0.0,0.0
73,342000000,odom,base_link,-1.6961139529839022,0.09611790358542094,-0.10407356658901865,-1.8052776442928648e-05,0.0031698362751749758,-3.93506765556816e-05,0.9999949751191803,0.0,0.0,0.0,0.0,0.0,0.0,0.0,0.0,0.0,0.0,0.0,0.0,0.0,0.0,0.0,0.0,0.0,0.0,0.0,0.0,0.0,0.0,0.0,0.0,0.0,0.0,0.0,0.0,0.0,0.0,0.0,0.0,0.0,0.0,0.0,0.0,0.0036938131386977367,8.664979775288695e-05,5.46344804910109e-05,-2.652241620770823e-07,-6.351362031864483e-05,8.030237719225397e-06,0.0,0.0,0.0,0.0,0.0,0.0,0.0,0.0,0.0,0.0,0.0,0.0,0.0,0.0,0.0,0.0,0.0,0.0,0.0,0.0,0.0,0.0,0.0,0.0,0.0,0.0,0.0,0.0,0.0,0.0,0.0,0.0,0.0,0.0,0.0,0.0
73,376000000,odom,base_link,-1.6959883897390047,0.09612084028989075,-0.10407250652602189,-1.8055276320359693e-05,0.0031687711115389603,-3.921385073952152e-05,0.9999949785003541,0.0,0.0,0.0,0.0,0.0,0.0,0.0,0.0,0.0,0.0,0.0,0.0,0.0,0.0,0.0,0.0,0.0,0.0,0.0,0.0,0.0,0.0,0.0,0.0,0.0,0.0,0.0,0.0,0.0,0.0,0.0,0.0,0.0,0.0,0.0,0.0,0.0036921839965050863,8.666981609094282e-05,5.448906571123536e-05,-2.815972344628187e-08,-6.172240176738342e-05,7.68192442990312e-06,0.0,0.0,0.0,0.0,0.0,0.0,0.0,0.0,0.0,0.0,0.0,0.0,0.0,0.0,0.0,0.0,0.0,0.0,0.0,0.0,0.0,0.0,0.0,0.0,0.0,0.0,0.0,0.0,0.0,0.0,0.0,0.0,0.0,0.0,0.0,0.0
73,410000000,odom,base_link,-1.6958628819076234,0.09612377775982073,-0.10407146661214568,-1.8054843963991615e-05,0.0031677316462231813,-3.909387456999327e-05,0.9999949817983634,0.0,0.0,0.0,0.0,0.0,0.0,0.0,0.0,0.0,0.0,0.0,0.0,0.0,0.0,0.0,0.0,0.0,0.0,0.0,0.0,0.0,0.0,0.0,0.0,0.0,0.0,0.0,0.0,0.0,0.0,0.0,0.0,0.0,0.0,0.0,0.0,0.0036905568409211923,8.66907994685961e-05,5.3903128548516526e-05,6.005064744074584e-08,-6.127444009962346e-05,6.947906028287321e-06,0.0,0.0,0.0,0.0,0.0,0.0,0.0,0.0,0.0,0.0,0.0,0.0,0.0,0.0,0.0,0.0,0.0,0.0,0.0,0.0,0.0,0.0,0.0,0.0,0.0,0.0,0.0,0.0,0.0,0.0,0.0,0.0,0.0,0.0,0.0,0.0
73,444000000,odom,base_link,-1.6957374296090975,0.09612671588827211,-0.10407040562126091,-1.805507929821818e-05,0.0031666610835338533,-3.8963585757114735e-05,0.9999949851941434,0.0,0.0,0.0,0.0,0.0,0.0,0.0,0.0,0.0,0.0,0.0,0.0,0.0,0.0,0.0,0.0,0.0,0.0,0.0,0.0,0.0,0.0,0.0,0.0,0.0,0.0,0.0,0.0,0.0,0.0,0.0,0.0,0.0,0.0,0.0,0.0,0.0036889170807219095,8.670810084942652e-05,5.480009427608055e-05,-3.68196658600585e-09,-6.33487907464314e-05,8.033480636271406e-06,0.0,0.0,0.0,0.0,0.0,0.0,0.0,0.0,0.0,0.0,0.0,0.0,0.0,0.0,0.0,0.0,0.0,0.0,0.0,0.0,0.0,0.0,0.0,0.0,0.0,0.0,0.0,0.0,0.0,0.0,0.0,0.0,0.0,0.0,0.0,0.0
73,478000000,odom,base_link,-1.6956120327742388,0.09612965469960526,-0.10406933790153625,-1.805559879855873e-05,0.0031656025855314523,-3.882953032952053e-05,0.9999949885507095,0.0,0.0,0.0,0.0,0.0,0.0,0.0,0.0,0.0,0.0,0.0,0.0,0.0,0.0,0.0,0.0,0.0,0.0,0.0,0.0,0.0,0.0,0.0,0.0,0.0,0.0,0.0,0.0,0.0,0.0,0.0,0.0,0.0,0.0,0.0,0.0,0.0036872889471026094,8.672868580351502e-05,5.463856306252139e-05,3.3514585529546836e-09,-6.135754873071164e-05,7.459263251519133e-06,0.0,0.0,0.0,0.0,0.0,0.0,0.0,0.0,0.0,0.0,0.0,0.0,0.0,0.0,0.0,0.0,0.0,0.0,0.0,0.0,0.0,0.0,0.0,0.0,0.0,0.0,0.0,0.0,0.0,0.0,0.0,0.0,0.0,0.0,0.0,0.0
73,512000000,odom,base_link,-1.6954866913539208,0.09613259427781717,-0.10406829227044148,-1.805597737300024e-05,0.0031645646869194128,-3.8713253737465175e-05,0.9999949918402632,0.0,0.0,0.0,0.0,0.0,0.0,0.0,0.0,0.0,0.0,0.0,0.0,0.0,0.0,0.0,0.0,0.0,0.0,0.0,0.0,0.0,0.0,0.0,0.0,0.0,0.0,0.0,0.0,0.0,0.0,0.0,0.0,0.0,0.0,0.0,0.0,0.0036856611823140343,8.674945523898169e-05,5.402688396338169e-05,-9.350108046753819e-09,-6.164067016811714e-05,6.780266259553969e-06,0.0,0.0,0.0,0.0,0.0,0.0,0.0,0.0,0.0,0.0,0.0,0.0,0.0,0.0,0.0,0.0,0.0,0.0,0.0,0.0,0.0,0.0,0.0,0.0,0.0,0.0,0.0,0.0,0.0,0.0,0.0,0.0,0.0,0.0,0.0,0.0
73,546000000,odom,base_link,-1.6953614054704074,0.09613553450095362,-0.104067224443272,-1.8057104656417874e-05,0.0031634925915943438,-3.8584776720572986e-05,0.9999949952373656,0.0,0.0,0.0,0.0,0.0,0.0,0.0,0.0,0.0,0.0,0.0,0.0,0.0,0.0,0.0,0.0,0.0,0.0,0.0,0.0,0.0,0.0,0.0,0.0,0.0,0.0,0.0,0.0,0.0,0.0,0.0,0.0,0.0,0.0,0.0,0.0,0.0036840218460051297,8.676640600748495e-05,5.495617422884384e-05,-5.0275526103371604e-08,-6.336959401664899e-05,7.957713599182625e-06,0.0,0.0,0.0,0.0,0.0,0.0,0.0,0.0,0.0,0.0,0.0,0.0,0.0,0.0,0.0,0.0,0.0,0.0,0.0,0.0,0.0,0.0,0.0,0.0,0.0,0.0,0.0,0.0,0.0,0.0,0.0,0.0,0.0,0.0,0.0,0.0
73,580000000,odom,base_link,-1.695236175050832,0.09613847538831755,-0.10406615006515361,-1.805809871642158e-05,0.003162432755134464,-3.8449417516268544e-05,0.9999949985948013,0.0,0.0,0.0,0.0,0.0,0.0,0.0,0.0,0.0,0.0,0.0,0.0,0.0,0.0,0.0,0.0,0.0,0.0,0.0,0.0,0.0,0.0,0.0,0.0,0.0,0.0,0.0,0.0,0.0,0.0,0.0,0.0,0.0,0.0,0.0,0.0,0.0036823938136027164,8.678640690398996e-05,5.4768555464168925e-05,-7.231741420976601e-09,-6.13620763090239e-05,7.584285954820302e-06,0.0,0.0,0.0,0.0,0.0,0.0,0.0,0.0,0.0,0.0,0.0,0.0,0.0,0.0,0.0,0.0,0.0,0.0,0.0,0.0,0.0,0.0,0.0,0.0,0.0,0.0,0.0,0.0,0.0,0.0,0.0,0.0,0.0,0.0,0.0,0.0
73,614000000,odom,base_link,-1.6951110000366452,0.09614141703016539,-0.10406509614193032,-1.8058410146111266e-05,0.0031613942444341132,-3.8329808139028446e-05,0.9999950018830849,0.0,0.0,0.0,0.0,0.0,0.0,0.0,0.0,0.0,0.0,0.0,0.0,0.0,0.0,0.0,0.0,0.0,0.0,0.0,0.0,0.0,0.0,0.0,0.0,0.0,0.0,0.0,0.0,0.0,0.0,0.0,0.0,0.0,0.0,0.0,0.0,0.0036807651261329412,8.680676754086777e-05,5.433506788777932e-05,-3.3098033428574647e-09,-6.181687339790187e-05,7.054293815755841e-06,0.0,0.0,0.0,0.0,0.0,0.0,0.0,0.0,0.0,0.0,0.0,0.0,0.0,0.0,0.0,0.0,0.0,0.0,0.0,0.0,0.0,0.0,0.0,0.0,0.0,0.0,0.0,0.0,0.0,0.0,0.0,0.0,0.0,0.0,0.0,0.0
73,648000000,odom,base_link,-1.6949858805455922,0.09614435931400442,-0.10406401682475472,-1.8059408209468033e-05,0.003160322802986646,-3.819780062335202e-05,0.9999950052748097,0.0,0.0,0.0,0.0,0.0,0.0,0.0,0.0,0.0,0.0,0.0,0.0,0.0,0.0,0.0,0.0,0.0,0.0,0.0,0.0,0.0,0.0,0.0,0.0,0.0,0.0,0.0,0.0,0.0,0.0,0.0,0.0,0.0,0.0,0.0,0.0,0.003679126555983338,8.682382373490948e-05,5.522503157992312e-05,-4.137166130513403e-08,-6.327513730752798e-05,8.13144671596433e-06,0.0,0.0,0.0,0.0,0.0,0.0,0.0,0.0,0.0,0.0,0.0,0.0,0.0,0.0,0.0,0.0,0.0,0.0,0.0,0.0,0.0,0.0,0.0,0.0,0.0,0.0,0.0,0.0,0.0,0.0,0.0,0.0,0.0,0.0,0.0,0.0
73,682000000,odom,base_link,-1.6948608164689458,0.09614730229321504,-0.10406293143401982,-1.806010069056193e-05,0.003159271376097414,-3.806677948259295e-05,0.9999950086021056,0.0,0.0,0.0,0.0,0.0,0.0,0.0,0.0,0.0,0.0,0.0,0.0,0.0,0.0,0.0,0.0,0.0,0.0,0.0,0.0,0.0,0.0,0.0,0.0,0.0,0.0,0.0,0.0,0.0,0.0,0.0,0.0,0.0,0.0,0.0,0.0,0.003677500007907139,8.684492191129897e-05,5.5017980598447676e-05,4.8551875546235315e-09,-6.102449958689249e-05,7.2222549274414405e-06,0.0,0.0,0.0,0.0,0.0,0.0,0.0,0.0,0.0,0.0,0.0,0.0,0.0,0.0,0.0,0.0,0.0,0.0,0.0,0.0,0.0,0.0,0.0,0.0,0.0,0.0,0.0,0.0,0.0,0.0,0.0,0.0,0.0,0.0,0.0,0.0
73,716000000,odom,base_link,-1.6947358077975687,0.09615024603118263,-0.10406186598062674,-1.8060362466359438e-05,0.003158233570224239,-3.795314776261386e-05,0.9999950118846083,0.0,0.0,0.0,0.0,0.0,0.0,0.0,0.0,0.0,0.0,0.0,0.0,0.0,0.0,0.0,0.0,0.0,0.0,0.0,0.0,0.0,0.0,0.0,0.0,0.0,0.0,0.0,0.0,0.0,0.0,0.0,0.0,0.0,0.0,0.0,0.0,0.003675870512259065,8.686506696494917e-05,5.470685765684094e-05,-7.482474125838695e-09,-6.194956156946319e-05,6.7831606553880874e-06,0.0,0.0,0.0,0.0,0.0,0.0,0.0,0.0,0.0,0.0,0.0,0.0,0.0,0.0,0.0,0.0,0.0,0.0,0.0,0.0,0.0,0.0,0.0,0.0,0.0,0.0,0.0,0.0,0.0,0.0,0.0,0.0,0.0,0.0,0.0,0.0
73,750000000,odom,base_link,-1.6946108546377976,0.0961531903982963,-0.10406077421261227,-1.806143468377592e-05,0.0031571622769452712,-3.782485615513408e-05,0.9999950152722872,0.0,0.0,0.0,0.0,0.0,0.0,0.0,0.0,0.0,0.0,0.0,0.0,0.0,0.0,0.0,0.0,0.0,0.0,0.0,0.0,0.0,0.0,0.0,0.0,0.0,0.0,0.0,0.0,0.0,0.0,0.0,0.0,0.0,0.0,0.0,0.0,0.0036742330082683836,8.688186807915882e-05,5.55028957248165e-05,-4.676195576591713e-08,-6.322942169845192e-05,7.939788115862711e-06,0.0,0.0,0.0,0.0,0.0,0.0,0.0,0.0,0.0,0.0,0.0,0.0,0.0,0.0,0.0,0.0,0.0,0.0,0.0,0.0,0.0,0.0,0.0,0.0,0.0,0.0,0.0,0.0,0.0,0.0,0.0,0.0,0.0,0.0,0.0,0.0
73,784000000,odom,base_link,-1.6944859569671176,0.09615613536935026,-0.10405965800469795,-1.8062910736882442e-05,0.0031560830770003064,-3.767625624228846e-05,0.9999950186845142,0.0,0.0,0.0,0.0,0.0,0.0,0.0,0.0,0.0,0.0,0.0,0.0,0.0,0.0,0.0,0.0,0.0,0.0,0.0,0.0,0.0,0.0,0.0,0.0,0.0,0.0,0.0,0.0,0.0,0.0,0.0,0.0,0.0,0.0,0.0,0.0,0.0036725956353190524,8.689827267974366e-05,5.6417159943321166e-05,-6.098931012998854e-08,-6.360820279383006e-05,9.214006535529506e-06,0.0,0.0,0.0,0.0,0.0,0.0,0.0,0.0,0.0,0.0,0.0,0.0,0.0,0.0,0.0,0.0,0.0,0.0,0.0,0.0,0.0,0.0,0.0,0.0,0.0,0.0,0.0,0.0,0.0,0.0,0.0,0.0,0.0,0.0,0.0,0.0
73,818000000,odom,base_link,-1.694361114756183,0.09615908096813791,-0.10405852220128774,-1.8063301442913504e-05,0.003155012034704671,-3.7513331448006904e-05,0.999995022070374,0.0,0.0,0.0,0.0,0.0,0.0,0.0,0.0,0.0,0.0,0.0,0.0,0.0,0.0,0.0,0.0,0.0,0.0,0.0,0.0,0.0,0.0,0.0,0.0,0.0,0.0,0.0,0.0,0.0,0.0,0.0,0.0,0.0,0.0,0.0,0.0,0.003670965054683387,8.691705974414616e-05,5.652847991677065e-05,7.53855318447183e-08,-6.201883451240064e-05,9.242707399437222e-06,0.0,0.0,0.0,0.0,0.0,0.0,0.0,0.0,0.0,0.0,0.0,0.0,0.0,0.0,0.0,0.0,0.0,0.0,0.0,0.0,0.0,0.0,0.0,0.0,0.0,0.0,0.0,0.0,0.0,0.0,0.0,0.0,0.0,0.0,0.0,0.0
73,852000000,odom,base_link,-1.6942363279079053,0.09616202737008206,-0.10405740895957036,-1.806256150839829e-05,0.003153978261243817,-3.737810566997262e-05,0.9999950253365008,0.0,0.0,0.0,0.0,0.0,0.0,0.0,0.0,0.0,0.0,0.0,0.0,0.0,0.0,0.0,0.0,0.0,0.0,0.0,0.0,0.0,0.0,0.0,0.0,0.0,0.0,0.0,0.0,0.0,0.0,0.0,0.0,0.0,0.0,0.0,0.0,0.003669343151555972,8.694019659066933e-05,5.5414212940224584e-05,6.71835108378982e-08,-6.040268942797411e-05,7.300641158280996e-06,0.0,0.0,0.0,0.0,0.0,0.0,0.0,0.0,0.0,0.0,0.0,0.0,0.0,0.0,0.0,0.0,0.0,0.0,0.0,0.0,0.0,0.0,0.0,0.0,0.0,0.0,0.0,0.0,0.0,0.0,0.0,0.0,0.0,0.0,0.0,0.0
73,886000000,odom,base_link,-1.6941115965350837,0.09616497449907495,-0.10405629414089689,-1.806286016154383e-05,0.003152921682692885,-3.725201513360632e-05,0.9999950286730845,0.0,0.0,0.0,0.0,0.0,0.0,0.0,0.0,0.0,0.0,0.0,0.0,0.0,0.0,0.0,0.0,0.0,0.0,0.0,0.0,0.0,0.0,0.0,0.0,0.0,0.0,0.0,0.0,0.0,0.0,0.0,0.0,0.0,0.0,0.0,0.0,0.003667705386009602,8.695884869661635e-05,5.6213527183364215e-05,-1.9407715885766397e-08,-6.295594303651342e-05,7.599244788991655e-06,0.0,0.0,0.0,0.0,0.0,0.0,0.0,0.0,0.0,0.0,0.0,0.0,0.0,0.0,0.0,0.0,0.0,0.0,0.0,0.0,0.0,0.0,0.0,0.0,0.0,0.0,0.0,0.0,0.0,0.0,0.0,0.0,0.0,0.0,0.0,0.0
73,920000000,odom,base_link,-1.6939869206302964,0.09616792230962677,-0.10405516983277757,-1.8063809985237224e-05,0.0031518584774010523,-3.7124415958033316e-05,0.9999950320294672,0.0,0.0,0.0,0.0,0.0,0.0,0.0,0.0,0.0,0.0,0.0,0.0,0.0,0.0,0.0,0.0,0.0,0.0,0.0,0.0,0.0,0.0,0.0,0.0,0.0,0.0,0.0,0.0,0.0,0.0,0.0,0.0,0.0,0.0,0.0,0.0,0.0036660770696571297,8.69790163374214e-05,5.6053544351975774e-05,-2.0527354122057417e-08,-6.16936837616322e-05,7.088269660115998e-06,0.0,0.0,0.0,0.0,0.0,0.0,0.0,0.0,0.0,0.0,0.0,0.0,0.0,0.0,0.0,0.0,0.0,0.0,0.0,0.0,0.0,0.0,0.0,0.0,0.0,0.0,0.0,0.0,0.0,0.0,0.0,0.0,0.0,0.0,0.0,0.0
73,954000000,odom,base_link,-1.6938623000943793,0.09617087089780046,-0.10405407639518167,-1.80643362130305e-05,0.0031508236483262513,-3.702006333485465e-05,0.9999950352944418,0.0,0.0,0.0,0.0,0.0,0.0,0.0,0.0,0.0,0.0,0.0,0.0,0.0,0.0,0.0,0.0,0.0,0.0,0.0,0.0,0.0,0.0,0.0,0.0,0.0,0.0,0.0,0.0,0.0,0.0,0.0,0.0,0.0,0.0,0.0,0.0,0.0036644561720138593,8.700104762382469e-05,5.4688535815304e-05,-6.694132054230195e-09,-6.060883706027198e-05,5.658824830945264e-06,0.0,0.0,0.0,0.0,0.0,0.0,0.0,0.0,0.0,0.0,0.0,0.0,0.0,0.0,0.0,0.0,0.0,0.0,0.0,0.0,0.0,0.0,0.0,0.0,0.0,0.0,0.0,0.0,0.0,0.0,0.0,0.0,0.0,0.0,0.0,0.0
73,988000000,odom,base_link,-1.6937377350395482,0.0961738201535592,-0.10405298845110497,-1.806533842765005e-05,0.0031497626047863204,-3.691286202341401e-05,0.9999950386410014,0.0,0.0,0.0,0.0,0.0,0.0,0.0,0.0,0.0,0.0,0.0,0.0,0.0,0.0,0.0,0.0,0.0,0.0,0.0,0.0,0.0,0.0,0.0,0.0,0.0,0.0,0.0,0.0,0.0,0.0,0.0,0.0,0.0,0.0,0.0,0.0,0.0036628197365502204,8.701785902335692e-05,5.5340786763150995e-05,-5.011115307429481e-08,-6.304373059151658e-05,6.785358896976845e-06,0.0,0.0,0.0,0.0,0.0,0.0,0.0,0.0,0.0,0.0,0.0,0.0,0.0,0.0,0.0,0.0,0.0,0.0,0.0,0.0,0.0,0.0,0.0,0.0,0.0,0.0,0.0,0.0,0.0,0.0,0.0,0.0,0.0,0.0,0.0,0.0
74,22000000,odom,base_link,-1.6936132254144778,0.09617677002723322,-0.10405189369143221,-1.8066433810199104e-05,0.0031487018536590513,-3.6790799643352136e-05,0.9999950419860479,0.0,0.0,0.0,0.0,0.0,0.0,0.0,0.0,0.0,0.0,0.0,0.0,0.0,0.0,0.0,0.0,0.0,0.0,0.0,0.0,0.0,0.0,0.0,0.0,0.0,0.0,0.0,0.0,0.0,0.0,0.0,0.0,0.0,0.0,0.0,0.0,0.003661193183590687,8.70362429039665e-05,5.5092498552875836e-05,-1.686436086265064e-08,-6.14053604408582e-05,7.048977668233647e-06,0.0,0.0,0.0,0.0,0.0,0.0,0.0,0.0,0.0,0.0,0.0,0.0,0.0,0.0,0.0,0.0,0.0,0.0,0.0,0.0,0.0,0.0,0.0,0.0,0.0,0.0,0.0,0.0,0.0,0.0,0.0,0.0,0.0,0.0,0.0,0.0
74,56000000,odom,base_link,-1.693488771122684,0.09617972061185492,-0.10405083173149561,-1.806669536316218e-05,0.003147671475526991,-3.667770760070051e-05,0.9999950452340364,0.0,0.0,0.0,0.0,0.0,0.0,0.0,0.0,0.0,0.0,0.0,0.0,0.0,0.0,0.0,0.0,0.0,0.0,0.0,0.0,0.0,0.0,0.0,0.0,0.0,0.0,0.0,0.0,0.0,0.0,0.0,0.0,0.0,0.0,0.0,0.0,0.0036595726564412775,8.705620716442306e-05,5.379315645043847e-05,1.3186707541884557e-08,-6.053271022210538e-05,6.503850658035049e-06,0.0,0.0,0.0,0.0,0.0,0.0,0.0,0.0,0.0,0.0,0.0,0.0,0.0,0.0,0.0,0.0,0.0,0.0,0.0,0.0,0.0,0.0,0.0,0.0,0.0,0.0,0.0,0.0,0.0,0.0,0.0,0.0,0.0,0.0,0.0,0.0
74,90000000,odom,base_link,-1.6933643722878455,0.09618267182802909,-0.10404976561254904,-1.8067524389133395e-05,0.003146610540544706,-3.655341326662721e-05,0.9999950485775011,0.0,0.0,0.0,0.0,0.0,0.0,0.0,0.0,0.0,0.0,0.0,0.0,0.0,0.0,0.0,0.0,0.0,0.0,0.0,0.0,0.0,0.0,0.0,0.0,0.0,0.0,0.0,0.0,0.0,0.0,0.0,0.0,0.0,0.0,0.0,0.0,0.003657936005783012,8.707262450027874e-05,5.461011341450293e-05,-3.7039399672367246e-08,-6.288763358952565e-05,7.754572539653282e-06,0.0,0.0,0.0,0.0,0.0,0.0,0.0,0.0,0.0,0.0,0.0,0.0,0.0,0.0,0.0,0.0,0.0,0.0,0.0,0.0,0.0,0.0,0.0,0.0,0.0,0.0,0.0,0.0,0.0,0.0,0.0,0.0,0.0,0.0,0.0,0.0
74,124000000,odom,base_link,-1.6932400289878735,0.09618562367595788,-0.10404869453021616,-1.8068476839624688e-05,0.003145552780118302,-3.64178922815279e-05,0.9999950519102456,0.0,0.0,0.0,0.0,0.0,0.0,0.0,0.0,0.0,0.0,0.0,0.0,0.0,0.0,0.0,0.0,0.0,0.0,0.0,0.0,0.0,0.0,0.0,0.0,0.0,0.0,0.0,0.0,0.0,0.0,0.0,0.0,0.0,0.0,0.0,0.0,0.0036563041718641423,8.709163009806267e-05,5.4367047347270645e-05,-9.857832215451334e-09,-6.12617739648158e-05,7.665286627656087e-06,0.0,0.0,0.0,0.0,0.0,0.0,0.0,0.0,0.0,0.0,0.0,0.0,0.0,0.0,0.0,0.0,0.0,0.0,0.0,0.0,0.0,0.0,0.0,0.0,0.0,0.0,0.0,0.0,0.0,0.0,0.0,0.0,0.0,0.0,0.0,0.0
74,158000000,odom,base_link,-1.6931157410691913,0.09618857626964893,-0.1040476519977362,-1.806875531361603e-05,0.003144523950368548,-3.629949660012244e-05,0.9999950551502703,0.0,0.0,0.0,0.0,0.0,0.0,0.0,0.0,0.0,0.0,0.0,0.0,0.0,0.0,0.0,0.0,0.0,0.0,0.0,0.0,0.0,0.0,0.0,0.0,0.0,0.0,0.0,0.0,0.0,0.0,0.0,0.0,0.0,0.0,0.0,0.0,0.003654683048672805,8.71124786204302e-05,5.325818345228476e-05,9.335641325746921e-09,-6.052104453146967e-05,6.684133690981753e-06,0.0,0.0,0.0,0.0,0.0,0.0,0.0,0.0,0.0,0.0,0.0,0.0,0.0,0.0,0.0,0.0,0.0,0.0,0.0,0.0,0.0,0.0,0.0,0.0,0.0,0.0,0.0,0.0,0.0,0.0,0.0,0.0,0.0,0.0,0.0,0.0
74,192000000,odom,base_link,-1.6929915085864835,0.09619152951666957,-0.10404660011238373,-1.8069634681092546e-05,0.003143464635503787,-3.617520896963868e-05,0.9999950584852547,0.0,0.0,0.0,0.0,0.0,0.0,0.0,0.0,0.0,0.0,0.0,0.0,0.0,0.0,0.0,0.0,0.0,0.0,0.0,0.0,0.0,0.0,0.0,0.0,0.0,0.0,0.0,0.0,0.0,0.0,0.0,0.0,0.0,0.0,0.0,0.0,0.00365304655538006,8.712944625421918e-05,5.4151331791965454e-05,-3.944424994961615e-08,-6.274603165934423e-05,7.650811895132392e-06,0.0,0.0,0.0,0.0,0.0,0.0,0.0,0.0,0.0,0.0,0.0,0.0,0.0,0.0,0.0,0.0,0.0,0.0,0.0,0.0,0.0,0.0,0.0,0.0,0.0,0.0,0.0,0.0,0.0,0.0,0.0,0.0,0.0,0.0,0.0,0.0
74,226000000,odom,base_link,-1.6928673314676934,0.09619448342240564,-0.10404554054030471,-1.80705194685695e-05,0.0031424139590683136,-3.6046464480673636e-05,0.9999950617921164,0.0,0.0,0.0,0.0,0.0,0.0,0.0,0.0,0.0,0.0,0.0,0.0,0.0,0.0,0.0,0.0,0.0,0.0,0.0,0.0,0.0,0.0,0.0,0.0,0.0,0.0,0.0,0.0,0.0,0.0,0.0,0.0,0.0,0.0,0.0,0.0,0.003651421255205122,8.714928580732387e-05,5.4011940639284984e-05,-6.6909672464046666e-09,-6.08592692685761e-05,7.162549087169623e-06,0.0,0.0,0.0,0.0,0.0,0.0,0.0,0.0,0.0,0.0,0.0,0.0,0.0,0.0,0.0,0.0,0.0,0.0,0.0,0.0,0.0,0.0,0.0,0.0,0.0,0.0,0.0,0.0,0.0,0.0,0.0,0.0,0.0,0.0,0.0,0.0
74,260000000,odom,base_link,-1.69274320964473,0.09619743807800823,-0.10404450404399468,-1.807079715810142e-05,0.003141387376886354,-3.593635364519306e-05,0.9999950650215096,0.0,0.0,0.0,0.0,0.0,0.0,0.0,0.0,0.0,0.0,0.0,0.0,0.0,0.0,0.0,0.0,0.0,0.0,0.0,0.0,0.0,0.0,0.0,0.0,0.0,0.0,0.0,0.0,0.0,0.0,0.0,0.0,0.0,0.0,0.0,0.0,0.0036497981707944967,8.716987606801129e-05,5.32350790380316e-05,1.9082487353510105e-09,-6.072725469152829e-05,6.306760846896964e-06,0.0,0.0,0.0,0.0,0.0,0.0,0.0,0.0,0.0,0.0,0.0,0.0,0.0,0.0,0.0,0.0,0.0,0.0,0.0,0.0,0.0,0.0,0.0,0.0,0.0,0.0,0.0,0.0,0.0,0.0,0.0,0.0,0.0,0.0,0.0,0.0
74,294000000,odom,base_link,-1.692619143243158,0.09620039336835967,-0.10404344852386596,-1.807176231915983e-05,0.003140327818161008,-3.581644494320176e-05,0.9999950683537335,0.0,0.0,0.0,0.0,0.0,0.0,0.0,0.0,0.0,0.0,0.0,0.0,0.0,0.0,0.0,0.0,0.0,0.0,0.0,0.0,0.0,0.0,0.0,0.0,0.0,0.0,0.0,0.0,0.0,0.0,0.0,0.0,0.0,0.0,0.0,0.0,0.0036481617579259573,8.718643397603596e-05,5.421743306514037e-05,-4.4078686881054985e-08,-6.267802135084821e-05,7.437478366512096e-06,0.0,0.0,0.0,0.0,0.0,0.0,0.0,0.0,0.0,0.0,0.0,0.0,0.0,0.0,0.0,0.0,0.0,0.0,0.0,0.0,0.0,0.0,0.0,0.0,0.0,0.0,0.0,0.0,0.0,0.0,0.0,0.0,0.0,0.0,0.0,0.0
74,328000000,odom,base_link,-1.6924951321777788,0.09620334930962085,-0.1040423838483035,-1.8072624429457288e-05,0.003139281131939195,-3.5691078730682456e-05,0.9999950716446065,0.0,0.0,0.0,0.0,0.0,0.0,0.0,0.0,0.0,0.0,0.0,0.0,0.0,0.0,0.0,0.0,0.0,0.0,0.0,0.0,0.0,0.0,0.0,0.0,0.0,0.0,0.0,0.0,0.0,0.0,0.0,0.0,0.0,0.0,0.0,0.0,0.0036465369738538805,8.720604306916731e-05,5.411766734821613e-05,-5.125324216957456e-09,-6.0649765742937234e-05,7.0203231672394395e-06,0.0,0.0,0.0,0.0,0.0,0.0,0.0,0.0,0.0,0.0,0.0,0.0,0.0,0.0,0.0,0.0,0.0,0.0,0.0,0.0,0.0,0.0,0.0,0.0,0.0,0.0,0.0,0.0,0.0,0.0,0.0,0.0,0.0,0.0,0.0,0.0
74,362000000,odom,base_link,-1.6923711763990053,0.09620630598069965,-0.10404133951955073,-1.8072904707192804e-05,0.003138255444154687,-3.5580395293430186e-05,0.999995074867958,0.0,0.0,0.0,0.0,0.0,0.0,0.0,0.0,0.0,0.0,0.0,0.0,0.0,0.0,0.0,0.0,0.0,0.0,0.0,0.0,0.0,0.0,0.0,0.0,0.0,0.0,0.0,0.0,0.0,0.0,0.0,0.0,0.0,0.0,0.0,0.0,0.0036449126426836335,8.72258872494856e-05,5.3554366707377737e-05,-1.639183320328863e-09,-6.0909192001190604e-05,6.484299452935716e-06,0.0,0.0,0.0,0.0,0.0,0.0,0.0,0.0,0.0,0.0,0.0,0.0,0.0,0.0,0.0,0.0,0.0,0.0,0.0,0.0,0.0,0.0,0.0,0.0,0.0,0.0,0.0,0.0,0.0,0.0,0.0,0.0,0.0,0.0,0.0,0.0
74,396000000,odom,base_link,-1.6922472760292977,0.09620926327378675,-0.10404027179079472,-1.8073889085942578e-05,0.003137196199195395,-3.545739476239693e-05,0.9999950781959457,0.0,0.0,0.0,0.0,0.0,0.0,0.0,0.0,0.0,0.0,0.0,0.0,0.0,0.0,0.0,0.0,0.0,0.0,0.0,0.0,0.0,0.0,0.0,0.0,0.0,0.0,0.0,0.0,0.0,0.0,0.0,0.0,0.0,0.0,0.0,0.0,0.0036432769114864497,8.724232772816243e-05,5.451466519093238e-05,-4.3622545506383226e-08,-6.26080776555682e-05,7.62215268679256e-06,0.0,0.0,0.0,0.0,0.0,0.0,0.0,0.0,0.0,0.0,0.0,0.0,0.0,0.0,0.0,0.0,0.0,0.0,0.0,0.0,0.0,0.0,0.0,0.0,0.0,0.0,0.0,0.0,0.0,0.0,0.0,0.0,0.0,0.0,0.0,0.0
74,430000000,odom,base_link,-1.692123430978208,0.09621222122171881,-0.10403919598142419,-1.8074696625367587e-05,0.0031361520744870816,-3.533046105393916e-05,0.9999950814755189,0.0,0.0,0.0,0.0,0.0,0.0,0.0,0.0,0.0,0.0,0.0,0.0,0.0,0.0,0.0,0.0,0.0,0.0,0.0,0.0,0.0,0.0,0.0,0.0,0.0,0.0,0.0,0.0,0.0,0.0,0.0,0.0,0.0,0.0,0.0,0.0,0.0036416528488066964,8.726215776029286e-05,5.437104126419013e-05,-1.4014956350397872e-09,-6.052213876728274e-05,7.0630536086468965e-06,0.0,0.0,0.0,0.0,0.0,0.0,0.0,0.0,0.0,0.0,0.0,0.0,0.0,0.0,0.0,0.0,0.0,0.0,0.0,0.0,0.0,0.0,0.0,0.0,0.0,0.0,0.0,0.0,0.0,0.0,0.0,0.0,0.0,0.0,0.0,0.0
74,464000000,odom,base_link,-1.6919996412081713,0.09621517990218235,-0.10403814011479315,-1.8074957727047906e-05,0.0031351261905356235,-3.521931866066145e-05,0.9999950846962524,0.0,0.0,0.0,0.0,0.0,0.0,0.0,0.0,0.0,0.0,0.0,0.0,0.0,0.0,0.0,0.0,0.0,0.0,0.0,0.0,0.0,0.0,0.0,0.0,0.0,0.0,0.0,0.0,0.0,0.0,0.0,0.0,0.0,0.0,0.0,0.0,0.0036400277585126677,8.728189006025928e-05,5.3943821649010835e-05,-3.8741503277997524e-09,-6.108930463710749e-05,6.561080834188715e-06,0.0,0.0,0.0,0.0,0.0,0.0,0.0,0.0,0.0,0.0,0.0,0.0,0.0,0.0,0.0,0.0,0.0,0.0,0.0,0.0,0.0,0.0,0.0,0.0,0.0,0.0,0.0,0.0,0.0,0.0,0.0,0.0,0.0,0.0,0.0,0.0
74,498000000,odom,base_link,-1.6918759068338147,0.09621813920282223,-0.10403705903916505,-1.8075950423655635e-05,0.003134067180114166,-3.509583518669818e-05,0.9999950880201627,0.0,0.0,0.0,0.0,0.0,0.0,0.0,0.0,0.0,0.0,0.0,0.0,0.0,0.0,0.0,0.0,0.0,0.0,0.0,0.0,0.0,0.0,0.0,0.0,0.0,0.0,0.0,0.0,0.0,0.0,0.0,0.0,0.0,0.0,0.0,0.0,0.0036383930644534566,8.729840878204576e-05,5.482477895800002e-05,-4.348251758656829e-08,-6.254363498214843e-05,7.625792086685124e-06,0.0,0.0,0.0,0.0,0.0,0.0,0.0,0.0,0.0,0.0,0.0,0.0,0.0,0.0,0.0,0.0,0.0,0.0,0.0,0.0,0.0,0.0,0.0,0.0,0.0,0.0,0.0,0.0,0.0,0.0,0.0,0.0,0.0,0.0,0.0,0.0
74,532000000,odom,base_link,-1.6917522279250585,0.096221099169974,-0.10403597304681896,-1.807664879862219e-05,0.0031330263801764503,-3.4971818718028405e-05,0.9999950912859061,0.0,0.0,0.0,0.0,0.0,0.0,0.0,0.0,0.0,0.0,0.0,0.0,0.0,0.0,0.0,0.0,0.0,0.0,0.0,0.0,0.0,0.0,0.0,0.0,0.0,0.0,0.0,0.0,0.0,0.0,0.0,0.0,0.0,0.0,0.0,0.0,0.0036367648115479823,8.731861022660993e-05,5.457625309365766e-05,3.3550713097497964e-09,-6.037522055635236e-05,6.863179402571973e-06,0.0,0.0,0.0,0.0,0.0,0.0,0.0,0.0,0.0,0.0,0.0,0.0,0.0,0.0,0.0,0.0,0.0,0.0,0.0,0.0,0.0,0.0,0.0,0.0,0.0,0.0,0.0,0.0,0.0,0.0,0.0,0.0,0.0,0.0,0.0,0.0
74,566000000,odom,base_link,-1.6916286043040567,0.09622405986901218,-0.10403491086582665,-1.807685743727288e-05,0.0031320020967132013,-3.486412750886342e-05,0.9999950944982611,0.0,0.0,0.0,0.0,0.0,0.0,0.0,0.0,0.0,0.0,0.0,0.0,0.0,0.0,0.0,0.0,0.0,0.0,0.0,0.0,0.0,0.0,0.0,0.0,0.0,0.0,0.0,0.0,0.0,0.0,0.0,0.0,0.0,0.0,0.0,0.0,0.0036351406403393057,8.733826261926153e-05,5.404802714523003e-05,-2.973711520895452e-09,-6.102391836293464e-05,6.373592054131905e-06,0.0,0.0,0.0,0.0,0.0,0.0,0.0,0.0,0.0,0.0,0.0,0.0,0.0,0.0,0.0,0.0,0.0,0.0,0.0,0.0,0.0,0.0,0.0,0.0,0.0,0.0,0.0,0.0,0.0,0.0,0.0,0.0,0.0,0.0,0.0,0.0
74,600000000,odom,base_link,-1.691505036065649,0.09622702117973352,-0.10403382524935663,-1.8077863932033023e-05,0.003130943657908314,-3.474273509979584e-05,0.9999950978169564,0.0,0.0,0.0,0.0,0.0,0.0,0.0,0.0,0.0,0.0,0.0,0.0,0.0,0.0,0.0,0.0,0.0,0.0,0.0,0.0,0.0,0.0,0.0,0.0,0.0,0.0,0.0,0.0,0.0,0.0,0.0,0.0,0.0,0.0,0.0,0.0,0.0036335066162848594,8.735451717890421e-05,5.489134563715099e-05,-4.544077128465496e-08,-6.25182508429134e-05,7.535855583995499e-06,0.0,0.0,0.0,0.0,0.0,0.0,0.0,0.0,0.0,0.0,0.0,0.0,0.0,0.0,0.0,0.0,0.0,0.0,0.0,0.0,0.0,0.0,0.0,0.0,0.0,0.0,0.0,0.0,0.0,0.0,0.0,0.0,0.0,0.0,0.0,0.0
74,634000000,odom,base_link,-1.6913815231647442,0.09622998308307303,-0.10403270859505837,-1.8082548253403218e-05,0.003129877074309528,-3.4601273221961185e-05,0.9999951011606372,0.0,0.0,0.0,0.0,0.0,0.0,0.0,0.0,0.0,0.0,0.0,0.0,0.0,0.0,0.0,0.0,0.0,0.0,0.0,0.0,0.0,0.0,0.0,0.0,0.0,0.0,0.0,0.0,0.0,0.0,0.0,0.0,0.0,0.0,0.0,0.0,0.003631872772926053,8.737068651100526e-05,5.597407236047653e-05,-1.8749485852787018e-07,-6.283074824864343e-05,8.754811275935026e-06,0.0,0.0,0.0,0.0,0.0,0.0,0.0,0.0,0.0,0.0,0.0,0.0,0.0,0.0,0.0,0.0,0.0,0.0,0.0,0.0,0.0,0.0,0.0,0.0,0.0,0.0,0.0,0.0,0.0,0.0,0.0,0.0,0.0,0.0,0.0,0.0
74,668000000,odom,base_link,-1.6912580655814087,0.0962329456020075,-0.10403157360861197,-1.8084788545167126e-05,0.0031288203169816987,-3.4447660810835336e-05,0.9999951044728784,0.0,0.0,0.0,0.0,0.0,0.0,0.0,0.0,0.0,0.0,0.0,0.0,0.0,0.0,0.0,0.0,0.0,0.0,0.0,0.0,0.0,0.0,0.0,0.0,0.0,0.0,0.0,0.0,0.0,0.0,0.0,0.0,0.0,0.0,0.0,0.0,0.0036302466698654506,8.738928483361268e-05,5.604971380990546e-05,-3.812599801839012e-08,-6.117581037301534e-05,8.661782224805847e-06,0.0,0.0,0.0,0.0,0.0,0.0,0.0,0.0,0.0,0.0,0.0,0.0,0.0,0.0,0.0,0.0,0.0,0.0,0.0,0.0,0.0,0.0,0.0,0.0,0.0,0.0,0.0,0.0,0.0,0.0,0.0,0.0,0.0,0.0,0.0,0.0
74,702000000,odom,base_link,-1.6911346632274853,0.09623590890212878,-0.10403046257642481,-1.808455459679127e-05,0.0031277988876821654,-3.432117982707115e-05,0.9999951076725944,0.0,0.0,0.0,0.0,0.0,0.0,0.0,0.0,0.0,0.0,0.0,0.0,0.0,0.0,0.0,0.0,0.0,0.0,0.0,0.0,0.0,0.0,0.0,0.0,0.0,0.0,0.0,0.0,0.0,0.0,0.0,0.0,0.0,0.0,0.0,0.0,0.0036286288038435985,8.741171149779135e-05,5.487104282012255e-05,6.612761171975734e-08,-5.973543721893293e-05,6.8153409138460574e-06,0.0,0.0,0.0,0.0,0.0,0.0,0.0,0.0,0.0,0.0,0.0,0.0,0.0,0.0,0.0,0.0,0.0,0.0,0.0,0.0,0.0,0.0,0.0,0.0,0.0,0.0,0.0,0.0,0.0,0.0,0.0,0.0,0.0,0.0,0.0,0.0
74,736000000,odom,base_link,-1.6910113162334617,0.09623887291144195,-0.10402935672926183,-1.8084452764767886e-05,0.003126752296603791,-3.4204012398983803e-05,0.9999951109496055,0.0,0.0,0.0,0.0,0.0,0.0,0.0,0.0,0.0,0.0,0.0,0.0,0.0,0.0,0.0,0.0,0.0,0.0,0.0,0.0,0.0,0.0,0.0,0.0,0.0,0.0,0.0,0.0,0.0,0.0,0.0,0.0,0.0,0.0,0.0,0.0,0.0036269958207549476,8.743000642380464e-05,5.5485339298458865e-05,8.511166966519712e-09,-6.227927471513794e-05,7.079125952103027e-06,0.0,0.0,0.0,0.0,0.0,0.0,0.0,0.0,0.0,0.0,0.0,0.0,0.0,0.0,0.0,0.0,0.0,0.0,0.0,0.0,0.0,0.0,0.0,0.0,0.0,0.0,0.0,0.0,0.0,0.0,0.0,0.0,0.0,0.0,0.0,0.0
74,770000000,odom,base_link,-1.6908880245897844,0.09624183757533873,-0.10402824375779962,-1.808491646924241e-05,0.00312569700122802,-3.4082998261807184e-05,0.9999951142528355,0.0,0.0,0.0,0.0,0.0,0.0,0.0,0.0,0.0,0.0,0.0,0.0,0.0,0.0,0.0,0.0,0.0,0.0,0.0,0.0,0.0,0.0,0.0,0.0,0.0,0.0,0.0,0.0,0.0,0.0,0.0,0.0,0.0,0.0,0.0,0.0,0.0036253710445168646,8.744921038684019e-05,5.523807276168885e-05,1.6279784283341515e-09,-6.132895435939645e-05,6.818593112356552e-06,0.0,0.0,0.0,0.0,0.0,0.0,0.0,0.0,0.0,0.0,0.0,0.0,0.0,0.0,0.0,0.0,0.0,0.0,0.0,0.0,0.0,0.0,0.0,0.0,0.0,0.0,0.0,0.0,0.0,0.0,0.0,0.0,0.0,0.0,0.0,0.0
74,804000000,odom,base_link,-1.6907647881863623,0.09624480298457132,-0.10402716272023746,-1.808510978050162e-05,0.003124672058559628,-3.398160210648332e-05,0.9999951174594334,0.0,0.0,0.0,0.0,0.0,0.0,0.0,0.0,0.0,0.0,0.0,0.0,0.0,0.0,0.0,0.0,0.0,0.0,0.0,0.0,0.0,0.0,0.0,0.0,0.0,0.0,0.0,0.0,0.0,0.0,0.0,0.0,0.0,0.0,0.0,0.0,0.003623754007544431,8.747044588502638e-05,5.3914342790890805e-05,9.900142858287886e-09,-6.003286330269475e-05,5.555936644086046e-06,0.0,0.0,0.0,0.0,0.0,0.0,0.0,0.0,0.0,0.0,0.0,0.0,0.0,0.0,0.0,0.0,0.0,0.0,0.0,0.0,0.0,0.0,0.0,0.0,0.0,0.0,0.0,0.0,0.0,0.0,0.0,0.0,0.0,0.0,0.0,0.0
74,838000000,odom,base_link,-1.6906416071253436,0.09624776903919298,-0.10402608259040584,-1.808589394002968e-05,0.0031236221751371786,-3.387573685553562e-05,0.9999951207430174,0.0,0.0,0.0,0.0,0.0,0.0,0.0,0.0,0.0,0.0,0.0,0.0,0.0,0.0,0.0,0.0,0.0,0.0,0.0,0.0,0.0,0.0,0.0,0.0,0.0,0.0,0.0,0.0,0.0,0.0,0.0,0.0,0.0,0.0,0.0,0.0,0.0036221213238866604,8.748689923625886e-05,5.463206391473752e-05,-3.8301110547034334e-08,-6.226036219914022e-05,6.648398009900802e-06,0.0,0.0,0.0,0.0,0.0,0.0,0.0,0.0,0.0,0.0,0.0,0.0,0.0,0.0,0.0,0.0,0.0,0.0,0.0,0.0,0.0,0.0,0.0,0.0,0.0,0.0,0.0,0.0,0.0,0.0,0.0,0.0,0.0,0.0,0.0,0.0
74,872000000,odom,base_link,-1.6905184813602154,0.09625073570501747,-0.10402499765025497,-1.8086809631124214e-05,0.0031225746316391485,-3.3757306592380656e-05,0.9999951240186031,0.0,0.0,0.0,0.0,0.0,0.0,0.0,0.0,0.0,0.0,0.0,0.0,0.0,0.0,0.0,0.0,0.0,0.0,0.0,0.0,0.0,0.0,0.0,0.0,0.0,0.0,0.0,0.0,0.0,0.0,0.0,0.0,0.0,0.0,0.0,0.0,0.0036204985928006126,8.75050650749151e-05,5.437077251306932e-05,-9.74466043881378e-09,-6.069495199767516e-05,6.811951758223245e-06,0.0,0.0,0.0,0.0,0.0,0.0,0.0,0.0,0.0,0.0,0.0,0.0,0.0,0.0,0.0,0.0,0.0,0.0,0.0,0.0,0.0,0.0,0.0,0.0,0.0,0.0,0.0,0.0,0.0,0.0,0.0,0.0,0.0,0.0,0.0,0.0
74,906000000,odom,base_link,-1.6903954108013812,0.09625370306988809,-0.10402394362883369,-1.808697517229749e-05,0.0031215554673314446,-3.3648747492790864e-05,0.9999951272041716,0.0,0.0,0.0,0.0,0.0,0.0,0.0,0.0,0.0,0.0,0.0,0.0,0.0,0.0,0.0,0.0,0.0,0.0,0.0,0.0,0.0,0.0,0.0,0.0,0.0,0.0,0.0,0.0,0.0,0.0,0.0,0.0,0.0,0.0,0.0,0.0,0.003618881402050627,8.75247184077218e-05,5.3136222152507626e-05,1.6910244038381705e-08,-5.9879386427041936e-05,6.219060377787855e-06,0.0,0.0,0.0,0.0,0.0,0.0,0.0,0.0,0.0,0.0,0.0,0.0,0.0,0.0,0.0,0.0,0.0,0.0,0.0,0.0,0.0,0.0,0.0,0.0,0.0,0.0,0.0,0.0,0.0,0.0,0.0,0.0,0.0,0.0,0.0,0.0
74,940000000,odom,base_link,-1.690272395567982,0.0962566710579321,-0.10402288503951057,-1.8087655202894715e-05,0.003120506952828281,-3.353079153579841e-05,0.999995130480584,0.0,0.0,0.0,0.0,0.0,0.0,0.0,0.0,0.0,0.0,0.0,0.0,0.0,0.0,0.0,0.0,0.0,0.0,0.0,0.0,0.0,0.0,0.0,0.0,0.0,0.0,0.0,0.0,0.0,0.0,0.0,0.0,0.0,0.0,0.0,0.0,0.0036172487481508434,8.754100883763747e-05,5.393818577705498e-05,-2.8565962789661725e-08,-6.213546157596284e-05,7.335058871404954e-06,0.0,0.0,0.0,0.0,0.0,0.0,0.0,0.0,0.0,0.0,0.0,0.0,0.0,0.0,0.0,0.0,0.0,0.0,0.0,0.0,0.0,0.0,0.0,0.0,0.0,0.0,0.0,0.0,0.0,0.0,0.0,0.0,0.0,0.0,0.0,0.0
74,974000000,odom,base_link,-1.6901494355998388,0.0962596396731643,-0.10402182132571544,-1.808839219888535e-05,0.0031194640547231793,-3.3404298959551777e-05,0.9999951337386469,0.0,0.0,0.0,0.0,0.0,0.0,0.0,0.0,0.0,0.0,0.0,0.0,0.0,0.0,0.0,0.0,0.0,0.0,0.0,0.0,0.0,0.0,0.0,0.0,0.0,0.0,0.0,0.0,0.0,0.0,0.0,0.0,0.0,0.0,0.0,0.0,0.0036156268139201963,8.755992542050472e-05,5.371073562726035e-05,7.10478255546397e-10,-6.040388598194113e-05,7.1060593853644605e-06,0.0,0.0,0.0,0.0,0.0,0.0,0.0,0.0,0.0,0.0,0.0,0.0,0.0,0.0,0.0,0.0,0.0,0.0,0.0,0.0,0.0,0.0,0.0,0.0,0.0,0.0,0.0,0.0,0.0,0.0,0.0,0.0,0.0,0.0,0.0,0.0
75,8000000,odom,base_link,-1.6900265308141877,0.09626260901988946,-0.10402078777178203,-1.8088454286994846e-05,0.003118449636864917,-3.3295502625914026e-05,0.999995136906215,0.0,0.0,0.0,0.0,0.0,0.0,0.0,0.0,0.0,0.0,0.0,0.0,0.0,0.0,0.0,0.0,0.0,0.0,0.0,0.0,0.0,0.0,0.0,0.0,0.0,0.0,0.0,0.0,0.0,0.0,0.0,0.0,0.0,0.0,0.0,0.0,0.0036140105368767266,8.758048647730908e-05,5.2431156465625544e-05,2.261673990450186e-08,-5.94985003488091e-05,6.062322510658191e-06,0.0,0.0,0.0,0.0,0.0,0.0,0.0,0.0,0.0,0.0,0.0,0.0,0.0,0.0,0.0,0.0,0.0,0.0,0.0,0.0,0.0,0.0,0.0,0.0,0.0,0.0,0.0,0.0,0.0,0.0,0.0,0.0,0.0,0.0,0.0,0.0
75,42000000,odom,base_link,-1.6899036813386994,0.0962655790108401,-0.10401975404117578,-1.808906818299829e-05,0.0031174063535771477,-3.318299527271464e-05,0.9999951401628415,0.0,0.0,0.0,0.0,0.0,0.0,0.0,0.0,0.0,0.0,0.0,0.0,0.0,0.0,0.0,0.0,0.0,0.0,0.0,0.0,0.0,0.0,0.0,0.0,0.0,0.0,0.0,0.0,0.0,0.0,0.0,0.0,0.0,0.0,0.0,0.0,0.003612378535438671,8.759717506279664e-05,5.317253285102412e-05,-2.8199926421779153e-08,-6.191699597479783e-05,6.966884225079184e-06,0.0,0.0,0.0,0.0,0.0,0.0,0.0,0.0,0.0,0.0,0.0,0.0,0.0,0.0,0.0,0.0,0.0,0.0,0.0,0.0,0.0,0.0,0.0,0.0,0.0,0.0,0.0,0.0,0.0,0.0,0.0,0.0,0.0,0.0,0.0,0.0
75,76000000,odom,base_link,-1.689780887229903,0.09626854963831674,-0.10401871238207824,-1.8089750485103955e-05,0.0031163684035758017,-3.306480415100633e-05,0.9999951434019332,0.0,0.0,0.0,0.0,0.0,0.0,0.0,0.0,0.0,0.0,0.0,0.0,0.0,0.0,0.0,0.0,0.0,0.0,0.0,0.0,0.0,0.0,0.0,0.0,0.0,0.0,0.0,0.0,0.0,0.0,0.0,0.0,0.0,0.0,0.0,0.0,0.0036107520265075584,8.761630290504773e-05,5.3052753603062725e-05,9.68928680778608e-10,-6.013568665252933e-05,6.621535808548629e-06,0.0,0.0,0.0,0.0,0.0,0.0,0.0,0.0,0.0,0.0,0.0,0.0,0.0,0.0,0.0,0.0,0.0,0.0,0.0,0.0,0.0,0.0,0.0,0.0,0.0,0.0,0.0,0.0,0.0,0.0,0.0,0.0,0.0,0.0,0.0,0.0
75,110000000,odom,base_link,-1.6896581483218918,0.09627152098241785,-0.10401769231244978,-1.8089898138548558e-05,0.0031153540059639,-3.2961427303090736e-05,0.9999951465660808,0.0,0.0,0.0,0.0,0.0,0.0,0.0,0.0,0.0,0.0,0.0,0.0,0.0,0.0,0.0,0.0,0.0,0.0,0.0,0.0,0.0,0.0,0.0,0.0,0.0,0.0,0.0,0.0,0.0,0.0,0.0,0.0,0.0,0.0,0.0,0.0,0.0036091325489951602,8.76360353698112e-05,5.2326386081576194e-05,8.037406073265092e-09,-6.000176924203515e-05,5.969567506980411e-06,0.0,0.0,0.0,0.0,0.0,0.0,0.0,0.0,0.0,0.0,0.0,0.0,0.0,0.0,0.0,0.0,0.0,0.0,0.0,0.0,0.0,0.0,0.0,0.0,0.0,0.0,0.0,0.0,0.0,0.0,0.0,0.0,0.0,0.0,0.0,0.0
75,144000000,odom,base_link,-1.6895354647001073,0.09627449294003337,-0.10401665163836428,-1.8090697102739616e-05,0.0031143074010939564,-3.284712100855e-05,0.9999951498298403,0.0,0.0,0.0,0.0,0.0,0.0,0.0,0.0,0.0,0.0,0.0,0.0,0.0,0.0,0.0,0.0,0.0,0.0,0.0,0.0,0.0,0.0,0.0,0.0,0.0,0.0,0.0,0.0,0.0,0.0,0.0,0.0,0.0,0.0,0.0,0.0,0.00360749986355132,8.76521479571484e-05,5.335524709583059e-05,-3.49021568590846e-08,-6.190747114942496e-05,7.111917454949435e-06,0.0,0.0,0.0,0.0,0.0,0.0,0.0,0.0,0.0,0.0,0.0,0.0,0.0,0.0,0.0,0.0,0.0,0.0,0.0,0.0,0.0,0.0,0.0,0.0,0.0,0.0,0.0,0.0,0.0,0.0,0.0,0.0,0.0,0.0,0.0,0.0
75,178000000,odom,base_link,-1.689412836286454,0.09627746552731037,-0.10401560002283698,-1.809140747135091e-05,0.0031132725880129173,-3.2726173467120596e-05,0.9999951530559993,0.0,0.0,0.0,0.0,0.0,0.0,0.0,0.0,0.0,0.0,0.0,0.0,0.0,0.0,0.0,0.0,0.0,0.0,0.0,0.0,0.0,0.0,0.0,0.0,0.0,0.0,0.0,0.0,0.0,0.0,0.0,0.0,0.0,0.0,0.0,0.0,0.003605878450863233,8.767114160101745e-05,5.3315216755127045e-05,2.608653744406997e-09,-5.994054390612291e-05,6.785147066423747e-06,0.0,0.0,0.0,0.0,0.0,0.0,0.0,0.0,0.0,0.0,0.0,0.0,0.0,0.0,0.0,0.0,0.0,0.0,0.0,0.0,0.0,0.0,0.0,0.0,0.0,0.0,0.0,0.0,0.0,0.0,0.0,0.0,0.0,0.0,0.0,0.0
75,212000000,odom,base_link,-1.6892902630698463,0.09628043882762309,-0.10401456731147773,-1.8091506939165843e-05,0.0031122602234942703,-3.2619761540062755e-05,0.9999951562107438,0.0,0.0,0.0,0.0,0.0,0.0,0.0,0.0,0.0,0.0,0.0,0.0,0.0,0.0,0.0,0.0,0.0,0.0,0.0,0.0,0.0,0.0,0.0,0.0,0.0,0.0,0.0,0.0,0.0,0.0,0.0,0.0,0.0,0.0,0.0,0.0,0.003604253643769573,8.76907271246006e-05,5.2729727851371014e-05,1.023673096159708e-08,-6.0019086944862465e-05,6.163746224530087e-06,0.0,0.0,0.0,0.0,0.0,0.0,0.0,0.0,0.0,0.0,0.0,0.0,0.0,0.0,0.0,0.0,0.0,0.0,0.0,0.0,0.0,0.0,0.0,0.0,0.0,0.0,0.0,0.0,0.0,0.0,0.0,0.0,0.0,0.0,0.0,0.0
75,246000000,odom,base_link,-1.689167745239195,0.09628341274350859,-0.10401351135046596,-1.8092264316275602e-05,0.0031112147212609435,-3.250333928215398e-05,0.9999951594678652,0.0,0.0,0.0,0.0,0.0,0.0,0.0,0.0,0.0,0.0,0.0,0.0,0.0,0.0,0.0,0.0,0.0,0.0,0.0,0.0,0.0,0.0,0.0,0.0,0.0,0.0,0.0,0.0,0.0,0.0,0.0,0.0,0.0,0.0,0.0,0.0,0.0036026214858424334,8.770698463420967e-05,5.3748437808427554e-05,-3.201678713815603e-08,-6.182212075600546e-05,7.2010627683027906e-06,0.0,0.0,0.0,0.0,0.0,0.0,0.0,0.0,0.0,0.0,0.0,0.0,0.0,0.0,0.0,0.0,0.0,0.0,0.0,0.0,0.0,0.0,0.0,0.0,0.0,0.0,0.0,0.0,0.0,0.0,0.0,0.0,0.0,0.0,0.0,0.0
75,280000000,odom,base_link,-1.689045282587912,0.09628638730563861,-0.10401244470868357,-1.8092845292990615e-05,0.0031101844192198877,-3.238465369962352e-05,0.999995162676681,0.0,0.0,0.0,0.0,0.0,0.0,0.0,0.0,0.0,0.0,0.0,0.0,0.0,0.0,0.0,0.0,0.0,0.0,0.0,0.0,0.0,0.0,0.0,0.0,0.0,0.0,0.0,0.0,0.0,0.0,0.0,0.0,0.0,0.0,0.0,0.0,0.003601000990463534,8.77265501295731e-05,5.368790405345541e-05,8.271078852199742e-09,-5.975566459426318e-05,6.583526879211377e-06,0.0,0.0,0.0,0.0,0.0,0.0,0.0,0.0,0.0,0.0,0.0,0.0,0.0,0.0,0.0,0.0,0.0,0.0,0.0,0.0,0.0,0.0,0.0,0.0,0.0,0.0,0.0,0.0,0.0,0.0,0.0,0.0,0.0,0.0,0.0,0.0
75,314000000,odom,base_link,-1.688922875084146,0.09628936258237807,-0.10401139530399049,-1.8092939152725794e-05,0.0031091710130434825,-3.2281288304249545e-05,0.9999951658314032,0.0,0.0,0.0,0.0,0.0,0.0,0.0,0.0,0.0,0.0,0.0,0.0,0.0,0.0,0.0,0.0,0.0,0.0,0.0,0.0,0.0,0.0,0.0,0.0,0.0,0.0,0.0,0.0,0.0,0.0,0.0,0.0,0.0,0.0,0.0,0.0,0.0035993793608310766,8.774583041648767e-05,5.333613881102735e-05,4.1299080800159815e-09,-6.035441018070742e-05,6.10800068301387e-06,0.0,0.0,0.0,0.0,0.0,0.0,0.0,0.0,0.0,0.0,0.0,0.0,0.0,0.0,0.0,0.0,0.0,0.0,0.0,0.0,0.0,0.0,0.0,0.0,0.0,0.0,0.0,0.0,0.0,0.0,0.0,0.0,0.0,0.0,0.0,0.0
75,348000000,odom,base_link,-1.6888005228419447,0.09629233846365574,-0.10401031865991965,-1.8093751453619783e-05,0.0031081246733101918,-3.216565689263882e-05,0.999995169087832,0.0,0.0,0.0,0.0,0.0,0.0,0.0,0.0,0.0,0.0,0.0,0.0,0.0,0.0,0.0,0.0,0.0,0.0,0.0,0.0,0.0,0.0,0.0,0.0,0.0,0.0,0.0,0.0,0.0,0.0,0.0,0.0,0.0,0.0,0.0,0.0,0.003597748306156577,8.776198226673273e-05,5.427292214354464e-05,-3.4437899407158135e-08,-6.179638347703076e-05,7.159407511281302e-06,0.0,0.0,0.0,0.0,0.0,0.0,0.0,0.0,0.0,0.0,0.0,0.0,0.0,0.0,0.0,0.0,0.0,0.0,0.0,0.0,0.0,0.0,0.0,0.0,0.0,0.0,0.0,0.0,0.0,0.0,0.0,0.0,0.0,0.0,0.0,0.0
75,382000000,odom,base_link,-1.6886782257606903,0.0962953149902196,-0.1040092349584395,-1.8094304814165106e-05,0.003107096371425971,-3.2048221472341486e-05,0.9999951722871697,0.0,0.0,0.0,0.0,0.0,0.0,0.0,0.0,0.0,0.0,0.0,0.0,0.0,0.0,0.0,0.0,0.0,0.0,0.0,0.0,0.0,0.0,0.0,0.0,0.0,0.0,0.0,0.0,0.0,0.0,0.0,0.0,0.0,0.0,0.0,0.0,0.0035961290259842542,8.778151968641354e-05,5.408583874256822e-05,1.0338063131248854e-08,-5.966260872014573e-05,6.521222672972726e-06,0.0,0.0,0.0,0.0,0.0,0.0,0.0,0.0,0.0,0.0,0.0,0.0,0.0,0.0,0.0,0.0,0.0,0.0,0.0,0.0,0.0,0.0,0.0,0.0,0.0,0.0,0.0,0.0,0.0,0.0,0.0,0.0,0.0,0.0,0.0,0.0
75,416000000,odom,base_link,-1.6885559838220914,0.09629829222247001,-0.10400817059695427,-1.8094394403257673e-05,0.0031060821646061772,-3.1944577478599564e-05,0.9999951754412236,0.0,0.0,0.0,0.0,0.0,0.0,0.0,0.0,0.0,0.0,0.0,0.0,0.0,0.0,0.0,0.0,0.0,0.0,0.0,0.0,0.0,0.0,0.0,0.0,0.0,0.0,0.0,0.0,0.0,0.0,0.0,0.0,0.0,0.0,0.0,0.0,0.0035945072080480387,8.780043162894296e-05,5.3786474442282177e-05,2.025168151665452e-09,-6.05197158165538e-05,6.198645374766443e-06,0.0,0.0,0.0,0.0,0.0,0.0,0.0,0.0,0.0,0.0,0.0,0.0,0.0,0.0,0.0,0.0,0.0,0.0,0.0,0.0,0.0,0.0,0.0,0.0,0.0,0.0,0.0,0.0,0.0,0.0,0.0,0.0,0.0,0.0,0.0,0.0
75,450000000,odom,base_link,-1.688433797129999,0.09630127005313645,-0.10400708014911739,-1.8095210593671826e-05,0.003105035970118575,-3.182766307604846e-05,0.9999951786939713,0.0,0.0,0.0,0.0,0.0,0.0,0.0,0.0,0.0,0.0,0.0,0.0,0.0,0.0,0.0,0.0,0.0,0.0,0.0,0.0,0.0,0.0,0.0,0.0,0.0,0.0,0.0,0.0,0.0,0.0,0.0,0.0,0.0,0.0,0.0,0.0,0.0035928776485136676,8.781655403177178e-05,5.457193339967147e-05,-3.3740829574746556e-08,-6.174234599143347e-05,7.227091947115127e-06,0.0,0.0,0.0,0.0,0.0,0.0,0.0,0.0,0.0,0.0,0.0,0.0,0.0,0.0,0.0,0.0,0.0,0.0,0.0,0.0,0.0,0.0,0.0,0.0,0.0,0.0,0.0,0.0,0.0,0.0,0.0,0.0,0.0,0.0,0.0,0.0
75,484000000,odom,base_link,-1.6883116656518133,0.09630424846068343,-0.1040059587229522,-1.809641198600213e-05,0.003103981013198178,-3.169226894551767e-05,0.9999951819733882,0.0,0.0,0.0,0.0,0.0,0.0,0.0,0.0,0.0,0.0,0.0,0.0,0.0,0.0,0.0,0.0,0.0,0.0,0.0,0.0,0.0,0.0,0.0,0.0,0.0,0.0,0.0,0.0,0.0,0.0,0.0,0.0,0.0,0.0,0.0,0.0,0.003591247271296747,8.78323400187187e-05,5.56816750733281e-05,-4.7639517677944276e-08,-6.214478247557054e-05,8.374187387971688e-06,0.0,0.0,0.0,0.0,0.0,0.0,0.0,0.0,0.0,0.0,0.0,0.0,0.0,0.0,0.0,0.0,0.0,0.0,0.0,0.0,0.0,0.0,0.0,0.0,0.0,0.0,0.0,0.0,0.0,0.0,0.0,0.0,0.0,0.0,0.0,0.0
75,518000000,odom,base_link,-1.6881895893657526,0.09630722747188691,-0.10400481867503457,-1.8097475582626164e-05,0.0031029349758720302,-3.1544879033217874e-05,0.9999951852243777,0.0,0.0,0.0,0.0,0.0,0.0,0.0,0.0,0.0,0.0,0.0,0.0,0.0,0.0,0.0,0.0,0.0,0.0,0.0,0.0,0.0,0.0,0.0,0.0,0.0,0.0,0.0,0.0,0.0,0.0,0.0,0.0,0.0,0.0,0.0,0.0,0.0035896248015009962,8.785046276037324e-05,5.574803754732374e-05,-7.036930436412573e-09,-6.058169290668047e-05,8.335280643478882e-06,0.0,0.0,0.0,0.0,0.0,0.0,0.0,0.0,0.0,0.0,0.0,0.0,0.0,0.0,0.0,0.0,0.0,0.0,0.0,0.0,0.0,0.0,0.0,0.0,0.0,0.0,0.0,0.0,0.0,0.0,0.0,0.0,0.0,0.0,0.0,0.0
75,552000000,odom,base_link,-1.6880675681832407,0.09631020724457856,-0.10400370397902095,-1.8097328604564007e-05,0.003101924400963337,-3.142391257420314e-05,0.9999951883634416,0.0,0.0,0.0,0.0,0.0,0.0,0.0,0.0,0.0,0.0,0.0,0.0,0.0,0.0,0.0,0.0,0.0,0.0,0.0,0.0,0.0,0.0,0.0,0.0,0.0,0.0,0.0,0.0,0.0,0.0,0.0,0.0,0.0,0.0,0.0,0.0,0.0035880109922184953,8.787242761774255e-05,5.452186349503979e-05,4.566471124844984e-08,-5.90859624338691e-05,6.4919266407059695e-06,0.0,0.0,0.0,0.0,0.0,0.0,0.0,0.0,0.0,0.0,0.0,0.0,0.0,0.0,0.0,0.0,0.0,0.0,0.0,0.0,0.0,0.0,0.0,0.0,0.0,0.0,0.0,0.0,0.0,0.0,0.0,0.0,0.0,0.0,0.0,0.0
75,586000000,odom,base_link,-1.6879456022297217,0.09631318771114908,-0.10400259627673664,-1.809751204243099e-05,0.0031008897338942877,-3.131295462650208e-05,0.9999951915758581,0.0,0.0,0.0,0.0,0.0,0.0,0.0,0.0,0.0,0.0,0.0,0.0,0.0,0.0,0.0,0.0,0.0,0.0,0.0,0.0,0.0,0.0,0.0,0.0,0.0,0.0,0.0,0.0,0.0,0.0,0.0,0.0,0.0,0.0,0.0,0.0,0.0035863822546634066,8.789039259221271e-05,5.5080097636625253e-05,-7.000299472037508e-09,-6.155825857945274e-05,6.686510722886396e-06,0.0,0.0,0.0,0.0,0.0,0.0,0.0,0.0,0.0,0.0,0.0,0.0,0.0,0.0,0.0,0.0,0.0,0.0,0.0,0.0,0.0,0.0,0.0,0.0,0.0,0.0,0.0,0.0,0.0,0.0,0.0,0.0,0.0,0.0,0.0,0.0
75,620000000,odom,base_link,-1.6878236914804599,0.09631616882271958,-0.10400148270998867,-1.8098080323979427e-05,0.0030998499735700132,-3.120010771652219e-05,0.9999951948030321,0.0,0.0,0.0,0.0,0.0,0.0,0.0,0.0,0.0,0.0,0.0,0.0,0.0,0.0,0.0,0.0,0.0,0.0,0.0,0.0,0.0,0.0,0.0,0.0,0.0,0.0,0.0,0.0,0.0,0.0,0.0,0.0,0.0,0.0,0.0,0.0,0.0035847621594071407,8.790943184819256e-05,5.481390189324932e-05,4.6071870480452436e-10,-6.0337322338455124e-05,6.295664078947993e-06,0.0,0.0,0.0,0.0,0.0,0.0,0.0,0.0,0.0,0.0,0.0,0.0,0.0,0.0,0.0,0.0,0.0,0.0,0.0,0.0,0.0,0.0,0.0,0.0,0.0,0.0,0.0,0.0,0.0,0.0,0.0,0.0,0.0,0.0,0.0,0.0
75,654000000,odom,base_link,-1.687701835838006,0.09631915066240829,-0.10400040276466077,-1.809815579142881e-05,0.003098838093679708,-3.1107003335039587e-05,0.9999951979421102,0.0,0.0,0.0,0.0,0.0,0.0,0.0,0.0,0.0,0.0,0.0,0.0,0.0,0.0,0.0,0.0,0.0,0.0,0.0,0.0,0.0,0.0,0.0,0.0,0.0,0.0,0.0,0.0,0.0,0.0,0.0,0.0,0.0,0.0,0.0,0.0,0.003583149107268005,8.793011426824712e-05,5.341790140347311e-05,1.7311361198701913e-08,-5.932212481241095e-05,5.085485366151943e-06,0.0,0.0,0.0,0.0,0.0,0.0,0.0,0.0,0.0,0.0,0.0,0.0,0.0,0.0,0.0,0.0,0.0,0.0,0.0,0.0,0.0,0.0,0.0,0.0,0.0,0.0,0.0,0.0,0.0,0.0,0.0,0.0,0.0,0.0,0.0,0.0
75,688000000,odom,base_link,-1.6875800354071615,0.09632213312944884,-0.10399932622295562,-1.809876798496102e-05,0.0030978003171272463,-3.100928280556014e-05,0.9999952011605127,0.0,0.0,0.0,0.0,0.0,0.0,0.0,0.0,0.0,0.0,0.0,0.0,0.0,0.0,0.0,0.0,0.0,0.0,0.0,0.0,0.0,0.0,0.0,0.0,0.0,0.0,0.0,0.0,0.0,0.0,0.0,0.0,0.0,0.0,0.0,0.0,0.0035815208181271575,8.7946170300768e-05,5.406217245159063e-05,-2.9813086201146977e-08,-6.154671225999664e-05,6.16281581322653e-06,0.0,0.0,0.0,0.0,0.0,0.0,0.0,0.0,0.0,0.0,0.0,0.0,0.0,0.0,0.0,0.0,0.0,0.0,0.0,0.0,0.0,0.0,0.0,0.0,0.0,0.0,0.0,0.0,0.0,0.0,0.0,0.0,0.0,0.0,0.0,0.0
75,722000000,odom,base_link,-1.687458290143216,0.09632511618896802,-0.10399824763592452,-1.8099529123268167e-05,0.003096763701549276,-3.089872129043998e-05,0.9999952043746274,0.0,0.0,0.0,0.0,0.0,0.0,0.0,0.0,0.0,0.0,0.0,0.0,0.0,0.0,0.0,0.0,0.0,0.0,0.0,0.0,0.0,0.0,0.0,0.0,0.0,0.0,0.0,0.0,0.0,0.0,0.0,0.0,0.0,0.0,0.0,0.0,0.003579902343875286,8.796375747717598e-05,5.371492622281684e-05,-3.962884994522476e-09,-6.007033519495053e-05,6.390013984614029e-06,0.0,0.0,0.0,0.0,0.0,0.0,0.0,0.0,0.0,0.0,0.0,0.0,0.0,0.0,0.0,0.0,0.0,0.0,0.0,0.0,0.0,0.0,0.0,0.0,0.0,0.0,0.0,0.0,0.0,0.0,0.0,0.0,0.0,0.0,0.0,0.0
75,756000000,odom,base_link,-1.6873365999481813,0.09632809992149174,-0.10399720272516368,-1.8099585090882354e-05,0.0030957572335054396,-3.0796067671479295e-05,0.9999952074940952,0.0,0.0,0.0,0.0,0.0,0.0,0.0,0.0,0.0,0.0,0.0,0.0,0.0,0.0,0.0,0.0,0.0,0.0,0.0,0.0,0.0,0.0,0.0,0.0,0.0,0.0,0.0,0.0,0.0,0.0,0.0,0.0,0.0,0.0,0.0,0.0,0.003578290087041975,8.798275469210177e-05,5.238606245763906e-05,2.2919773023932777e-08,-5.8911527389682306e-05,5.8909146449792615e-06,0.0,0.0,0.0,0.0,0.0,0.0,0.0,0.0,0.0,0.0,0.0,0.0,0.0,0.0,0.0,0.0,0.0,0.0,0.0,0.0,0.0,0.0,0.0,0.0,0.0,0.0,0.0,0.0,0.0,0.0,0.0,0.0,0.0,0.0,0.0,0.0
75,790000000,odom,base_link,-1.6872149649277648,0.09633108426115483,-0.10399615664928209,-1.8100117950188722e-05,0.0030947251739951082,-3.068442718022663e-05,0.9999952106920058,0.0,0.0,0.0,0.0,0.0,0.0,0.0,0.0,0.0,0.0,0.0,0.0,0.0,0.0,0.0,0.0,0.0,0.0,0.0,0.0,0.0,0.0,0.0,0.0,0.0,0.0,0.0,0.0,0.0,0.0,0.0,0.0,0.0,0.0,0.0,0.0,0.0035766619594572724,8.79987187382468e-05,5.31131221144665e-05,-2.1813659732694557e-08,-6.129689680278716e-05,6.95176933795949e-06,0.0,0.0,0.0,0.0,0.0,0.0,0.0,0.0,0.0,0.0,0.0,0.0,0.0,0.0,0.0,0.0,0.0,0.0,0.0,0.0,0.0,0.0,0.0,0.0,0.0,0.0,0.0,0.0,0.0,0.0,0.0,0.0,0.0,0.0,0.0,0.0
75,824000000,odom,base_link,-1.6870933850417345,0.09633406921191526,-0.10399510694635321,-1.810072994805126e-05,0.003093695110842338,-3.056442013267672e-05,0.999995213882917,0.0,0.0,0.0,0.0,0.0,0.0,0.0,0.0,0.0,0.0,0.0,0.0,0.0,0.0,0.0,0.0,0.0,0.0,0.0,0.0,0.0,0.0,0.0,0.0,0.0,0.0,0.0,0.0,0.0,0.0,0.0,0.0,0.0,0.0,0.0,0.0,0.003575044181001201,8.801717065520313e-05,5.285171559636713e-05,5.6866865112258774e-09,-5.968619447571655e-05,6.7407321058254865e-06,0.0,0.0,0.0,0.0,0.0,0.0,0.0,0.0,0.0,0.0,0.0,0.0,0.0,0.0,0.0,0.0,0.0,0.0,0.0,0.0,0.0,0.0,0.0,0.0,0.0,0.0,0.0,0.0,0.0,0.0,0.0,0.0,0.0,0.0,0.0,0.0
75,858000000,odom,base_link,-1.6869718602023687,0.09633705487231982,-0.10399408638248986,-1.810071825153448e-05,0.003092691139406119,-3.046083343335447e-05,0.9999952169915703,0.0,0.0,0.0,0.0,0.0,0.0,0.0,0.0,0.0,0.0,0.0,0.0,0.0,0.0,0.0,0.0,0.0,0.0,0.0,0.0,0.0,0.0,0.0,0.0,0.0,0.0,0.0,0.0,0.0,0.0,0.0,0.0,0.0,0.0,0.0,0.0,0.0035734308341162763,8.803703080214821e-05,5.172490561350831e-05,2.251541461953388e-08,-5.908214610883533e-05,5.834931782189301e-06,0.0,0.0,0.0,0.0,0.0,0.0,0.0,0.0,0.0,0.0,0.0,0.0,0.0,0.0,0.0,0.0,0.0,0.0,0.0,0.0,0.0,0.0,0.0,0.0,0.0,0.0,0.0,0.0,0.0,0.0,0.0,0.0,0.0,0.0,0.0,0.0
75,892000000,odom,base_link,-1.6868503905317553,0.09634004115447488,-0.10399305750563961,-1.8101286783432612e-05,0.003091657022146273,-3.0351691039870974e-05,0.9999952201925646,0.0,0.0,0.0,0.0,0.0,0.0,0.0,0.0,0.0,0.0,0.0,0.0,0.0,0.0,0.0,0.0,0.0,0.0,0.0,0.0,0.0,0.0,0.0,0.0,0.0,0.0,0.0,0.0,0.0,0.0,0.0,0.0,0.0,0.0,0.0,0.0,0.0035718025014652524,8.805331352187723e-05,5.2583003541353023e-05,-2.416735127991343e-08,-6.125329008455083e-05,6.737375546350677e-06,0.0,0.0,0.0,0.0,0.0,0.0,0.0,0.0,0.0,0.0,0.0,0.0,0.0,0.0,0.0,0.0,0.0,0.0,0.0,0.0,0.0,0.0,0.0,0.0,0.0,0.0,0.0,0.0,0.0,0.0,0.0,0.0,0.0,0.0,0.0,0.0
75,926000000,odom,base_link,-1.6867289759578434,0.09634302806075852,-0.10399202142986626,-1.8101870163803864e-05,0.0030906313908608163,-3.0237730470410043e-05,0.9999952233663958,0.0,0.0,0.0,0.0,0.0,0.0,0.0,0.0,0.0,0.0,0.0,0.0,0.0,0.0,0.0,0.0,0.0,0.0,0.0,0.0,0.0,0.0,0.0,0.0,0.0,0.0,0.0,0.0,0.0,0.0,0.0,0.0,0.0,0.0,0.0,0.0,0.0035701850336333648,8.807208269654772e-05,5.2443926872406896e-05,6.3759376359336095e-09,-5.940586191854891e-05,6.363204674286749e-06,0.0,0.0,0.0,0.0,0.0,0.0,0.0,0.0,0.0,0.0,0.0,0.0,0.0,0.0,0.0,0.0,0.0,0.0,0.0,0.0,0.0,0.0,0.0,0.0,0.0,0.0,0.0,0.0,0.0,0.0,0.0,0.0,0.0,0.0,0.0,0.0
75,960000000,odom,base_link,-1.68660761639864,0.09634601567230186,-0.10399100824410303,-1.8101867059667288e-05,0.0030896318940722683,-3.0139749232989066e-05,0.9999952264579451,0.0,0.0,0.0,0.0,0.0,0.0,0.0,0.0,0.0,0.0,0.0,0.0,0.0,0.0,0.0,0.0,0.0,0.0,0.0,0.0,0.0,0.0,0.0,0.0,0.0,0.0,0.0,0.0,0.0,0.0,0.0,0.0,0.0,0.0,0.0,0.0,0.00356857118314909,8.809170123334916e-05,5.164272055818392e-05,1.8369237641396863e-08,-5.8765959920492605e-05,5.557120541510585e-06,0.0,0.0,0.0,0.0,0.0,0.0,0.0,0.0,0.0,0.0,0.0,0.0,0.0,0.0,0.0,0.0,0.0,0.0,0.0,0.0,0.0,0.0,0.0,0.0,0.0,0.0,0.0,0.0,0.0,0.0,0.0,0.0,0.0,0.0,0.0,0.0
75,994000000,odom,base_link,-1.6864863119680302,0.09634900389296183,-0.10398997686947585,-1.8102479414091925e-05,0.003088601067817628,-3.0033765145442602e-05,0.9999952296454804,0.0,0.0,0.0,0.0,0.0,0.0,0.0,0.0,0.0,0.0,0.0,0.0,0.0,0.0,0.0,0.0,0.0,0.0,0.0,0.0,0.0,0.0,0.0,0.0,0.0,0.0,0.0,0.0,0.0,0.0,0.0,0.0,0.0,0.0,0.0,0.0,0.0035669424621063784,8.81076458406195e-05,5.263166712329766e-05,-2.6493240934399864e-08,-6.10925674493501e-05,6.590802614780955e-06,0.0,0.0,0.0,0.0,0.0,0.0,0.0,0.0,0.0,0.0,0.0,0.0,0.0,0.0,0.0,0.0,0.0,0.0,0.0,0.0,0.0,0.0,0.0,0.0,0.0,0.0,0.0,0.0,0.0,0.0,0.0,0.0,0.0,0.0,0.0,0.0
76,28000000,odom,base_link,-1.6863650626101163,0.09635199273220452,-0.1039889354208286,-1.8103020489612268e-05,0.00308757970156771,-2.992232318990253e-05,0.9999952328028977,0.0,0.0,0.0,0.0,0.0,0.0,0.0,0.0,0.0,0.0,0.0,0.0,0.0,0.0,0.0,0.0,0.0,0.0,0.0,0.0,0.0,0.0,0.0,0.0,0.0,0.0,0.0,0.0,0.0,0.0,0.0,0.0,0.0,0.0,0.0,0.0,0.0035653252249786918,8.812627965827161e-05,5.257396451113472e-05,8.756098298680348e-09,-5.92078233552229e-05,6.24968499174372e-06,0.0,0.0,0.0,0.0,0.0,0.0,0.0,0.0,0.0,0.0,0.0,0.0,0.0,0.0,0.0,0.0,0.0,0.0,0.0,0.0,0.0,0.0,0.0,0.0,0.0,0.0,0.0,0.0,0.0,0.0,0.0,0.0,0.0,0.0,0.0,0.0
76,62000000,odom,base_link,-1.6862438682663325,0.0963549822634734,-0.10398791543441323,-1.810299013002783e-05,0.0030865806172975406,-2.9824396486379665e-05,0.9999952358900916,0.0,0.0,0.0,0.0,0.0,0.0,0.0,0.0,0.0,0.0,0.0,0.0,0.0,0.0,0.0,0.0,0.0,0.0,0.0,0.0,0.0,0.0,0.0,0.0,0.0,0.0,0.0,0.0,0.0,0.0,0.0,0.0,0.0,0.0,0.0,0.0,0.0035637105742739985,8.814543417787211e-05,5.1773931763072914e-05,1.9122140676453014e-08,-5.901357553739217e-05,5.630782151655467e-06,0.0,0.0,0.0,0.0,0.0,0.0,0.0,0.0,0.0,0.0,0.0,0.0,0.0,0.0,0.0,0.0,0.0,0.0,0.0,0.0,0.0,0.0,0.0,0.0,0.0,0.0,0.0,0.0,0.0,0.0,0.0,0.0,0.0,0.0,0.0,0.0
76,96000000,odom,base_link,-1.6861227290633212,0.09635797239478407,-0.10398687758899615,-1.810358860852451e-05,0.003085549078550407,-2.971683007533394e-05,0.9999952390766937,0.0,0.0,0.0,0.0,0.0,0.0,0.0,0.0,0.0,0.0,0.0,0.0,0.0,0.0,0.0,0.0,0.0,0.0,0.0,0.0,0.0,0.0,0.0,0.0,0.0,0.0,0.0,0.0,0.0,0.0,0.0,0.0,0.0,0.0,0.0,0.0,0.0035620822801382414,8.816125295847781e-05,5.277805969967985e-05,-2.523918036373418e-08,-6.105328722583181e-05,6.688199594151456e-06,0.0,0.0,0.0,0.0,0.0,0.0,0.0,0.0,0.0,0.0,0.0,0.0,0.0,0.0,0.0,0.0,0.0,0.0,0.0,0.0,0.0,0.0,0.0,0.0,0.0,0.0,0.0,0.0,0.0,0.0,0.0,0.0,0.0,0.0,0.0,0.0
76,130000000,odom,base_link,-1.6860016449039712,0.09636096315026156,-0.10398582870602553,-1.810404864061092e-05,0.0030845311978773774,-2.960562719838632e-05,0.9999952422202015,0.0,0.0,0.0,0.0,0.0,0.0,0.0,0.0,0.0,0.0,0.0,0.0,0.0,0.0,0.0,0.0,0.0,0.0,0.0,0.0,0.0,0.0,0.0,0.0,0.0,0.0,0.0,0.0,0.0,0.0,0.0,0.0,0.0,0.0,0.0,0.0,0.003560465677288867,8.818013301366928e-05,5.274305575817929e-05,1.2879577439284251e-08,-5.9039847144504165e-05,6.202328961535386e-06,0.0,0.0,0.0,0.0,0.0,0.0,0.0,0.0,0.0,0.0,0.0,0.0,0.0,0.0,0.0,0.0,0.0,0.0,0.0,0.0,0.0,0.0,0.0,0.0,0.0,0.0,0.0,0.0,0.0,0.0,0.0,0.0,0.0,0.0,0.0,0.0
76,164000000,odom,base_link,-1.685880615752191,0.09636395459399465,-0.10398479566010538,-1.8104042893467412e-05,0.0030835299149582682,-2.950733571158436e-05,0.9999952453111086,0.0,0.0,0.0,0.0,0.0,0.0,0.0,0.0,0.0,0.0,0.0,0.0,0.0,0.0,0.0,0.0,0.0,0.0,0.0,0.0,0.0,0.0,0.0,0.0,0.0,0.0,0.0,0.0,0.0,0.0,0.0,0.0,0.0,0.0,0.0,0.0,0.0035588478970381256,8.819878502239706e-05,5.2434222752711784e-05,9.402785126032265e-09,-5.962979479079422e-05,5.827286875259574e-06,0.0,0.0,0.0,0.0,0.0,0.0,0.0,0.0,0.0,0.0,0.0,0.0,0.0,0.0,0.0,0.0,0.0,0.0,0.0,0.0,0.0,0.0,0.0,0.0,0.0,0.0,0.0,0.0,0.0,0.0,0.0,0.0,0.0,0.0,0.0,0.0
76,198000000,odom,base_link,-1.685759641722467,0.09636694662735266,-0.10398373412296308,-1.8104718353841755e-05,0.0030824962118831834,-2.9396949039099956e-05,0.9999952485012827,0.0,0.0,0.0,0.0,0.0,0.0,0.0,0.0,0.0,0.0,0.0,0.0,0.0,0.0,0.0,0.0,0.0,0.0,0.0,0.0,0.0,0.0,0.0,0.0,0.0,0.0,0.0,0.0,0.0,0.0,0.0,0.0,0.0,0.0,0.0,0.0,0.0035572207439984378,8.821462252796363e-05,5.3408925611655676e-05,-2.720977592546303e-08,-6.10490886288062e-05,6.836643429153355e-06,0.0,0.0,0.0,0.0,0.0,0.0,0.0,0.0,0.0,0.0,0.0,0.0,0.0,0.0,0.0,0.0,0.0,0.0,0.0,0.0,0.0,0.0,0.0,0.0,0.0,0.0,0.0,0.0,0.0,0.0,0.0,0.0,0.0,0.0,0.0,0.0
76,232000000,odom,base_link,-1.6856387227231917,0.09636993928583211,-0.10398266263516462,-1.8105186395615966e-05,0.0030814782873076958,-2.9283615922744767e-05,0.999995251641845,0.0,0.0,0.0,0.0,0.0,0.0,0.0,0.0,0.0,0.0,0.0,0.0,0.0,0.0,0.0,0.0,0.0,0.0,0.0,0.0,0.0,0.0,0.0,0.0,0.0,0.0,0.0,0.0,0.0,0.0,0.0,0.0,0.0,0.0,0.0,0.0,0.003555604472524932,8.823350980976911e-05,5.335054274454254e-05,1.3463745049402398e-08,-5.9071770408536395e-05,6.317669010158511e-06,0.0,0.0,0.0,0.0,0.0,0.0,0.0,0.0,0.0,0.0,0.0,0.0,0.0,0.0,0.0,0.0,0.0,0.0,0.0,0.0,0.0,0.0,0.0,0.0,0.0,0.0,0.0,0.0,0.0,0.0,0.0,0.0,0.0,0.0,0.0,0.0
76,266000000,odom,base_link,-1.685517858716454,0.096372932630828,-0.10398160453663328,-1.810518808886179e-05,0.00308047731863589,-2.918301746277549e-05,0.9999952547287627,0.0,0.0,0.0,0.0,0.0,0.0,0.0,0.0,0.0,0.0,0.0,0.0,0.0,0.0,0.0,0.0,0.0,0.0,0.0,0.0,0.0,0.0,0.0,0.0,0.0,0.0,0.0,0.0,0.0,0.0,0.0,0.0,0.0,0.0,0.0,0.0,0.0035539863867304214,8.825202653479379e-05,5.322171521762938e-05,8.521042855688665e-09,-5.95392272373374e-05,5.992889207107055e-06,0.0,0.0,0.0,0.0,0.0,0.0,0.0,0.0,0.0,0.0,0.0,0.0,0.0,0.0,0.0,0.0,0.0,0.0,0.0,0.0,0.0,0.0,0.0,0.0,0.0,0.0,0.0,0.0,0.0,0.0,0.0,0.0,0.0,0.0,0.0,0.0
76,300000000,odom,base_link,-1.6853970498107038,0.09637592656878372,-0.10398051850842971,-1.810582598904936e-05,0.0030794457370782987,-2.9071414751862757e-05,0.9999952579092485,0.0,0.0,0.0,0.0,0.0,0.0,0.0,0.0,0.0,0.0,0.0,0.0,0.0,0.0,0.0,0.0,0.0,0.0,0.0,0.0,0.0,0.0,0.0,0.0,0.0,0.0,0.0,0.0,0.0,0.0,0.0,0.0,0.0,0.0,0.0,0.0,0.0035523607308378348,8.826809798460097e-05,5.400968370205155e-05,-2.3729675342754053e-08,-6.091512858574788e-05,6.859939372105828e-06,0.0,0.0,0.0,0.0,0.0,0.0,0.0,0.0,0.0,0.0,0.0,0.0,0.0,0.0,0.0,0.0,0.0,0.0,0.0,0.0,0.0,0.0,0.0,0.0,0.0,0.0,0.0,0.0,0.0,0.0,0.0,0.0,0.0,0.0,0.0,0.0
76,334000000,odom,base_link,-1.6852762959877936,0.09637892107871358,-0.10397940302876953,-1.8106827230616607e-05,0.0030784041398496708,-2.8943824551116124e-05,0.9999952611199463,0.0,0.0,0.0,0.0,0.0,0.0,0.0,0.0,0.0,0.0,0.0,0.0,0.0,0.0,0.0,0.0,0.0,0.0,0.0,0.0,0.0,0.0,0.0,0.0,0.0,0.0,0.0,0.0,0.0,0.0,0.0,0.0,0.0,0.0,0.0,0.0,0.003550734474943723,8.828378482793063e-05,5.508022246274543e-05,-3.8120988310463844e-08,-6.139413173400499e-05,7.874890339820695e-06,0.0,0.0,0.0,0.0,0.0,0.0,0.0,0.0,0.0,0.0,0.0,0.0,0.0,0.0,0.0,0.0,0.0,0.0,0.0,0.0,0.0,0.0,0.0,0.0,0.0,0.0,0.0,0.0,0.0,0.0,0.0,0.0,0.0,0.0,0.0,0.0
76,368000000,odom,base_link,-1.6851555972143242,0.09638191618934398,-0.10397826805498613,-1.8107657160515337e-05,0.0030773720458191,-2.8807087261301497e-05,0.9999952643005646,0.0,0.0,0.0,0.0,0.0,0.0,0.0,0.0,0.0,0.0,0.0,0.0,0.0,0.0,0.0,0.0,0.0,0.0,0.0,0.0,0.0,0.0,0.0,0.0,0.0,0.0,0.0,0.0,0.0,0.0,0.0,0.0,0.0,0.0,0.0,0.0,0.003549116207165979,8.830196409224367e-05,5.517690873654811e-05,4.910675338587467e-09,-5.974012822207442e-05,7.6431757367601e-06,0.0,0.0,0.0,0.0,0.0,0.0,0.0,0.0,0.0,0.0,0.0,0.0,0.0,0.0,0.0,0.0,0.0,0.0,0.0,0.0,0.0,0.0,0.0,0.0,0.0,0.0,0.0,0.0,0.0,0.0,0.0,0.0,0.0,0.0,0.0,0.0
76,402000000,odom,base_link,-1.6850349534067908,0.09638491204498448,-0.10397715735551424,-1.8107355032523486e-05,0.0030763734425330856,-2.8696555437824398e-05,0.9999952673763379,0.0,0.0,0.0,0.0,0.0,0.0,0.0,0.0,0.0,0.0,0.0,0.0,0.0,0.0,0.0,0.0,0.0,0.0,0.0,0.0,0.0,0.0,0.0,0.0,0.0,0.0,0.0,0.0,0.0,0.0,0.0,0.0,0.0,0.0,0.0,0.0,0.003547505964768807,8.832330178708346e-05,5.3992246767552275e-05,5.047985501827057e-08,-5.843387000936673e-05,5.922790702328484e-06,0.0,0.0,0.0,0.0,0.0,0.0,0.0,0.0,0.0,0.0,0.0,0.0,0.0,0.0,0.0,0.0,0.0,0.0,0.0,0.0,0.0,0.0,0.0,0.0,0.0,0.0,0.0,0.0,0.0,0.0,0.0,0.0,0.0,0.0,0.0,0.0
76,436000000,odom,base_link,-1.6849143646921372,0.09638790856989395,-0.10397604977390226,-1.810744816616788e-05,0.0030753491962364154,-2.8593758971877058e-05,0.9999952705297352,0.0,0.0,0.0,0.0,0.0,0.0,0.0,0.0,0.0,0.0,0.0,0.0,0.0,0.0,0.0,0.0,0.0,0.0,0.0,0.0,0.0,0.0,0.0,0.0,0.0,0.0,0.0,0.0,0.0,0.0,0.0,0.0,0.0,0.0,0.0,0.0,0.0035458807419636662,8.834067991993228e-05,5.464676948186624e-05,-2.540510695288019e-09,-6.088655979397117e-05,6.221260084871005e-06,0.0,0.0,0.0,0.0,0.0,0.0,0.0,0.0,0.0,0.0,0.0,0.0,0.0,0.0,0.0,0.0,0.0,0.0,0.0,0.0,0.0,0.0,0.0,0.0,0.0,0.0,0.0,0.0,0.0,0.0,0.0,0.0,0.0,0.0,0.0,0.0
76,470000000,odom,base_link,-1.684793831046165,0.0963909057174507,-0.10397493630763115,-1.8107916979118323e-05,0.0030743203493830357,-2.8487493661262e-05,0.9999952736963087,0.0,0.0,0.0,0.0,0.0,0.0,0.0,0.0,0.0,0.0,0.0,0.0,0.0,0.0,0.0,0.0,0.0,0.0,0.0,0.0,0.0,0.0,0.0,0.0,0.0,0.0,0.0,0.0,0.0,0.0,0.0,0.0,0.0,0.0,0.0,0.0,0.003544264513302421,8.83590016801232e-05,5.437467576638194e-05,4.5913671736091954e-09,-5.9716511202623224e-05,5.982779693880502e-06,0.0,0.0,0.0,0.0,0.0,0.0,0.0,0.0,0.0,0.0,0.0,0.0,0.0,0.0,0.0,0.0,0.0,0.0,0.0,0.0,0.0,0.0,0.0,0.0,0.0,0.0,0.0,0.0,0.0,0.0,0.0,0.0,0.0,0.0,0.0,0.0
76,504000000,odom,base_link,-1.684673352371945,0.09639390356440962,-0.10397385679945709,-1.8107880914418994e-05,0.003073319562325225,-2.8397890535479498e-05,0.9999952767751117,0.0,0.0,0.0,0.0,0.0,0.0,0.0,0.0,0.0,0.0,0.0,0.0,0.0,0.0,0.0,0.0,0.0,0.0,0.0,0.0,0.0,0.0,0.0,0.0,0.0,0.0,0.0,0.0,0.0,0.0,0.0,0.0,0.0,0.0,0.0,0.0,0.003542655512117546,8.837893500572394e-05,5.29699848937243e-05,2.3645481406209257e-08,-5.8660671342636306e-05,4.931845687394798e-06,0.0,0.0,0.0,0.0,0.0,0.0,0.0,0.0,0.0,0.0,0.0,0.0,0.0,0.0,0.0,0.0,0.0,0.0,0.0,0.0,0.0,0.0,0.0,0.0,0.0,0.0,0.0,0.0,0.0,0.0,0.0,0.0,0.0,0.0,0.0,0.0
76,538000000,odom,base_link,-1.6845529287718368,0.09639690202265633,-0.10397278136277475,-1.8108331301053157e-05,0.003072293657757754,-2.8303406763086673e-05,0.9999952799302034,0.0,0.0,0.0,0.0,0.0,0.0,0.0,0.0,0.0,0.0,0.0,0.0,0.0,0.0,0.0,0.0,0.0,0.0,0.0,0.0,0.0,0.0,0.0,0.0,0.0,0.0,0.0,0.0,0.0,0.0,0.0,0.0,0.0,0.0,0.0,0.0,0.003541031440309523,8.839473060364232e-05,5.358882299397788e-05,-2.0355663161997217e-08,-6.083743784301987e-05,5.946768100173472e-06,0.0,0.0,0.0,0.0,0.0,0.0,0.0,0.0,0.0,0.0,0.0,0.0,0.0,0.0,0.0,0.0,0.0,0.0,0.0,0.0,0.0,0.0,0.0,0.0,0.0,0.0,0.0,0.0,0.0,0.0,0.0,0.0,0.0,0.0,0.0,0.0
76,572000000,odom,base_link,-1.6844325602883097,0.09639990106263284,-0.1039717048171561,-1.810891318556793e-05,0.0030712688654287424,-2.8196975564787464e-05,0.9999952830811524,0.0,0.0,0.0,0.0,0.0,0.0,0.0,0.0,0.0,0.0,0.0,0.0,0.0,0.0,0.0,0.0,0.0,0.0,0.0,0.0,0.0,0.0,0.0,0.0,0.0,0.0,0.0,0.0,0.0,0.0,0.0,0.0,0.0,0.0,0.0,0.0,0.0035394130489774904,8.841202575745855e-05,5.3212029021764394e-05,4.941190002733659e-09,-5.939357734519035e-05,6.133911911732071e-06,0.0,0.0,0.0,0.0,0.0,0.0,0.0,0.0,0.0,0.0,0.0,0.0,0.0,0.0,0.0,0.0,0.0,0.0,0.0,0.0,0.0,0.0,0.0,0.0,0.0,0.0,0.0,0.0,0.0,0.0,0.0,0.0,0.0,0.0,0.0,0.0
76,606000000,odom,base_link,-1.684312246794079,0.09640290076438894,-0.10397066274210781,-1.8108819235064064e-05,0.003070272220259505,-2.8099187214467815e-05,0.9999952861443897,0.0,0.0,0.0,0.0,0.0,0.0,0.0,0.0,0.0,0.0,0.0,0.0,0.0,0.0,0.0,0.0,0.0,0.0,0.0,0.0,0.0,0.0,0.0,0.0,0.0,0.0,0.0,0.0,0.0,0.0,0.0,0.0,0.0,0.0,0.0,0.0,0.003537804347148768,8.843072849650129e-05,5.1883062159684177e-05,2.899010441426153e-08,-5.854216453826666e-05,5.602430963591587e-06,0.0,0.0,0.0,0.0,0.0,0.0,0.0,0.0,0.0,0.0,0.0,0.0,0.0,0.0,0.0,0.0,0.0,0.0,0.0,0.0,0.0,0.0,0.0,0.0,0.0,0.0,0.0,0.0,0.0,0.0,0.0,0.0,0.0,0.0,0.0,0.0
76,640000000,odom,base_link,-1.6841919883503556,0.09640590106298375,-0.10396961940984233,-1.8109214962188555e-05,0.003069247912568517,-2.7993227555854725e-05,0.999995289291748,0.0,0.0,0.0,0.0,0.0,0.0,0.0,0.0,0.0,0.0,0.0,0.0,0.0,0.0,0.0,0.0,0.0,0.0,0.0,0.0,0.0,0.0,0.0,0.0,0.0,0.0,0.0,0.0,0.0,0.0,0.0,0.0,0.0,0.0,0.0,0.0,0.0035361804628701683,8.844651090448967e-05,5.258763745703687e-05,-1.417855815394331e-08,-6.0688206104941855e-05,6.580730804728319e-06,0.0,0.0,0.0,0.0,0.0,0.0,0.0,0.0,0.0,0.0,0.0,0.0,0.0,0.0,0.0,0.0,0.0,0.0,0.0,0.0,0.0,0.0,0.0,0.0,0.0,0.0,0.0,0.0,0.0,0.0,0.0,0.0,0.0,0.0,0.0,0.0
76,674000000,odom,base_link,-1.6840717849190723,0.0964089019533102,-0.10396857414208845,-1.8109633044460855e-05,0.003068225068199167,-2.7877871313512142e-05,0.9999952924338176,0.0,0.0,0.0,0.0,0.0,0.0,0.0,0.0,0.0,0.0,0.0,0.0,0.0,0.0,0.0,0.0,0.0,0.0,0.0,0.0,0.0,0.0,0.0,0.0,0.0,0.0,0.0,0.0,0.0,0.0,0.0,0.0,0.0,0.0,0.0,0.0,0.0035345660988177416,8.846419567796519e-05,5.2288017756657674e-05,1.5804377251349422e-08,-5.930209674431808e-05,6.5493356959933635e-06,0.0,0.0,0.0,0.0,0.0,0.0,0.0,0.0,0.0,0.0,0.0,0.0,0.0,0.0,0.0,0.0,0.0,0.0,0.0,0.0,0.0,0.0,0.0,0.0,0.0,0.0,0.0,0.0,0.0,0.0,0.0,0.0,0.0,0.0,0.0,0.0
76,708000000,odom,base_link,-1.6839516364033265,0.0964119035301584,-0.10396755682918274,-1.8109477855879638e-05,0.0030672299162679026,-2.7776816840752207e-05,0.9999952954895017,0.0,0.0,0.0,0.0,0.0,0.0,0.0,0.0,0.0,0.0,0.0,0.0,0.0,0.0,0.0,0.0,0.0,0.0,0.0,0.0,0.0,0.0,0.0,0.0,0.0,0.0,0.0,0.0,0.0,0.0,0.0,0.0,0.0,0.0,0.0,0.0,0.0035329564989843285,8.848356614201811e-05,5.121426871399299e-05,2.9629249574669725e-08,-5.8510730127636634e-05,5.698579874646725e-06,0.0,0.0,0.0,0.0,0.0,0.0,0.0,0.0,0.0,0.0,0.0,0.0,0.0,0.0,0.0,0.0,0.0,0.0,0.0,0.0,0.0,0.0,0.0,0.0,0.0,0.0,0.0,0.0,0.0,0.0,0.0,0.0,0.0,0.0,0.0,0.0
76,742000000,odom,base_link,-1.6838315429166162,0.09641490572143982,-0.10396653242257609,-1.8109865626476107e-05,0.0030662082415989582,-2.7671830401585778e-05,0.9999952986256094,0.0,0.0,0.0,0.0,0.0,0.0,0.0,0.0,0.0,0.0,0.0,0.0,0.0,0.0,0.0,0.0,0.0,0.0,0.0,0.0,0.0,0.0,0.0,0.0,0.0,0.0,0.0,0.0,0.0,0.0,0.0,0.0,0.0,0.0,0.0,0.0,0.00353133278221143,8.84998228647917e-05,5.199321581218353e-05,-1.3844101646315332e-08,-6.0478109986661366e-05,6.435511190616694e-06,0.0,0.0,0.0,0.0,0.0,0.0,0.0,0.0,0.0,0.0,0.0,0.0,0.0,0.0,0.0,0.0,0.0,0.0,0.0,0.0,0.0,0.0,0.0,0.0,0.0,0.0,0.0,0.0,0.0,0.0,0.0,0.0,0.0,0.0,0.0,0.0
76,776000000,odom,base_link,-1.6837115045131763,0.09641790853292234,-0.10396550332473069,-1.8110241072218965e-05,0.0030651952404895065,-2.756454225639629e-05,0.9999953017341395,0.0,0.0,0.0,0.0,0.0,0.0,0.0,0.0,0.0,0.0,0.0,0.0,0.0,0.0,0.0,0.0,0.0,0.0,0.0,0.0,0.0,0.0,0.0,0.0,0.0,0.0,0.0,0.0,0.0,0.0,0.0,0.0,0.0,0.0,0.0,0.0,0.0035297149575812562,8.851847801898458e-05,5.17903449051288e-05,1.5881378243737254e-08,-5.869577464068243e-05,5.943227243676574e-06,0.0,0.0,0.0,0.0,0.0,0.0,0.0,0.0,0.0,0.0,0.0,0.0,0.0,0.0,0.0,0.0,0.0,0.0,0.0,0.0,0.0,0.0,0.0,0.0,0.0,0.0,0.0,0.0,0.0,0.0,0.0,0.0,0.0,0.0,0.0,0.0
76,810000000,odom,base_link,-1.6835915210281365,0.09642091203751409,-0.10396449656717348,-1.8110101549552565e-05,0.0030642063175923408,-2.7473695066893252e-05,0.9999953047674092,0.0,0.0,0.0,0.0,0.0,0.0,0.0,0.0,0.0,0.0,0.0,0.0,0.0,0.0,0.0,0.0,0.0,0.0,0.0,0.0,0.0,0.0,0.0,0.0,0.0,0.0,0.0,0.0,0.0,0.0,0.0,0.0,0.0,0.0,0.0,0.0,0.003528104011013775,8.853764523691435e-05,5.115746041033382e-05,2.108292715755078e-08,-5.831527971622563e-05,5.195067354080152e-06,0.0,0.0,0.0,0.0,0.0,0.0,0.0,0.0,0.0,0.0,0.0,0.0,0.0,0.0,0.0,0.0,0.0,0.0,0.0,0.0,0.0,0.0,0.0,0.0,0.0,0.0,0.0,0.0,0.0,0.0,0.0,0.0,0.0,0.0,0.0,0.0
76,844000000,odom,base_link,-1.6834715925392654,0.09642391613544239,-0.10396346846722732,-1.811059695519051e-05,0.0030631857205964804,-2.7374306876467227e-05,0.9999953078969395,0.0,0.0,0.0,0.0,0.0,0.0,0.0,0.0,0.0,0.0,0.0,0.0,0.0,0.0,0.0,0.0,0.0,0.0,0.0,0.0,0.0,0.0,0.0,0.0,0.0,0.0,0.0,0.0,0.0,0.0,0.0,0.0,0.0,0.0,0.0,0.0,0.003526479600899033,8.855333382376597e-05,5.208871838956069e-05,-2.0087347583908066e-08,-6.041806415169049e-05,6.1815889296212845e-06,0.0,0.0,0.0,0.0,0.0,0.0,0.0,0.0,0.0,0.0,0.0,0.0,0.0,0.0,0.0,0.0,0.0,0.0,0.0,0.0,0.0,0.0,0.0,0.0,0.0,0.0,0.0,0.0,0.0,0.0,0.0,0.0,0.0,0.0,0.0,0.0
76,878000000,odom,base_link,-1.6833517189817335,0.09642692084108198,-0.10396243173336879,-1.8110966477928186e-05,0.003062177197804689,-2.7270330215403474e-05,0.9999953109885722,0.0,0.0,0.0,0.0,0.0,0.0,0.0,0.0,0.0,0.0,0.0,0.0,0.0,0.0,0.0,0.0,0.0,0.0,0.0,0.0,0.0,0.0,0.0,0.0,0.0,0.0,0.0,0.0,0.0,0.0,0.0,0.0,0.0,0.0,0.0,0.0,0.0035248666937154386,8.857162754416578e-05,5.198947591960666e-05,1.6883773632653254e-08,-5.847720210283569e-05,5.831436000747203e-06,0.0,0.0,0.0,0.0,0.0,0.0,0.0,0.0,0.0,0.0,0.0,0.0,0.0,0.0,0.0,0.0,0.0,0.0,0.0,0.0,0.0,0.0,0.0,0.0,0.0,0.0,0.0,0.0,0.0,0.0,0.0,0.0,0.0,0.0,0.0,0.0
76,912000000,odom,base_link,-1.6832319003092908,0.09642992621619405,-0.10396141499363323,-1.8110820804030475e-05,0.0030611876900931575,-2.717787906548405e-05,0.9999953140206643,0.0,0.0,0.0,0.0,0.0,0.0,0.0,0.0,0.0,0.0,0.0,0.0,0.0,0.0,0.0,0.0,0.0,0.0,0.0,0.0,0.0,0.0,0.0,0.0,0.0,0.0,0.0,0.0,0.0,0.0,0.0,0.0,0.0,0.0,0.0,0.0,0.0035232541002336694,8.858999226337191e-05,5.143629292076666e-05,1.983604920943738e-08,-5.876440845042907e-05,5.43327520752257e-06,0.0,0.0,0.0,0.0,0.0,0.0,0.0,0.0,0.0,0.0,0.0,0.0,0.0,0.0,0.0,0.0,0.0,0.0,0.0,0.0,0.0,0.0,0.0,0.0,0.0,0.0,0.0,0.0,0.0,0.0,0.0,0.0,0.0,0.0,0.0,0.0
76,946000000,odom,base_link,-1.6831121366424977,0.09643293217246805,-0.10396037543143283,-1.811130986412332e-05,0.0030601658602703234,-2.7074377714153613e-05,0.9999953171509686,0.0,0.0,0.0,0.0,0.0,0.0,0.0,0.0,0.0,0.0,0.0,0.0,0.0,0.0,0.0,0.0,0.0,0.0,0.0,0.0,0.0,0.0,0.0,0.0,0.0,0.0,0.0,0.0,0.0,0.0,0.0,0.0,0.0,0.0,0.0,0.0,0.0035216304870393823,8.860557845908666e-05,5.2375032549968416e-05,-1.8175529310771044e-08,-6.039503261945356e-05,6.425963050560313e-06,0.0,0.0,0.0,0.0,0.0,0.0,0.0,0.0,0.0,0.0,0.0,0.0,0.0,0.0,0.0,0.0,0.0,0.0,0.0,0.0,0.0,0.0,0.0,0.0,0.0,0.0,0.0,0.0,0.0,0.0,0.0,0.0,0.0,0.0,0.0,0.0
76,980000000,odom,base_link,-1.6829924278861343,0.09643593874197694,-0.10395932748113194,-1.811161073411445e-05,0.003059159585595794,-2.6968018478646866e-05,0.9999953202327125,0.0,0.0,0.0,0.0,0.0,0.0,0.0,0.0,0.0,0.0,0.0,0.0,0.0,0.0,0.0,0.0,0.0,0.0,0.0,0.0,0.0,0.0,0.0,0.0,0.0,0.0,0.0,0.0,0.0,0.0,0.0,0.0,0.0,0.0,0.0,0.0,0.0035200182100058536,8.862415570291272e-05,5.225643008262397e-05,2.1305111320979453e-08,-5.835774778972791e-05,5.911199085772978e-06,0.0,0.0,0.0,0.0,0.0,0.0,0.0,0.0,0.0,0.0,0.0,0.0,0.0,0.0,0.0,0.0,0.0,0.0,0.0,0.0,0.0,0.0,0.0,0.0,0.0,0.0,0.0,0.0,0.0,0.0,0.0,0.0,0.0,0.0,0.0,0.0
77,14000000,odom,base_link,-1.6828727740076783,0.09643894598725788,-0.1039582983386598,-1.8111434356899416e-05,0.0030581699547532855,-2.6874968998872844e-05,0.999995323262184,0.0,0.0,0.0,0.0,0.0,0.0,0.0,0.0,0.0,0.0,0.0,0.0,0.0,0.0,0.0,0.0,0.0,0.0,0.0,0.0,0.0,0.0,0.0,0.0,0.0,0.0,0.0,0.0,0.0,0.0,0.0,0.0,0.0,0.0,0.0,0.0,0.0035184047836871236,8.864253087804868e-05,5.1859630083711625e-05,1.855505072506647e-08,-5.893378514087999e-05,5.497623378758476e-06,0.0,0.0,0.0,0.0,0.0,0.0,0.0,0.0,0.0,0.0,0.0,0.0,0.0,0.0,0.0,0.0,0.0,0.0,0.0,0.0,0.0,0.0,0.0,0.0,0.0,0.0,0.0,0.0,0.0,0.0,0.0,0.0,0.0,0.0,0.0,0.0
77,48000000,odom,base_link,-1.6827531751211768,0.09644195381424536,-0.10395724381122484,-1.811191879432258e-05,0.0030571483491721916,-2.6771262661408972e-05,0.9999953263886932,0.0,0.0,0.0,0.0,0.0,0.0,0.0,0.0,0.0,0.0,0.0,0.0,0.0,0.0,0.0,0.0,0.0,0.0,0.0,0.0,0.0,0.0,0.0,0.0,0.0,0.0,0.0,0.0,0.0,0.0,0.0,0.0,0.0,0.0,0.0,0.0,0.003516782058643377,8.865822562059876e-05,5.274384289523929e-05,-1.7407768455879324e-08,-6.033414194916986e-05,6.41123683031708e-06,0.0,0.0,0.0,0.0,0.0,0.0,0.0,0.0,0.0,0.0,0.0,0.0,0.0,0.0,0.0,0.0,0.0,0.0,0.0,0.0,0.0,0.0,0.0,0.0,0.0,0.0,0.0,0.0,0.0,0.0,0.0,0.0,0.0,0.0,0.0,0.0
77,82000000,odom,base_link,-1.6826336312047148,0.09644496220032829,-0.10395616162473646,-1.8112775495001134e-05,0.0030561181139688205,-2.6651573991550616e-05,0.9999953295409406,0.0,0.0,0.0,0.0,0.0,0.0,0.0,0.0,0.0,0.0,0.0,0.0,0.0,0.0,0.0,0.0,0.0,0.0,0.0,0.0,0.0,0.0,0.0,0.0,0.0,0.0,0.0,0.0,0.0,0.0,0.0,0.0,0.0,0.0,0.0,0.0,0.0035151595284202745,8.867363375845126e-05,5.3750719270976017e-05,-3.149429779469859e-08,-6.073238409953774e-05,7.4111841108503995e-06,0.0,0.0,0.0,0.0,0.0,0.0,0.0,0.0,0.0,0.0,0.0,0.0,0.0,0.0,0.0,0.0,0.0,0.0,0.0,0.0,0.0,0.0,0.0,0.0,0.0,0.0,0.0,0.0,0.0,0.0,0.0,0.0,0.0,0.0,0.0,0.0
77,116000000,odom,base_link,-1.6825141422312737,0.09644797116396678,-0.10395505609558528,-1.811355888536871e-05,0.003055094637927586,-2.6520191378300472e-05,0.9999953326717739,0.0,0.0,0.0,0.0,0.0,0.0,0.0,0.0,0.0,0.0,0.0,0.0,0.0,0.0,0.0,0.0,0.0,0.0,0.0,0.0,0.0,0.0,0.0,0.0,0.0,0.0,0.0,0.0,0.0,0.0,0.0,0.0,0.0,0.0,0.0,0.0,0.003513543295673548,8.869086010265866e-05,5.39928746760078e-05,2.480741426082872e-09,-5.9307974353828286e-05,7.482717423457075e-06,0.0,0.0,0.0,0.0,0.0,0.0,0.0,0.0,0.0,0.0,0.0,0.0,0.0,0.0,0.0,0.0,0.0,0.0,0.0,0.0,0.0,0.0,0.0,0.0,0.0,0.0,0.0,0.0,0.0,0.0,0.0,0.0,0.0,0.0,0.0,0.0
77,150000000,odom,base_link,-1.6823947081036599,0.09645098084402332,-0.10395396835936313,-1.8113222008639223e-05,0.0030541063514415634,-2.6411129564405074e-05,0.9999953356935009,0.0,0.0,0.0,0.0,0.0,0.0,0.0,0.0,0.0,0.0,0.0,0.0,0.0,0.0,0.0,0.0,0.0,0.0,0.0,0.0,0.0,0.0,0.0,0.0,0.0,0.0,0.0,0.0,0.0,0.0,0.0,0.0,0.0,0.0,0.0,0.0,0.0035119356381520784,8.871164037406272e-05,5.300833297604276e-05,5.3782059014628736e-08,-5.7766848016171934e-05,5.869757480070348e-06,0.0,0.0,0.0,0.0,0.0,0.0,0.0,0.0,0.0,0.0,0.0,0.0,0.0,0.0,0.0,0.0,0.0,0.0,0.0,0.0,0.0,0.0,0.0,0.0,0.0,0.0,0.0,0.0,0.0,0.0,0.0,0.0,0.0,0.0,0.0,0.0
77,184000000,odom,base_link,-1.6822753289469092,0.09645399118479664,-0.10395288035030852,-1.8113161042172247e-05,0.0030530947510836845,-2.6310651169061184e-05,0.9999953387851885,0.0,0.0,0.0,0.0,0.0,0.0,0.0,0.0,0.0,0.0,0.0,0.0,0.0,0.0,0.0,0.0,0.0,0.0,0.0,0.0,0.0,0.0,0.0,0.0,0.0,0.0,0.0,0.0,0.0,0.0,0.0,0.0,0.0,0.0,0.0,0.0,0.003510313262634128,8.87289289467486e-05,5.3759366768715e-05,6.690045132456968e-09,-6.0187829831193085e-05,6.056911949769983e-06,0.0,0.0,0.0,0.0,0.0,0.0,0.0,0.0,0.0,0.0,0.0,0.0,0.0,0.0,0.0,0.0,0.0,0.0,0.0,0.0,0.0,0.0,0.0,0.0,0.0,0.0,0.0,0.0,0.0,0.0,0.0,0.0,0.0,0.0,0.0,0.0
77,218000000,odom,base_link,-1.6821560047492297,0.0964570021407428,-0.10395178012093133,-1.8113470937201963e-05,0.003052076469257588,-2.6207589117179344e-05,0.9999953418962961,0.0,0.0,0.0,0.0,0.0,0.0,0.0,0.0,0.0,0.0,0.0,0.0,0.0,0.0,0.0,0.0,0.0,0.0,0.0,0.0,0.0,0.0,0.0,0.0,0.0,0.0,0.0,0.0,0.0,0.0,0.0,0.0,0.0,0.0,0.0,0.0,0.003508699029732671,8.874702466104391e-05,5.36803258301225e-05,1.2065835960570204e-08,-5.913295133552765e-05,5.784445367140734e-06,0.0,0.0,0.0,0.0,0.0,0.0,0.0,0.0,0.0,0.0,0.0,0.0,0.0,0.0,0.0,0.0,0.0,0.0,0.0,0.0,0.0,0.0,0.0,0.0,0.0,0.0,0.0,0.0,0.0,0.0,0.0,0.0,0.0,0.0,0.0,0.0
77,252000000,odom,base_link,-1.6820367354083938,0.09646001379112845,-0.10395070752613464,-1.8113282349128352e-05,0.003051086641372346,-2.6122633997641748e-05,0.9999953449190769,0.0,0.0,0.0,0.0,0.0,0.0,0.0,0.0,0.0,0.0,0.0,0.0,0.0,0.0,0.0,0.0,0.0,0.0,0.0,0.0,0.0,0.0,0.0,0.0,0.0,0.0,0.0,0.0,0.0,0.0,0.0,0.0,0.0,0.0,0.0,0.0,0.003507092631484645,8.876695843048283e-05,5.2414829471894934e-05,3.2644461786524026e-08,-5.792672084226069e-05,4.595370350912731e-06,0.0,0.0,0.0,0.0,0.0,0.0,0.0,0.0,0.0,0.0,0.0,0.0,0.0,0.0,0.0,0.0,0.0,0.0,0.0,0.0,0.0,0.0,0.0,0.0,0.0,0.0,0.0,0.0,0.0,0.0,0.0,0.0,0.0,0.0,0.0,0.0
77,286000000,odom,base_link,-1.681917521027246,0.09646302606555172,-0.10394964933177069,-1.8113450873468532e-05,0.00305007772157908,-2.6039208262431076e-05,0.9999953479990569,0.0,0.0,0.0,0.0,0.0,0.0,0.0,0.0,0.0,0.0,0.0,0.0,0.0,0.0,0.0,0.0,0.0,0.0,0.0,0.0,0.0,0.0,0.0,0.0,0.0,0.0,0.0,0.0,0.0,0.0,0.0,0.0,0.0,0.0,0.0,0.0,0.003505473265362099,8.878312410793168e-05,5.277022307684878e-05,-8.928418507997415e-09,-6.0058064121903953e-05,5.280799264539837e-06,0.0,0.0,0.0,0.0,0.0,0.0,0.0,0.0,0.0,0.0,0.0,0.0,0.0,0.0,0.0,0.0,0.0,0.0,0.0,0.0,0.0,0.0,0.0,0.0,0.0,0.0,0.0,0.0,0.0,0.0,0.0,0.0,0.0,0.0,0.0,0.0
77,320000000,odom,base_link,-1.68179836157862,0.09646603890680698,-0.10394858359283413,-1.8113902265070546e-05,0.0030490633399841874,-2.5943082256186097e-05,0.9999953510949897,0.0,0.0,0.0,0.0,0.0,0.0,0.0,0.0,0.0,0.0,0.0,0.0,0.0,0.0,0.0,0.0,0.0,0.0,0.0,0.0,0.0,0.0,0.0,0.0,0.0,0.0,0.0,0.0,0.0,0.0,0.0,0.0,0.0,0.0,0.0,0.0,0.0035038606934008126,8.879986221842146e-05,5.2591323031514554e-05,7.434144478398602e-09,-5.884064364636288e-05,5.605180408707611e-06,0.0,0.0,0.0,0.0,0.0,0.0,0.0,0.0,0.0,0.0,0.0,0.0,0.0,0.0,0.0,0.0,0.0,0.0,0.0,0.0,0.0,0.0,0.0,0.0,0.0,0.0,0.0,0.0,0.0,0.0,0.0,0.0,0.0,0.0,0.0,0.0
77,354000000,odom,base_link,-1.6816792569564787,0.0964690523850207,-0.10394754674174114,-1.8113729730298402e-05,0.0030480771904537575,-2.585266780014945e-05,0.9999953541036946,0.0,0.0,0.0,0.0,0.0,0.0,0.0,0.0,0.0,0.0,0.0,0.0,0.0,0.0,0.0,0.0,0.0,0.0,0.0,0.0,0.0,0.0,0.0,0.0,0.0,0.0,0.0,0.0,0.0,0.0,0.0,0.0,0.0,0.0,0.0,0.0,0.003502254960107478,8.881801771717643e-05,5.1332281115627734e-05,3.440266821419513e-08,-5.776998293072211e-05,5.1822790947397834e-06,0.0,0.0,0.0,0.0,0.0,0.0,0.0,0.0,0.0,0.0,0.0,0.0,0.0,0.0,0.0,0.0,0.0,0.0,0.0,0.0,0.0,0.0,0.0,0.0,0.0,0.0,0.0,0.0,0.0,0.0,0.0,0.0,0.0,0.0,0.0,0.0
77,388000000,odom,base_link,-1.6815602072717584,0.09647206644720689,-0.10394651129565503,-1.8113947394628342e-05,0.003047066264973331,-2.575432877974707e-05,0.9999953571871103,0.0,0.0,0.0,0.0,0.0,0.0,0.0,0.0,0.0,0.0,0.0,0.0,0.0,0.0,0.0,0.0,0.0,0.0,0.0,0.0,0.0,0.0,0.0,0.0,0.0,0.0,0.0,0.0,0.0,0.0,0.0,0.0,0.0,0.0,0.0,0.0,0.0035006341874308997,8.883348225607888e-05,5.2047832545308584e-05,-5.834932515456914e-09,-6.000386960636206e-05,6.158654342058867e-06,0.0,0.0,0.0,0.0,0.0,0.0,0.0,0.0,0.0,0.0,0.0,0.0,0.0,0.0,0.0,0.0,0.0,0.0,0.0,0.0,0.0,0.0,0.0,0.0,0.0,0.0,0.0,0.0,0.0,0.0,0.0,0.0,0.0,0.0,0.0,0.0
77,422000000,odom,base_link,-1.6814412125851756,0.09647508108786707,-0.10394546782222093,-1.8114276337287315e-05,0.0030460561244579558,-2.5646254998665627e-05,0.999995360267351,0.0,0.0,0.0,0.0,0.0,0.0,0.0,0.0,0.0,0.0,0.0,0.0,0.0,0.0,0.0,0.0,0.0,0.0,0.0,0.0,0.0,0.0,0.0,0.0,0.0,0.0,0.0,0.0,0.0,0.0,0.0,0.0,0.0,0.0,0.0,0.0,0.0034990178493849644,8.885088938569345e-05,5.1906080110059395e-05,1.8470640208295697e-08,-5.8532001290245717e-05,6.119922613123663e-06,0.0,0.0,0.0,0.0,0.0,0.0,0.0,0.0,0.0,0.0,0.0,0.0,0.0,0.0,0.0,0.0,0.0,0.0,0.0,0.0,0.0,0.0,0.0,0.0,0.0,0.0,0.0,0.0,0.0,0.0,0.0,0.0,0.0,0.0,0.0,0.0
77,456000000,odom,base_link,-1.6813222727385435,0.09647809640041163,-0.10394445084483049,-1.8113975203503414e-05,0.003045075025861392,-2.5552089265857203e-05,0.999995363257781,0.0,0.0,0.0,0.0,0.0,0.0,0.0,0.0,0.0,0.0,0.0,0.0,0.0,0.0,0.0,0.0,0.0,0.0,0.0,0.0,0.0,0.0,0.0,0.0,0.0,0.0,0.0,0.0,0.0,0.0,0.0,0.0,0.0,0.0,0.0,0.0,0.003497413522535841,8.88699591506224e-05,5.073462973831228e-05,4.1305100659250193e-08,-5.740530077957828e-05,5.249967793830024e-06,0.0,0.0,0.0,0.0,0.0,0.0,0.0,0.0,0.0,0.0,0.0,0.0,0.0,0.0,0.0,0.0,0.0,0.0,0.0,0.0,0.0,0.0,0.0,0.0,0.0,0.0,0.0,0.0,0.0,0.0,0.0,0.0,0.0,0.0,0.0,0.0
77,490000000,odom,base_link,-1.6812033876470602,0.09648111231765635,-0.10394342889540732,-1.8114148669782238e-05,0.0030440693395055764,-2.5455017990184787e-05,0.9999953663221525,0.0,0.0,0.0,0.0,0.0,0.0,0.0,0.0,0.0,0.0,0.0,0.0,0.0,0.0,0.0,0.0,0.0,0.0,0.0,0.0,0.0,0.0,0.0,0.0,0.0,0.0,0.0,0.0,0.0,0.0,0.0,0.0,0.0,0.0,0.0,0.0,0.0034957957240878204,8.888581867651124e-05,5.166373411389734e-05,-5.933513554622072e-09,-5.987188842482283e-05,6.031774990589156e-06,0.0,0.0,0.0,0.0,0.0,0.0,0.0,0.0,0.0,0.0,0.0,0.0,0.0,0.0,0.0,0.0,0.0,0.0,0.0,0.0,0.0,0.0,0.0,0.0,0.0,0.0,0.0,0.0,0.0,0.0,0.0,0.0,0.0,0.0,0.0,0.0
77,524000000,odom,base_link,-1.6810845574383078,0.09648412881977349,-0.1039423942694858,-1.8114522937907308e-05,0.0030430608780578094,-2.53499157117357e-05,0.9999953693941479,0.0,0.0,0.0,0.0,0.0,0.0,0.0,0.0,0.0,0.0,0.0,0.0,0.0,0.0,0.0,0.0,0.0,0.0,0.0,0.0,0.0,0.0,0.0,0.0,0.0,0.0,0.0,0.0,0.0,0.0,0.0,0.0,0.0,0.0,0.0,0.0,0.0034941842384944516,8.890338458070743e-05,5.1592291675307974e-05,1.5827355225039863e-08,-5.8333234065344186e-05,5.906830535806762e-06,0.0,0.0,0.0,0.0,0.0,0.0,0.0,0.0,0.0,0.0,0.0,0.0,0.0,0.0,0.0,0.0,0.0,0.0,0.0,0.0,0.0,0.0,0.0,0.0,0.0,0.0,0.0,0.0,0.0,0.0,0.0,0.0,0.0,0.0,0.0,0.0
77,558000000,odom,base_link,-1.680965781998566,0.09648714600250405,-0.10394138717690767,-1.811420606012198e-05,0.0030420842945477903,-2.5261382186789727e-05,0.9999953723677341,0.0,0.0,0.0,0.0,0.0,0.0,0.0,0.0,0.0,0.0,0.0,0.0,0.0,0.0,0.0,0.0,0.0,0.0,0.0,0.0,0.0,0.0,0.0,0.0,0.0,0.0,0.0,0.0,0.0,0.0,0.0,0.0,0.0,0.0,0.0,0.0,0.0034925796291781367,8.89227641737238e-05,5.0392274171604346e-05,4.1279958271078776e-08,-5.7236698225437976e-05,4.872869130423396e-06,0.0,0.0,0.0,0.0,0.0,0.0,0.0,0.0,0.0,0.0,0.0,0.0,0.0,0.0,0.0,0.0,0.0,0.0,0.0,0.0,0.0,0.0,0.0,0.0,0.0,0.0,0.0,0.0,0.0,0.0,0.0,0.0,0.0,0.0,0.0,0.0
77,592000000,odom,base_link,-1.6808470614617588,0.09649016378806351,-0.10394037613433509,-1.811435808217547e-05,0.003041078947334077,-2.5170059618761182e-05,0.9999953754278937,0.0,0.0,0.0,0.0,0.0,0.0,0.0,0.0,0.0,0.0,0.0,0.0,0.0,0.0,0.0,0.0,0.0,0.0,0.0,0.0,0.0,0.0,0.0,0.0,0.0,0.0,0.0,0.0,0.0,0.0,0.0,0.0,0.0,0.0,0.0,0.0,0.0034909587680778753,8.893851524707266e-05,5.126295184942751e-05,-4.450754630298814e-09,-5.9698227516946645e-05,5.6882690557813476e-06,0.0,0.0,0.0,0.0,0.0,0.0,0.0,0.0,0.0,0.0,0.0,0.0,0.0,0.0,0.0,0.0,0.0,0.0,0.0,0.0,0.0,0.0,0.0,0.0,0.0,0.0,0.0,0.0,0.0,0.0,0.0,0.0,0.0,0.0,0.0,0.0
77,626000000,odom,base_link,-1.6807283957621648,0.09649318216181206,-0.1039393521174405,-1.811459997170548e-05,0.0030400776903662485,-2.5072236189376105e-05,0.9999953784747612,0.0,0.0,0.0,0.0,0.0,0.0,0.0,0.0,0.0,0.0,0.0,0.0,0.0,0.0,0.0,0.0,0.0,0.0,0.0,0.0,0.0,0.0,0.0,0.0,0.0,0.0,0.0,0.0,0.0,0.0,0.0,0.0,0.0,0.0,0.0,0.0,0.003489347908778009,8.895612742992017e-05,5.1299476376971234e-05,2.0315514895341558e-08,-5.803770477541548e-05,5.525452850818624e-06,0.0,0.0,0.0,0.0,0.0,0.0,0.0,0.0,0.0,0.0,0.0,0.0,0.0,0.0,0.0,0.0,0.0,0.0,0.0,0.0,0.0,0.0,0.0,0.0,0.0,0.0,0.0,0.0,0.0,0.0,0.0,0.0,0.0,0.0,0.0,0.0
77,660000000,odom,base_link,-1.6806097848244521,0.09649620118841244,-0.10393834441104716,-1.811435884076326e-05,0.0030390983817783985,-2.498481224443142e-05,0.9999953814536621,0.0,0.0,0.0,0.0,0.0,0.0,0.0,0.0,0.0,0.0,0.0,0.0,0.0,0.0,0.0,0.0,0.0,0.0,0.0,0.0,0.0,0.0,0.0,0.0,0.0,0.0,0.0,0.0,0.0,0.0,0.0,0.0,0.0,0.0,0.0,0.0,0.0034877392831708124,8.897426402363465e-05,5.072406653621688e-05,2.7985966148669217e-08,-5.792667820969655e-05,5.0809340290669525e-06,0.0,0.0,0.0,0.0,0.0,0.0,0.0,0.0,0.0,0.0,0.0,0.0,0.0,0.0,0.0,0.0,0.0,0.0,0.0,0.0,0.0,0.0,0.0,0.0,0.0,0.0,0.0,0.0,0.0,0.0,0.0,0.0,0.0,0.0,0.0,0.0
77,694000000,odom,base_link,-1.680491228769848,0.09649922078778166,-0.10393731251483393,-1.8114682863868634e-05,0.0030380881853568457,-2.4887263667977623e-05,0.9999953845256789,0.0,0.0,0.0,0.0,0.0,0.0,0.0,0.0,0.0,0.0,0.0,0.0,0.0,0.0,0.0,0.0,0.0,0.0,0.0,0.0,0.0,0.0,0.0,0.0,0.0,0.0,0.0,0.0,0.0,0.0,0.0,0.0,0.0,0.0,0.0,0.0,0.0034861180454215128,8.898956007963882e-05,5.1841067363934574e-05,-9.714649050474033e-09,-5.975070891395262e-05,6.07651249318053e-06,0.0,0.0,0.0,0.0,0.0,0.0,0.0,0.0,0.0,0.0,0.0,0.0,0.0,0.0,0.0,0.0,0.0,0.0,0.0,0.0,0.0,0.0,0.0,0.0,0.0,0.0,0.0,0.0,0.0,0.0,0.0,0.0,0.0,0.0,0.0,0.0
77,728000000,odom,base_link,-1.6803727275480422,0.09650224096378907,-0.10393626618816004,-1.8115040485336744e-05,0.0030370839029828,-2.4780934466355783e-05,0.9999953875789211,0.0,0.0,0.0,0.0,0.0,0.0,0.0,0.0,0.0,0.0,0.0,0.0,0.0,0.0,0.0,0.0,0.0,0.0,0.0,0.0,0.0,0.0,0.0,0.0,0.0,0.0,0.0,0.0,0.0,0.0,0.0,0.0,0.0,0.0,0.0,0.0,0.003484506483126988,8.900678548491026e-05,5.194623235885371e-05,1.6470071053514834e-08,-5.8244251732730845e-05,6.051927314842942e-06,0.0,0.0,0.0,0.0,0.0,0.0,0.0,0.0,0.0,0.0,0.0,0.0,0.0,0.0,0.0,0.0,0.0,0.0,0.0,0.0,0.0,0.0,0.0,0.0,0.0,0.0,0.0,0.0,0.0,0.0,0.0,0.0,0.0,0.0,0.0,0.0
77,762000000,odom,base_link,-1.6802542810831809,0.09650526179325276,-0.1039352311258482,-1.8114830229596243e-05,0.003036101739600087,-2.4685157364264657e-05,0.9999953905637379,0.0,0.0,0.0,0.0,0.0,0.0,0.0,0.0,0.0,0.0,0.0,0.0,0.0,0.0,0.0,0.0,0.0,0.0,0.0,0.0,0.0,0.0,0.0,0.0,0.0,0.0,0.0,0.0,0.0,0.0,0.0,0.0,0.0,0.0,0.0,0.0,0.003482896969741317,8.90249874883755e-05,5.1564029672591407e-05,2.8477989584552166e-08,-5.812075087874291e-05,5.552959470023211e-06,0.0,0.0,0.0,0.0,0.0,0.0,0.0,0.0,0.0,0.0,0.0,0.0,0.0,0.0,0.0,0.0,0.0,0.0,0.0,0.0,0.0,0.0,0.0,0.0,0.0,0.0,0.0,0.0,0.0,0.0,0.0,0.0,0.0,0.0,0.0,0.0
77,796000000,odom,base_link,-1.680135889485124,0.09650828321261307,-0.10393417266634299,-1.8115063025656846e-05,0.003035093088534459,-2.4583420542390792e-05,0.9999953936281126,0.0,0.0,0.0,0.0,0.0,0.0,0.0,0.0,0.0,0.0,0.0,0.0,0.0,0.0,0.0,0.0,0.0,0.0,0.0,0.0,0.0,0.0,0.0,0.0,0.0,0.0,0.0,0.0,0.0,0.0,0.0,0.0,0.0,0.0,0.0,0.0,0.0034812773090143667,8.904093805228536e-05,5.251088027594513e-05,-1.8880899312545205e-09,-5.958621756008142e-05,6.20775693072062e-06,0.0,0.0,0.0,0.0,0.0,0.0,0.0,0.0,0.0,0.0,0.0,0.0,0.0,0.0,0.0,0.0,0.0,0.0,0.0,0.0,0.0,0.0,0.0,0.0,0.0,0.0,0.0,0.0,0.0,0.0,0.0,0.0,0.0,0.0,0.0,0.0
77,830000000,odom,base_link,-1.6800175526730172,0.09651130525183031,-0.10393310591016747,-1.8115091768753226e-05,0.00303409880985266,-2.4483398242715497e-05,0.9999953966478139,0.0,0.0,0.0,0.0,0.0,0.0,0.0,0.0,0.0,0.0,0.0,0.0,0.0,0.0,0.0,0.0,0.0,0.0,0.0,0.0,0.0,0.0,0.0,0.0,0.0,0.0,0.0,0.0,0.0,0.0,0.0,0.0,0.0,0.0,0.0,0.0,0.0034796685392659453,8.905967000694617e-05,5.2384218278896563e-05,3.4022107700537596e-08,-5.772547702065367e-05,5.470587716160935e-06,0.0,0.0,0.0,0.0,0.0,0.0,0.0,0.0,0.0,0.0,0.0,0.0,0.0,0.0,0.0,0.0,0.0,0.0,0.0,0.0,0.0,0.0,0.0,0.0,0.0,0.0,0.0,0.0,0.0,0.0,0.0,0.0,0.0,0.0,0.0,0.0
77,864000000,odom,base_link,-1.6798992706141658,0.09651432797173946,-0.10393206434293682,-1.8114630509112954e-05,0.00303312356318409,-2.4401135657089883e-05,0.9999953996083658,0.0,0.0,0.0,0.0,0.0,0.0,0.0,0.0,0.0,0.0,0.0,0.0,0.0,0.0,0.0,0.0,0.0,0.0,0.0,0.0,0.0,0.0,0.0,0.0,0.0,0.0,0.0,0.0,0.0,0.0,0.0,0.0,0.0,0.0,0.0,0.0,0.003478062348484169,8.90785482308964e-05,5.146379670730135e-05,3.9665162820945454e-08,-5.761882491128745e-05,4.641300854757446e-06,0.0,0.0,0.0,0.0,0.0,0.0,0.0,0.0,0.0,0.0,0.0,0.0,0.0,0.0,0.0,0.0,0.0,0.0,0.0,0.0,0.0,0.0,0.0,0.0,0.0,0.0,0.0,0.0,0.0,0.0,0.0,0.0,0.0,0.0,0.0,0.0
77,898000000,odom,base_link,-1.6797810434236526,0.09651735127197332,-0.10393100938559986,-1.811483247410404e-05,0.0030321166206544285,-2.43116387328982e-05,0.9999954026642301,0.0,0.0,0.0,0.0,0.0,0.0,0.0,0.0,0.0,0.0,0.0,0.0,0.0,0.0,0.0,0.0,0.0,0.0,0.0,0.0,0.0,0.0,0.0,0.0,0.0,0.0,0.0,0.0,0.0,0.0,0.0,0.0,0.0,0.0,0.0,0.0,0.003476443060518633,8.909388264785413e-05,5.233156119745592e-05,-6.383799630409193e-09,-5.959391806698022e-05,5.587728058031871e-06,0.0,0.0,0.0,0.0,0.0,0.0,0.0,0.0,0.0,0.0,0.0,0.0,0.0,0.0,0.0,0.0,0.0,0.0,0.0,0.0,0.0,0.0,0.0,0.0,0.0,0.0,0.0,0.0,0.0,0.0,0.0,0.0,0.0,0.0,0.0,0.0
77,932000000,odom,base_link,-1.6796628711275865,0.09652037515190526,-0.10392995012255188,-1.811503570913953e-05,0.003031118419663921,-2.421532156923247e-05,0.999995405692741,0.0,0.0,0.0,0.0,0.0,0.0,0.0,0.0,0.0,0.0,0.0,0.0,0.0,0.0,0.0,0.0,0.0,0.0,0.0,0.0,0.0,0.0,0.0,0.0,0.0,0.0,0.0,0.0,0.0,0.0,0.0,0.0,0.0,0.0,0.0,0.0,0.003474831240982181,8.91112377359585e-05,5.206960744180972e-05,2.4025901754209933e-08,-5.783971950279465e-05,5.457663698749116e-06,0.0,0.0,0.0,0.0,0.0,0.0,0.0,0.0,0.0,0.0,0.0,0.0,0.0,0.0,0.0,0.0,0.0,0.0,0.0,0.0,0.0,0.0,0.0,0.0,0.0,0.0,0.0,0.0,0.0,0.0,0.0,0.0,0.0,0.0,0.0,0.0
77,966000000,odom,base_link,-1.6795447535967702,0.09652339966711046,-0.1039289109183012,-1.811478986439608e-05,0.0030301375416454815,-2.4126590417895058e-05,0.9999954086675802,0.0,0.0,0.0,0.0,0.0,0.0,0.0,0.0,0.0,0.0,0.0,0.0,0.0,0.0,0.0,0.0,0.0,0.0,0.0,0.0,0.0,0.0,0.0,0.0,0.0,0.0,0.0,0.0,0.0,0.0,0.0,0.0,0.0,0.0,0.0,0.0,0.0034732215674496366,8.912858842271427e-05,5.175921315516245e-05,2.1770501026918687e-08,-5.846006807530557e-05,5.342112574524549e-06,0.0,0.0,0.0,0.0,0.0,0.0,0.0,0.0,0.0,0.0,0.0,0.0,0.0,0.0,0.0,0.0,0.0,0.0,0.0,0.0,0.0,0.0,0.0,0.0,0.0,0.0,0.0,0.0,0.0,0.0,0.0,0.0,0.0,0.0,0.0,0.0
78,0,odom,base_link,-1.6794266909014934,0.09652642474284036,-0.10392784618022513,-1.811510490129116e-05,0.003029127999983556,-2.402573213251269e-05,0.9999954117285573,0.0,0.0,0.0,0.0,0.0,0.0,0.0,0.0,0.0,0.0,0.0,0.0,0.0,0.0,0.0,0.0,0.0,0.0,0.0,0.0,0.0,0.0,0.0,0.0,0.0,0.0,0.0,0.0,0.0,0.0,0.0,0.0,0.0,0.0,0.0,0.0,0.0034716042410636166,8.914390642294035e-05,5.2533685768862696e-05,-6.164119562002135e-09,-5.95635775368919e-05,6.237556560151347e-06,0.0,0.0,0.0,0.0,0.0,0.0,0.0,0.0,0.0,0.0,0.0,0.0,0.0,0.0,0.0,0.0,0.0,0.0,0.0,0.0,0.0,0.0,0.0,0.0,0.0,0.0,0.0,0.0,0.0,0.0,0.0,0.0,0.0,0.0,0.0,0.0
78,34000000,odom,base_link,-1.679308683011717,0.09652945036624518,-0.10392674888875159,-1.811573377011673e-05,0.0030281099775446513,-2.3909369925560708e-05,0.9999954148145511,0.0,0.0,0.0,0.0,0.0,0.0,0.0,0.0,0.0,0.0,0.0,0.0,0.0,0.0,0.0,0.0,0.0,0.0,0.0,0.0,0.0,0.0,0.0,0.0,0.0,0.0,0.0,0.0,0.0,0.0,0.0,0.0,0.0,0.0,0.0,0.0,0.00346998571775516,8.915909911678096e-05,5.3687233041125876e-05,-1.7896086002000544e-08,-5.9960422049698536e-05,7.173312788211206e-06,0.0,0.0,0.0,0.0,0.0,0.0,0.0,0.0,0.0,0.0,0.0,0.0,0.0,0.0,0.0,0.0,0.0,0.0,0.0,0.0,0.0,0.0,0.0,0.0,0.0,0.0,0.0,0.0,0.0,0.0,0.0,0.0,0.0,0.0,0.0,0.0
78,68000000,odom,base_link,-1.6791907299049118,0.09653247656590867,-0.10392563295114693,-1.811620669494475e-05,0.003027101453982686,-2.3784499377646197e-05,0.999995417870946,0.0,0.0,0.0,0.0,0.0,0.0,0.0,0.0,0.0,0.0,0.0,0.0,0.0,0.0,0.0,0.0,0.0,0.0,0.0,0.0,0.0,0.0,0.0,0.0,0.0,0.0,0.0,0.0,0.0,0.0,0.0,0.0,0.0,0.0,0.0,0.0,0.0034683752665197686,8.917648881009355e-05,5.376772125821825e-05,2.0507641158157286e-08,-5.839572914112523e-05,6.993492318585481e-06,0.0,0.0,0.0,0.0,0.0,0.0,0.0,0.0,0.0,0.0,0.0,0.0,0.0,0.0,0.0,0.0,0.0,0.0,0.0,0.0,0.0,0.0,0.0,0.0,0.0,0.0,0.0,0.0,0.0,0.0,0.0,0.0,0.0,0.0,0.0,0.0
78,102000000,odom,base_link,-1.6790728314957797,0.09653550347641554,-0.10392454131786319,-1.811561114551591e-05,0.0030261262237559943,-2.368420959377749e-05,0.9999954208249959,0.0,0.0,0.0,0.0,0.0,0.0,0.0,0.0,0.0,0.0,0.0,0.0,0.0,0.0,0.0,0.0,0.0,0.0,0.0,0.0,0.0,0.0,0.0,0.0,0.0,0.0,0.0,0.0,0.0,0.0,0.0,0.0,0.0,0.0,0.0,0.0,0.0034667729443146602,8.919699156269362e-05,5.258178839693903e-05,6.529883508910039e-08,-5.703701582149279e-05,5.34005404340121e-06,0.0,0.0,0.0,0.0,0.0,0.0,0.0,0.0,0.0,0.0,0.0,0.0,0.0,0.0,0.0,0.0,0.0,0.0,0.0,0.0,0.0,0.0,0.0,0.0,0.0,0.0,0.0,0.0,0.0,0.0,0.0,0.0,0.0,0.0,0.0,0.0
78,136000000,odom,base_link,-1.678954987904183,0.09653853104209748,-0.10392346505979577,-1.8115254220107264e-05,0.003025131322408853,-2.3595274315602297e-05,0.9999954238373208,0.0,0.0,0.0,0.0,0.0,0.0,0.0,0.0,0.0,0.0,0.0,0.0,0.0,0.0,0.0,0.0,0.0,0.0,0.0,0.0,0.0,0.0,0.0,0.0,0.0,0.0,0.0,0.0,0.0,0.0,0.0,0.0,0.0,0.0,0.0,0.0,0.0034651576762442424,8.921417361822768e-05,5.290047422489198e-05,1.8853646421845838e-08,-5.935922615663003e-05,5.39013615963313e-06,0.0,0.0,0.0,0.0,0.0,0.0,0.0,0.0,0.0,0.0,0.0,0.0,0.0,0.0,0.0,0.0,0.0,0.0,0.0,0.0,0.0,0.0,0.0,0.0,0.0,0.0,0.0,0.0,0.0,0.0,0.0,0.0,0.0,0.0,0.0,0.0
78,170000000,odom,base_link,-1.6788371991157305,0.09654155920574563,-0.1039223808122213,-1.811482188700544e-05,0.0030241276930726784,-2.3503609279840927e-05,0.9999954268751081,0.0,0.0,0.0,0.0,0.0,0.0,0.0,0.0,0.0,0.0,0.0,0.0,0.0,0.0,0.0,0.0,0.0,0.0,0.0,0.0,0.0,0.0,0.0,0.0,0.0,0.0,0.0,0.0,0.0,0.0,0.0,0.0,0.0,0.0,0.0,0.0,0.0034635492125269724,8.923184721921176e-05,5.267857141367429e-05,6.531610530213783e-08,-5.8216114240394745e-05,5.123944957219351e-06,0.0,0.0,0.0,0.0,0.0,0.0,0.0,0.0,0.0,0.0,0.0,0.0,0.0,0.0,0.0,0.0,0.0,0.0,0.0,0.0,0.0,0.0,0.0,0.0,0.0,0.0,0.0,0.0,0.0,0.0,0.0,0.0,0.0,0.0,0.0,0.0
78,204000000,odom,base_link,-1.6787194650226736,0.09654458803740355,-0.10392132986886977,-1.8114091462704167e-05,0.003023151960008084,-2.3427702332554332e-05,0.9999954298271814,0.0,0.0,0.0,0.0,0.0,0.0,0.0,0.0,0.0,0.0,0.0,0.0,0.0,0.0,0.0,0.0,0.0,0.0,0.0,0.0,0.0,0.0,0.0,0.0,0.0,0.0,0.0,0.0,0.0,0.0,0.0,0.0,0.0,0.0,0.0,0.0,0.003461948036739834,8.925094325531743e-05,5.129698533329563e-05,5.2950862097778106e-08,-5.719555353778105e-05,4.152378307864524e-06,0.0,0.0,0.0,0.0,0.0,0.0,0.0,0.0,0.0,0.0,0.0,0.0,0.0,0.0,0.0,0.0,0.0,0.0,0.0,0.0,0.0,0.0,0.0,0.0,0.0,0.0,0.0,0.0,0.0,0.0,0.0,0.0,0.0,0.0,0.0,0.0
78,238000000,odom,base_link,-1.6786017857305415,0.09654761745219717,-0.10392028127888617,-1.811414919909742e-05,0.003022150839596465,-2.3346708478515685e-05,0.9999954328551264,0.0,0.0,0.0,0.0,0.0,0.0,0.0,0.0,0.0,0.0,0.0,0.0,0.0,0.0,0.0,0.0,0.0,0.0,0.0,0.0,0.0,0.0,0.0,0.0,0.0,0.0,0.0,0.0,0.0,0.0,0.0,0.0,0.0,0.0,0.0,0.0,0.003460331603637594,8.926610883624179e-05,5.198203939903536e-05,-3.835997757503998e-09,-5.938309364239558e-05,5.142905967758793e-06,0.0,0.0,0.0,0.0,0.0,0.0,0.0,0.0,0.0,0.0,0.0,0.0,0.0,0.0,0.0,0.0,0.0,0.0,0.0,0.0,0.0,0.0,0.0,0.0,0.0,0.0,0.0,0.0,0.0,0.0,0.0,0.0,0.0,0.0,0.0,0.0
78,272000000,odom,base_link,-1.6784841611920294,0.0965506474205969,-0.10391922819597325,-1.811446902726862e-05,0.0030211514268246834,-2.325361271654198e-05,0.9999954358771803,0.0,0.0,0.0,0.0,0.0,0.0,0.0,0.0,0.0,0.0,0.0,0.0,0.0,0.0,0.0,0.0,0.0,0.0,0.0,0.0,0.0,0.0,0.0,0.0,0.0,0.0,0.0,0.0,0.0,0.0,0.0,0.0,0.0,0.0,0.0,0.0,0.0034587246880762464,8.928255891557722e-05,5.172649595324594e-05,1.482489513093821e-08,-5.791976818159128e-05,5.403743497112146e-06,0.0,0.0,0.0,0.0,0.0,0.0,0.0,0.0,0.0,0.0,0.0,0.0,0.0,0.0,0.0,0.0,0.0,0.0,0.0,0.0,0.0,0.0,0.0,0.0,0.0,0.0,0.0,0.0,0.0,0.0,0.0,0.0,0.0,0.0,0.0,0.0
78,306000000,odom,base_link,-1.678366591315579,0.0965536780106784,-0.10391820639477461,-1.8114188048751128e-05,0.003020179791510875,-2.316632212751717e-05,0.9999954388142102,0.0,0.0,0.0,0.0,0.0,0.0,0.0,0.0,0.0,0.0,0.0,0.0,0.0,0.0,0.0,0.0,0.0,0.0,0.0,0.0,0.0,0.0,0.0,0.0,0.0,0.0,0.0,0.0,0.0,0.0,0.0,0.0,0.0,0.0,0.0,0.0,0.003457124014175403,8.930024198089389e-05,5.039842093593507e-05,3.928672144548617e-08,-5.693459748101759e-05,5.006610770408315e-06,0.0,0.0,0.0,0.0,0.0,0.0,0.0,0.0,0.0,0.0,0.0,0.0,0.0,0.0,0.0,0.0,0.0,0.0,0.0,0.0,0.0,0.0,0.0,0.0,0.0,0.0,0.0,0.0,0.0,0.0,0.0,0.0,0.0,0.0,0.0,0.0
78,340000000,odom,base_link,-1.6782490762174525,0.09655670917420979,-0.10391718871745301,-1.8114250341247474e-05,0.003019182914533431,-2.307225811863468e-05,0.9999954418266482,0.0,0.0,0.0,0.0,0.0,0.0,0.0,0.0,0.0,0.0,0.0,0.0,0.0,0.0,0.0,0.0,0.0,0.0,0.0,0.0,0.0,0.0,0.0,0.0,0.0,0.0,0.0,0.0,0.0,0.0,0.0,0.0,0.0,0.0,0.0,0.0,0.003455508434003592,8.931556255234446e-05,5.102746264618223e-05,3.5653391480469643e-09,-5.918058683107574e-05,5.861512075711062e-06,0.0,0.0,0.0,0.0,0.0,0.0,0.0,0.0,0.0,0.0,0.0,0.0,0.0,0.0,0.0,0.0,0.0,0.0,0.0,0.0,0.0,0.0,0.0,0.0,0.0,0.0,0.0,0.0,0.0,0.0,0.0,0.0,0.0,0.0,0.0,0.0
78,374000000,odom,base_link,-1.6781316158437363,0.09655974091244385,-0.10391616483673813,-1.8114363158168786e-05,0.0030181885656926414,-2.2971115395537304e-05,0.999995444830615,0.0,0.0,0.0,0.0,0.0,0.0,0.0,0.0,0.0,0.0,0.0,0.0,0.0,0.0,0.0,0.0,0.0,0.0,0.0,0.0,0.0,0.0,0.0,0.0,0.0,0.0,0.0,0.0,0.0,0.0,0.0,0.0,0.0,0.0,0.0,0.0,0.003453902069014252,8.933291142280609e-05,5.0854701137560924e-05,2.921668029037816e-08,-5.761728800735e-05,5.673795033800388e-06,0.0,0.0,0.0,0.0,0.0,0.0,0.0,0.0,0.0,0.0,0.0,0.0,0.0,0.0,0.0,0.0,0.0,0.0,0.0,0.0,0.0,0.0,0.0,0.0,0.0,0.0,0.0,0.0,0.0,0.0,0.0,0.0,0.0,0.0,0.0,0.0
78,408000000,odom,base_link,-1.6780142101079918,0.0965627733083274,-0.10391516575159943,-1.8113914118931562e-05,0.0030172188117288134,-2.2884008035206157e-05,0.9999954477590638,0.0,0.0,0.0,0.0,0.0,0.0,0.0,0.0,0.0,0.0,0.0,0.0,0.0,0.0,0.0,0.0,0.0,0.0,0.0,0.0,0.0,0.0,0.0,0.0,0.0,0.0,0.0,0.0,0.0,0.0,0.0,0.0,0.0,0.0,0.0,0.0,0.0034522994750936903,8.935138119913613e-05,4.9914405930706106e-05,4.315832413670506e-08,-5.71483013800389e-05,4.925219831974914e-06,0.0,0.0,0.0,0.0,0.0,0.0,0.0,0.0,0.0,0.0,0.0,0.0,0.0,0.0,0.0,0.0,0.0,0.0,0.0,0.0,0.0,0.0,0.0,0.0,0.0,0.0,0.0,0.0,0.0,0.0,0.0,0.0,0.0,0.0,0.0,0.0
78,442000000,odom,base_link,-1.6778968591299273,0.09656580628628361,-0.10391415300826265,-1.8114002595008748e-05,0.00301621983838394,-2.2791650129981167e-05,0.9999954507748073,0.0,0.0,0.0,0.0,0.0,0.0,0.0,0.0,0.0,0.0,0.0,0.0,0.0,0.0,0.0,0.0,0.0,0.0,0.0,0.0,0.0,0.0,0.0,0.0,0.0,0.0,0.0,0.0,0.0,0.0,0.0,0.0,0.0,0.0,0.0,0.0,0.003450682849844129,8.93668828816019e-05,5.086162847820942e-05,1.615198422331033e-09,-5.913638361221274e-05,5.700982930179066e-06,0.0,0.0,0.0,0.0,0.0,0.0,0.0,0.0,0.0,0.0,0.0,0.0,0.0,0.0,0.0,0.0,0.0,0.0,0.0,0.0,0.0,0.0,0.0,0.0,0.0,0.0,0.0,0.0,0.0,0.0,0.0,0.0,0.0,0.0,0.0,0.0
78,476000000,odom,base_link,-1.6777795628462389,0.09656883984786199,-0.10391313104677803,-1.8114118579779706e-05,0.00301522870713255,-2.2694726055560925e-05,0.9999954537660019,0.0,0.0,0.0,0.0,0.0,0.0,0.0,0.0,0.0,0.0,0.0,0.0,0.0,0.0,0.0,0.0,0.0,0.0,0.0,0.0,0.0,0.0,0.0,0.0,0.0,0.0,0.0,0.0,0.0,0.0,0.0,0.0,0.0,0.0,0.0,0.0,0.0034490767105684697,8.938440101593976e-05,5.0780121027269165e-05,2.823800689805145e-08,-5.740643373997045e-05,5.418035664561671e-06,0.0,0.0,0.0,0.0,0.0,0.0,0.0,0.0,0.0,0.0,0.0,0.0,0.0,0.0,0.0,0.0,0.0,0.0,0.0,0.0,0.0,0.0,0.0,0.0,0.0,0.0,0.0,0.0,0.0,0.0,0.0,0.0,0.0,0.0,0.0,0.0
78,510000000,odom,base_link,-1.677662321182119,0.09657187406337703,-0.10391213107106648,-1.811368455264534e-05,0.0030142621939887133,-2.2611508241095318e-05,0.9999954566816991,0.0,0.0,0.0,0.0,0.0,0.0,0.0,0.0,0.0,0.0,0.0,0.0,0.0,0.0,0.0,0.0,0.0,0.0,0.0,0.0,0.0,0.0,0.0,0.0,0.0,0.0,0.0,0.0,0.0,0.0,0.0,0.0,0.0,0.0,0.0,0.0,0.0034474741170354407,8.940273668728421e-05,4.991677511445306e-05,4.149078823567631e-08,-5.696991784986949e-05,4.7125948476889334e-06,0.0,0.0,0.0,0.0,0.0,0.0,0.0,0.0,0.0,0.0,0.0,0.0,0.0,0.0,0.0,0.0,0.0,0.0,0.0,0.0,0.0,0.0,0.0,0.0,0.0,0.0,0.0,0.0,0.0,0.0,0.0,0.0,0.0,0.0,0.0,0.0
78,544000000,odom,base_link,-1.6775451342641683,0.0965749088536917,-0.10391111573486525,-1.8113772644098953e-05,0.003013265517771661,-2.2521908439315987e-05,0.9999954596874799,0.0,0.0,0.0,0.0,0.0,0.0,0.0,0.0,0.0,0.0,0.0,0.0,0.0,0.0,0.0,0.0,0.0,0.0,0.0,0.0,0.0,0.0,0.0,0.0,0.0,0.0,0.0,0.0,0.0,0.0,0.0,0.0,0.0,0.0,0.0,0.0,0.003445857562847625,8.941802330860513e-05,5.0901173857214506e-05,1.6203867186839055e-09,-5.901291366683381e-05,5.564756655473957e-06,0.0,0.0,0.0,0.0,0.0,0.0,0.0,0.0,0.0,0.0,0.0,0.0,0.0,0.0,0.0,0.0,0.0,0.0,0.0,0.0,0.0,0.0,0.0,0.0,0.0,0.0,0.0,0.0,0.0,0.0,0.0,0.0,0.0,0.0,0.0,0.0
78,578000000,odom,base_link,-1.6774280020125685,0.0965779442269065,-0.10391008941343204,-1.8113800017300857e-05,0.0030122791317921853,-2.2428121196084153e-05,0.9999954626613572,0.0,0.0,0.0,0.0,0.0,0.0,0.0,0.0,0.0,0.0,0.0,0.0,0.0,0.0,0.0,0.0,0.0,0.0,0.0,0.0,0.0,0.0,0.0,0.0,0.0,0.0,0.0,0.0,0.0,0.0,0.0,0.0,0.0,0.0,0.0,0.0,0.003444251971536239,8.943556777073092e-05,5.087243579720119e-05,3.27911156561278e-08,-5.718395037490609e-05,5.246806944469995e-06,0.0,0.0,0.0,0.0,0.0,0.0,0.0,0.0,0.0,0.0,0.0,0.0,0.0,0.0,0.0,0.0,0.0,0.0,0.0,0.0,0.0,0.0,0.0,0.0,0.0,0.0,0.0,0.0,0.0,0.0,0.0,0.0,0.0,0.0,0.0,0.0
78,612000000,odom,base_link,-1.6773109243747424,0.09658098024067989,-0.10390907914554652,-1.8113371540132964e-05,0.003011311024097932,-2.234524113062376e-05,0.9999954655789756,0.0,0.0,0.0,0.0,0.0,0.0,0.0,0.0,0.0,0.0,0.0,0.0,0.0,0.0,0.0,0.0,0.0,0.0,0.0,0.0,0.0,0.0,0.0,0.0,0.0,0.0,0.0,0.0,0.0,0.0,0.0,0.0,0.0,0.0,0.0,0.0,0.0034426462424824245,8.945318322210761e-05,5.0498648045765254e-05,3.3502758553516365e-08,-5.7560989930038886e-05,4.887314775103846e-06,0.0,0.0,0.0,0.0,0.0,0.0,0.0,0.0,0.0,0.0,0.0,0.0,0.0,0.0,0.0,0.0,0.0,0.0,0.0,0.0,0.0,0.0,0.0,0.0,0.0,0.0,0.0,0.0,0.0,0.0,0.0,0.0,0.0,0.0,0.0,0.0
78,646000000,odom,base_link,-1.6771939014669925,0.09658401681430052,-0.1039080419375621,-1.811352757899753e-05,0.003010312064583581,-2.2252406447283415e-05,0.9999954685887353,0.0,0.0,0.0,0.0,0.0,0.0,0.0,0.0,0.0,0.0,0.0,0.0,0.0,0.0,0.0,0.0,0.0,0.0,0.0,0.0,0.0,0.0,0.0,0.0,0.0,0.0,0.0,0.0,0.0,0.0,0.0,0.0,0.0,0.0,0.0,0.0,0.0034410305823864575,8.946835649256404e-05,5.148720877481412e-05,3.291275672140381e-11,-5.901412691855512e-05,5.756810006474211e-06,0.0,0.0,0.0,0.0,0.0,0.0,0.0,0.0,0.0,0.0,0.0,0.0,0.0,0.0,0.0,0.0,0.0,0.0,0.0,0.0,0.0,0.0,0.0,0.0,0.0,0.0,0.0,0.0,0.0,0.0,0.0,0.0,0.0,0.0,0.0,0.0
78,680000000,odom,base_link,-1.6770769332101352,0.09658705397131927,-0.1039069954058619,-1.8113543242259923e-05,0.0030093266562090082,-2.2155962650221585e-05,0.9999954715567911,0.0,0.0,0.0,0.0,0.0,0.0,0.0,0.0,0.0,0.0,0.0,0.0,0.0,0.0,0.0,0.0,0.0,0.0,0.0,0.0,0.0,0.0,0.0,0.0,0.0,0.0,0.0,0.0,0.0,0.0,0.0,0.0,0.0,0.0,0.0,0.0,0.0034394257294567397,8.94859850419646e-05,5.1385158837534675e-05,3.5418184704538724e-08,-5.711426211973958e-05,5.36644630955152e-06,0.0,0.0,0.0,0.0,0.0,0.0,0.0,0.0,0.0,0.0,0.0,0.0,0.0,0.0,0.0,0.0,0.0,0.0,0.0,0.0,0.0,0.0,0.0,0.0,0.0,0.0,0.0,0.0,0.0,0.0,0.0,0.0,0.0,0.0,0.0,0.0
78,714000000,odom,base_link,-1.6769600195568695,0.09659009177620696,-0.10390597070657014,-1.8113027295271292e-05,0.00300836152207386,-2.207268362039592e-05,0.9999954744625935,0.0,0.0,0.0,0.0,0.0,0.0,0.0,0.0,0.0,0.0,0.0,0.0,0.0,0.0,0.0,0.0,0.0,0.0,0.0,0.0,0.0,0.0,0.0,0.0,0.0,0.0,0.0,0.0,0.0,0.0,0.0,0.0,0.0,0.0,0.0,0.0,0.0034378222558980377,8.95039181905346e-05,5.0707594323180514e-05,4.144191517729823e-08,-5.721103875089284e-05,4.816058485346275e-06,0.0,0.0,0.0,0.0,0.0,0.0,0.0,0.0,0.0,0.0,0.0,0.0,0.0,0.0,0.0,0.0,0.0,0.0,0.0,0.0,0.0,0.0,0.0,0.0,0.0,0.0,0.0,0.0,0.0,0.0,0.0,0.0,0.0,0.0,0.0,0.0
78,748000000,odom,base_link,-1.6768431606259386,0.09659313014811972,-0.10390492697325156,-1.8113091019044153e-05,0.0030073653154487055,-2.1981787444422258e-05,0.9999954774610615,0.0,0.0,0.0,0.0,0.0,0.0,0.0,0.0,0.0,0.0,0.0,0.0,0.0,0.0,0.0,0.0,0.0,0.0,0.0,0.0,0.0,0.0,0.0,0.0,0.0,0.0,0.0,0.0,0.0,0.0,0.0,0.0,0.0,0.0,0.0,0.0,0.0034362073119938038,8.951919243511635e-05,5.159344833821351e-05,3.964055190867899e-09,-5.890133927266561e-05,5.620997622912682e-06,0.0,0.0,0.0,0.0,0.0,0.0,0.0,0.0,0.0,0.0,0.0,0.0,0.0,0.0,0.0,0.0,0.0,0.0,0.0,0.0,0.0,0.0,0.0,0.0,0.0,0.0,0.0,0.0,0.0,0.0,0.0,0.0,0.0,0.0,0.0,0.0
78,782000000,odom,base_link,-1.6767263563267145,0.09659616910766534,-0.10390387580214624,-1.81130323407017e-05,0.0030063821962630828,-2.1888687370787514e-05,0.9999954804192335,0.0,0.0,0.0,0.0,0.0,0.0,0.0,0.0,0.0,0.0,0.0,0.0,0.0,0.0,0.0,0.0,0.0,0.0,0.0,0.0,0.0,0.0,0.0,0.0,0.0,0.0,0.0,0.0,0.0,0.0,0.0,0.0,0.0,0.0,0.0,0.0,0.0034346031438632547,8.953688266560555e-05,5.1469592259321215e-05,3.6623649252165436e-08,-5.707862165138522e-05,5.190716789726935e-06,0.0,0.0,0.0,0.0,0.0,0.0,0.0,0.0,0.0,0.0,0.0,0.0,0.0,0.0,0.0,0.0,0.0,0.0,0.0,0.0,0.0,0.0,0.0,0.0,0.0,0.0,0.0,0.0,0.0,0.0,0.0,0.0,0.0,0.0,0.0,0.0
78,816000000,odom,base_link,-1.6766096066271527,0.09659920870242746,-0.10390284067666138,-1.8112602733261483e-05,0.0030054124544531815,-2.1805877948886458e-05,0.9999954833360079,0.0,0.0,0.0,0.0,0.0,0.0,0.0,0.0,0.0,0.0,0.0,0.0,0.0,0.0,0.0,0.0,0.0,0.0,0.0,0.0,0.0,0.0,0.0,0.0,0.0,0.0,0.0,0.0,0.0,0.0,0.0,0.0,0.0,0.0,0.0,0.0,0.0034329970253689545,8.955419850694155e-05,5.123562750804679e-05,3.072855719876699e-08,-5.7789119978224335e-05,4.949437748535956e-06,0.0,0.0,0.0,0.0,0.0,0.0,0.0,0.0,0.0,0.0,0.0,0.0,0.0,0.0,0.0,0.0,0.0,0.0,0.0,0.0,0.0,0.0,0.0,0.0,0.0,0.0,0.0,0.0,0.0,0.0,0.0,0.0,0.0,0.0,0.0,0.0
78,850000000,odom,base_link,-1.6764929116239753,0.09660224885353635,-0.1039017805463811,-1.8112736088484235e-05,0.003004415043673833,-2.171299197568856e-05,0.9999954863351734,0.0,0.0,0.0,0.0,0.0,0.0,0.0,0.0,0.0,0.0,0.0,0.0,0.0,0.0,0.0,0.0,0.0,0.0,0.0,0.0,0.0,0.0,0.0,0.0,0.0,0.0,0.0,0.0,0.0,0.0,0.0,0.0,0.0,0.0,0.0,0.0,0.003431384046737962,8.956944527320231e-05,5.197166620003299e-05,2.716191735505774e-09,-5.8839625438622534e-05,5.729480800908959e-06,0.0,0.0,0.0,0.0,0.0,0.0,0.0,0.0,0.0,0.0,0.0,0.0,0.0,0.0,0.0,0.0,0.0,0.0,0.0,0.0,0.0,0.0,0.0,0.0,0.0,0.0,0.0,0.0,0.0,0.0,0.0,0.0,0.0,0.0,0.0,0.0
78,884000000,odom,base_link,-1.6763762712966765,0.09660528954419152,-0.10390069440593935,-1.8113175916617286e-05,0.0030034099337726463,-2.1606067034242655e-05,0.9999954893567573,0.0,0.0,0.0,0.0,0.0,0.0,0.0,0.0,0.0,0.0,0.0,0.0,0.0,0.0,0.0,0.0,0.0,0.0,0.0,0.0,0.0,0.0,0.0,0.0,0.0,0.0,0.0,0.0,0.0,0.0,0.0,0.0,0.0,0.0,0.0,0.0,0.00342977044981881,8.958441065677672e-05,5.29394411153968e-05,-9.147110239388079e-09,-5.923941088781248e-05,6.613603353855524e-06,0.0,0.0,0.0,0.0,0.0,0.0,0.0,0.0,0.0,0.0,0.0,0.0,0.0,0.0,0.0,0.0,0.0,0.0,0.0,0.0,0.0,0.0,0.0,0.0,0.0,0.0,0.0,0.0,0.0,0.0,0.0,0.0,0.0,0.0,0.0,0.0
78,918000000,odom,base_link,-1.676259685616848,0.09660833079622948,-0.10389958983752053,-1.8113482763521753e-05,0.003002413138769197,-2.149029378709691e-05,0.9999954923525471,0.0,0.0,0.0,0.0,0.0,0.0,0.0,0.0,0.0,0.0,0.0,0.0,0.0,0.0,0.0,0.0,0.0,0.0,0.0,0.0,0.0,0.0,0.0,0.0,0.0,0.0,0.0,0.0,0.0,0.0,0.0,0.0,0.0,0.0,0.0,0.0,0.003428163998323732,8.960132297378138e-05,5.302336519024684e-05,2.7321479974251606e-08,-5.772656450631075e-05,6.509146022182222e-06,0.0,0.0,0.0,0.0,0.0,0.0,0.0,0.0,0.0,0.0,0.0,0.0,0.0,0.0,0.0,0.0,0.0,0.0,0.0,0.0,0.0,0.0,0.0,0.0,0.0,0.0,0.0,0.0,0.0,0.0,0.0,0.0,0.0,0.0,0.0,0.0
78,952000000,odom,base_link,-1.6761431544972312,0.09661137273241034,-0.1038985089143764,-1.8112768010098414e-05,0.003001448840139808,-2.139603909042027e-05,0.9999954952493522,0.0,0.0,0.0,0.0,0.0,0.0,0.0,0.0,0.0,0.0,0.0,0.0,0.0,0.0,0.0,0.0,0.0,0.0,0.0,0.0,0.0,0.0,0.0,0.0,0.0,0.0,0.0,0.0,0.0,0.0,0.0,0.0,0.0,0.0,0.0,0.0,0.003426565472896039,8.962106087879898e-05,5.1873302940684565e-05,7.043266733730569e-08,-5.641648570531288e-05,5.0551272945398296e-06,0.0,0.0,0.0,0.0,0.0,0.0,0.0,0.0,0.0,0.0,0.0,0.0,0.0,0.0,0.0,0.0,0.0,0.0,0.0,0.0,0.0,0.0,0.0,0.0,0.0,0.0,0.0,0.0,0.0,0.0,0.0,0.0,0.0,0.0,0.0,0.0
78,986000000,odom,base_link,-1.6760266780600948,0.09661441529366907,-0.10389743057219022,-1.8112380382854896e-05,0.0030004602880998664,-2.13085896803292e-05,0.9999954982178396,0.0,0.0,0.0,0.0,0.0,0.0,0.0,0.0,0.0,0.0,0.0,0.0,0.0,0.0,0.0,0.0,0.0,0.0,0.0,0.0,0.0,0.0,0.0,0.0,0.0,0.0,0.0,0.0,0.0,0.0,0.0,0.0,0.0,0.0,0.0,0.0,0.003424952343391943,8.963756756966964e-05,5.253077915654794e-05,2.4242327416323928e-08,-5.875840720648284e-05,5.282070159040586e-06,0.0,0.0,0.0,0.0,0.0,0.0,0.0,0.0,0.0,0.0,0.0,0.0,0.0,0.0,0.0,0.0,0.0,0.0,0.0,0.0,0.0,0.0,0.0,0.0,0.0,0.0,0.0,0.0,0.0,0.0,0.0,0.0,0.0,0.0,0.0,0.0
79,20000000,odom,base_link,-1.6759102562800199,0.09661745844398455,-0.10389634560266858,-1.8112303417015514e-05,0.0029994681285268033,-2.1219151633742974e-05,0.9999955011961994,0.0,0.0,0.0,0.0,0.0,0.0,0.0,0.0,0.0,0.0,0.0,0.0,0.0,0.0,0.0,0.0,0.0,0.0,0.0,0.0,0.0,0.0,0.0,0.0,0.0,0.0,0.0,0.0,0.0,0.0,0.0,0.0,0.0,0.0,0.0,0.0,0.003423347975900488,8.96549747516973e-05,5.22979664669787e-05,3.193413190133443e-08,-5.7580140122581724e-05,4.998575819925577e-06,0.0,0.0,0.0,0.0,0.0,0.0,0.0,0.0,0.0,0.0,0.0,0.0,0.0,0.0,0.0,0.0,0.0,0.0,0.0,0.0,0.0,0.0,0.0,0.0,0.0,0.0,0.0,0.0,0.0,0.0,0.0,0.0,0.0,0.0,0.0,0.0
79,54000000,odom,base_link,-1.6757938890627082,0.0966205022478939,-0.10389529254499939,-1.8111784715185487e-05,0.002998502374668671,-2.114498532278159e-05,0.9999955040940743,0.0,0.0,0.0,0.0,0.0,0.0,0.0,0.0,0.0,0.0,0.0,0.0,0.0,0.0,0.0,0.0,0.0,0.0,0.0,0.0,0.0,0.0,0.0,0.0,0.0,0.0,0.0,0.0,0.0,0.0,0.0,0.0,0.0,0.0,0.0,0.0,0.0034217503811846796,8.967365052284542e-05,5.0962763847339124e-05,4.770963138445161e-08,-5.661905895237851e-05,4.059659275412741e-06,0.0,0.0,0.0,0.0,0.0,0.0,0.0,0.0,0.0,0.0,0.0,0.0,0.0,0.0,0.0,0.0,0.0,0.0,0.0,0.0,0.0,0.0,0.0,0.0,0.0,0.0,0.0,0.0,0.0,0.0,0.0,0.0,0.0,0.0,0.0,0.0
79,88000000,odom,base_link,-1.6756775765107974,0.09662354662800865,-0.10389424220889892,-1.8111712011370107e-05,0.0029975121924672847,-2.1066987354583887e-05,0.9999955070643087,0.0,0.0,0.0,0.0,0.0,0.0,0.0,0.0,0.0,0.0,0.0,0.0,0.0,0.0,0.0,0.0,0.0,0.0,0.0,0.0,0.0,0.0,0.0,0.0,0.0,0.0,0.0,0.0,0.0,0.0,0.0,0.0,0.0,0.0,0.0,0.0,0.003420138224893113,8.96887735816054e-05,5.16045928473549e-05,7.725125443849845e-09,-5.871853900885071e-05,4.918301943490633e-06,0.0,0.0,0.0,0.0,0.0,0.0,0.0,0.0,0.0,0.0,0.0,0.0,0.0,0.0,0.0,0.0,0.0,0.0,0.0,0.0,0.0,0.0,0.0,0.0,0.0,0.0,0.0,0.0,0.0,0.0,0.0,0.0,0.0,0.0,0.0,0.0
79,122000000,odom,base_link,-1.6755613185920208,0.09662659155333794,-0.10389318962071827,-1.8111822628227964e-05,0.0029965215163376725,-2.0977740026569076e-05,0.9999955100352693,0.0,0.0,0.0,0.0,0.0,0.0,0.0,0.0,0.0,0.0,0.0,0.0,0.0,0.0,0.0,0.0,0.0,0.0,0.0,0.0,0.0,0.0,0.0,0.0,0.0,0.0,0.0,0.0,0.0,0.0,0.0,0.0,0.0,0.0,0.0,0.0,0.0034185350852655983,8.970488818615577e-05,5.126961080455044e-05,2.540203082601611e-08,-5.744798983187138e-05,5.192140051235583e-06,0.0,0.0,0.0,0.0,0.0,0.0,0.0,0.0,0.0,0.0,0.0,0.0,0.0,0.0,0.0,0.0,0.0,0.0,0.0,0.0,0.0,0.0,0.0,0.0,0.0,0.0,0.0,0.0,0.0,0.0,0.0,0.0,0.0,0.0,0.0,0.0
79,156000000,odom,base_link,-1.6754451152079177,0.09662963709039762,-0.10389216945438774,-1.811131679267416e-05,0.0029955586466264327,-2.089471253059077e-05,0.999995512921826,0.0,0.0,0.0,0.0,0.0,0.0,0.0,0.0,0.0,0.0,0.0,0.0,0.0,0.0,0.0,0.0,0.0,0.0,0.0,0.0,0.0,0.0,0.0,0.0,0.0,0.0,0.0,0.0,0.0,0.0,0.0,0.0,0.0,0.0,0.0,0.0,0.003416937828880612,8.972235066367462e-05,5.0010887788263345e-05,5.025367691424698e-08,-5.653892678481043e-05,4.764156180669943e-06,0.0,0.0,0.0,0.0,0.0,0.0,0.0,0.0,0.0,0.0,0.0,0.0,0.0,0.0,0.0,0.0,0.0,0.0,0.0,0.0,0.0,0.0,0.0,0.0,0.0,0.0,0.0,0.0,0.0,0.0,0.0,0.0,0.0,0.0,0.0,0.0
79,190000000,odom,base_link,-1.675328966467182,0.09663268319024292,-0.10389114675491468,-1.811120115098318e-05,0.0029945698755576016,-2.080477450758889e-05,0.9999955158851495,0.0,0.0,0.0,0.0,0.0,0.0,0.0,0.0,0.0,0.0,0.0,0.0,0.0,0.0,0.0,0.0,0.0,0.0,0.0,0.0,0.0,0.0,0.0,0.0,0.0,0.0,0.0,0.0,0.0,0.0,0.0,0.0,0.0,0.0,0.0,0.0,0.0034153258301449227,8.973747522368863e-05,5.073733264961249e-05,1.3962505544112824e-08,-5.857509819406914e-05,5.580951034644954e-06,0.0,0.0,0.0,0.0,0.0,0.0,0.0,0.0,0.0,0.0,0.0,0.0,0.0,0.0,0.0,0.0,0.0,0.0,0.0,0.0,0.0,0.0,0.0,0.0,0.0,0.0,0.0,0.0,0.0,0.0,0.0,0.0,0.0,0.0,0.0,0.0
79,224000000,odom,base_link,-1.6752128723145816,0.09663572985831034,-0.10389012068148662,-1.811111864545357e-05,0.0029935866102733417,-2.0709101117119514e-05,0.9999955188311231,0.0,0.0,0.0,0.0,0.0,0.0,0.0,0.0,0.0,0.0,0.0,0.0,0.0,0.0,0.0,0.0,0.0,0.0,0.0,0.0,0.0,0.0,0.0,0.0,0.0,0.0,0.0,0.0,0.0,0.0,0.0,0.0,0.0,0.0,0.0,0.0,0.0034137238559206,8.975461913803683e-05,5.0474446558297866e-05,3.8784900291410906e-08,-5.6965447470247454e-05,5.345855802474375e-06,0.0,0.0,0.0,0.0,0.0,0.0,0.0,0.0,0.0,0.0,0.0,0.0,0.0,0.0,0.0,0.0,0.0,0.0,0.0,0.0,0.0,0.0,0.0,0.0,0.0,0.0,0.0,0.0,0.0,0.0,0.0,0.0,0.0,0.0,0.0,0.0
79,258000000,odom,base_link,-1.675096832665149,0.0966387771775192,-0.10388912292404993,-1.8112606263074122e-05,0.002992628943508657,-2.0627800449269713e-05,0.9999955216991894,0.0,0.0,0.0,0.0,0.0,0.0,0.0,0.0,0.0,0.0,0.0,0.0,0.0,0.0,0.0,0.0,0.0,0.0,0.0,0.0,0.0,0.0,0.0,0.0,0.0,0.0,0.0,0.0,0.0,0.0,0.0,0.0,0.0,0.0,0.0,0.0,0.003412126259013039,8.977331025707171e-05,4.941744200701952e-05,-3.6993529420326077e-07,-5.628702659521423e-05,4.55644491026419e-06,0.0,0.0,0.0,0.0,0.0,0.0,0.0,0.0,0.0,0.0,0.0,0.0,0.0,0.0,0.0,0.0,0.0,0.0,0.0,0.0,0.0,0.0,0.0,0.0,0.0,0.0,0.0,0.0,0.0,0.0,0.0,0.0,0.0,0.0,0.0,0.0
79,292000000,odom,base_link,-1.6749808476304575,0.09664182507939105,-0.10388811565519625,-1.8117798949698337e-05,0.0029916430350921453,-2.0542502983496735e-05,0.9999955246508364,0.0,0.0,0.0,0.0,0.0,0.0,0.0,0.0,0.0,0.0,0.0,0.0,0.0,0.0,0.0,0.0,0.0,0.0,0.0,0.0,0.0,0.0,0.0,0.0,0.0,0.0,0.0,0.0,0.0,0.0,0.0,0.0,0.0,0.0,0.0,0.0,0.003410514131578572,8.978848690495315e-05,5.0254568447218005e-05,-1.8887697378344726e-07,-5.84212422438668e-05,5.26671080081087e-06,0.0,0.0,0.0,0.0,0.0,0.0,0.0,0.0,0.0,0.0,0.0,0.0,0.0,0.0,0.0,0.0,0.0,0.0,0.0,0.0,0.0,0.0,0.0,0.0,0.0,0.0,0.0,0.0,0.0,0.0,0.0,0.0,0.0,0.0,0.0,0.0
79,326000000,odom,base_link,-1.6748649171505086,0.09664487355460015,-0.10388710200727211,-1.8118870357738475e-05,0.0029906651864469586,-2.0453895604563797e-05,0.9999955275775423,0.0,0.0,0.0,0.0,0.0,0.0,0.0,0.0,0.0,0.0,0.0,0.0,0.0,0.0,0.0,0.0,0.0,0.0,0.0,0.0,0.0,0.0,0.0,0.0,0.0,0.0,0.0,0.0,0.0,0.0,0.0,0.0,0.0,0.0,0.0,0.0,0.0034089126155549382,8.980579893654175e-05,5.009815318416755e-05,3.536318547020523e-08,-5.667757427829656e-05,4.941632303356869e-06,0.0,0.0,0.0,0.0,0.0,0.0,0.0,0.0,0.0,0.0,0.0,0.0,0.0,0.0,0.0,0.0,0.0,0.0,0.0,0.0,0.0,0.0,0.0,0.0,0.0,0.0,0.0,0.0,0.0,0.0,0.0,0.0,0.0,0.0,0.0,0.0
79,360000000,odom,base_link,-1.674749041158815,0.09664792266895468,-0.1038861131020875,-1.8117311194957647e-05,0.0029897098456910577,-2.0377664276528818e-05,0.9999955304357877,0.0,0.0,0.0,0.0,0.0,0.0,0.0,0.0,0.0,0.0,0.0,0.0,0.0,0.0,0.0,0.0,0.0,0.0,0.0,0.0,0.0,0.0,0.0,0.0,0.0,0.0,0.0,0.0,0.0,0.0,0.0,0.0,0.0,0.0,0.0,0.0,0.0034073143264526096,8.982377806558308e-05,4.91538848278433e-05,1.2300358856465188e-07,-5.632557602552879e-05,4.331527847512007e-06,0.0,0.0,0.0,0.0,0.0,0.0,0.0,0.0,0.0,0.0,0.0,0.0,0.0,0.0,0.0,0.0,0.0,0.0,0.0,0.0,0.0,0.0,0.0,0.0,0.0,0.0,0.0,0.0,0.0,0.0,0.0,0.0,0.0,0.0,0.0,0.0
79,394000000,odom,base_link,-1.6746332197784035,0.09665097234912727,-0.103885111454548,-1.8116300686834254e-05,0.0029887245904062698,-2.029442523439683e-05,0.999995533382654,0.0,0.0,0.0,0.0,0.0,0.0,0.0,0.0,0.0,0.0,0.0,0.0,0.0,0.0,0.0,0.0,0.0,0.0,0.0,0.0,0.0,0.0,0.0,0.0,0.0,0.0,0.0,0.0,0.0,0.0,0.0,0.0,0.0,0.0,0.0,0.0,0.0034057022485492966,8.983891853681821e-05,5.0064580774657547e-05,5.7758428942400464e-08,-5.833444021163814e-05,5.194069485625619e-06,0.0,0.0,0.0,0.0,0.0,0.0,0.0,0.0,0.0,0.0,0.0,0.0,0.0,0.0,0.0,0.0,0.0,0.0,0.0,0.0,0.0,0.0,0.0,0.0,0.0,0.0,0.0,0.0,0.0,0.0,0.0,0.0,0.0,0.0,0.0,0.0
79,428000000,odom,base_link,-1.6745174529282933,0.09665402260206489,-0.10388410077507161,-1.811569923590274e-05,0.002987749701254761,-2.02062740991908e-05,0.9999955362976629,0.0,0.0,0.0,0.0,0.0,0.0,0.0,0.0,0.0,0.0,0.0,0.0,0.0,0.0,0.0,0.0,0.0,0.0,0.0,0.0,0.0,0.0,0.0,0.0,0.0,0.0,0.0,0.0,0.0,0.0,0.0,0.0,0.0,0.0,0.0,0.0,0.003404100942672911,8.985614115871005e-05,4.999008780372715e-05,5.3973690100628247e-08,-5.6510766199835416e-05,4.951517151852158e-06,0.0,0.0,0.0,0.0,0.0,0.0,0.0,0.0,0.0,0.0,0.0,0.0,0.0,0.0,0.0,0.0,0.0,0.0,0.0,0.0,0.0,0.0,0.0,0.0,0.0,0.0,0.0,0.0,0.0,0.0,0.0,0.0,0.0,0.0,0.0,0.0
79,462000000,odom,base_link,-1.6744017405543064,0.09665707348113345,-0.10388310718965714,-1.8115099045933773e-05,0.0029867930573853315,-2.0127541546612552e-05,0.9999955391570292,0.0,0.0,0.0,0.0,0.0,0.0,0.0,0.0,0.0,0.0,0.0,0.0,0.0,0.0,0.0,0.0,0.0,0.0,0.0,0.0,0.0,0.0,0.0,0.0,0.0,0.0,0.0,0.0,0.0,0.0,0.0,0.0,0.0,0.0,0.0,0.0,0.0034024994139263158,8.9873425182433e-05,4.95892454224655e-05,4.121743918394927e-08,-5.687742259397055e-05,4.651941853950348e-06,0.0,0.0,0.0,0.0,0.0,0.0,0.0,0.0,0.0,0.0,0.0,0.0,0.0,0.0,0.0,0.0,0.0,0.0,0.0,0.0,0.0,0.0,0.0,0.0,0.0,0.0,0.0,0.0,0.0,0.0,0.0,0.0,0.0,0.0,0.0,0.0
79,496000000,odom,base_link,-1.6742860827734114,0.0966601249133818,-0.10388208763107866,-1.8115028623104096e-05,0.0029858059958395313,-2.0039306833759463e-05,0.9999955421064771,0.0,0.0,0.0,0.0,0.0,0.0,0.0,0.0,0.0,0.0,0.0,0.0,0.0,0.0,0.0,0.0,0.0,0.0,0.0,0.0,0.0,0.0,0.0,0.0,0.0,0.0,0.0,0.0,0.0,0.0,0.0,0.0,0.0,0.0,0.0,0.0,0.0034008879699024934,8.988850495292861e-05,5.055222249716951e-05,1.389066301218933e-08,-5.831086369312288e-05,5.46819798330489e-06,0.0,0.0,0.0,0.0,0.0,0.0,0.0,0.0,0.0,0.0,0.0,0.0,0.0,0.0,0.0,0.0,0.0,0.0,0.0,0.0,0.0,0.0,0.0,0.0,0.0,0.0,0.0,0.0,0.0,0.0,0.0,0.0,0.0,0.0,0.0,0.0
79,530000000,odom,base_link,-1.6741704795011827,0.09666317692454772,-0.10388105883541011,-1.811440197625174e-05,0.002984833348103814,-1.9948591668011612e-05,0.9999955450119796,0.0,0.0,0.0,0.0,0.0,0.0,0.0,0.0,0.0,0.0,0.0,0.0,0.0,0.0,0.0,0.0,0.0,0.0,0.0,0.0,0.0,0.0,0.0,0.0,0.0,0.0,0.0,0.0,0.0,0.0,0.0,0.0,0.0,0.0,0.0,0.0,0.003399287234010816,8.990602010141805e-05,5.046233853269528e-05,6.915593514511542e-08,-5.6389692915104206e-05,5.028593985656471e-06,0.0,0.0,0.0,0.0,0.0,0.0,0.0,0.0,0.0,0.0,0.0,0.0,0.0,0.0,0.0,0.0,0.0,0.0,0.0,0.0,0.0,0.0,0.0,0.0,0.0,0.0,0.0,0.0,0.0,0.0,0.0,0.0,0.0,0.0,0.0,0.0
79,564000000,odom,base_link,-1.6740549306865768,0.0966662295741763,-0.10388005019305964,-1.8113421507642003e-05,0.0029838819876137844,-1.9870799189043636e-05,0.9999955478527588,0.0,0.0,0.0,0.0,0.0,0.0,0.0,0.0,0.0,0.0,0.0,0.0,0.0,0.0,0.0,0.0,0.0,0.0,0.0,0.0,0.0,0.0,0.0,0.0,0.0,0.0,0.0,0.0,0.0,0.0,0.0,0.0,0.0,0.0,0.0,0.0,0.003397687917444133,8.992370325432051e-05,4.989316714921949e-05,6.463161186798239e-08,-5.613402187520933e-05,4.502936024053383e-06,0.0,0.0,0.0,0.0,0.0,0.0,0.0,0.0,0.0,0.0,0.0,0.0,0.0,0.0,0.0,0.0,0.0,0.0,0.0,0.0,0.0,0.0,0.0,0.0,0.0,0.0,0.0,0.0,0.0,0.0,0.0,0.0,0.0,0.0,0.0,0.0
79,598000000,odom,base_link,-1.6739394364505613,0.09666928278035501,-0.10387901709929792,-1.811316635607597e-05,0.0029828979893152647,-1.978483483663681e-05,0.9999955507901317,0.0,0.0,0.0,0.0,0.0,0.0,0.0,0.0,0.0,0.0,0.0,0.0,0.0,0.0,0.0,0.0,0.0,0.0,0.0,0.0,0.0,0.0,0.0,0.0,0.0,0.0,0.0,0.0,0.0,0.0,0.0,0.0,0.0,0.0,0.0,0.0,0.0033960757448387646,8.993870896921064e-05,5.092646807782694e-05,1.9558759126181435e-08,-5.8274648040423926e-05,5.3427686275142605e-06,0.0,0.0,0.0,0.0,0.0,0.0,0.0,0.0,0.0,0.0,0.0,0.0,0.0,0.0,0.0,0.0,0.0,0.0,0.0,0.0,0.0,0.0,0.0,0.0,0.0,0.0,0.0,0.0,0.0,0.0,0.0,0.0,0.0,0.0,0.0,0.0
79,632000000,odom,base_link,-1.673823996690916,0.09667233657432381,-0.10387797605551832,-1.811274703465233e-05,0.002981930459417074,-1.9698878941712808e-05,0.999995553677424,0.0,0.0,0.0,0.0,0.0,0.0,0.0,0.0,0.0,0.0,0.0,0.0,0.0,0.0,0.0,0.0,0.0,0.0,0.0,0.0,0.0,0.0,0.0,0.0,0.0,0.0,0.0,0.0,0.0,0.0,0.0,0.0,0.0,0.0,0.0,0.0,0.0033944769615142567,8.99565854188618e-05,5.069579197506924e-05,5.6659998567965e-08,-5.6106444645820375e-05,4.713087387031578e-06,0.0,0.0,0.0,0.0,0.0,0.0,0.0,0.0,0.0,0.0,0.0,0.0,0.0,0.0,0.0,0.0,0.0,0.0,0.0,0.0,0.0,0.0,0.0,0.0,0.0,0.0,0.0,0.0,0.0,0.0,0.0,0.0,0.0,0.0,0.0,0.0
79,666000000,odom,base_link,-1.6737086113026467,0.09667539100033565,-0.10387695415758266,-1.8111969672596382e-05,0.002980978242873895,-1.9625004618445155e-05,0.9999955565178934,0.0,0.0,0.0,0.0,0.0,0.0,0.0,0.0,0.0,0.0,0.0,0.0,0.0,0.0,0.0,0.0,0.0,0.0,0.0,0.0,0.0,0.0,0.0,0.0,0.0,0.0,0.0,0.0,0.0,0.0,0.0,0.0,0.0,0.0,0.0,0.0,0.003392879778812102,8.997375054623504e-05,5.050367315357503e-05,4.785067585222347e-08,-5.679468593200454e-05,4.433662326164267e-06,0.0,0.0,0.0,0.0,0.0,0.0,0.0,0.0,0.0,0.0,0.0,0.0,0.0,0.0,0.0,0.0,0.0,0.0,0.0,0.0,0.0,0.0,0.0,0.0,0.0,0.0,0.0,0.0,0.0,0.0,0.0,0.0,0.0,0.0,0.0,0.0
79,700000000,odom,base_link,-1.6735932803931135,0.0966784459693804,-0.10387590404324624,-1.8111800658295072e-05,0.0029799932274058192,-1.9540214279570107e-05,0.9999955594553944,0.0,0.0,0.0,0.0,0.0,0.0,0.0,0.0,0.0,0.0,0.0,0.0,0.0,0.0,0.0,0.0,0.0,0.0,0.0,0.0,0.0,0.0,0.0,0.0,0.0,0.0,0.0,0.0,0.0,0.0,0.0,0.0,0.0,0.0,0.0,0.0,0.0033912702969838655,8.998865241974992e-05,5.1288466798766444e-05,1.847600909071767e-08,-5.818040662575186e-05,5.273623315815712e-06,0.0,0.0,0.0,0.0,0.0,0.0,0.0,0.0,0.0,0.0,0.0,0.0,0.0,0.0,0.0,0.0,0.0,0.0,0.0,0.0,0.0,0.0,0.0,0.0,0.0,0.0,0.0,0.0,0.0,0.0,0.0,0.0,0.0,0.0,0.0,0.0
79,734000000,odom,base_link,-1.6734780040177157,0.09668150146374596,-0.10387482299769742,-1.8111947238936397e-05,0.002978998641183049,-1.9440206738891086e-05,0.9999955624207197,0.0,0.0,0.0,0.0,0.0,0.0,0.0,0.0,0.0,0.0,0.0,0.0,0.0,0.0,0.0,0.0,0.0,0.0,0.0,0.0,0.0,0.0,0.0,0.0,0.0,0.0,0.0,0.0,0.0,0.0,0.0,0.0,0.0,0.0,0.0,0.0,0.0033896601884540302,9.000326390684954e-05,5.2393223039076945e-05,6.999133390916956e-09,-5.859705218824729e-05,6.222807291678123e-06,0.0,0.0,0.0,0.0,0.0,0.0,0.0,0.0,0.0,0.0,0.0,0.0,0.0,0.0,0.0,0.0,0.0,0.0,0.0,0.0,0.0,0.0,0.0,0.0,0.0,0.0,0.0,0.0,0.0,0.0,0.0,0.0,0.0,0.0,0.0,0.0
79,768000000,odom,base_link,-1.6733627821485526,0.09668455750514586,-0.10387372275928511,-1.8111959192922653e-05,0.0029780128878666204,-1.9330364109457133e-05,0.9999955653589339,0.0,0.0,0.0,0.0,0.0,0.0,0.0,0.0,0.0,0.0,0.0,0.0,0.0,0.0,0.0,0.0,0.0,0.0,0.0,0.0,0.0,0.0,0.0,0.0,0.0,0.0,0.0,0.0,0.0,0.0,0.0,0.0,0.0,0.0,0.0,0.0,0.0033880577606823425,9.001975166898004e-05,5.24956775357689e-05,4.255829820498658e-08,-5.708154091621509e-05,6.202793922938099e-06,0.0,0.0,0.0,0.0,0.0,0.0,0.0,0.0,0.0,0.0,0.0,0.0,0.0,0.0,0.0,0.0,0.0,0.0,0.0,0.0,0.0,0.0,0.0,0.0,0.0,0.0,0.0,0.0,0.0,0.0,0.0,0.0,0.0,0.0,0.0,0.0
79,802000000,odom,base_link,-1.673247614698077,0.0966876142115987,-0.10387264563338207,-1.8111417167718528e-05,0.002977059651457617,-1.9239753868473618e-05,0.9999955681989996,0.0,0.0,0.0,0.0,0.0,0.0,0.0,0.0,0.0,0.0,0.0,0.0,0.0,0.0,0.0,0.0,0.0,0.0,0.0,0.0,0.0,0.0,0.0,0.0,0.0,0.0,0.0,0.0,0.0,0.0,0.0,0.0,0.0,0.0,0.0,0.0,0.003386463347930819,9.003903988090618e-05,5.13595006911517e-05,-1.6589868367944405e-09,-5.5737147874879156e-05,4.884669912996742e-06,0.0,0.0,0.0,0.0,0.0,0.0,0.0,0.0,0.0,0.0,0.0,0.0,0.0,0.0,0.0,0.0,0.0,0.0,0.0,0.0,0.0,0.0,0.0,0.0,0.0,0.0,0.0,0.0,0.0,0.0,0.0,0.0,0.0,0.0,0.0,0.0
79,836000000,odom,base_link,-1.673132501751242,0.09669067154557921,-0.10387156992648923,-1.81171866727177e-05,0.002976088604166557,-1.9155947465092025e-05,0.9999955710909111,0.0,0.0,0.0,0.0,0.0,0.0,0.0,0.0,0.0,0.0,0.0,0.0,0.0,0.0,0.0,0.0,0.0,0.0,0.0,0.0,0.0,0.0,0.0,0.0,0.0,0.0,0.0,0.0,0.0,0.0,0.0,0.0,0.0,0.0,0.0,0.0,0.0033848550533092806,9.005560026158143e-05,5.204396844375803e-05,-2.043607283397364e-07,-5.7940566478009714e-05,5.052931983939857e-06,0.0,0.0,0.0,0.0,0.0,0.0,0.0,0.0,0.0,0.0,0.0,0.0,0.0,0.0,0.0,0.0,0.0,0.0,0.0,0.0,0.0,0.0,0.0,0.0,0.0,0.0,0.0,0.0,0.0,0.0,0.0,0.0,0.0,0.0,0.0,0.0
79,870000000,odom,base_link,-1.6730174433303937,0.09669372945573008,-0.10387048789242226,-1.811862908465682e-05,0.0029751082509291153,-1.9070682306784614e-05,0.9999955740096651,0.0,0.0,0.0,0.0,0.0,0.0,0.0,0.0,0.0,0.0,0.0,0.0,0.0,0.0,0.0,0.0,0.0,0.0,0.0,0.0,0.0,0.0,0.0,0.0,0.0,0.0,0.0,0.0,0.0,0.0,0.0,0.0,0.0,0.0,0.0,0.0,0.0033832547540560117,9.007275774175721e-05,5.180224074135329e-05,1.0859372689270286e-08,-5.6941455994774515e-05,4.749159066008701e-06,0.0,0.0,0.0,0.0,0.0,0.0,0.0,0.0,0.0,0.0,0.0,0.0,0.0,0.0,0.0,0.0,0.0,0.0,0.0,0.0,0.0,0.0,0.0,0.0,0.0,0.0,0.0,0.0,0.0,0.0,0.0,0.0,0.0,0.0,0.0,0.0
79,904000000,odom,base_link,-1.672902439333092,0.09669678801238989,-0.10386943814967133,-1.811722318093411e-05,0.0029741527121456943,-1.9000787793965473e-05,0.9999955768534085,0.0,0.0,0.0,0.0,0.0,0.0,0.0,0.0,0.0,0.0,0.0,0.0,0.0,0.0,0.0,0.0,0.0,0.0,0.0,0.0,0.0,0.0,0.0,0.0,0.0,0.0,0.0,0.0,0.0,0.0,0.0,0.0,0.0,0.0,0.0,0.0,0.00338166131040678,9.009131484414044e-05,5.045655011937957e-05,1.248769976314179e-07,-5.602673418536597e-05,3.807028647884181e-06,0.0,0.0,0.0,0.0,0.0,0.0,0.0,0.0,0.0,0.0,0.0,0.0,0.0,0.0,0.0,0.0,0.0,0.0,0.0,0.0,0.0,0.0,0.0,0.0,0.0,0.0,0.0,0.0,0.0,0.0,0.0,0.0,0.0,0.0,0.0,0.0
79,938000000,odom,base_link,-1.6727874898571378,0.09669984714375818,-0.10386839174839341,-1.8115914715210994e-05,0.0029731733412574884,-1.8927713638038143e-05,0.9999955797671498,0.0,0.0,0.0,0.0,0.0,0.0,0.0,0.0,0.0,0.0,0.0,0.0,0.0,0.0,0.0,0.0,0.0,0.0,0.0,0.0,0.0,0.0,0.0,0.0,0.0,0.0,0.0,0.0,0.0,0.0,0.0,0.0,0.0,0.0,0.0,0.0,0.0033800535746463427,9.010648822759277e-05,5.107605544367741e-05,7.545685881682473e-08,-5.8068998498583824e-05,4.60803510904384e-06,0.0,0.0,0.0,0.0,0.0,0.0,0.0,0.0,0.0,0.0,0.0,0.0,0.0,0.0,0.0,0.0,0.0,0.0,0.0,0.0,0.0,0.0,0.0,0.0,0.0,0.0,0.0,0.0,0.0,0.0,0.0,0.0,0.0,0.0,0.0,0.0
79,972000000,odom,base_link,-1.6726725948741301,0.0967029068171281,-0.1038673439400461,-1.811505565701467e-05,0.00297219289608795,-1.884374534977478e-05,0.9999955826833169,0.0,0.0,0.0,0.0,0.0,0.0,0.0,0.0,0.0,0.0,0.0,0.0,0.0,0.0,0.0,0.0,0.0,0.0,0.0,0.0,0.0,0.0,0.0,0.0,0.0,0.0,0.0,0.0,0.0,0.0,0.0,0.0,0.0,0.0,0.0,0.0,0.0033784546056426874,9.012245873970471e-05,5.071374070043123e-05,6.724224163590087e-08,-5.687530801878893e-05,4.904216810430739e-06,0.0,0.0,0.0,0.0,0.0,0.0,0.0,0.0,0.0,0.0,0.0,0.0,0.0,0.0,0.0,0.0,0.0,0.0,0.0,0.0,0.0,0.0,0.0,0.0,0.0,0.0,0.0,0.0,0.0,0.0,0.0,0.0,0.0,0.0,0.0,0.0
80,6000000,odom,base_link,-1.6725577542620225,0.09670596709336972,-0.10386632904638025,-1.811413227766092e-05,0.0029712415158088604,-1.876528568437782e-05,0.9999955855120546,0.0,0.0,0.0,0.0,0.0,0.0,0.0,0.0,0.0,0.0,0.0,0.0,0.0,0.0,0.0,0.0,0.0,0.0,0.0,0.0,0.0,0.0,0.0,0.0,0.0,0.0,0.0,0.0,0.0,0.0,0.0,0.0,0.0,0.0,0.0,0.0,0.0033768636926501464,9.013973059319435e-05,4.946480793469821e-05,6.777183189643488e-08,-5.5684899891161876e-05,4.497332417585653e-06,0.0,0.0,0.0,0.0,0.0,0.0,0.0,0.0,0.0,0.0,0.0,0.0,0.0,0.0,0.0,0.0,0.0,0.0,0.0,0.0,0.0,0.0,0.0,0.0,0.0,0.0,0.0,0.0,0.0,0.0,0.0,0.0,0.0,0.0,0.0,0.0
80,40000000,odom,base_link,-1.6724429680380242,0.09670902792749146,-0.10386531098955955,-1.811368053269022e-05,0.0029702666180371094,-1.8680449030961635e-05,0.9999955884098455,0.0,0.0,0.0,0.0,0.0,0.0,0.0,0.0,0.0,0.0,0.0,0.0,0.0,0.0,0.0,0.0,0.0,0.0,0.0,0.0,0.0,0.0,0.0,0.0,0.0,0.0,0.0,0.0,0.0,0.0,0.0,0.0,0.0,0.0,0.0,0.0,0.0033752576136252986,9.015478913062387e-05,5.018710338975851e-05,3.292621626738157e-08,-5.784585717094615e-05,5.267995062396835e-06,0.0,0.0,0.0,0.0,0.0,0.0,0.0,0.0,0.0,0.0,0.0,0.0,0.0,0.0,0.0,0.0,0.0,0.0,0.0,0.0,0.0,0.0,0.0,0.0,0.0,0.0,0.0,0.0,0.0,0.0,0.0,0.0,0.0,0.0,0.0,0.0
80,74000000,odom,base_link,-1.6723282362733678,0.09671208931844587,-0.10386429088387782,-1.811305636360934e-05,0.0029692928767498282,-1.8589021111109024e-05,0.9999955913033705,0.0,0.0,0.0,0.0,0.0,0.0,0.0,0.0,0.0,0.0,0.0,0.0,0.0,0.0,0.0,0.0,0.0,0.0,0.0,0.0,0.0,0.0,0.0,0.0,0.0,0.0,0.0,0.0,0.0,0.0,0.0,0.0,0.0,0.0,0.0,0.0,0.003373659637492723,9.017151791224768e-05,4.988006156911533e-05,7.291838244327664e-08,-5.6434565820495664e-05,5.139502334827739e-06,0.0,0.0,0.0,0.0,0.0,0.0,0.0,0.0,0.0,0.0,0.0,0.0,0.0,0.0,0.0,0.0,0.0,0.0,0.0,0.0,0.0,0.0,0.0,0.0,0.0,0.0,0.0,0.0,0.0,0.0,0.0,0.0,0.0,0.0,0.0,0.0
80,108000000,odom,base_link,-1.6722135588760667,0.09671515134375487,-0.10386329985188406,-1.8111943892478307e-05,0.0029683440582892215,-1.8510772278854674e-05,0.9999955941217243,0.0,0.0,0.0,0.0,0.0,0.0,0.0,0.0,0.0,0.0,0.0,0.0,0.0,0.0,0.0,0.0,0.0,0.0,0.0,0.0,0.0,0.0,0.0,0.0,0.0,0.0,0.0,0.0,0.0,0.0,0.0,0.0,0.0,0.0,0.0,0.0,0.0033720657767395356,9.018948282088092e-05,4.88218343572535e-05,7.80144296386176e-08,-5.589429008523439e-05,4.40298082438062e-06,0.0,0.0,0.0,0.0,0.0,0.0,0.0,0.0,0.0,0.0,0.0,0.0,0.0,0.0,0.0,0.0,0.0,0.0,0.0,0.0,0.0,0.0,0.0,0.0,0.0,0.0,0.0,0.0,0.0,0.0,0.0,0.0,0.0,0.0,0.0,0.0
80,142000000,odom,base_link,-1.6720989359606875,0.09671821393762467,-0.1038622995135249,-1.811138606334782e-05,0.0029673675585879136,-1.842872345657738e-05,0.999995597021373,0.0,0.0,0.0,0.0,0.0,0.0,0.0,0.0,0.0,0.0,0.0,0.0,0.0,0.0,0.0,0.0,0.0,0.0,0.0,0.0,0.0,0.0,0.0,0.0,0.0,0.0,0.0,0.0,0.0,0.0,0.0,0.0,0.0,0.0,0.0,0.0,0.003370458114602884,9.020477517322686e-05,4.9638345780559874e-05,3.7468616057023674e-08,-5.779760527957478e-05,5.0509069371429405e-06,0.0,0.0,0.0,0.0,0.0,0.0,0.0,0.0,0.0,0.0,0.0,0.0,0.0,0.0,0.0,0.0,0.0,0.0,0.0,0.0,0.0,0.0,0.0,0.0,0.0,0.0,0.0,0.0,0.0,0.0,0.0,0.0,0.0,0.0,0.0,0.0
80,176000000,odom,base_link,-1.671984367460081,0.09672127710212021,-0.10386129377983323,-1.8110875216539455e-05,0.002966399763021538,-1.8343773136652186e-05,0.9999955998942937,0.0,0.0,0.0,0.0,0.0,0.0,0.0,0.0,0.0,0.0,0.0,0.0,0.0,0.0,0.0,0.0,0.0,0.0,0.0,0.0,0.0,0.0,0.0,0.0,0.0,0.0,0.0,0.0,0.0,0.0,0.0,0.0,0.0,0.0,0.0,0.0,0.003368860783887573,9.022190314412022e-05,4.945444673621823e-05,5.956293652742417e-08,-5.607070008295523e-05,4.724376356790572e-06,0.0,0.0,0.0,0.0,0.0,0.0,0.0,0.0,0.0,0.0,0.0,0.0,0.0,0.0,0.0,0.0,0.0,0.0,0.0,0.0,0.0,0.0,0.0,0.0,0.0,0.0,0.0,0.0,0.0,0.0,0.0,0.0,0.0,0.0,0.0,0.0
80,210000000,odom,base_link,-1.671869853305448,0.09672434089534751,-0.10386031246831595,-1.8109930879669763e-05,0.002965454574157414,-1.8271405406346502e-05,0.9999956026990092,0.0,0.0,0.0,0.0,0.0,0.0,0.0,0.0,0.0,0.0,0.0,0.0,0.0,0.0,0.0,0.0,0.0,0.0,0.0,0.0,0.0,0.0,0.0,0.0,0.0,0.0,0.0,0.0,0.0,0.0,0.0,0.0,0.0,0.0,0.0,0.0,0.003367266179097892,9.023954086596699e-05,4.858198783964301e-05,6.743333252900996e-08,-5.580741522237531e-05,4.1172576903392155e-06,0.0,0.0,0.0,0.0,0.0,0.0,0.0,0.0,0.0,0.0,0.0,0.0,0.0,0.0,0.0,0.0,0.0,0.0,0.0,0.0,0.0,0.0,0.0,0.0,0.0,0.0,0.0,0.0,0.0,0.0,0.0,0.0,0.0,0.0,0.0,0.0
80,244000000,odom,base_link,-1.6717553936193958,0.09672740524298513,-0.10385931653265677,-1.810946236816928e-05,0.0029644797933538023,-1.819261138667889e-05,0.9999956055906601,0.0,0.0,0.0,0.0,0.0,0.0,0.0,0.0,0.0,0.0,0.0,0.0,0.0,0.0,0.0,0.0,0.0,0.0,0.0,0.0,0.0,0.0,0.0,0.0,0.0,0.0,0.0,0.0,0.0,0.0,0.0,0.0,0.0,0.0,0.0,0.0,0.003365658438278146,9.025446383284674e-05,4.948639594180044e-05,3.363927122967958e-08,-5.7683474707914684e-05,4.903747585771612e-06,0.0,0.0,0.0,0.0,0.0,0.0,0.0,0.0,0.0,0.0,0.0,0.0,0.0,0.0,0.0,0.0,0.0,0.0,0.0,0.0,0.0,0.0,0.0,0.0,0.0,0.0,0.0,0.0,0.0,0.0,0.0,0.0,0.0,0.0,0.0,0.0
80,278000000,odom,base_link,-1.6716409883277834,0.0967304701505404,-0.10385831247853992,-1.8108946025883485e-05,0.0029635150009386917,-1.810915789398397e-05,0.999995608451839,0.0,0.0,0.0,0.0,0.0,0.0,0.0,0.0,0.0,0.0,0.0,0.0,0.0,0.0,0.0,0.0,0.0,0.0,0.0,0.0,0.0,0.0,0.0,0.0,0.0,0.0,0.0,0.0,0.0,0.0,0.0,0.0,0.0,0.0,0.0,0.0,0.003364061224694511,9.027127794305173e-05,4.938506562784187e-05,6.095536748962349e-08,-5.59071182237858e-05,4.685673848925376e-06,0.0,0.0,0.0,0.0,0.0,0.0,0.0,0.0,0.0,0.0,0.0,0.0,0.0,0.0,0.0,0.0,0.0,0.0,0.0,0.0,0.0,0.0,0.0,0.0,0.0,0.0,0.0,0.0,0.0,0.0,0.0,0.0,0.0,0.0,0.0,0.0
80,312000000,odom,base_link,-1.6715266373706268,0.09673353567120953,-0.1038573272951766,-1.8107994865922474e-05,0.002962569884374004,-1.8035190219321352e-05,0.9999956112536258,0.0,0.0,0.0,0.0,0.0,0.0,0.0,0.0,0.0,0.0,0.0,0.0,0.0,0.0,0.0,0.0,0.0,0.0,0.0,0.0,0.0,0.0,0.0,0.0,0.0,0.0,0.0,0.0,0.0,0.0,0.0,0.0,0.0,0.0,0.0,0.0,0.003362464597822372,9.028832216345225e-05,4.8870487776015154e-05,6.451160196319083e-08,-5.6104390111499924e-05,4.336758419043463e-06,0.0,0.0,0.0,0.0,0.0,0.0,0.0,0.0,0.0,0.0,0.0,0.0,0.0,0.0,0.0,0.0,0.0,0.0,0.0,0.0,0.0,0.0,0.0,0.0,0.0,0.0,0.0,0.0,0.0,0.0,0.0,0.0,0.0,0.0,0.0,0.0
80,346000000,odom,base_link,-1.671412340867121,0.09673660173705152,-0.10385631892420895,-1.8107546437187357e-05,0.0029615947876839234,-1.7952874924376028e-05,0.9999956141434444,0.0,0.0,0.0,0.0,0.0,0.0,0.0,0.0,0.0,0.0,0.0,0.0,0.0,0.0,0.0,0.0,0.0,0.0,0.0,0.0,0.0,0.0,0.0,0.0,0.0,0.0,0.0,0.0,0.0,0.0,0.0,0.0,0.0,0.0,0.0,0.0,0.003360857325202983,9.030319471261354e-05,4.9815736237220925e-05,3.3910505306544714e-08,-5.762587171886935e-05,5.103074940393526e-06,0.0,0.0,0.0,0.0,0.0,0.0,0.0,0.0,0.0,0.0,0.0,0.0,0.0,0.0,0.0,0.0,0.0,0.0,0.0,0.0,0.0,0.0,0.0,0.0,0.0,0.0,0.0,0.0,0.0,0.0,0.0,0.0,0.0,0.0,0.0,0.0
80,380000000,odom,base_link,-1.6712980987646342,0.09673966835694603,-0.10385530296278944,-1.8106814247651213e-05,0.0029606276628128393,-1.7865278767411728e-05,0.9999956170088034,0.0,0.0,0.0,0.0,0.0,0.0,0.0,0.0,0.0,0.0,0.0,0.0,0.0,0.0,0.0,0.0,0.0,0.0,0.0,0.0,0.0,0.0,0.0,0.0,0.0,0.0,0.0,0.0,0.0,0.0,0.0,0.0,0.0,0.0,0.0,0.0,0.003359259972293432,9.031983567433064e-05,4.9671588278091414e-05,7.635897678048842e-08,-5.600109318493196e-05,4.909477002712492e-06,0.0,0.0,0.0,0.0,0.0,0.0,0.0,0.0,0.0,0.0,0.0,0.0,0.0,0.0,0.0,0.0,0.0,0.0,0.0,0.0,0.0,0.0,0.0,0.0,0.0,0.0,0.0,0.0,0.0,0.0,0.0,0.0,0.0,0.0,0.0,0.0
80,414000000,odom,base_link,-1.6711839109883955,0.09674273559544817,-0.10385430566084332,-1.810572785844832e-05,0.0029596823298037155,-1.7788896450098374e-05,0.9999956198085292,0.0,0.0,0.0,0.0,0.0,0.0,0.0,0.0,0.0,0.0,0.0,0.0,0.0,0.0,0.0,0.0,0.0,0.0,0.0,0.0,0.0,0.0,0.0,0.0,0.0,0.0,0.0,0.0,0.0,0.0,0.0,0.0,0.0,0.0,0.0,0.0,0.0033576632046139845,9.033704683852026e-05,4.923370389431429e-05,6.881411690473627e-08,-5.615759519628227e-05,4.456812874309435e-06,0.0,0.0,0.0,0.0,0.0,0.0,0.0,0.0,0.0,0.0,0.0,0.0,0.0,0.0,0.0,0.0,0.0,0.0,0.0,0.0,0.0,0.0,0.0,0.0,0.0,0.0,0.0,0.0,0.0,0.0,0.0,0.0,0.0,0.0,0.0,0.0
80,448000000,odom,base_link,-1.6710697776541272,0.09674580338481742,-0.10385328408604404,-1.810525503194408e-05,0.002958708281177751,-1.770591232234229e-05,0.9999956226924233,0.0,0.0,0.0,0.0,0.0,0.0,0.0,0.0,0.0,0.0,0.0,0.0,0.0,0.0,0.0,0.0,0.0,0.0,0.0,0.0,0.0,0.0,0.0,0.0,0.0,0.0,0.0,0.0,0.0,0.0,0.0,0.0,0.0,0.0,0.0,0.0,0.0033560565484128365,9.035210708297185e-05,5.014255843028489e-05,3.429140825461641e-08,-5.753420708742851e-05,5.101066680168742e-06,0.0,0.0,0.0,0.0,0.0,0.0,0.0,0.0,0.0,0.0,0.0,0.0,0.0,0.0,0.0,0.0,0.0,0.0,0.0,0.0,0.0,0.0,0.0,0.0,0.0,0.0,0.0,0.0,0.0,0.0,0.0,0.0,0.0,0.0,0.0,0.0
80,482000000,odom,base_link,-1.670955698662029,0.09674887175477763,-0.10385225454164053,-1.8104613944920552e-05,0.0029577512503595844,-1.7624216286555776e-05,0.9999956255250074,0.0,0.0,0.0,0.0,0.0,0.0,0.0,0.0,0.0,0.0,0.0,0.0,0.0,0.0,0.0,0.0,0.0,0.0,0.0,0.0,0.0,0.0,0.0,0.0,0.0,0.0,0.0,0.0,0.0,0.0,0.0,0.0,0.0,0.0,0.0,0.0,0.0033544608498838383,9.036964264731774e-05,5.001275906291355e-05,6.642686956048749e-08,-5.5576980528826425e-05,4.484187554609775e-06,0.0,0.0,0.0,0.0,0.0,0.0,0.0,0.0,0.0,0.0,0.0,0.0,0.0,0.0,0.0,0.0,0.0,0.0,0.0,0.0,0.0,0.0,0.0,0.0,0.0,0.0,0.0,0.0,0.0,0.0,0.0,0.0,0.0,0.0,0.0,0.0
80,516000000,odom,base_link,-1.6708416739967171,0.09675194074244876,-0.10385124148041668,-1.8103668186866557e-05,0.0029568058614789536,-1.755401039798473e-05,0.9999956283220499,0.0,0.0,0.0,0.0,0.0,0.0,0.0,0.0,0.0,0.0,0.0,0.0,0.0,0.0,0.0,0.0,0.0,0.0,0.0,0.0,0.0,0.0,0.0,0.0,0.0,0.0,0.0,0.0,0.0,0.0,0.0,0.0,0.0,0.0,0.0,0.0,0.0033528625109963545,9.038649457517663e-05,4.9802549343036895e-05,5.794406308934352e-08,-5.643186824499935e-05,4.201975567497129e-06,0.0,0.0,0.0,0.0,0.0,0.0,0.0,0.0,0.0,0.0,0.0,0.0,0.0,0.0,0.0,0.0,0.0,0.0,0.0,0.0,0.0,0.0,0.0,0.0,0.0,0.0,0.0,0.0,0.0,0.0,0.0,0.0,0.0,0.0,0.0,0.0
80,550000000,odom,base_link,-1.6707277037618582,0.09675501026424622,-0.10385019959977253,-1.810329217767434e-05,0.0029558300487158525,-1.7473677151029253e-05,0.999995631208289,0.0,0.0,0.0,0.0,0.0,0.0,0.0,0.0,0.0,0.0,0.0,0.0,0.0,0.0,0.0,0.0,0.0,0.0,0.0,0.0,0.0,0.0,0.0,0.0,0.0,0.0,0.0,0.0,0.0,0.0,0.0,0.0,0.0,0.0,0.0,0.0,0.00335125664071999,9.04011768177389e-05,5.067847839430332e-05,2.9957425429216755e-08,-5.759326313636848e-05,4.99581855883946e-06,0.0,0.0,0.0,0.0,0.0,0.0,0.0,0.0,0.0,0.0,0.0,0.0,0.0,0.0,0.0,0.0,0.0,0.0,0.0,0.0,0.0,0.0,0.0,0.0,0.0,0.0,0.0,0.0,0.0,0.0,0.0,0.0,0.0,0.0,0.0,0.0
80,584000000,odom,base_link,-1.670613787927669,0.09675808030491033,-0.10384913154507719,-1.810318247399865e-05,0.0029548492943047835,-1.737989340712089e-05,0.9999956341084005,0.0,0.0,0.0,0.0,0.0,0.0,0.0,0.0,0.0,0.0,0.0,0.0,0.0,0.0,0.0,0.0,0.0,0.0,0.0,0.0,0.0,0.0,0.0,0.0,0.0,0.0,0.0,0.0,0.0,0.0,0.0,0.0,0.0,0.0,0.0,0.0,0.003349651538379643,9.04156997558015e-05,5.1596935181109525e-05,2.1380671191839618e-08,-5.780061229643252e-05,5.816471126962597e-06,0.0,0.0,0.0,0.0,0.0,0.0,0.0,0.0,0.0,0.0,0.0,0.0,0.0,0.0,0.0,0.0,0.0,0.0,0.0,0.0,0.0,0.0,0.0,0.0,0.0,0.0,0.0,0.0,0.0,0.0,0.0,0.0,0.0,0.0,0.0,0.0
80,618000000,odom,base_link,-1.670499926469435,0.0967611508852846,-0.10384804455353175,-1.8102933971207594e-05,0.0029538762194567768,-1.7277637279725773e-05,0.9999956369850056,0.0,0.0,0.0,0.0,0.0,0.0,0.0,0.0,0.0,0.0,0.0,0.0,0.0,0.0,0.0,0.0,0.0,0.0,0.0,0.0,0.0,0.0,0.0,0.0,0.0,0.0,0.0,0.0,0.0,0.0,0.0,0.0,0.0,0.0,0.0,0.0,0.0033480528275224354,9.043193908049154e-05,5.171793582928439e-05,5.4752093484045083e-08,-5.63780570672634e-05,5.7637190575832165e-06,0.0,0.0,0.0,0.0,0.0,0.0,0.0,0.0,0.0,0.0,0.0,0.0,0.0,0.0,0.0,0.0,0.0,0.0,0.0,0.0,0.0,0.0,0.0,0.0,0.0,0.0,0.0,0.0,0.0,0.0,0.0,0.0,0.0,0.0,0.0,0.0
80,652000000,odom,base_link,-1.6703861192942822,0.09676422211286544,-0.10384697893731941,-1.8101766898904947e-05,0.0029529343801026307,-1.719373380033417e-05,0.9999956397681183,0.0,0.0,0.0,0.0,0.0,0.0,0.0,0.0,0.0,0.0,0.0,0.0,0.0,0.0,0.0,0.0,0.0,0.0,0.0,0.0,0.0,0.0,0.0,0.0,0.0,0.0,0.0,0.0,0.0,0.0,0.0,0.0,0.0,0.0,0.0,0.0,0.0033464623352005584,9.04506509363114e-05,5.065063517496965e-05,9.381738025338038e-08,-5.506230209562091e-05,4.514090479190713e-06,0.0,0.0,0.0,0.0,0.0,0.0,0.0,0.0,0.0,0.0,0.0,0.0,0.0,0.0,0.0,0.0,0.0,0.0,0.0,0.0,0.0,0.0,0.0,0.0,0.0,0.0,0.0,0.0,0.0,0.0,0.0,0.0,0.0,0.0,0.0,0.0
80,686000000,odom,base_link,-1.6702723663832313,0.0967672939386713,-0.10384591234385632,-1.8100882523783476e-05,0.002951972034280153,-1.7115870769538633e-05,0.9999956426107635,0.0,0.0,0.0,0.0,0.0,0.0,0.0,0.0,0.0,0.0,0.0,0.0,0.0,0.0,0.0,0.0,0.0,0.0,0.0,0.0,0.0,0.0,0.0,0.0,0.0,0.0,0.0,0.0,0.0,0.0,0.0,0.0,0.0,0.0,0.0,0.0,0.0033448605006418204,9.046663115700251e-05,5.13940944810239e-05,5.2591646662603075e-08,-5.7326832347825984e-05,4.7052492568866455e-06,0.0,0.0,0.0,0.0,0.0,0.0,0.0,0.0,0.0,0.0,0.0,0.0,0.0,0.0,0.0,0.0,0.0,0.0,0.0,0.0,0.0,0.0,0.0,0.0,0.0,0.0,0.0,0.0,0.0,0.0,0.0,0.0,0.0,0.0,0.0,0.0
80,720000000,odom,base_link,-1.6701586678624833,0.09677036633124016,-0.10384483766305141,-1.8100288804979283e-05,0.0029510028233007204,-1.703622298290881e-05,0.9999956454727608,0.0,0.0,0.0,0.0,0.0,0.0,0.0,0.0,0.0,0.0,0.0,0.0,0.0,0.0,0.0,0.0,0.0,0.0,0.0,0.0,0.0,0.0,0.0,0.0,0.0,0.0,0.0,0.0,0.0,0.0,0.0,0.0,0.0,0.0,0.0,0.0,0.0033432637568468586,9.048339621875877e-05,5.1206373128999185e-05,5.865541975735855e-08,-5.6280762805727136e-05,4.446156243176347e-06,0.0,0.0,0.0,0.0,0.0,0.0,0.0,0.0,0.0,0.0,0.0,0.0,0.0,0.0,0.0,0.0,0.0,0.0,0.0,0.0,0.0,0.0,0.0,0.0,0.0,0.0,0.0,0.0,0.0,0.0,0.0,0.0,0.0,0.0,0.0,0.0
80,754000000,odom,base_link,-1.6700450236336717,0.09677343934833837,-0.1038437932969809,-1.8099315171360334e-05,0.002950058495849233,-1.6970487082304417e-05,0.9999956482601754,0.0,0.0,0.0,0.0,0.0,0.0,0.0,0.0,0.0,0.0,0.0,0.0,0.0,0.0,0.0,0.0,0.0,0.0,0.0,0.0,0.0,0.0,0.0,0.0,0.0,0.0,0.0,0.0,0.0,0.0,0.0,0.0,0.0,0.0,0.0,0.0,0.0033416737776951187,9.050129201438852e-05,4.992081759014955e-05,7.200355797709612e-08,-5.536773528547201e-05,3.590594932489921e-06,0.0,0.0,0.0,0.0,0.0,0.0,0.0,0.0,0.0,0.0,0.0,0.0,0.0,0.0,0.0,0.0,0.0,0.0,0.0,0.0,0.0,0.0,0.0,0.0,0.0,0.0,0.0,0.0,0.0,0.0,0.0,0.0,0.0,0.0,0.0,0.0
80,788000000,odom,base_link,-1.669931433795771,0.09677651292102918,-0.10384275077215417,-1.8098741561972854e-05,0.002949090542085406,-1.690152809415557e-05,0.9999956511164179,0.0,0.0,0.0,0.0,0.0,0.0,0.0,0.0,0.0,0.0,0.0,0.0,0.0,0.0,0.0,0.0,0.0,0.0,0.0,0.0,0.0,0.0,0.0,0.0,0.0,0.0,0.0,0.0,0.0,0.0,0.0,0.0,0.0,0.0,0.0,0.0,0.003340069667858307,9.051603123672378e-05,5.057533201772193e-05,3.638350419554737e-08,-5.739397046511385e-05,4.348602633541532e-06,0.0,0.0,0.0,0.0,0.0,0.0,0.0,0.0,0.0,0.0,0.0,0.0,0.0,0.0,0.0,0.0,0.0,0.0,0.0,0.0,0.0,0.0,0.0,0.0,0.0,0.0,0.0,0.0,0.0,0.0,0.0,0.0,0.0,0.0,0.0,0.0
80,822000000,odom,base_link,-1.6698178983176837,0.09677958702190549,-0.10384170580222811,-1.8098047270502818e-05,0.0029481219944492727,-1.6822966272773647e-05,0.9999956539736332,0.0,0.0,0.0,0.0,0.0,0.0,0.0,0.0,0.0,0.0,0.0,0.0,0.0,0.0,0.0,0.0,0.0,0.0,0.0,0.0,0.0,0.0,0.0,0.0,0.0,0.0,0.0,0.0,0.0,0.0,0.0,0.0,0.0,0.0,0.0,0.0,0.0033384744925923486,9.05316665326887e-05,5.0240579687685054e-05,7.549460848133016e-08,-5.617711806849002e-05,4.555068278122576e-06,0.0,0.0,0.0,0.0,0.0,0.0,0.0,0.0,0.0,0.0,0.0,0.0,0.0,0.0,0.0,0.0,0.0,0.0,0.0,0.0,0.0,0.0,0.0,0.0,0.0,0.0,0.0,0.0,0.0,0.0,0.0,0.0,0.0,0.0,0.0,0.0
80,856000000,odom,base_link,-1.6697044171021893,0.09678266170878101,-0.10384069309215896,-1.8096888517749313e-05,0.0029471804062108442,-1.6750152729404916e-05,0.9999956567503622,0.0,0.0,0.0,0.0,0.0,0.0,0.0,0.0,0.0,0.0,0.0,0.0,0.0,0.0,0.0,0.0,0.0,0.0,0.0,0.0,0.0,0.0,0.0,0.0,0.0,0.0,0.0,0.0,0.0,0.0,0.0,0.0,0.0,0.0,0.0,0.0,0.003336885101696016,9.054842872195198e-05,4.899273534659438e-05,8.134338758125637e-08,-5.528785926856017e-05,4.178464330095721e-06,0.0,0.0,0.0,0.0,0.0,0.0,0.0,0.0,0.0,0.0,0.0,0.0,0.0,0.0,0.0,0.0,0.0,0.0,0.0,0.0,0.0,0.0,0.0,0.0,0.0,0.0,0.0,0.0,0.0,0.0,0.0,0.0,0.0,0.0,0.0,0.0
80,890000000,odom,base_link,-1.6695909902555286,0.09678573693697813,-0.10383967809160248,-1.8096257967850787e-05,0.002946213835520493,-1.667095827523505e-05,0.9999956595999004,0.0,0.0,0.0,0.0,0.0,0.0,0.0,0.0,0.0,0.0,0.0,0.0,0.0,0.0,0.0,0.0,0.0,0.0,0.0,0.0,0.0,0.0,0.0,0.0,0.0,0.0,0.0,0.0,0.0,0.0,0.0,0.0,0.0,0.0,0.0,0.0,0.0033352813279442376,9.05631024550831e-05,4.9703567131844676e-05,4.0633007028501034e-08,-5.7254680285723225e-05,4.923481267127272e-06,0.0,0.0,0.0,0.0,0.0,0.0,0.0,0.0,0.0,0.0,0.0,0.0,0.0,0.0,0.0,0.0,0.0,0.0,0.0,0.0,0.0,0.0,0.0,0.0,0.0,0.0,0.0,0.0,0.0,0.0,0.0,0.0,0.0,0.0,0.0,0.0
80,924000000,odom,base_link,-1.6694776177239352,0.0967888127105531,-0.10383866019887017,-1.8095730788580717e-05,0.0029452526029235676,-1.6586340733963597e-05,0.9999956624328642,0.0,0.0,0.0,0.0,0.0,0.0,0.0,0.0,0.0,0.0,0.0,0.0,0.0,0.0,0.0,0.0,0.0,0.0,0.0,0.0,0.0,0.0,0.0,0.0,0.0,0.0,0.0,0.0,0.0,0.0,0.0,0.0,0.0,0.0,0.0,0.0,0.0033336873920977255,9.057953482777533e-05,4.9426319535389234e-05,6.012252813658581e-08,-5.56993803968453e-05,4.73472820949894e-06,0.0,0.0,0.0,0.0,0.0,0.0,0.0,0.0,0.0,0.0,0.0,0.0,0.0,0.0,0.0,0.0,0.0,0.0,0.0,0.0,0.0,0.0,0.0,0.0,0.0,0.0,0.0,0.0,0.0,0.0,0.0,0.0,0.0,0.0,0.0,0.0
80,958000000,odom,base_link,-1.6693642994284632,0.09679188909749045,-0.1038376709377987,-1.8094744104963884e-05,0.002944315103346339,-1.651402057507362e-05,0.9999956651948245,0.0,0.0,0.0,0.0,0.0,0.0,0.0,0.0,0.0,0.0,0.0,0.0,0.0,0.0,0.0,0.0,0.0,0.0,0.0,0.0,0.0,0.0,0.0,0.0,0.0,0.0,0.0,0.0,0.0,0.0,0.0,0.0,0.0,0.0,0.0,0.0,0.0033320972236795857,9.059686987014259e-05,4.8373897900773996e-05,7.143109367890865e-08,-5.524458082106776e-05,4.078883364400099e-06,0.0,0.0,0.0,0.0,0.0,0.0,0.0,0.0,0.0,0.0,0.0,0.0,0.0,0.0,0.0,0.0,0.0,0.0,0.0,0.0,0.0,0.0,0.0,0.0,0.0,0.0,0.0,0.0,0.0,0.0,0.0,0.0,0.0,0.0,0.0,0.0
80,992000000,odom,base_link,-1.6692510354849623,0.09679496603428646,-0.10383667249126383,-1.8094189417408025e-05,0.002943349731388341,-1.6437500400203928e-05,0.9999956680380009,0.0,0.0,0.0,0.0,0.0,0.0,0.0,0.0,0.0,0.0,0.0,0.0,0.0,0.0,0.0,0.0,0.0,0.0,0.0,0.0,0.0,0.0,0.0,0.0,0.0,0.0,0.0,0.0,0.0,0.0,0.0,0.0,0.0,0.0,0.0,0.0,0.003330493470670659,9.061172217661047e-05,4.918293305422256e-05,3.803649374634066e-08,-5.714230262299225e-05,4.724797797450719e-06,0.0,0.0,0.0,0.0,0.0,0.0,0.0,0.0,0.0,0.0,0.0,0.0,0.0,0.0,0.0,0.0,0.0,0.0,0.0,0.0,0.0,0.0,0.0,0.0,0.0,0.0,0.0,0.0,0.0,0.0,0.0,0.0,0.0,0.0,0.0,0.0
81,26000000,odom,base_link,-1.6691378258461942,0.09679804351530093,-0.1038356698036274,-1.809369747448485e-05,0.0029423892185014497,-1.635580365914154e-05,0.9999956708660256,0.0,0.0,0.0,0.0,0.0,0.0,0.0,0.0,0.0,0.0,0.0,0.0,0.0,0.0,0.0,0.0,0.0,0.0,0.0,0.0,0.0,0.0,0.0,0.0,0.0,0.0,0.0,0.0,0.0,0.0,0.0,0.0,0.0,0.0,0.0,0.0,0.003328899479590213,9.062796320754608e-05,4.895274654047995e-05,5.816389557489199e-08,-5.56340378210507e-05,4.603285930215861e-06,0.0,0.0,0.0,0.0,0.0,0.0,0.0,0.0,0.0,0.0,0.0,0.0,0.0,0.0,0.0,0.0,0.0,0.0,0.0,0.0,0.0,0.0,0.0,0.0,0.0,0.0,0.0,0.0,0.0,0.0,0.0,0.0,0.0,0.0,0.0,0.0
81,60000000,odom,base_link,-1.6690246704257399,0.09680112160085398,-0.10383469138974089,-1.80927160770102e-05,0.00294145286127607,-1.6284801915838236e-05,0.9999956736219031,0.0,0.0,0.0,0.0,0.0,0.0,0.0,0.0,0.0,0.0,0.0,0.0,0.0,0.0,0.0,0.0,0.0,0.0,0.0,0.0,0.0,0.0,0.0,0.0,0.0,0.0,0.0,0.0,0.0,0.0,0.0,0.0,0.0,0.0,0.0,0.0,0.0033273082419846708,9.06450086551593e-05,4.816020239519071e-05,6.932206128573704e-08,-5.5341339688652624e-05,4.069241876791807e-06,0.0,0.0,0.0,0.0,0.0,0.0,0.0,0.0,0.0,0.0,0.0,0.0,0.0,0.0,0.0,0.0,0.0,0.0,0.0,0.0,0.0,0.0,0.0,0.0,0.0,0.0,0.0,0.0,0.0,0.0,0.0,0.0,0.0,0.0,0.0,0.0
81,94000000,odom,base_link,-1.6689115693405885,0.09680420022813464,-0.10383369659350215,-1.809217143331978e-05,0.0029404884936673945,-1.6207977312736224e-05,0.9999956764593502,0.0,0.0,0.0,0.0,0.0,0.0,0.0,0.0,0.0,0.0,0.0,0.0,0.0,0.0,0.0,0.0,0.0,0.0,0.0,0.0,0.0,0.0,0.0,0.0,0.0,0.0,0.0,0.0,0.0,0.0,0.0,0.0,0.0,0.0,0.0,0.0,0.0033257046260652444,9.065972089348241e-05,4.904842112882071e-05,3.8245461658759083e-08,-5.702911209937156e-05,4.751290738624903e-06,0.0,0.0,0.0,0.0,0.0,0.0,0.0,0.0,0.0,0.0,0.0,0.0,0.0,0.0,0.0,0.0,0.0,0.0,0.0,0.0,0.0,0.0,0.0,0.0,0.0,0.0,0.0,0.0,0.0,0.0,0.0,0.0,0.0,0.0,0.0,0.0
81,128000000,odom,base_link,-1.6687985225135231,0.09680727940913458,-0.10383269429716228,-1.8091544532652967e-05,0.00293953572061685,-1.6128684690118044e-05,0.99999567926182,0.0,0.0,0.0,0.0,0.0,0.0,0.0,0.0,0.0,0.0,0.0,0.0,0.0,0.0,0.0,0.0,0.0,0.0,0.0,0.0,0.0,0.0,0.0,0.0,0.0,0.0,0.0,0.0,0.0,0.0,0.0,0.0,0.0,0.0,0.0,0.0,0.0033241114709151144,9.067639592611914e-05,4.8927815920290344e-05,6.581759026680345e-08,-5.523177293298431e-05,4.403344533443487e-06,0.0,0.0,0.0,0.0,0.0,0.0,0.0,0.0,0.0,0.0,0.0,0.0,0.0,0.0,0.0,0.0,0.0,0.0,0.0,0.0,0.0,0.0,0.0,0.0,0.0,0.0,0.0,0.0,0.0,0.0,0.0,0.0,0.0,0.0,0.0,0.0
81,162000000,odom,base_link,-1.6686855298914613,0.0968103591946387,-0.1038317129759647,-1.8090500537777192e-05,0.002938602328083251,-1.606054351707901e-05,0.9999956820062526,0.0,0.0,0.0,0.0,0.0,0.0,0.0,0.0,0.0,0.0,0.0,0.0,0.0,0.0,0.0,0.0,0.0,0.0,0.0,0.0,0.0,0.0,0.0,0.0,0.0,0.0,0.0,0.0,0.0,0.0,0.0,0.0,0.0,0.0,0.0,0.0,0.0033225194698170714,9.069325355830721e-05,4.8285810916263334e-05,6.946663938522946e-08,-5.5327917891645484e-05,3.943489090829644e-06,0.0,0.0,0.0,0.0,0.0,0.0,0.0,0.0,0.0,0.0,0.0,0.0,0.0,0.0,0.0,0.0,0.0,0.0,0.0,0.0,0.0,0.0,0.0,0.0,0.0,0.0,0.0,0.0,0.0,0.0,0.0,0.0,0.0,0.0,0.0,0.0
81,196000000,odom,base_link,-1.6685725915938288,0.09681343951500485,-0.10383071190264058,-1.8089966145362714e-05,0.0029376390210924786,-1.5985407563562672e-05,0.9999956848377904,0.0,0.0,0.0,0.0,0.0,0.0,0.0,0.0,0.0,0.0,0.0,0.0,0.0,0.0,0.0,0.0,0.0,0.0,0.0,0.0,0.0,0.0,0.0,0.0,0.0,0.0,0.0,0.0,0.0,0.0,0.0,0.0,0.0,0.0,0.0,0.0,0.0033209161769637147,9.070782174438002e-05,4.919334072477008e-05,3.693179234653954e-08,-5.695484830425812e-05,4.666026809374557e-06,0.0,0.0,0.0,0.0,0.0,0.0,0.0,0.0,0.0,0.0,0.0,0.0,0.0,0.0,0.0,0.0,0.0,0.0,0.0,0.0,0.0,0.0,0.0,0.0,0.0,0.0,0.0,0.0,0.0,0.0,0.0,0.0,0.0,0.0,0.0,0.0
81,230000000,odom,base_link,-1.6684597075409642,0.09681652038287931,-0.10382970293006984,-1.8089355827723486e-05,0.0029366875825409004,-1.590692564566365e-05,0.9999956876335955,0.0,0.0,0.0,0.0,0.0,0.0,0.0,0.0,0.0,0.0,0.0,0.0,0.0,0.0,0.0,0.0,0.0,0.0,0.0,0.0,0.0,0.0,0.0,0.0,0.0,0.0,0.0,0.0,0.0,0.0,0.0,0.0,0.0,0.0,0.0,0.0,0.003319323376416273,9.072429429650239e-05,4.907594507058621e-05,6.500068885917365e-08,-5.515294105862267e-05,4.381886320459216e-06,0.0,0.0,0.0,0.0,0.0,0.0,0.0,0.0,0.0,0.0,0.0,0.0,0.0,0.0,0.0,0.0,0.0,0.0,0.0,0.0,0.0,0.0,0.0,0.0,0.0,0.0,0.0,0.0,0.0,0.0,0.0,0.0,0.0,0.0,0.0,0.0
81,264000000,odom,base_link,-1.6683468776837922,0.09681960184554085,-0.10382871157978524,-1.808835210210938e-05,0.0029357530707427087,-1.5837725656479175e-05,0.9999956903786563,0.0,0.0,0.0,0.0,0.0,0.0,0.0,0.0,0.0,0.0,0.0,0.0,0.0,0.0,0.0,0.0,0.0,0.0,0.0,0.0,0.0,0.0,0.0,0.0,0.0,0.0,0.0,0.0,0.0,0.0,0.0,0.0,0.0,0.0,0.0,0.0,0.0033177298383572627,9.074076001753587e-05,4.871362310842455e-05,6.448717046469987e-08,-5.562367419997827e-05,4.096035732814585e-06,0.0,0.0,0.0,0.0,0.0,0.0,0.0,0.0,0.0,0.0,0.0,0.0,0.0,0.0,0.0,0.0,0.0,0.0,0.0,0.0,0.0,0.0,0.0,0.0,0.0,0.0,0.0,0.0,0.0,0.0,0.0,0.0,0.0,0.0,0.0,0.0
81,298000000,odom,base_link,-1.6682341021344786,0.09682268383693787,-0.10382769491415038,-1.8087845229761237e-05,0.0029347893755382755,-1.576029220916917e-05,0.9999956932086079,0.0,0.0,0.0,0.0,0.0,0.0,0.0,0.0,0.0,0.0,0.0,0.0,0.0,0.0,0.0,0.0,0.0,0.0,0.0,0.0,0.0,0.0,0.0,0.0,0.0,0.0,0.0,0.0,0.0,0.0,0.0,0.0,0.0,0.0,0.0,0.0,0.0033161274416353206,9.075530758385314e-05,4.959303765827612e-05,3.703539974697634e-08,-5.690627702392703e-05,4.79209742998421e-06,0.0,0.0,0.0,0.0,0.0,0.0,0.0,0.0,0.0,0.0,0.0,0.0,0.0,0.0,0.0,0.0,0.0,0.0,0.0,0.0,0.0,0.0,0.0,0.0,0.0,0.0,0.0,0.0,0.0,0.0,0.0,0.0,0.0,0.0,0.0,0.0
81,332000000,odom,base_link,-1.6681213807919313,0.09682576638793097,-0.10382667125099214,-1.8087116089549603e-05,0.0029338430002974225,-1.5682802615190608e-05,0.9999956959868155,0.0,0.0,0.0,0.0,0.0,0.0,0.0,0.0,0.0,0.0,0.0,0.0,0.0,0.0,0.0,0.0,0.0,0.0,0.0,0.0,0.0,0.0,0.0,0.0,0.0,0.0,0.0,0.0,0.0,0.0,0.0,0.0,0.0,0.0,0.0,0.0,0.003314535866325549,9.07722222509891e-05,4.9435244216305846e-05,7.116776612470233e-08,-5.495355743789787e-05,4.27704289762687e-06,0.0,0.0,0.0,0.0,0.0,0.0,0.0,0.0,0.0,0.0,0.0,0.0,0.0,0.0,0.0,0.0,0.0,0.0,0.0,0.0,0.0,0.0,0.0,0.0,0.0,0.0,0.0,0.0,0.0,0.0,0.0,0.0,0.0,0.0,0.0,0.0
81,366000000,odom,base_link,-1.6680087136311705,0.0968288495439962,-0.10382566401823527,-1.80901145187544e-05,0.0029329093051638773,-1.561531063356164e-05,0.9999956987267082,0.0,0.0,0.0,0.0,0.0,0.0,0.0,0.0,0.0,0.0,0.0,0.0,0.0,0.0,0.0,0.0,0.0,0.0,0.0,0.0,0.0,0.0,0.0,0.0,0.0,0.0,0.0,0.0,0.0,0.0,0.0,0.0,0.0,0.0,0.0,0.0,0.003312941932358106,9.078905472866978e-05,4.924928965826878e-05,-3.830580297403685e-07,-5.567610088519359e-05,4.036110823335548e-06,0.0,0.0,0.0,0.0,0.0,0.0,0.0,0.0,0.0,0.0,0.0,0.0,0.0,0.0,0.0,0.0,0.0,0.0,0.0,0.0,0.0,0.0,0.0,0.0,0.0,0.0,0.0,0.0,0.0,0.0,0.0,0.0,0.0,0.0,0.0,0.0
81,400000000,odom,base_link,-1.6678961007566673,0.09683193322616272,-0.10382462984166187,-1.8093490312410997e-05,0.002931946050135461,-1.5538856627667522e-05,0.999995701552526,0.0,0.0,0.0,0.0,0.0,0.0,0.0,0.0,0.0,0.0,0.0,0.0,0.0,0.0,0.0,0.0,0.0,0.0,0.0,0.0,0.0,0.0,0.0,0.0,0.0,0.0,0.0,0.0,0.0,0.0,0.0,0.0,0.0,0.0,0.0,0.0,0.0033113406632156992,9.080333482885513e-05,5.0022056484643395e-05,-1.1002981928354139e-07,-5.685974464597621e-05,4.734992309352037e-06,0.0,0.0,0.0,0.0,0.0,0.0,0.0,0.0,0.0,0.0,0.0,0.0,0.0,0.0,0.0,0.0,0.0,0.0,0.0,0.0,0.0,0.0,0.0,0.0,0.0,0.0,0.0,0.0,0.0,0.0,0.0,0.0,0.0,0.0,0.0,0.0
81,434000000,odom,base_link,-1.6677835421552343,0.09683501741515672,-0.10382356767562899,-1.809419547222486e-05,0.0029309735810487793,-1.544946415517393e-05,0.9999957044046646,0.0,0.0,0.0,0.0,0.0,0.0,0.0,0.0,0.0,0.0,0.0,0.0,0.0,0.0,0.0,0.0,0.0,0.0,0.0,0.0,0.0,0.0,0.0,0.0,0.0,0.0,0.0,0.0,0.0,0.0,0.0,0.0,0.0,0.0,0.0,0.0,0.0033097383702181175,9.081753715723191e-05,5.1101366157326075e-05,1.2453068361662628e-08,-5.7369636863313644e-05,5.571847561114396e-06,0.0,0.0,0.0,0.0,0.0,0.0,0.0,0.0,0.0,0.0,0.0,0.0,0.0,0.0,0.0,0.0,0.0,0.0,0.0,0.0,0.0,0.0,0.0,0.0,0.0,0.0,0.0,0.0,0.0,0.0,0.0,0.0,0.0,0.0,0.0,0.0
81,468000000,odom,base_link,-1.6676710377992958,0.09683810213200779,-0.10382248224838592,-1.8093391122414486e-05,0.0029300081295535003,-1.5350914779082413e-05,0.9999957072354557,0.0,0.0,0.0,0.0,0.0,0.0,0.0,0.0,0.0,0.0,0.0,0.0,0.0,0.0,0.0,0.0,0.0,0.0,0.0,0.0,0.0,0.0,0.0,0.0,0.0,0.0,0.0,0.0,0.0,0.0,0.0,0.0,0.0,0.0,0.0,0.0,0.0033081434960814406,9.083351791611923e-05,5.1231641211834644e-05,1.0801405325722158e-07,-5.57967339887e-05,5.536748837187133e-06,0.0,0.0,0.0,0.0,0.0,0.0,0.0,0.0,0.0,0.0,0.0,0.0,0.0,0.0,0.0,0.0,0.0,0.0,0.0,0.0,0.0,0.0,0.0,0.0,0.0,0.0,0.0,0.0,0.0,0.0,0.0,0.0,0.0,0.0,0.0,0.0
81,502000000,odom,base_link,-1.6675585875817456,0.09684118749551525,-0.10382142458735104,-1.8090888822059035e-05,0.0029290805796562984,-1.527285767181845e-05,0.9999957099540066,0.0,0.0,0.0,0.0,0.0,0.0,0.0,0.0,0.0,0.0,0.0,0.0,0.0,0.0,0.0,0.0,0.0,0.0,0.0,0.0,0.0,0.0,0.0,0.0,0.0,0.0,0.0,0.0,0.0,0.0,0.0,0.0,0.0,0.0,0.0,0.0,0.003306558297095961,9.085237442730542e-05,4.996327038519494e-05,1.7896096271563522e-07,-5.4151579931271954e-05,4.112549323309622e-06,0.0,0.0,0.0,0.0,0.0,0.0,0.0,0.0,0.0,0.0,0.0,0.0,0.0,0.0,0.0,0.0,0.0,0.0,0.0,0.0,0.0,0.0,0.0,0.0,0.0,0.0,0.0,0.0,0.0,0.0,0.0,0.0,0.0,0.0,0.0,0.0
81,536000000,odom,base_link,-1.6674461916028218,0.09684427345440486,-0.10382036688276151,-1.808907670160417e-05,0.0029281298490751702,-1.520209203971706e-05,0.999995712739444,0.0,0.0,0.0,0.0,0.0,0.0,0.0,0.0,0.0,0.0,0.0,0.0,0.0,0.0,0.0,0.0,0.0,0.0,0.0,0.0,0.0,0.0,0.0,0.0,0.0,0.0,0.0,0.0,0.0,0.0,0.0,0.0,0.0,0.0,0.0,0.0,0.003304957231907264,9.086823909327263e-05,5.0722712072365055e-05,9.160395428309265e-08,-5.665175741853545e-05,4.2753841356102384e-06,0.0,0.0,0.0,0.0,0.0,0.0,0.0,0.0,0.0,0.0,0.0,0.0,0.0,0.0,0.0,0.0,0.0,0.0,0.0,0.0,0.0,0.0,0.0,0.0,0.0,0.0,0.0,0.0,0.0,0.0,0.0,0.0,0.0,0.0,0.0,0.0
81,570000000,odom,base_link,-1.667333849891237,0.09684735996573941,-0.10381930280658337,-1.808811718996897e-05,0.002927169096861834,-1.5128422001220113e-05,0.9999957155533364,0.0,0.0,0.0,0.0,0.0,0.0,0.0,0.0,0.0,0.0,0.0,0.0,0.0,0.0,0.0,0.0,0.0,0.0,0.0,0.0,0.0,0.0,0.0,0.0,0.0,0.0,0.0,0.0,0.0,0.0,0.0,0.0,0.0,0.0,0.0,0.0,0.003303364112252724,9.088439338309316e-05,5.048258660355849e-05,6.662066523444032e-08,-5.5880337512803635e-05,4.191538049980181e-06,0.0,0.0,0.0,0.0,0.0,0.0,0.0,0.0,0.0,0.0,0.0,0.0,0.0,0.0,0.0,0.0,0.0,0.0,0.0,0.0,0.0,0.0,0.0,0.0,0.0,0.0,0.0,0.0,0.0,0.0,0.0,0.0,0.0,0.0,0.0,0.0
81,604000000,odom,base_link,-1.6672215623397844,0.09685044707911201,-0.10381827027609558,-1.8087183798365767e-05,0.0029262342758340017,-1.5065854290024035e-05,0.9999957182902519,0.0,0.0,0.0,0.0,0.0,0.0,0.0,0.0,0.0,0.0,0.0,0.0,0.0,0.0,0.0,0.0,0.0,0.0,0.0,0.0,0.0,0.0,0.0,0.0,0.0,0.0,0.0,0.0,0.0,0.0,0.0,0.0,0.0,0.0,0.0,0.0,0.003301778563590136,9.090180598870918e-05,4.9153236421465963e-05,6.543244626677769e-08,-5.473422390878113e-05,3.429275019506406e-06,0.0,0.0,0.0,0.0,0.0,0.0,0.0,0.0,0.0,0.0,0.0,0.0,0.0,0.0,0.0,0.0,0.0,0.0,0.0,0.0,0.0,0.0,0.0,0.0,0.0,0.0,0.0,0.0,0.0,0.0,0.0,0.0,0.0,0.0,0.0,0.0
81,638000000,odom,base_link,-1.667109329039216,0.09685353473770326,-0.10381724304633283,-1.808654964595446e-05,0.002925278401513433,-1.5000308727208576e-05,0.999995721087916,0.0,0.0,0.0,0.0,0.0,0.0,0.0,0.0,0.0,0.0,0.0,0.0,0.0,0.0,0.0,0.0,0.0,0.0,0.0,0.0,0.0,0.0,0.0,0.0,0.0,0.0,0.0,0.0,0.0,0.0,0.0,0.0,0.0,0.0,0.0,0.0,0.003300178984377164,9.09163506072172e-05,4.972969629148445e-05,4.298261642443624e-08,-5.669988709655627e-05,4.140251519402227e-06,0.0,0.0,0.0,0.0,0.0,0.0,0.0,0.0,0.0,0.0,0.0,0.0,0.0,0.0,0.0,0.0,0.0,0.0,0.0,0.0,0.0,0.0,0.0,0.0,0.0,0.0,0.0,0.0,0.0,0.0,0.0,0.0,0.0,0.0,0.0,0.0
81,672000000,odom,base_link,-1.6669971499491982,0.09685662291893728,-0.10381621264816616,-1.8085888530265894e-05,0.002924323880826619,-1.4926152532472136e-05,0.9999957238808327,0.0,0.0,0.0,0.0,0.0,0.0,0.0,0.0,0.0,0.0,0.0,0.0,0.0,0.0,0.0,0.0,0.0,0.0,0.0,0.0,0.0,0.0,0.0,0.0,0.0,0.0,0.0,0.0,0.0,0.0,0.0,0.0,0.0,0.0,0.0,0.0,0.003298588113173995,9.093191669519603e-05,4.9440435065521974e-05,6.911258787489771e-08,-5.533723950179592e-05,4.2688886203734455e-06,0.0,0.0,0.0,0.0,0.0,0.0,0.0,0.0,0.0,0.0,0.0,0.0,0.0,0.0,0.0,0.0,0.0,0.0,0.0,0.0,0.0,0.0,0.0,0.0,0.0,0.0,0.0,0.0,0.0,0.0,0.0,0.0,0.0,0.0,0.0,0.0
81,706000000,odom,base_link,-1.6668850249805636,0.09685971167766609,-0.10381521308360153,-1.808462346721698e-05,0.0029233943242202025,-1.4858135512535135e-05,0.9999957265997726,0.0,0.0,0.0,0.0,0.0,0.0,0.0,0.0,0.0,0.0,0.0,0.0,0.0,0.0,0.0,0.0,0.0,0.0,0.0,0.0,0.0,0.0,0.0,0.0,0.0,0.0,0.0,0.0,0.0,0.0,0.0,0.0,0.0,0.0,0.0,0.0,0.003297002451675731,9.094840112768544e-05,4.822678996312518e-05,9.093517119862504e-08,-5.461443457477344e-05,3.897209133185697e-06,0.0,0.0,0.0,0.0,0.0,0.0,0.0,0.0,0.0,0.0,0.0,0.0,0.0,0.0,0.0,0.0,0.0,0.0,0.0,0.0,0.0,0.0,0.0,0.0,0.0,0.0,0.0,0.0,0.0,0.0,0.0,0.0,0.0,0.0,0.0,0.0
81,740000000,odom,base_link,-1.6667729542429657,0.09686280096897153,-0.10381421037229006,-1.808373130086611e-05,0.002922439054811676,-1.4784101178887526e-05,0.9999957293930709,0.0,0.0,0.0,0.0,0.0,0.0,0.0,0.0,0.0,0.0,0.0,0.0,0.0,0.0,0.0,0.0,0.0,0.0,0.0,0.0,0.0,0.0,0.0,0.0,0.0,0.0,0.0,0.0,0.0,0.0,0.0,0.0,0.0,0.0,0.0,0.0,0.0032954026373671176,9.096289214031787e-05,4.895854601969948e-05,5.662633452419019e-08,-5.659266371083049e-05,4.607949133372813e-06,0.0,0.0,0.0,0.0,0.0,0.0,0.0,0.0,0.0,0.0,0.0,0.0,0.0,0.0,0.0,0.0,0.0,0.0,0.0,0.0,0.0,0.0,0.0,0.0,0.0,0.0,0.0,0.0,0.0,0.0,0.0,0.0,0.0,0.0,0.0,0.0
81,774000000,odom,base_link,-1.6666609376767845,0.09686589079793656,-0.10381320353185479,-1.8082895690452197e-05,0.0029214897803644907,-1.4705230870665791e-05,0.999995732168007,0.0,0.0,0.0,0.0,0.0,0.0,0.0,0.0,0.0,0.0,0.0,0.0,0.0,0.0,0.0,0.0,0.0,0.0,0.0,0.0,0.0,0.0,0.0,0.0,0.0,0.0,0.0,0.0,0.0,0.0,0.0,0.0,0.0,0.0,0.0,0.0,0.0032938126822130006,9.09790928250606e-05,4.87267505173223e-05,7.59010847228847e-08,-5.5012529642795016e-05,4.409042908548599e-06,0.0,0.0,0.0,0.0,0.0,0.0,0.0,0.0,0.0,0.0,0.0,0.0,0.0,0.0,0.0,0.0,0.0,0.0,0.0,0.0,0.0,0.0,0.0,0.0,0.0,0.0,0.0,0.0,0.0,0.0,0.0,0.0,0.0,0.0,0.0,0.0
81,808000000,odom,base_link,-1.6665489752018208,0.09686898123040379,-0.10381222306419374,-1.8083969203851727e-05,0.0029205638605429253,-1.4637615011074371e-05,0.9999957348736278,0.0,0.0,0.0,0.0,0.0,0.0,0.0,0.0,0.0,0.0,0.0,0.0,0.0,0.0,0.0,0.0,0.0,0.0,0.0,0.0,0.0,0.0,0.0,0.0,0.0,0.0,0.0,0.0,0.0,0.0,0.0,0.0,0.0,0.0,0.0,0.0,0.003292226404627551,9.099650420866007e-05,4.778440723657305e-05,-3.781610344311126e-07,-5.4497248669349574e-05,3.825209882180047e-06,0.0,0.0,0.0,0.0,0.0,0.0,0.0,0.0,0.0,0.0,0.0,0.0,0.0,0.0,0.0,0.0,0.0,0.0,0.0,0.0,0.0,0.0,0.0,0.0,0.0,0.0,0.0,0.0,0.0,0.0,0.0,0.0,0.0,0.0,0.0,0.0
81,842000000,odom,base_link,-1.6664370669277586,0.09687207220838932,-0.10381123042348893,-1.8088187918948188e-05,0.0029196103284646075,-1.4565544415525971e-05,0.9999957376590124,0.0,0.0,0.0,0.0,0.0,0.0,0.0,0.0,0.0,0.0,0.0,0.0,0.0,0.0,0.0,0.0,0.0,0.0,0.0,0.0,0.0,0.0,0.0,0.0,0.0,0.0,0.0,0.0,0.0,0.0,0.0,0.0,0.0,0.0,0.0,0.0,0.0032906265480484136,9.101090615675987e-05,4.863022443307882e-05,-1.3843624649401143e-07,-5.646754246413366e-05,4.4573203350495305e-06,0.0,0.0,0.0,0.0,0.0,0.0,0.0,0.0,0.0,0.0,0.0,0.0,0.0,0.0,0.0,0.0,0.0,0.0,0.0,0.0,0.0,0.0,0.0,0.0,0.0,0.0,0.0,0.0,0.0,0.0,0.0,0.0,0.0,0.0,0.0,0.0
81,876000000,odom,base_link,-1.6663252128004944,0.09687516372479572,-0.10381023180780213,-1.8088520940256766e-05,0.0029186643315886806,-1.4490048704817121e-05,0.9999957404216097,0.0,0.0,0.0,0.0,0.0,0.0,0.0,0.0,0.0,0.0,0.0,0.0,0.0,0.0,0.0,0.0,0.0,0.0,0.0,0.0,0.0,0.0,0.0,0.0,0.0,0.0,0.0,0.0,0.0,0.0,0.0,0.0,0.0,0.0,0.0,0.0,0.0032890369667774185,9.102715068019042e-05,4.846142105533388e-05,7.159221722397024e-08,-5.482422729130576e-05,4.21453849597242e-06,0.0,0.0,0.0,0.0,0.0,0.0,0.0,0.0,0.0,0.0,0.0,0.0,0.0,0.0,0.0,0.0,0.0,0.0,0.0,0.0,0.0,0.0,0.0,0.0,0.0,0.0,0.0,0.0,0.0,0.0,0.0,0.0,0.0,0.0,0.0,0.0
81,910000000,odom,base_link,-1.6662134127513175,0.09687825583694362,-0.10380925628140311,-1.8086376273321047e-05,0.002917739365396953,-1.4424855983399738e-05,0.9999957431218405,0.0,0.0,0.0,0.0,0.0,0.0,0.0,0.0,0.0,0.0,0.0,0.0,0.0,0.0,0.0,0.0,0.0,0.0,0.0,0.0,0.0,0.0,0.0,0.0,0.0,0.0,0.0,0.0,0.0,0.0,0.0,0.0,0.0,0.0,0.0,0.0,0.0032874495636565013,9.104393977658198e-05,4.769166382960741e-05,1.4947489634931088e-07,-5.470446282629382e-05,3.747783750007727e-06,0.0,0.0,0.0,0.0,0.0,0.0,0.0,0.0,0.0,0.0,0.0,0.0,0.0,0.0,0.0,0.0,0.0,0.0,0.0,0.0,0.0,0.0,0.0,0.0,0.0,0.0,0.0,0.0,0.0,0.0,0.0,0.0,0.0,0.0,0.0,0.0
81,944000000,odom,base_link,-1.6661016668979751,0.09688134848408567,-0.10380826411657176,-1.808473819554055e-05,0.0029167857231920573,-1.4353358191702594e-05,0.9999957459049355,0.0,0.0,0.0,0.0,0.0,0.0,0.0,0.0,0.0,0.0,0.0,0.0,0.0,0.0,0.0,0.0,0.0,0.0,0.0,0.0,0.0,0.0,0.0,0.0,0.0,0.0,0.0,0.0,0.0,0.0,0.0,0.0,0.0,0.0,0.0,0.0,0.003285850099403336,9.105853203178285e-05,4.858163108862328e-05,9.509696224929698e-08,-5.64004075442881e-05,4.442357859346657e-06,0.0,0.0,0.0,0.0,0.0,0.0,0.0,0.0,0.0,0.0,0.0,0.0,0.0,0.0,0.0,0.0,0.0,0.0,0.0,0.0,0.0,0.0,0.0,0.0,0.0,0.0,0.0,0.0,0.0,0.0,0.0,0.0,0.0,0.0,0.0,0.0
81,978000000,odom,base_link,-1.665989975162297,0.09688444167623034,-0.10380726444761962,-1.8083454814196727e-05,0.0029158433535908294,-1.4278649960413869e-05,0.9999957486542861,0.0,0.0,0.0,0.0,0.0,0.0,0.0,0.0,0.0,0.0,0.0,0.0,0.0,0.0,0.0,0.0,0.0,0.0,0.0,0.0,0.0,0.0,0.0,0.0,0.0,0.0,0.0,0.0,0.0,0.0,0.0,0.0,0.0,0.0,0.0,0.0,0.003284261065819467,9.107491709558199e-05,4.845904442136327e-05,8.956304517471203e-08,-5.463194447941078e-05,4.169314360424892e-06,0.0,0.0,0.0,0.0,0.0,0.0,0.0,0.0,0.0,0.0,0.0,0.0,0.0,0.0,0.0,0.0,0.0,0.0,0.0,0.0,0.0,0.0,0.0,0.0,0.0,0.0,0.0,0.0,0.0,0.0,0.0,0.0,0.0,0.0,0.0,0.0
82,12000000,odom,base_link,-1.6658783374918154,0.09688753545902062,-0.10380628479834839,-1.8082204571682518e-05,0.00291491932898503,-1.4213349059473016e-05,0.9999957513491345,0.0,0.0,0.0,0.0,0.0,0.0,0.0,0.0,0.0,0.0,0.0,0.0,0.0,0.0,0.0,0.0,0.0,0.0,0.0,0.0,0.0,0.0,0.0,0.0,0.0,0.0,0.0,0.0,0.0,0.0,0.0,0.0,0.0,0.0,0.0,0.0,0.003282672579254225,9.10913871810481e-05,4.7906878012608e-05,7.816582520137061e-08,-5.4854941566873094e-05,3.817895644075975e-06,0.0,0.0,0.0,0.0,0.0,0.0,0.0,0.0,0.0,0.0,0.0,0.0,0.0,0.0,0.0,0.0,0.0,0.0,0.0,0.0,0.0,0.0,0.0,0.0,0.0,0.0,0.0,0.0,0.0,0.0,0.0,0.0,0.0,0.0,0.0,0.0
82,46000000,odom,base_link,-1.6657667540025367,0.09689062976897396,-0.10380528373273609,-1.8081408328751557e-05,0.0029139660635625307,-1.4140826241842456e-05,0.9999957541284263,0.0,0.0,0.0,0.0,0.0,0.0,0.0,0.0,0.0,0.0,0.0,0.0,0.0,0.0,0.0,0.0,0.0,0.0,0.0,0.0,0.0,0.0,0.0,0.0,0.0,0.0,0.0,0.0,0.0,0.0,0.0,0.0,0.0,0.0,0.0,0.0,0.0032810737381599826,9.11058625421188e-05,4.879668240850609e-05,5.386204260382499e-08,-5.633393307391543e-05,4.49776687005965e-06,0.0,0.0,0.0,0.0,0.0,0.0,0.0,0.0,0.0,0.0,0.0,0.0,0.0,0.0,0.0,0.0,0.0,0.0,0.0,0.0,0.0,0.0,0.0,0.0,0.0,0.0,0.0,0.0,0.0,0.0,0.0,0.0,0.0,0.0,0.0,0.0
82,80000000,odom,base_link,-1.6656552246159932,0.0968937246216441,-0.10380427559247438,-1.8080456613327325e-05,0.002913025090897872,-1.4065522120146336e-05,0.9999957568710369,0.0,0.0,0.0,0.0,0.0,0.0,0.0,0.0,0.0,0.0,0.0,0.0,0.0,0.0,0.0,0.0,0.0,0.0,0.0,0.0,0.0,0.0,0.0,0.0,0.0,0.0,0.0,0.0,0.0,0.0,0.0,0.0,0.0,0.0,0.0,0.0,0.0032794852208706204,9.11222116928271e-05,4.865079742051688e-05,8.545162979989307e-08,-5.454866318643781e-05,4.187828084312173e-06,0.0,0.0,0.0,0.0,0.0,0.0,0.0,0.0,0.0,0.0,0.0,0.0,0.0,0.0,0.0,0.0,0.0,0.0,0.0,0.0,0.0,0.0,0.0,0.0,0.0,0.0,0.0,0.0,0.0,0.0,0.0,0.0,0.0,0.0,0.0,0.0
82,114000000,odom,base_link,-1.6655437492858813,0.09689682006256872,-0.10380328481221156,-1.807908453966609e-05,0.0029120999203916973,-1.3999604865079731e-05,0.9999957595666151,0.0,0.0,0.0,0.0,0.0,0.0,0.0,0.0,0.0,0.0,0.0,0.0,0.0,0.0,0.0,0.0,0.0,0.0,0.0,0.0,0.0,0.0,0.0,0.0,0.0,0.0,0.0,0.0,0.0,0.0,0.0,0.0,0.0,0.0,0.0,0.0,0.003277895388868584,9.113849577395652e-05,4.8350554419952354e-05,8.528431502674572e-08,-5.512100145210752e-05,3.910751589231154e-06,0.0,0.0,0.0,0.0,0.0,0.0,0.0,0.0,0.0,0.0,0.0,0.0,0.0,0.0,0.0,0.0,0.0,0.0,0.0,0.0,0.0,0.0,0.0,0.0,0.0,0.0,0.0,0.0,0.0,0.0,0.0,0.0,0.0,0.0,0.0,0.0
82,148000000,odom,base_link,-1.6654323281209227,0.09689991602768604,-0.10380226829237087,-1.807817756703404e-05,0.0029111463648852738,-1.3926034235483275e-05,0.9999957623440648,0.0,0.0,0.0,0.0,0.0,0.0,0.0,0.0,0.0,0.0,0.0,0.0,0.0,0.0,0.0,0.0,0.0,0.0,0.0,0.0,0.0,0.0,0.0,0.0,0.0,0.0,0.0,0.0,0.0,0.0,0.0,0.0,0.0,0.0,0.0,0.0,0.0032762975527913622,9.115299572459282e-05,4.918375646169319e-05,6.029951815644807e-08,-5.628595047824092e-05,4.5434413564748866e-06,0.0,0.0,0.0,0.0,0.0,0.0,0.0,0.0,0.0,0.0,0.0,0.0,0.0,0.0,0.0,0.0,0.0,0.0,0.0,0.0,0.0,0.0,0.0,0.0,0.0,0.0,0.0,0.0,0.0,0.0,0.0,0.0,0.0,0.0,0.0,0.0
82,182000000,odom,base_link,-1.665320961021896,0.09690301254648459,-0.10380124650868512,-1.807707522332232e-05,0.0029102103305720293,-1.3852825667424678e-05,0.999995765069608,0.0,0.0,0.0,0.0,0.0,0.0,0.0,0.0,0.0,0.0,0.0,0.0,0.0,0.0,0.0,0.0,0.0,0.0,0.0,0.0,0.0,0.0,0.0,0.0,0.0,0.0,0.0,0.0,0.0,0.0,0.0,0.0,0.0,0.0,0.0,0.0,0.003274710383529773,9.116971474273763e-05,4.897143160196983e-05,9.058497008052058e-08,-5.435520620267198e-05,4.03206410481971e-06,0.0,0.0,0.0,0.0,0.0,0.0,0.0,0.0,0.0,0.0,0.0,0.0,0.0,0.0,0.0,0.0,0.0,0.0,0.0,0.0,0.0,0.0,0.0,0.0,0.0,0.0,0.0,0.0,0.0,0.0,0.0,0.0,0.0,0.0,0.0,0.0
82,216000000,odom,base_link,-1.6652096479745722,0.09690610965188398,-0.10380024268667916,-1.807570595283978e-05,0.0029092850377223523,-1.3789130603235794e-05,0.9999957677628931,0.0,0.0,0.0,0.0,0.0,0.0,0.0,0.0,0.0,0.0,0.0,0.0,0.0,0.0,0.0,0.0,0.0,0.0,0.0,0.0,0.0,0.0,0.0,0.0,0.0,0.0,0.0,0.0,0.0,0.0,0.0,0.0,0.0,0.0,0.0,0.0,0.0032731202046939883,9.11858158224938e-05,4.875201635029275e-05,8.182804572820501e-08,-5.524174859772302e-05,3.82622484806916e-06,0.0,0.0,0.0,0.0,0.0,0.0,0.0,0.0,0.0,0.0,0.0,0.0,0.0,0.0,0.0,0.0,0.0,0.0,0.0,0.0,0.0,0.0,0.0,0.0,0.0,0.0,0.0,0.0,0.0,0.0,0.0,0.0,0.0,0.0,0.0,0.0
82,250000000,odom,base_link,-1.6650983890776971,0.09690920727456755,-0.10379921351808324,-1.8074846569628794e-05,0.0029083315878175187,-1.3716694936256253e-05,0.9999957705373196,0.0,0.0,0.0,0.0,0.0,0.0,0.0,0.0,0.0,0.0,0.0,0.0,0.0,0.0,0.0,0.0,0.0,0.0,0.0,0.0,0.0,0.0,0.0,0.0,0.0,0.0,0.0,0.0,0.0,0.0,0.0,0.0,0.0,0.0,0.0,0.0,0.0032715236120386946,9.120018257468282e-05,4.9466619433493706e-05,5.745640872800717e-08,-5.624649972446605e-05,4.485767046702449e-06,0.0,0.0,0.0,0.0,0.0,0.0,0.0,0.0,0.0,0.0,0.0,0.0,0.0,0.0,0.0,0.0,0.0,0.0,0.0,0.0,0.0,0.0,0.0,0.0,0.0,0.0,0.0,0.0,0.0,0.0,0.0,0.0,0.0,0.0,0.0,0.0
82,284000000,odom,base_link,-1.6649871842752435,0.0969123054011579,-0.1037981570647793,-1.807424244715526e-05,0.0029073725302475196,-1.3632471802341947e-05,0.9999957733272915,0.0,0.0,0.0,0.0,0.0,0.0,0.0,0.0,0.0,0.0,0.0,0.0,0.0,0.0,0.0,0.0,0.0,0.0,0.0,0.0,0.0,0.0,0.0,0.0,0.0,0.0,0.0,0.0,0.0,0.0,0.0,0.0,0.0,0.0,0.0,0.0,0.0032699271395420387,9.121432998712668e-05,5.046145122306936e-05,4.7991519439016805e-08,-5.654352825956721e-05,5.222600663046251e-06,0.0,0.0,0.0,0.0,0.0,0.0,0.0,0.0,0.0,0.0,0.0,0.0,0.0,0.0,0.0,0.0,0.0,0.0,0.0,0.0,0.0,0.0,0.0,0.0,0.0,0.0,0.0,0.0,0.0,0.0,0.0,0.0,0.0,0.0,0.0,0.0
82,318000000,odom,base_link,-1.664876033574955,0.09691540404703453,-0.10379708352159443,-1.8073551411302172e-05,0.0029064199744553865,-1.354031801211413e-05,0.9999957760975486,0.0,0.0,0.0,0.0,0.0,0.0,0.0,0.0,0.0,0.0,0.0,0.0,0.0,0.0,0.0,0.0,0.0,0.0,0.0,0.0,0.0,0.0,0.0,0.0,0.0,0.0,0.0,0.0,0.0,0.0,0.0,0.0,0.0,0.0,0.0,0.0,0.0032683367824184024,9.122990004592404e-05,5.0514480236646387e-05,7.553796407822055e-08,-5.520653978408063e-05,5.2117671067719584e-06,0.0,0.0,0.0,0.0,0.0,0.0,0.0,0.0,0.0,0.0,0.0,0.0,0.0,0.0,0.0,0.0,0.0,0.0,0.0,0.0,0.0,0.0,0.0,0.0,0.0,0.0,0.0,0.0,0.0,0.0,0.0,0.0,0.0,0.0,0.0,0.0
82,352000000,odom,base_link,-1.6647649368823587,0.09691850330973605,-0.10379603378232777,-1.807203188285244e-05,0.002905498617254419,-1.34648613917967e-05,0.9999957787760329,0.0,0.0,0.0,0.0,0.0,0.0,0.0,0.0,0.0,0.0,0.0,0.0,0.0,0.0,0.0,0.0,0.0,0.0,0.0,0.0,0.0,0.0,0.0,0.0,0.0,0.0,0.0,0.0,0.0,0.0,0.0,0.0,0.0,0.0,0.0,0.0,0.003266754770428358,9.124783221244699e-05,4.9380708707405605e-05,1.1200098834485139e-07,-5.3850578751735156e-05,4.045343304781568e-06,0.0,0.0,0.0,0.0,0.0,0.0,0.0,0.0,0.0,0.0,0.0,0.0,0.0,0.0,0.0,0.0,0.0,0.0,0.0,0.0,0.0,0.0,0.0,0.0,0.0,0.0,0.0,0.0,0.0,0.0,0.0,0.0,0.0,0.0,0.0,0.0
82,386000000,odom,base_link,-1.6646538941860487,0.09692160314724192,-0.10379498566409068,-1.8070745952188313e-05,0.0029045579250409053,-1.339542526001497e-05,0.9999957815097376,0.0,0.0,0.0,0.0,0.0,0.0,0.0,0.0,0.0,0.0,0.0,0.0,0.0,0.0,0.0,0.0,0.0,0.0,0.0,0.0,0.0,0.0,0.0,0.0,0.0,0.0,0.0,0.0,0.0,0.0,0.0,0.0,0.0,0.0,0.0,0.0,0.0032651613753849765,9.126331305437348e-05,5.0042007353206856e-05,7.602523402483463e-08,-5.602772397139688e-05,4.187253077603259e-06,0.0,0.0,0.0,0.0,0.0,0.0,0.0,0.0,0.0,0.0,0.0,0.0,0.0,0.0,0.0,0.0,0.0,0.0,0.0,0.0,0.0,0.0,0.0,0.0,0.0,0.0,0.0,0.0,0.0,0.0,0.0,0.0,0.0,0.0,0.0,0.0
82,420000000,odom,base_link,-1.6645429056604637,0.09692470353145355,-0.10379393195388374,-1.8069704860315476e-05,0.0029036105714257735,-1.3324987525453558e-05,0.9999957842619038,0.0,0.0,0.0,0.0,0.0,0.0,0.0,0.0,0.0,0.0,0.0,0.0,0.0,0.0,0.0,0.0,0.0,0.0,0.0,0.0,0.0,0.0,0.0,0.0,0.0,0.0,0.0,0.0,0.0,0.0,0.0,0.0,0.0,0.0,0.0,0.0,0.0032635702402938416,9.127950362852149e-05,4.978932763208374e-05,8.207822130290587e-08,-5.501506912253262e-05,3.914591806264411e-06,0.0,0.0,0.0,0.0,0.0,0.0,0.0,0.0,0.0,0.0,0.0,0.0,0.0,0.0,0.0,0.0,0.0,0.0,0.0,0.0,0.0,0.0,0.0,0.0,0.0,0.0,0.0,0.0,0.0,0.0,0.0,0.0,0.0,0.0,0.0,0.0
82,454000000,odom,base_link,-1.6644319711869622,0.09692780451313548,-0.10379291060523478,-1.8068328044918263e-05,0.0029026880900047828,-1.3267632310057738e-05,0.9999957869408039,0.0,0.0,0.0,0.0,0.0,0.0,0.0,0.0,0.0,0.0,0.0,0.0,0.0,0.0,0.0,0.0,0.0,0.0,0.0,0.0,0.0,0.0,0.0,0.0,0.0,0.0,0.0,0.0,0.0,0.0,0.0,0.0,0.0,0.0,0.0,0.0,0.0032619890314012855,9.129670049603989e-05,4.840652946375792e-05,9.418924321047406e-08,-5.4010265770898513e-05,3.0983379861737603e-06,0.0,0.0,0.0,0.0,0.0,0.0,0.0,0.0,0.0,0.0,0.0,0.0,0.0,0.0,0.0,0.0,0.0,0.0,0.0,0.0,0.0,0.0,0.0,0.0,0.0,0.0,0.0,0.0,0.0,0.0,0.0,0.0,0.0,0.0,0.0,0.0
82,488000000,odom,base_link,-1.6643210908206594,0.096930906037505,-0.1037919049056839,-1.8067258937213537e-05,0.0029017467666794384,-1.321011872277939e-05,0.999995789673521,0.0,0.0,0.0,0.0,0.0,0.0,0.0,0.0,0.0,0.0,0.0,0.0,0.0,0.0,0.0,0.0,0.0,0.0,0.0,0.0,0.0,0.0,0.0,0.0,0.0,0.0,0.0,0.0,0.0,0.0,0.0,0.0,0.0,0.0,0.0,0.0,0.0032603951760444296,9.131120891448591e-05,4.87079614347847e-05,6.223363976931573e-08,-5.5971731782733514e-05,3.659730296590169e-06,0.0,0.0,0.0,0.0,0.0,0.0,0.0,0.0,0.0,0.0,0.0,0.0,0.0,0.0,0.0,0.0,0.0,0.0,0.0,0.0,0.0,0.0,0.0,0.0,0.0,0.0,0.0,0.0,0.0,0.0,0.0,0.0,0.0,0.0,0.0,0.0
82,522000000,odom,base_link,-1.6642102645341776,0.0969340080689314,-0.1037908962065241,-1.8066379481455624e-05,0.0029008017976152275,-1.314338682183007e-05,0.9999957924160422,0.0,0.0,0.0,0.0,0.0,0.0,0.0,0.0,0.0,0.0,0.0,0.0,0.0,0.0,0.0,0.0,0.0,0.0,0.0,0.0,0.0,0.0,0.0,0.0,0.0,0.0,0.0,0.0,0.0,0.0,0.0,0.0,0.0,0.0,0.0,0.0,0.0032588081613008336,9.132623000348127e-05,4.8420864227848364e-05,7.526477913133434e-08,-5.4812019456562666e-05,3.8905117794030275e-06,0.0,0.0,0.0,0.0,0.0,0.0,0.0,0.0,0.0,0.0,0.0,0.0,0.0,0.0,0.0,0.0,0.0,0.0,0.0,0.0,0.0,0.0,0.0,0.0,0.0,0.0,0.0,0.0,0.0,0.0,0.0,0.0,0.0,0.0,0.0,0.0
82,556000000,odom,base_link,-1.6640994922240953,0.0969371106532095,-0.10378991690276998,-1.8065064246641343e-05,0.002899882236379473,-1.3080163067488415e-05,0.9999957950839483,0.0,0.0,0.0,0.0,0.0,0.0,0.0,0.0,0.0,0.0,0.0,0.0,0.0,0.0,0.0,0.0,0.0,0.0,0.0,0.0,0.0,0.0,0.0,0.0,0.0,0.0,0.0,0.0,0.0,0.0,0.0,0.0,0.0,0.0,0.0,0.0,0.0032572264910526354,9.134205628426342e-05,4.7267657813015735e-05,9.174687051749508e-08,-5.400707330238674e-05,3.6618321264114684e-06,0.0,0.0,0.0,0.0,0.0,0.0,0.0,0.0,0.0,0.0,0.0,0.0,0.0,0.0,0.0,0.0,0.0,0.0,0.0,0.0,0.0,0.0,0.0,0.0,0.0,0.0,0.0,0.0,0.0,0.0,0.0,0.0,0.0,0.0,0.0,0.0
82,590000000,odom,base_link,-1.6639887739972716,0.09694021375191661,-0.10378893247713707,-1.8064079359423887e-05,0.0028989381216616796,-1.3009805548148242e-05,0.9999957978222712,0.0,0.0,0.0,0.0,0.0,0.0,0.0,0.0,0.0,0.0,0.0,0.0,0.0,0.0,0.0,0.0,0.0,0.0,0.0,0.0,0.0,0.0,0.0,0.0,0.0,0.0,0.0,0.0,0.0,0.0,0.0,0.0,0.0,0.0,0.0,0.0,0.0032556307001842524,9.135613055664706e-05,4.8056707259318984e-05,6.278849315477508e-08,-5.592353709005238e-05,4.399997521886689e-06,0.0,0.0,0.0,0.0,0.0,0.0,0.0,0.0,0.0,0.0,0.0,0.0,0.0,0.0,0.0,0.0,0.0,0.0,0.0,0.0,0.0,0.0,0.0,0.0,0.0,0.0,0.0,0.0,0.0,0.0,0.0,0.0,0.0,0.0,0.0,0.0
82,624000000,odom,base_link,-1.6638781098006041,0.09694331737096105,-0.10378794163598755,-1.8063119180800418e-05,0.0028979993279612906,-1.2933639477441143e-05,0.9999958005443522,0.0,0.0,0.0,0.0,0.0,0.0,0.0,0.0,0.0,0.0,0.0,0.0,0.0,0.0,0.0,0.0,0.0,0.0,0.0,0.0,0.0,0.0,0.0,0.0,0.0,0.0,0.0,0.0,0.0,0.0,0.0,0.0,0.0,0.0,0.0,0.0,0.003254044410561719,9.137181776396612e-05,4.790177159751631e-05,8.312945123933879e-08,-5.439351227209954e-05,4.2747442030588445e-06,0.0,0.0,0.0,0.0,0.0,0.0,0.0,0.0,0.0,0.0,0.0,0.0,0.0,0.0,0.0,0.0,0.0,0.0,0.0,0.0,0.0,0.0,0.0,0.0,0.0,0.0,0.0,0.0,0.0,0.0,0.0,0.0,0.0,0.0,0.0,0.0
82,658000000,odom,base_link,-1.6637674995517622,0.09694642157339074,-0.10378697572164286,-1.8061711295965987e-05,0.002897084833136878,-1.286825912117904e-05,0.9999958031950195,0.0,0.0,0.0,0.0,0.0,0.0,0.0,0.0,0.0,0.0,0.0,0.0,0.0,0.0,0.0,0.0,0.0,0.0,0.0,0.0,0.0,0.0,0.0,0.0,0.0,0.0,0.0,0.0,0.0,0.0,0.0,0.0,0.0,0.0,0.0,0.0,0.0032524626142135193,9.138842172394874e-05,4.68729943045259e-05,9.633555134169747e-08,-5.3751377038224746e-05,3.661643832586492e-06,0.0,0.0,0.0,0.0,0.0,0.0,0.0,0.0,0.0,0.0,0.0,0.0,0.0,0.0,0.0,0.0,0.0,0.0,0.0,0.0,0.0,0.0,0.0,0.0,0.0,0.0,0.0,0.0,0.0,0.0,0.0,0.0,0.0,0.0,0.0,0.0
82,692000000,odom,base_link,-1.6636569433721327,0.09694952630621975,-0.10378600022034304,-1.8060702147620946e-05,0.0028961428006178615,-1.2799743478955681e-05,0.9999958059246329,0.0,0.0,0.0,0.0,0.0,0.0,0.0,0.0,0.0,0.0,0.0,0.0,0.0,0.0,0.0,0.0,0.0,0.0,0.0,0.0,0.0,0.0,0.0,0.0,0.0,0.0,0.0,0.0,0.0,0.0,0.0,0.0,0.0,0.0,0.0,0.0,0.003250866368259176,9.140280854785165e-05,4.779658560889165e-05,6.242092259745036e-08,-5.583902193961876e-05,4.238712714155213e-06,0.0,0.0,0.0,0.0,0.0,0.0,0.0,0.0,0.0,0.0,0.0,0.0,0.0,0.0,0.0,0.0,0.0,0.0,0.0,0.0,0.0,0.0,0.0,0.0,0.0,0.0,0.0,0.0,0.0,0.0,0.0,0.0,0.0,0.0,0.0,0.0
82,726000000,odom,base_link,-1.6635464411950929,0.09695263157036565,-0.10378501431367958,-1.8059715906458014e-05,0.0028952079759275856,-1.272841299910539e-05,0.9999958086325214,0.0,0.0,0.0,0.0,0.0,0.0,0.0,0.0,0.0,0.0,0.0,0.0,0.0,0.0,0.0,0.0,0.0,0.0,0.0,0.0,0.0,0.0,0.0,0.0,0.0,0.0,0.0,0.0,0.0,0.0,0.0,0.0,0.0,0.0,0.0,0.0,0.003249280559440347,9.141880134582196e-05,4.772669669075857e-05,8.379310093009629e-08,-5.412534029858307e-05,3.9510398064379615e-06,0.0,0.0,0.0,0.0,0.0,0.0,0.0,0.0,0.0,0.0,0.0,0.0,0.0,0.0,0.0,0.0,0.0,0.0,0.0,0.0,0.0,0.0,0.0,0.0,0.0,0.0,0.0,0.0,0.0,0.0,0.0,0.0,0.0,0.0,0.0,0.0
82,760000000,odom,base_link,-1.6634359929482576,0.0969557374164513,-0.10378404820342788,-1.8058338657599687e-05,0.0028942944608540263,-1.2668027247219115e-05,0.999995811277723,0.0,0.0,0.0,0.0,0.0,0.0,0.0,0.0,0.0,0.0,0.0,0.0,0.0,0.0,0.0,0.0,0.0,0.0,0.0,0.0,0.0,0.0,0.0,0.0,0.0,0.0,0.0,0.0,0.0,0.0,0.0,0.0,0.0,0.0,0.0,0.0,0.0032476963506196817,9.143511672237818e-05,4.712822591564187e-05,8.80803596725599e-08,-5.4142173055993226e-05,3.4793333547611383e-06,0.0,0.0,0.0,0.0,0.0,0.0,0.0,0.0,0.0,0.0,0.0,0.0,0.0,0.0,0.0,0.0,0.0,0.0,0.0,0.0,0.0,0.0,0.0,0.0,0.0,0.0,0.0,0.0,0.0,0.0,0.0,0.0,0.0,0.0,0.0,0.0
82,794000000,odom,base_link,-1.6633255987547413,0.09695884377927648,-0.10378306022608529,-1.805740958708709e-05,0.002893351443856821,-1.2601439947768402e-05,0.9999958140075168,0.0,0.0,0.0,0.0,0.0,0.0,0.0,0.0,0.0,0.0,0.0,0.0,0.0,0.0,0.0,0.0,0.0,0.0,0.0,0.0,0.0,0.0,0.0,0.0,0.0,0.0,0.0,0.0,0.0,0.0,0.0,0.0,0.0,0.0,0.0,0.0,0.0032461006656329928,9.144925360132821e-05,4.810720220174224e-05,5.9241821864786104e-08,-5.5760619943612255e-05,4.143358500741101e-06,0.0,0.0,0.0,0.0,0.0,0.0,0.0,0.0,0.0,0.0,0.0,0.0,0.0,0.0,0.0,0.0,0.0,0.0,0.0,0.0,0.0,0.0,0.0,0.0,0.0,0.0,0.0,0.0,0.0,0.0,0.0,0.0,0.0,0.0,0.0,0.0
82,828000000,odom,base_link,-1.6632152585550015,0.09696195066060914,-0.10378206061598252,-1.8056489995614292e-05,0.0028924156570438175,-1.2529673537248849e-05,0.9999958167155687,0.0,0.0,0.0,0.0,0.0,0.0,0.0,0.0,0.0,0.0,0.0,0.0,0.0,0.0,0.0,0.0,0.0,0.0,0.0,0.0,0.0,0.0,0.0,0.0,0.0,0.0,0.0,0.0,0.0,0.0,0.0,0.0,0.0,0.0,0.0,0.0,0.0032445140930429093,9.14647188862333e-05,4.815758526909113e-05,7.92183492415166e-08,-5.4295198026466096e-05,4.074387716102024e-06,0.0,0.0,0.0,0.0,0.0,0.0,0.0,0.0,0.0,0.0,0.0,0.0,0.0,0.0,0.0,0.0,0.0,0.0,0.0,0.0,0.0,0.0,0.0,0.0,0.0,0.0,0.0,0.0,0.0,0.0,0.0,0.0,0.0,0.0,0.0,0.0
82,862000000,odom,base_link,-1.6631049722800793,0.09696505810689818,-0.10378107629481473,-1.805516867331228e-05,0.0028915007451892315,-1.2465234324503745e-05,0.9999958193622959,0.0,0.0,0.0,0.0,0.0,0.0,0.0,0.0,0.0,0.0,0.0,0.0,0.0,0.0,0.0,0.0,0.0,0.0,0.0,0.0,0.0,0.0,0.0,0.0,0.0,0.0,0.0,0.0,0.0,0.0,0.0,0.0,0.0,0.0,0.0,0.0,0.0032429308465746418,9.148072840165214e-05,4.748583454660608e-05,8.972220744141168e-08,-5.3909111485950234e-05,3.698533257434633e-06,0.0,0.0,0.0,0.0,0.0,0.0,0.0,0.0,0.0,0.0,0.0,0.0,0.0,0.0,0.0,0.0,0.0,0.0,0.0,0.0,0.0,0.0,0.0,0.0,0.0,0.0,0.0,0.0,0.0,0.0,0.0,0.0,0.0,0.0,0.0,0.0
82,896000000,odom,base_link,-1.6629947400409373,0.09696816607264447,-0.10378007603562102,-1.8054191574290123e-05,0.0028905606776373554,-1.2395962715411619e-05,0.9999958220809501,0.0,0.0,0.0,0.0,0.0,0.0,0.0,0.0,0.0,0.0,0.0,0.0,0.0,0.0,0.0,0.0,0.0,0.0,0.0,0.0,0.0,0.0,0.0,0.0,0.0,0.0,0.0,0.0,0.0,0.0,0.0,0.0,0.0,0.0,0.0,0.0,0.0032413357943535926,9.149497533620697e-05,4.840785207718054e-05,6.289827755856514e-08,-5.561420159949648e-05,4.27353348264603e-06,0.0,0.0,0.0,0.0,0.0,0.0,0.0,0.0,0.0,0.0,0.0,0.0,0.0,0.0,0.0,0.0,0.0,0.0,0.0,0.0,0.0,0.0,0.0,0.0,0.0,0.0,0.0,0.0,0.0,0.0,0.0,0.0,0.0,0.0,0.0,0.0
82,930000000,odom,base_link,-1.662884561749151,0.09697127457844489,-0.10377906748574327,-1.8053063262003178e-05,0.0028896341306778586,-1.2327109919610156e-05,0.9999958247596437,0.0,0.0,0.0,0.0,0.0,0.0,0.0,0.0,0.0,0.0,0.0,0.0,0.0,0.0,0.0,0.0,0.0,0.0,0.0,0.0,0.0,0.0,0.0,0.0,0.0,0.0,0.0,0.0,0.0,0.0,0.0,0.0,0.0,0.0,0.0,0.0,0.0032397517909838296,9.151130750935004e-05,4.8270225550631405e-05,9.119743155094895e-08,-5.378346088491526e-05,3.7675653485891303e-06,0.0,0.0,0.0,0.0,0.0,0.0,0.0,0.0,0.0,0.0,0.0,0.0,0.0,0.0,0.0,0.0,0.0,0.0,0.0,0.0,0.0,0.0,0.0,0.0,0.0,0.0,0.0,0.0,0.0,0.0,0.0,0.0,0.0,0.0,0.0,0.0
82,964000000,odom,base_link,-1.662774437374394,0.0969743836617457,-0.10377807865553294,-1.8051627044325145e-05,0.0028887214739391712,-1.2269120288666298e-05,0.9999958273972214,0.0,0.0,0.0,0.0,0.0,0.0,0.0,0.0,0.0,0.0,0.0,0.0,0.0,0.0,0.0,0.0,0.0,0.0,0.0,0.0,0.0,0.0,0.0,0.0,0.0,0.0,0.0,0.0,0.0,0.0,0.0,0.0,0.0,0.0,0.0,0.0,0.0032381667933661694,9.152729243619723e-05,4.785130012739485e-05,8.657099412334723e-08,-5.436189489671506e-05,3.4202191079302224e-06,0.0,0.0,0.0,0.0,0.0,0.0,0.0,0.0,0.0,0.0,0.0,0.0,0.0,0.0,0.0,0.0,0.0,0.0,0.0,0.0,0.0,0.0,0.0,0.0,0.0,0.0,0.0,0.0,0.0,0.0,0.0,0.0,0.0,0.0,0.0,0.0
82,998000000,odom,base_link,-1.6626643670252994,0.0969774932516951,-0.10377706558656544,-1.8050717433632486e-05,0.002887778962854365,-1.2203367963199075e-05,0.9999958301202616,0.0,0.0,0.0,0.0,0.0,0.0,0.0,0.0,0.0,0.0,0.0,0.0,0.0,0.0,0.0,0.0,0.0,0.0,0.0,0.0,0.0,0.0,0.0,0.0,0.0,0.0,0.0,0.0,0.0,0.0,0.0,0.0,0.0,0.0,0.0,0.0,0.003236572942786755,9.154126806331349e-05,4.87081833009122e-05,5.7972960113006344e-08,-5.566546796842431e-05,4.099217543185318e-06,0.0,0.0,0.0,0.0,0.0,0.0,0.0,0.0,0.0,0.0,0.0,0.0,0.0,0.0,0.0,0.0,0.0,0.0,0.0,0.0,0.0,0.0,0.0,0.0,0.0,0.0,0.0,0.0,0.0,0.0,0.0,0.0,0.0,0.0,0.0,0.0
83,32000000,odom,base_link,-1.6625543505998464,0.09698060336985119,-0.10377604643816359,-1.8049640790321422e-05,0.0028868529165713233,-1.213592106957586e-05,0.9999958327949011,0.0,0.0,0.0,0.0,0.0,0.0,0.0,0.0,0.0,0.0,0.0,0.0,0.0,0.0,0.0,0.0,0.0,0.0,0.0,0.0,0.0,0.0,0.0,0.0,0.0,0.0,0.0,0.0,0.0,0.0,0.0,0.0,0.0,0.0,0.0,0.0,0.003234989824796151,9.155715960247436e-05,4.851998104970469e-05,8.798640704910099e-08,-5.37816873702468e-05,3.768230105727355e-06,0.0,0.0,0.0,0.0,0.0,0.0,0.0,0.0,0.0,0.0,0.0,0.0,0.0,0.0,0.0,0.0,0.0,0.0,0.0,0.0,0.0,0.0,0.0,0.0,0.0,0.0,0.0,0.0,0.0,0.0,0.0,0.0,0.0,0.0,0.0,0.0
83,66000000,odom,base_link,-1.6624443880799662,0.09698371404628435,-0.10377504605352995,-1.8048276157145648e-05,0.0028859383994061763,-1.2075287155162835e-05,0.9999958354353292,0.0,0.0,0.0,0.0,0.0,0.0,0.0,0.0,0.0,0.0,0.0,0.0,0.0,0.0,0.0,0.0,0.0,0.0,0.0,0.0,0.0,0.0,0.0,0.0,0.0,0.0,0.0,0.0,0.0,0.0,0.0,0.0,0.0,0.0,0.0,0.0,0.0032334044372241675,9.157260934938095e-05,4.8224351810352366e-05,8.238075013822233e-08,-5.4549644090684524e-05,3.650517865771974e-06,0.0,0.0,0.0,0.0,0.0,0.0,0.0,0.0,0.0,0.0,0.0,0.0,0.0,0.0,0.0,0.0,0.0,0.0,0.0,0.0,0.0,0.0,0.0,0.0,0.0,0.0,0.0,0.0,0.0,0.0,0.0,0.0,0.0,0.0,0.0,0.0
83,100000000,odom,base_link,-1.662334479564786,0.0969868252235336,-0.1037740214953962,-1.804738636511522e-05,0.002884995929569802,-1.2005853950163965e-05,0.9999958381556583,0.0,0.0,0.0,0.0,0.0,0.0,0.0,0.0,0.0,0.0,0.0,0.0,0.0,0.0,0.0,0.0,0.0,0.0,0.0,0.0,0.0,0.0,0.0,0.0,0.0,0.0,0.0,0.0,0.0,0.0,0.0,0.0,0.0,0.0,0.0,0.0,0.0032318120351681493,9.15865468488187e-05,4.8955210693466825e-05,5.872565593534329e-08,-5.561333189518791e-05,4.308668799524185e-06,0.0,0.0,0.0,0.0,0.0,0.0,0.0,0.0,0.0,0.0,0.0,0.0,0.0,0.0,0.0,0.0,0.0,0.0,0.0,0.0,0.0,0.0,0.0,0.0,0.0,0.0,0.0,0.0,0.0,0.0,0.0,0.0,0.0,0.0,0.0,0.0
83,134000000,odom,base_link,-1.662224625028133,0.0969899368909694,-0.10377296980047444,-1.8046747439485267e-05,0.0028840461129609474,-1.1925000919326713e-05,0.9999958408964147,0.0,0.0,0.0,0.0,0.0,0.0,0.0,0.0,0.0,0.0,0.0,0.0,0.0,0.0,0.0,0.0,0.0,0.0,0.0,0.0,0.0,0.0,0.0,0.0,0.0,0.0,0.0,0.0,0.0,0.0,0.0,0.0,0.0,0.0,0.0,0.0,0.003230219058853476,9.160036521246325e-05,4.994313717092561e-05,4.9367578081049857e-08,-5.595660468316055e-05,5.006185954670173e-06,0.0,0.0,0.0,0.0,0.0,0.0,0.0,0.0,0.0,0.0,0.0,0.0,0.0,0.0,0.0,0.0,0.0,0.0,0.0,0.0,0.0,0.0,0.0,0.0,0.0,0.0,0.0,0.0,0.0,0.0,0.0,0.0,0.0,0.0,0.0,0.0
83,168000000,odom,base_link,-1.6621148244463377,0.09699304906729793,-0.1037719008148507,-1.8046002118725103e-05,0.002883103706045318,-1.1837374718895126e-05,0.9999958436149815,0.0,0.0,0.0,0.0,0.0,0.0,0.0,0.0,0.0,0.0,0.0,0.0,0.0,0.0,0.0,0.0,0.0,0.0,0.0,0.0,0.0,0.0,0.0,0.0,0.0,0.0,0.0,0.0,0.0,0.0,0.0,0.0,0.0,0.0,0.0,0.0,0.0032286330319290625,9.161568950591238e-05,4.9997793874422014e-05,7.808273611020766e-08,-5.461868646250423e-05,4.91829821314127e-06,0.0,0.0,0.0,0.0,0.0,0.0,0.0,0.0,0.0,0.0,0.0,0.0,0.0,0.0,0.0,0.0,0.0,0.0,0.0,0.0,0.0,0.0,0.0,0.0,0.0,0.0,0.0,0.0,0.0,0.0,0.0,0.0,0.0,0.0,0.0,0.0
83,202000000,odom,base_link,-1.6620050777305773,0.0969961618458849,-0.10377085551608593,-1.8044446531992936e-05,0.002882192132723275,-1.1766621468211024e-05,0.9999958462436005,0.0,0.0,0.0,0.0,0.0,0.0,0.0,0.0,0.0,0.0,0.0,0.0,0.0,0.0,0.0,0.0,0.0,0.0,0.0,0.0,0.0,0.0,0.0,0.0,0.0,0.0,0.0,0.0,0.0,0.0,0.0,0.0,0.0,0.0,0.0,0.0,0.003227054788205567,9.163316356785358e-05,4.885955951200215e-05,1.1272016861574308e-07,-5.3305164016137496e-05,3.775921508797353e-06,0.0,0.0,0.0,0.0,0.0,0.0,0.0,0.0,0.0,0.0,0.0,0.0,0.0,0.0,0.0,0.0,0.0,0.0,0.0,0.0,0.0,0.0,0.0,0.0,0.0,0.0,0.0,0.0,0.0,0.0,0.0,0.0,0.0,0.0,0.0,0.0
83,236000000,odom,base_link,-1.6618953849922535,0.09699927518647392,-0.10376981951149217,-1.8043097003602765e-05,0.0028812609735245176,-1.1702687873688373e-05,0.9999958489277324,0.0,0.0,0.0,0.0,0.0,0.0,0.0,0.0,0.0,0.0,0.0,0.0,0.0,0.0,0.0,0.0,0.0,0.0,0.0,0.0,0.0,0.0,0.0,0.0,0.0,0.0,0.0,0.0,0.0,0.0,0.0,0.0,0.0,0.0,0.0,0.0,0.003225463599326154,9.164834005347564e-05,4.931044711743287e-05,7.785955838390812e-08,-5.542726064788894e-05,3.862548103583663e-06,0.0,0.0,0.0,0.0,0.0,0.0,0.0,0.0,0.0,0.0,0.0,0.0,0.0,0.0,0.0,0.0,0.0,0.0,0.0,0.0,0.0,0.0,0.0,0.0,0.0,0.0,0.0,0.0,0.0,0.0,0.0,0.0,0.0,0.0,0.0,0.0
83,270000000,odom,base_link,-1.6617857462265306,0.09700238905324807,-0.10376877728552646,-1.8042068144641715e-05,0.0028803221756451888,-1.1636471907350907e-05,0.999995851633016,0.0,0.0,0.0,0.0,0.0,0.0,0.0,0.0,0.0,0.0,0.0,0.0,0.0,0.0,0.0,0.0,0.0,0.0,0.0,0.0,0.0,0.0,0.0,0.0,0.0,0.0,0.0,0.0,0.0,0.0,0.0,0.0,0.0,0.0,0.0,0.0,0.003223879113379025,9.166380600959028e-05,4.907853452631163e-05,7.856239686576671e-08,-5.456082057264666e-05,3.7417323017763238e-06,0.0,0.0,0.0,0.0,0.0,0.0,0.0,0.0,0.0,0.0,0.0,0.0,0.0,0.0,0.0,0.0,0.0,0.0,0.0,0.0,0.0,0.0,0.0,0.0,0.0,0.0,0.0,0.0,0.0,0.0,0.0,0.0,0.0,0.0,0.0,0.0
83,304000000,odom,base_link,-1.661676161328919,0.09700550349279773,-0.10376776546502123,-1.8040717933067254e-05,0.002879408690266369,-1.1581036703733055e-05,0.9999958542644097,0.0,0.0,0.0,0.0,0.0,0.0,0.0,0.0,0.0,0.0,0.0,0.0,0.0,0.0,0.0,0.0,0.0,0.0,0.0,0.0,0.0,0.0,0.0,0.0,0.0,0.0,0.0,0.0,0.0,0.0,0.0,0.0,0.0,0.0,0.0,0.0,0.003222301580175757,9.1680365637696e-05,4.781324748347264e-05,9.200591469249453e-08,-5.3527881149761924e-05,3.032256601365191e-06,0.0,0.0,0.0,0.0,0.0,0.0,0.0,0.0,0.0,0.0,0.0,0.0,0.0,0.0,0.0,0.0,0.0,0.0,0.0,0.0,0.0,0.0,0.0,0.0,0.0,0.0,0.0,0.0,0.0,0.0,0.0,0.0,0.0,0.0,0.0,0.0
83,338000000,odom,base_link,-1.6615666303929426,0.09700861845119635,-0.10376675522946972,-1.803969335588373e-05,0.002878473550192476,-1.152266331029201e-05,0.9999958569573268,0.0,0.0,0.0,0.0,0.0,0.0,0.0,0.0,0.0,0.0,0.0,0.0,0.0,0.0,0.0,0.0,0.0,0.0,0.0,0.0,0.0,0.0,0.0,0.0,0.0,0.0,0.0,0.0,0.0,0.0,0.0,0.0,0.0,0.0,0.0,0.0,0.0032207101162783835,9.169431668423487e-05,4.846832019832036e-05,6.213513800701342e-08,-5.543758057058312e-05,3.685022753607825e-06,0.0,0.0,0.0,0.0,0.0,0.0,0.0,0.0,0.0,0.0,0.0,0.0,0.0,0.0,0.0,0.0,0.0,0.0,0.0,0.0,0.0,0.0,0.0,0.0,0.0,0.0,0.0,0.0,0.0,0.0,0.0,0.0,0.0,0.0,0.0,0.0
83,372000000,odom,base_link,-1.6614571533775522,0.09701173391066945,-0.1037657412156694,-1.803873937161648e-05,0.0028775404015562054,-1.1457043853549128e-05,0.9999958596437174,0.0,0.0,0.0,0.0,0.0,0.0,0.0,0.0,0.0,0.0,0.0,0.0,0.0,0.0,0.0,0.0,0.0,0.0,0.0,0.0,0.0,0.0,0.0,0.0,0.0,0.0,0.0,0.0,0.0,0.0,0.0,0.0,0.0,0.0,0.0,0.0,0.0032191275707869017,9.170924844525226e-05,4.8202319784739125e-05,8.068247597803335e-08,-5.4097744950354354e-05,3.766865086518578e-06,0.0,0.0,0.0,0.0,0.0,0.0,0.0,0.0,0.0,0.0,0.0,0.0,0.0,0.0,0.0,0.0,0.0,0.0,0.0,0.0,0.0,0.0,0.0,0.0,0.0,0.0,0.0,0.0,0.0,0.0,0.0,0.0,0.0,0.0,0.0,0.0
83,406000000,odom,base_link,-1.6613477301949102,0.09701484991786856,-0.10376475669422557,-1.80373293443526e-05,0.002876631715038421,-1.1397026441176486e-05,0.9999958622588088,0.0,0.0,0.0,0.0,0.0,0.0,0.0,0.0,0.0,0.0,0.0,0.0,0.0,0.0,0.0,0.0,0.0,0.0,0.0,0.0,0.0,0.0,0.0,0.0,0.0,0.0,0.0,0.0,0.0,0.0,0.0,0.0,0.0,0.0,0.0,0.0,0.003217550045581971,9.172490501470678e-05,4.703554352547132e-05,9.626814345686796e-08,-5.338739335059017e-05,3.4396836268157926e-06,0.0,0.0,0.0,0.0,0.0,0.0,0.0,0.0,0.0,0.0,0.0,0.0,0.0,0.0,0.0,0.0,0.0,0.0,0.0,0.0,0.0,0.0,0.0,0.0,0.0,0.0,0.0,0.0,0.0,0.0,0.0,0.0,0.0,0.0,0.0,0.0
83,440000000,odom,base_link,-1.6612383609552859,0.09701796643217173,-0.10376376823230053,-1.8036269701399714e-05,0.0028756979423159718,-1.1331444935813469e-05,0.9999958649452686,0.0,0.0,0.0,0.0,0.0,0.0,0.0,0.0,0.0,0.0,0.0,0.0,0.0,0.0,0.0,0.0,0.0,0.0,0.0,0.0,0.0,0.0,0.0,0.0,0.0,0.0,0.0,0.0,0.0,0.0,0.0,0.0,0.0,0.0,0.0,0.0,0.0032159586608971587,9.17387975402835e-05,4.777925576530963e-05,6.567246677025018e-08,-5.531866129615537e-05,4.088775229504904e-06,0.0,0.0,0.0,0.0,0.0,0.0,0.0,0.0,0.0,0.0,0.0,0.0,0.0,0.0,0.0,0.0,0.0,0.0,0.0,0.0,0.0,0.0,0.0,0.0,0.0,0.0,0.0,0.0,0.0,0.0,0.0,0.0,0.0,0.0,0.0,0.0
83,474000000,odom,base_link,-1.6611290456058228,0.09702108345613444,-0.10376277516608416,-1.8035258674102137e-05,0.0028747690734633774,-1.1260874079405252e-05,0.9999958676168099,0.0,0.0,0.0,0.0,0.0,0.0,0.0,0.0,0.0,0.0,0.0,0.0,0.0,0.0,0.0,0.0,0.0,0.0,0.0,0.0,0.0,0.0,0.0,0.0,0.0,0.0,0.0,0.0,0.0,0.0,0.0,0.0,0.0,0.0,0.0,0.0,0.0032143767952455223,9.175412365963196e-05,4.756430659399001e-05,8.424912156801412e-08,-5.383007426473796e-05,3.9592086498174694e-06,0.0,0.0,0.0,0.0,0.0,0.0,0.0,0.0,0.0,0.0,0.0,0.0,0.0,0.0,0.0,0.0,0.0,0.0,0.0,0.0,0.0,0.0,0.0,0.0,0.0,0.0,0.0,0.0,0.0,0.0,0.0,0.0,0.0,0.0,0.0,0.0
83,508000000,odom,base_link,-1.6610197840665184,0.09702420104519756,-0.10376180806852876,-1.803383646064531e-05,0.0028738629799315274,-1.1200095449117373e-05,0.999995870221928,0.0,0.0,0.0,0.0,0.0,0.0,0.0,0.0,0.0,0.0,0.0,0.0,0.0,0.0,0.0,0.0,0.0,0.0,0.0,0.0,0.0,0.0,0.0,0.0,0.0,0.0,0.0,0.0,0.0,0.0,0.0,0.0,0.0,0.0,0.0,0.0,0.003212798597653753,9.177017841510235e-05,4.659529866625966e-05,9.453989535668228e-08,-5.339317077357464e-05,3.4379068702961035e-06,0.0,0.0,0.0,0.0,0.0,0.0,0.0,0.0,0.0,0.0,0.0,0.0,0.0,0.0,0.0,0.0,0.0,0.0,0.0,0.0,0.0,0.0,0.0,0.0,0.0,0.0,0.0,0.0,0.0,0.0,0.0,0.0,0.0,0.0,0.0,0.0
83,542000000,odom,base_link,-1.6609105764523358,0.09702731914824224,-0.10376083012178727,-1.8032803472585854e-05,0.002872930120362069,-1.1135449209982584e-05,0.9999958729031552,0.0,0.0,0.0,0.0,0.0,0.0,0.0,0.0,0.0,0.0,0.0,0.0,0.0,0.0,0.0,0.0,0.0,0.0,0.0,0.0,0.0,0.0,0.0,0.0,0.0,0.0,0.0,0.0,0.0,0.0,0.0,0.0,0.0,0.0,0.0,0.0,0.0032112072704341098,9.178423114442099e-05,4.743911285329642e-05,6.432352428475951e-08,-5.521548445130975e-05,3.996021336050148e-06,0.0,0.0,0.0,0.0,0.0,0.0,0.0,0.0,0.0,0.0,0.0,0.0,0.0,0.0,0.0,0.0,0.0,0.0,0.0,0.0,0.0,0.0,0.0,0.0,0.0,0.0,0.0,0.0,0.0,0.0,0.0,0.0,0.0,0.0,0.0,0.0
83,576000000,odom,base_link,-1.6608014227776045,0.09703043776721497,-0.10375984587909404,-1.8031771921203008e-05,0.0028720042543499934,-1.1067741074926183e-05,0.9999958755634561,0.0,0.0,0.0,0.0,0.0,0.0,0.0,0.0,0.0,0.0,0.0,0.0,0.0,0.0,0.0,0.0,0.0,0.0,0.0,0.0,0.0,0.0,0.0,0.0,0.0,0.0,0.0,0.0,0.0,0.0,0.0,0.0,0.0,0.0,0.0,0.0,0.0032096228705557396,9.179970711745696e-05,4.728215993251894e-05,8.515712371370832e-08,-5.3646571274157395e-05,3.77492770375909e-06,0.0,0.0,0.0,0.0,0.0,0.0,0.0,0.0,0.0,0.0,0.0,0.0,0.0,0.0,0.0,0.0,0.0,0.0,0.0,0.0,0.0,0.0,0.0,0.0,0.0,0.0,0.0,0.0,0.0,0.0,0.0,0.0,0.0,0.0,0.0,0.0
83,610000000,odom,base_link,-1.660692322909112,0.0970335569488401,-0.1037588821861236,-1.8030358159595987e-05,0.0028711009184036124,-1.1009647887325233e-05,0.9999958781581103,0.0,0.0,0.0,0.0,0.0,0.0,0.0,0.0,0.0,0.0,0.0,0.0,0.0,0.0,0.0,0.0,0.0,0.0,0.0,0.0,0.0,0.0,0.0,0.0,0.0,0.0,0.0,0.0,0.0,0.0,0.0,0.0,0.0,0.0,0.0,0.0,0.0032080439531303544,9.181558159224232e-05,4.6698310935593576e-05,9.071354223344485e-08,-5.324179603860557e-05,3.331153353158811e-06,0.0,0.0,0.0,0.0,0.0,0.0,0.0,0.0,0.0,0.0,0.0,0.0,0.0,0.0,0.0,0.0,0.0,0.0,0.0,0.0,0.0,0.0,0.0,0.0,0.0,0.0,0.0,0.0,0.0,0.0,0.0,0.0,0.0,0.0,0.0,0.0
83,644000000,odom,base_link,-1.6605832769289803,0.09703667663691568,-0.10375789794999025,-1.8029361889193952e-05,0.0028701699444978646,-1.094616672424274e-05,0.9999958808313228,0.0,0.0,0.0,0.0,0.0,0.0,0.0,0.0,0.0,0.0,0.0,0.0,0.0,0.0,0.0,0.0,0.0,0.0,0.0,0.0,0.0,0.0,0.0,0.0,0.0,0.0,0.0,0.0,0.0,0.0,0.0,0.0,0.0,0.0,0.0,0.0,0.0032064527576453937,9.182946777005662e-05,4.7588839252287565e-05,6.26870867714846e-08,-5.5100221985071585e-05,3.942461956896182e-06,0.0,0.0,0.0,0.0,0.0,0.0,0.0,0.0,0.0,0.0,0.0,0.0,0.0,0.0,0.0,0.0,0.0,0.0,0.0,0.0,0.0,0.0,0.0,0.0,0.0,0.0,0.0,0.0,0.0,0.0,0.0,0.0,0.0,0.0,0.0,0.0
83,678000000,odom,base_link,-1.6604742847831817,0.09703979684018608,-0.10375690600421918,-1.8028297602530067e-05,0.0028692486012549135,-1.08799422103066e-05,0.9999958834760629,0.0,0.0,0.0,0.0,0.0,0.0,0.0,0.0,0.0,0.0,0.0,0.0,0.0,0.0,0.0,0.0,0.0,0.0,0.0,0.0,0.0,0.0,0.0,0.0,0.0,0.0,0.0,0.0,0.0,0.0,0.0,0.0,0.0,0.0,0.0,0.0,0.0032048719928444705,9.184495349472518e-05,4.7470754094785176e-05,8.712495169760359e-08,-5.343522246903376e-05,3.6926078639254456e-06,0.0,0.0,0.0,0.0,0.0,0.0,0.0,0.0,0.0,0.0,0.0,0.0,0.0,0.0,0.0,0.0,0.0,0.0,0.0,0.0,0.0,0.0,0.0,0.0,0.0,0.0,0.0,0.0,0.0,0.0,0.0,0.0,0.0,0.0,0.0,0.0
83,712000000,odom,base_link,-1.6603653464107766,0.09704291760619012,-0.10375593425170541,-1.8029805039126043e-05,0.0028683460522081184,-1.0822346841722707e-05,0.9999958860659016,0.0,0.0,0.0,0.0,0.0,0.0,0.0,0.0,0.0,0.0,0.0,0.0,0.0,0.0,0.0,0.0,0.0,0.0,0.0,0.0,0.0,0.0,0.0,0.0,0.0,0.0,0.0,0.0,0.0,0.0,0.0,0.0,0.0,0.0,0.0,0.0,0.0032032926549137126,9.186110379367452e-05,4.689606390756587e-05,-4.1566110553503677e-07,-5.3421835133349305e-05,3.3469485183346137e-06,0.0,0.0,0.0,0.0,0.0,0.0,0.0,0.0,0.0,0.0,0.0,0.0,0.0,0.0,0.0,0.0,0.0,0.0,0.0,0.0,0.0,0.0,0.0,0.0,0.0,0.0,0.0,0.0,0.0,0.0,0.0,0.0,0.0,0.0,0.0,0.0
83,746000000,odom,base_link,-1.6602564619228894,0.0970460388783516,-0.10375494224377627,-1.803324784074883e-05,0.0028674150587261844,-1.0758538744652979e-05,0.9999958887365171,0.0,0.0,0.0,0.0,0.0,0.0,0.0,0.0,0.0,0.0,0.0,0.0,0.0,0.0,0.0,0.0,0.0,0.0,0.0,0.0,0.0,0.0,0.0,0.0,0.0,0.0,0.0,0.0,0.0,0.0,0.0,0.0,0.0,0.0,0.0,0.0,0.003201702305867007,9.187466374455364e-05,4.776202077635174e-05,-1.0513795806188497e-07,-5.5057569881000745e-05,3.96309545180884e-06,0.0,0.0,0.0,0.0,0.0,0.0,0.0,0.0,0.0,0.0,0.0,0.0,0.0,0.0,0.0,0.0,0.0,0.0,0.0,0.0,0.0,0.0,0.0,0.0,0.0,0.0,0.0,0.0,0.0,0.0,0.0,0.0,0.0,0.0,0.0,0.0
83,780000000,odom,base_link,-1.660147631246395,0.09704916066578732,-0.10375394381526261,-1.8032940436381282e-05,0.002866495609485509,-1.0692998099258464e-05,0.9999958913732565,0.0,0.0,0.0,0.0,0.0,0.0,0.0,0.0,0.0,0.0,0.0,0.0,0.0,0.0,0.0,0.0,0.0,0.0,0.0,0.0,0.0,0.0,0.0,0.0,0.0,0.0,0.0,0.0,0.0,0.0,0.0,0.0,0.0,0.0,0.0,0.0,0.0032001224417870346,9.189026621531274e-05,4.759843000931643e-05,1.0141079365144634e-07,-5.3335356398065414e-05,3.6392389102246625e-06,0.0,0.0,0.0,0.0,0.0,0.0,0.0,0.0,0.0,0.0,0.0,0.0,0.0,0.0,0.0,0.0,0.0,0.0,0.0,0.0,0.0,0.0,0.0,0.0,0.0,0.0,0.0,0.0,0.0,0.0,0.0,0.0,0.0,0.0,0.0,0.0
83,814000000,odom,base_link,-1.6600388543297706,0.09705228301862005,-0.10375296500990264,-1.8033866957069382e-05,0.0028655930200183664,-1.0635937287360844e-05,0.9999958939607203,0.0,0.0,0.0,0.0,0.0,0.0,0.0,0.0,0.0,0.0,0.0,0.0,0.0,0.0,0.0,0.0,0.0,0.0,0.0,0.0,0.0,0.0,0.0,0.0,0.0,0.0,0.0,0.0,0.0,0.0,0.0,0.0,0.0,0.0,0.0,0.0,0.003198542553178867,9.190639748335685e-05,4.716003009432842e-05,-3.2753669776397487e-07,-5.3599742955157126e-05,3.3603505311674553e-06,0.0,0.0,0.0,0.0,0.0,0.0,0.0,0.0,0.0,0.0,0.0,0.0,0.0,0.0,0.0,0.0,0.0,0.0,0.0,0.0,0.0,0.0,0.0,0.0,0.0,0.0,0.0,0.0,0.0,0.0,0.0,0.0,0.0,0.0,0.0,0.0
83,848000000,odom,base_link,-1.6599301312811146,0.09705540587834595,-0.10375196375368814,-1.803627189352913e-05,0.0028646621272945152,-1.0571964064077915e-05,0.9999958966284926,0.0,0.0,0.0,0.0,0.0,0.0,0.0,0.0,0.0,0.0,0.0,0.0,0.0,0.0,0.0,0.0,0.0,0.0,0.0,0.0,0.0,0.0,0.0,0.0,0.0,0.0,0.0,0.0,0.0,0.0,0.0,0.0,0.0,0.0,0.0,0.0,0.0031969532441276727,9.19201007851053e-05,4.7967902309705865e-05,-5.592696063205782e-08,-5.50032918766874e-05,3.971081730114179e-06,0.0,0.0,0.0,0.0,0.0,0.0,0.0,0.0,0.0,0.0,0.0,0.0,0.0,0.0,0.0,0.0,0.0,0.0,0.0,0.0,0.0,0.0,0.0,0.0,0.0,0.0,0.0,0.0,0.0,0.0,0.0,0.0,0.0,0.0,0.0,0.0
83,882000000,odom,base_link,-1.6598214620893041,0.0970585292238561,-0.1037509373214499,-1.803619634896203e-05,0.0028637226782119796,-1.0497343279753284e-05,0.9999958993200541,0.0,0.0,0.0,0.0,0.0,0.0,0.0,0.0,0.0,0.0,0.0,0.0,0.0,0.0,0.0,0.0,0.0,0.0,0.0,0.0,0.0,0.0,0.0,0.0,0.0,0.0,0.0,0.0,0.0,0.0,0.0,0.0,0.0,0.0,0.0,0.0,0.0031953642405986847,9.193387817724996e-05,4.889372104877486e-05,4.7641434200440536e-08,-5.5384770902833225e-05,4.6356669614056045e-06,0.0,0.0,0.0,0.0,0.0,0.0,0.0,0.0,0.0,0.0,0.0,0.0,0.0,0.0,0.0,0.0,0.0,0.0,0.0,0.0,0.0,0.0,0.0,0.0,0.0,0.0,0.0,0.0,0.0,0.0,0.0,0.0,0.0,0.0,0.0,0.0
83,916000000,odom,base_link,-1.6597128467409372,0.09706165306446143,-0.10374988937071683,-1.8035052548499002e-05,0.0028627858630112797,-1.0413316435335039e-05,0.9999959020033043,0.0,0.0,0.0,0.0,0.0,0.0,0.0,0.0,0.0,0.0,0.0,0.0,0.0,0.0,0.0,0.0,0.0,0.0,0.0,0.0,0.0,0.0,0.0,0.0,0.0,0.0,0.0,0.0,0.0,0.0,0.0,0.0,0.0,0.0,0.0,0.0,0.003193779830359304,9.194836769955724e-05,4.9137811063545685e-05,1.0726166829733152e-07,-5.457730800628724e-05,4.933190966838197e-06,0.0,0.0,0.0,0.0,0.0,0.0,0.0,0.0,0.0,0.0,0.0,0.0,0.0,0.0,0.0,0.0,0.0,0.0,0.0,0.0,0.0,0.0,0.0,0.0,0.0,0.0,0.0,0.0,0.0,0.0,0.0,0.0,0.0,0.0,0.0,0.0
83,950000000,odom,base_link,-1.6596042851454262,0.09706477747949804,-0.10374885192086633,-1.8032607958281824e-05,0.002861876997922426,-1.033959434264801e-05,0.9999959046055972,0.0,0.0,0.0,0.0,0.0,0.0,0.0,0.0,0.0,0.0,0.0,0.0,0.0,0.0,0.0,0.0,0.0,0.0,0.0,0.0,0.0,0.0,0.0,0.0,0.0,0.0,0.0,0.0,0.0,0.0,0.0,0.0,0.0,0.0,0.0,0.0,0.0031922028786345474,9.196532970554801e-05,4.8461051307090184e-05,1.7419329867429667e-07,-5.311564557075599e-05,4.0327921890792595e-06,0.0,0.0,0.0,0.0,0.0,0.0,0.0,0.0,0.0,0.0,0.0,0.0,0.0,0.0,0.0,0.0,0.0,0.0,0.0,0.0,0.0,0.0,0.0,0.0,0.0,0.0,0.0,0.0,0.0,0.0,0.0,0.0,0.0,0.0,0.0,0.0
83,984000000,odom,base_link,-1.6594957773726917,0.0970679024569231,-0.10374781692070241,-1.803033362209135e-05,0.0028609585200192193,-1.0272885079399598e-05,0.9999959072344854,0.0,0.0,0.0,0.0,0.0,0.0,0.0,0.0,0.0,0.0,0.0,0.0,0.0,0.0,0.0,0.0,0.0,0.0,0.0,0.0,0.0,0.0,0.0,0.0,0.0,0.0,0.0,0.0,0.0,0.0,0.0,0.0,0.0,0.0,0.0,0.0,0.0031906159399558987,9.198080344047434e-05,4.895834682092337e-05,1.2473924115852242e-07,-5.468245269923955e-05,3.955352756435104e-06,0.0,0.0,0.0,0.0,0.0,0.0,0.0,0.0,0.0,0.0,0.0,0.0,0.0,0.0,0.0,0.0,0.0,0.0,0.0,0.0,0.0,0.0,0.0,0.0,0.0,0.0,0.0,0.0,0.0,0.0,0.0,0.0,0.0,0.0,0.0,0.0
84,18000000,odom,base_link,-1.6593873234504466,0.09707102797136419,-0.1037467748822879,-1.8028582848348362e-05,0.0028600307904337184,-1.0206924391412823e-05,0.9999959098889688,0.0,0.0,0.0,0.0,0.0,0.0,0.0,0.0,0.0,0.0,0.0,0.0,0.0,0.0,0.0,0.0,0.0,0.0,0.0,0.0,0.0,0.0,0.0,0.0,0.0,0.0,0.0,0.0,0.0,0.0,0.0,0.0,0.0,0.0,0.0,0.0,0.003189034655154357,9.199656453026683e-05,4.8759776176901375e-05,1.1682842956939332e-07,-5.401089140377735e-05,3.667032255627589e-06,0.0,0.0,0.0,0.0,0.0,0.0,0.0,0.0,0.0,0.0,0.0,0.0,0.0,0.0,0.0,0.0,0.0,0.0,0.0,0.0,0.0,0.0,0.0,0.0,0.0,0.0,0.0,0.0,0.0,0.0,0.0,0.0,0.0,0.0,0.0,0.0
84,52000000,odom,base_link,-1.6592789232780885,0.0970741540719187,-0.10374576120910317,-1.8026857614654023e-05,0.002859126446789034,-1.0155361175056119e-05,0.9999959124755773,0.0,0.0,0.0,0.0,0.0,0.0,0.0,0.0,0.0,0.0,0.0,0.0,0.0,0.0,0.0,0.0,0.0,0.0,0.0,0.0,0.0,0.0,0.0,0.0,0.0,0.0,0.0,0.0,0.0,0.0,0.0,0.0,0.0,0.0,0.0,0.0,0.003187460536455861,9.201360416050472e-05,4.753014237046184e-05,1.0737233116508982e-07,-5.294068543548747e-05,2.7132370128413186e-06,0.0,0.0,0.0,0.0,0.0,0.0,0.0,0.0,0.0,0.0,0.0,0.0,0.0,0.0,0.0,0.0,0.0,0.0,0.0,0.0,0.0,0.0,0.0,0.0,0.0,0.0,0.0,0.0,0.0,0.0,0.0,0.0,0.0,0.0,0.0,0.0
84,86000000,odom,base_link,-1.6591705769437426,0.0970772807025591,-0.10374475265228954,-1.802553071095761e-05,0.002858201912216017,-1.0104512248063376e-05,0.9999959151190609,0.0,0.0,0.0,0.0,0.0,0.0,0.0,0.0,0.0,0.0,0.0,0.0,0.0,0.0,0.0,0.0,0.0,0.0,0.0,0.0,0.0,0.0,0.0,0.0,0.0,0.0,0.0,0.0,0.0,0.0,0.0,0.0,0.0,0.0,0.0,0.0,0.0031858730218502643,9.202779564236564e-05,4.811377897436122e-05,7.839885893257126e-08,-5.488695080657635e-05,3.2173040453997714e-06,0.0,0.0,0.0,0.0,0.0,0.0,0.0,0.0,0.0,0.0,0.0,0.0,0.0,0.0,0.0,0.0,0.0,0.0,0.0,0.0,0.0,0.0,0.0,0.0,0.0,0.0,0.0,0.0,0.0,0.0,0.0,0.0,0.0,0.0,0.0,0.0
84,120000000,odom,base_link,-1.6590622844230467,0.09708040782776857,-0.10374373831025653,-1.802434308079411e-05,0.002857275138145487,-1.0045748699962334e-05,0.9999959177681631,0.0,0.0,0.0,0.0,0.0,0.0,0.0,0.0,0.0,0.0,0.0,0.0,0.0,0.0,0.0,0.0,0.0,0.0,0.0,0.0,0.0,0.0,0.0,0.0,0.0,0.0,0.0,0.0,0.0,0.0,0.0,0.0,0.0,0.0,0.0,0.0,0.0031842931923613906,9.204236962440138e-05,4.78974395445398e-05,9.170228743027309e-08,-5.377186056421124e-05,3.4394581405194913e-06,0.0,0.0,0.0,0.0,0.0,0.0,0.0,0.0,0.0,0.0,0.0,0.0,0.0,0.0,0.0,0.0,0.0,0.0,0.0,0.0,0.0,0.0,0.0,0.0,0.0,0.0,0.0,0.0,0.0,0.0,0.0,0.0,0.0,0.0,0.0,0.0
84,154000000,odom,base_link,-1.6589540456157117,0.09708353548580734,-0.10374275266971432,-1.8022679649987187e-05,0.00285637420803714,-9.990136197978918e-06,0.9999959203425601,0.0,0.0,0.0,0.0,0.0,0.0,0.0,0.0,0.0,0.0,0.0,0.0,0.0,0.0,0.0,0.0,0.0,0.0,0.0,0.0,0.0,0.0,0.0,0.0,0.0,0.0,0.0,0.0,0.0,0.0,0.0,0.0,0.0,0.0,0.0,0.0,0.0031827196474226473,9.205773487305278e-05,4.669136179778555e-05,1.1258630694399585e-07,-5.280454047351668e-05,3.198071785170953e-06,0.0,0.0,0.0,0.0,0.0,0.0,0.0,0.0,0.0,0.0,0.0,0.0,0.0,0.0,0.0,0.0,0.0,0.0,0.0,0.0,0.0,0.0,0.0,0.0,0.0,0.0,0.0,0.0,0.0,0.0,0.0,0.0,0.0,0.0,0.0,0.0
84,188000000,odom,base_link,-1.6588458606257535,0.097086663644679,-0.10374176709960693,-1.8021254511415983e-05,0.002855450726582171,-9.92879775125036e-06,0.9999959229805897,0.0,0.0,0.0,0.0,0.0,0.0,0.0,0.0,0.0,0.0,0.0,0.0,0.0,0.0,0.0,0.0,0.0,0.0,0.0,0.0,0.0,0.0,0.0,0.0,0.0,0.0,0.0,0.0,0.0,0.0,0.0,0.0,0.0,0.0,0.0,0.0,0.003181132162185155,9.20715083404657e-05,4.7382120230780086e-05,8.725950517707304e-08,-5.4764080559266404e-05,3.8502931953843245e-06,0.0,0.0,0.0,0.0,0.0,0.0,0.0,0.0,0.0,0.0,0.0,0.0,0.0,0.0,0.0,0.0,0.0,0.0,0.0,0.0,0.0,0.0,0.0,0.0,0.0,0.0,0.0,0.0,0.0,0.0,0.0,0.0,0.0,0.0,0.0,0.0
84,222000000,odom,base_link,-1.6587377294190493,0.09708979230089225,-0.10374077598527733,-1.8019907357049828e-05,0.002854528091900807,-9.860621632710348e-06,0.9999959256154115,0.0,0.0,0.0,0.0,0.0,0.0,0.0,0.0,0.0,0.0,0.0,0.0,0.0,0.0,0.0,0.0,0.0,0.0,0.0,0.0,0.0,0.0,0.0,0.0,0.0,0.0,0.0,0.0,0.0,0.0,0.0,0.0,0.0,0.0,0.0,0.0,0.0031795532201965584,9.208640373459082e-05,4.7182958128488234e-05,1.0191807536807929e-07,-5.348845597552554e-05,3.873304876833572e-06,0.0,0.0,0.0,0.0,0.0,0.0,0.0,0.0,0.0,0.0,0.0,0.0,0.0,0.0,0.0,0.0,0.0,0.0,0.0,0.0,0.0,0.0,0.0,0.0,0.0,0.0,0.0,0.0,0.0,0.0,0.0,0.0,0.0,0.0,0.0,0.0
84,256000000,odom,base_link,-1.6586296519005113,0.09709292151293629,-0.10373981154843571,-1.80181636494495e-05,0.0028536306558521545,-9.80119683225674e-06,0.9999959281773912,0.0,0.0,0.0,0.0,0.0,0.0,0.0,0.0,0.0,0.0,0.0,0.0,0.0,0.0,0.0,0.0,0.0,0.0,0.0,0.0,0.0,0.0,0.0,0.0,0.0,0.0,0.0,0.0,0.0,0.0,0.0,0.0,0.0,0.0,0.0,0.0,0.003177979696264966,9.210237330333991e-05,4.6073630407219825e-05,1.1543576927675048e-07,-5.2662288752003406e-05,3.323082875539285e-06,0.0,0.0,0.0,0.0,0.0,0.0,0.0,0.0,0.0,0.0,0.0,0.0,0.0,0.0,0.0,0.0,0.0,0.0,0.0,0.0,0.0,0.0,0.0,0.0,0.0,0.0,0.0,0.0,0.0,0.0,0.0,0.0,0.0,0.0,0.0,0.0
84,290000000,odom,base_link,-1.658521628181472,0.0970960512407847,-0.10373884280402669,-1.801674270076465e-05,0.0028527089963148677,-9.739793331065284e-06,0.9999959308076787,0.0,0.0,0.0,0.0,0.0,0.0,0.0,0.0,0.0,0.0,0.0,0.0,0.0,0.0,0.0,0.0,0.0,0.0,0.0,0.0,0.0,0.0,0.0,0.0,0.0,0.0,0.0,0.0,0.0,0.0,0.0,0.0,0.0,0.0,0.0,0.0,0.003176392220291263,9.211650451743622e-05,4.6856453392639655e-05,8.607284190942366e-08,-5.463599279664777e-05,3.784620905555869e-06,0.0,0.0,0.0,0.0,0.0,0.0,0.0,0.0,0.0,0.0,0.0,0.0,0.0,0.0,0.0,0.0,0.0,0.0,0.0,0.0,0.0,0.0,0.0,0.0,0.0,0.0,0.0,0.0,0.0,0.0,0.0,0.0,0.0,0.0,0.0,0.0
84,324000000,odom,base_link,-1.6584136582120963,0.0970991814805422,-0.10373786605403498,-1.801539305202077e-05,0.002851791313864347,-9.675458229959836e-06,0.9999959334257982,0.0,0.0,0.0,0.0,0.0,0.0,0.0,0.0,0.0,0.0,0.0,0.0,0.0,0.0,0.0,0.0,0.0,0.0,0.0,0.0,0.0,0.0,0.0,0.0,0.0,0.0,0.0,0.0,0.0,0.0,0.0,0.0,0.0,0.0,0.0,0.0,0.0031748138682085197,9.213183047364321e-05,4.6753808204490086e-05,1.0115350709827275e-07,-5.318560205580525e-05,3.5838476852845247e-06,0.0,0.0,0.0,0.0,0.0,0.0,0.0,0.0,0.0,0.0,0.0,0.0,0.0,0.0,0.0,0.0,0.0,0.0,0.0,0.0,0.0,0.0,0.0,0.0,0.0,0.0,0.0,0.0,0.0,0.0,0.0,0.0,0.0,0.0,0.0,0.0
84,358000000,odom,base_link,-1.6583057419053295,0.09710231228399446,-0.10373691032806867,-1.8015940074422762e-05,0.002850896521573906,-9.621083394442678e-06,0.9999959359776838,0.0,0.0,0.0,0.0,0.0,0.0,0.0,0.0,0.0,0.0,0.0,0.0,0.0,0.0,0.0,0.0,0.0,0.0,0.0,0.0,0.0,0.0,0.0,0.0,0.0,0.0,0.0,0.0,0.0,0.0,0.0,0.0,0.0,0.0,0.0,0.0,0.0031732392135597727,9.214819999042294e-05,4.597558050681312e-05,-3.40153412381472e-07,-5.2658877081057653e-05,3.0636150949447938e-06,0.0,0.0,0.0,0.0,0.0,0.0,0.0,0.0,0.0,0.0,0.0,0.0,0.0,0.0,0.0,0.0,0.0,0.0,0.0,0.0,0.0,0.0,0.0,0.0,0.0,0.0,0.0,0.0,0.0,0.0,0.0,0.0,0.0,0.0,0.0,0.0
84,392000000,odom,base_link,-1.658197879371333,0.09710544359997794,-0.10373593827294479,-1.8019477478880078e-05,0.0028499752215005096,-9.562603336488177e-06,0.9999959386042985,0.0,0.0,0.0,0.0,0.0,0.0,0.0,0.0,0.0,0.0,0.0,0.0,0.0,0.0,0.0,0.0,0.0,0.0,0.0,0.0,0.0,0.0,0.0,0.0,0.0,0.0,0.0,0.0,0.0,0.0,0.0,0.0,0.0,0.0,0.0,0.0,0.0031716514203241368,9.216183615815172e-05,4.692690643721229e-05,-1.0284693929829558e-07,-5.455795673015018e-05,3.6381097245907768e-06,0.0,0.0,0.0,0.0,0.0,0.0,0.0,0.0,0.0,0.0,0.0,0.0,0.0,0.0,0.0,0.0,0.0,0.0,0.0,0.0,0.0,0.0,0.0,0.0,0.0,0.0,0.0,0.0,0.0,0.0,0.0,0.0,0.0,0.0,0.0,0.0
84,426000000,odom,base_link,-1.658090070553599,0.09710857542053171,-0.1037349561121884,-1.801919100666352e-05,0.0028490618300262304,-9.500801409298414e-06,0.9999959412076292,0.0,0.0,0.0,0.0,0.0,0.0,0.0,0.0,0.0,0.0,0.0,0.0,0.0,0.0,0.0,0.0,0.0,0.0,0.0,0.0,0.0,0.0,0.0,0.0,0.0,0.0,0.0,0.0,0.0,0.0,0.0,0.0,0.0,0.0,0.0,0.0,0.003170073702699934,9.21770389104073e-05,4.6885345814827345e-05,1.0113735821049019e-07,-5.296144891531185e-05,3.463625120048164e-06,0.0,0.0,0.0,0.0,0.0,0.0,0.0,0.0,0.0,0.0,0.0,0.0,0.0,0.0,0.0,0.0,0.0,0.0,0.0,0.0,0.0,0.0,0.0,0.0,0.0,0.0,0.0,0.0,0.0,0.0,0.0,0.0,0.0,0.0,0.0,0.0
84,460000000,odom,base_link,-1.657982315388945,0.09711170779081656,-0.10373399276057778,-1.8016579821756616e-05,0.0028481676507791263,-9.446608589239927e-06,0.9999959437553722,0.0,0.0,0.0,0.0,0.0,0.0,0.0,0.0,0.0,0.0,0.0,0.0,0.0,0.0,0.0,0.0,0.0,0.0,0.0,0.0,0.0,0.0,0.0,0.0,0.0,0.0,0.0,0.0,0.0,0.0,0.0,0.0,0.0,0.0,0.0,0.0,0.0031684980103709563,9.219261564039445e-05,4.624383227796881e-05,1.7380622358009745e-07,-5.290225715270935e-05,3.1368156738764696e-06,0.0,0.0,0.0,0.0,0.0,0.0,0.0,0.0,0.0,0.0,0.0,0.0,0.0,0.0,0.0,0.0,0.0,0.0,0.0,0.0,0.0,0.0,0.0,0.0,0.0,0.0,0.0,0.0,0.0,0.0,0.0,0.0,0.0,0.0,0.0,0.0
84,494000000,odom,base_link,-1.6578746139950216,0.09711484066226998,-0.10373300846505146,-1.801444163773908e-05,0.0028472448308936482,-9.386174678585101e-06,0.9999959463839104,0.0,0.0,0.0,0.0,0.0,0.0,0.0,0.0,0.0,0.0,0.0,0.0,0.0,0.0,0.0,0.0,0.0,0.0,0.0,0.0,0.0,0.0,0.0,0.0,0.0,0.0,0.0,0.0,0.0,0.0,0.0,0.0,0.0,0.0,0.0,0.0,0.003166910426271661,9.220643489945673e-05,4.7261046149832023e-05,1.229752438769438e-07,-5.458639975586266e-05,3.7712097444853043e-06,0.0,0.0,0.0,0.0,0.0,0.0,0.0,0.0,0.0,0.0,0.0,0.0,0.0,0.0,0.0,0.0,0.0,0.0,0.0,0.0,0.0,0.0,0.0,0.0,0.0,0.0,0.0,0.0,0.0,0.0,0.0,0.0,0.0,0.0,0.0,0.0
84,528000000,odom,base_link,-1.657766966299855,0.09711797404327276,-0.10373201310431084,-1.8012664548525705e-05,0.00284633174760598,-9.32220883677031e-06,0.9999959489839061,0.0,0.0,0.0,0.0,0.0,0.0,0.0,0.0,0.0,0.0,0.0,0.0,0.0,0.0,0.0,0.0,0.0,0.0,0.0,0.0,0.0,0.0,0.0,0.0,0.0,0.0,0.0,0.0,0.0,0.0,0.0,0.0,0.0,0.0,0.0,0.0,0.00316533314739767,9.222175901918948e-05,4.722398835538922e-05,1.1511959857601894e-07,-5.292144784618813e-05,3.5707410361851544e-06,0.0,0.0,0.0,0.0,0.0,0.0,0.0,0.0,0.0,0.0,0.0,0.0,0.0,0.0,0.0,0.0,0.0,0.0,0.0,0.0,0.0,0.0,0.0,0.0,0.0,0.0,0.0,0.0,0.0,0.0,0.0,0.0,0.0,0.0,0.0,0.0
84,562000000,odom,base_link,-1.6576593722450081,0.09712110797599738,-0.10373103552798774,-1.8010946201899264e-05,0.002845437220883198,-9.26655092586501e-06,0.9999959515301844,0.0,0.0,0.0,0.0,0.0,0.0,0.0,0.0,0.0,0.0,0.0,0.0,0.0,0.0,0.0,0.0,0.0,0.0,0.0,0.0,0.0,0.0,0.0,0.0,0.0,0.0,0.0,0.0,0.0,0.0,0.0,0.0,0.0,0.0,0.0,0.0,0.0031637568972669302,9.223727081872452e-05,4.672122302236719e-05,1.0477138254194607e-07,-5.3072666972298066e-05,3.2394497972987324e-06,0.0,0.0,0.0,0.0,0.0,0.0,0.0,0.0,0.0,0.0,0.0,0.0,0.0,0.0,0.0,0.0,0.0,0.0,0.0,0.0,0.0,0.0,0.0,0.0,0.0,0.0,0.0,0.0,0.0,0.0,0.0,0.0,0.0,0.0,0.0,0.0
84,596000000,odom,base_link,-1.6575518319427578,0.09712424241032847,-0.10373003740675114,-1.8009590390584016e-05,0.002844515850558642,-9.205760098751924e-06,0.9999959541520579,0.0,0.0,0.0,0.0,0.0,0.0,0.0,0.0,0.0,0.0,0.0,0.0,0.0,0.0,0.0,0.0,0.0,0.0,0.0,0.0,0.0,0.0,0.0,0.0,0.0,0.0,0.0,0.0,0.0,0.0,0.0,0.0,0.0,0.0,0.0,0.0,0.003162171059801412,9.225119620335529e-05,4.755980577661455e-05,8.54488833856859e-08,-5.4435113128192825e-05,3.750436183835859e-06,0.0,0.0,0.0,0.0,0.0,0.0,0.0,0.0,0.0,0.0,0.0,0.0,0.0,0.0,0.0,0.0,0.0,0.0,0.0,0.0,0.0,0.0,0.0,0.0,0.0,0.0,0.0,0.0,0.0,0.0,0.0,0.0,0.0,0.0,0.0,0.0
84,630000000,odom,base_link,-1.6574443453042913,0.09712737736405629,-0.1037290332682601,-1.800803770869378e-05,0.00284360840998644,-9.144834952569076e-06,0.9999959567334726,0.0,0.0,0.0,0.0,0.0,0.0,0.0,0.0,0.0,0.0,0.0,0.0,0.0,0.0,0.0,0.0,0.0,0.0,0.0,0.0,0.0,0.0,0.0,0.0,0.0,0.0,0.0,0.0,0.0,0.0,0.0,0.0,0.0,0.0,0.0,0.0,0.003160595445755026,9.226682045145786e-05,4.738617067230752e-05,1.144812480924351e-07,-5.2705415143350365e-05,3.3605042304429844e-06,0.0,0.0,0.0,0.0,0.0,0.0,0.0,0.0,0.0,0.0,0.0,0.0,0.0,0.0,0.0,0.0,0.0,0.0,0.0,0.0,0.0,0.0,0.0,0.0,0.0,0.0,0.0,0.0,0.0,0.0,0.0,0.0,0.0,0.0,0.0,0.0
84,664000000,odom,base_link,-1.6573369123013062,0.09713051286726138,-0.10372804956104843,-1.800616592432532e-05,0.002842714080170659,-9.092423087629716e-06,0.9999959592767184,0.0,0.0,0.0,0.0,0.0,0.0,0.0,0.0,0.0,0.0,0.0,0.0,0.0,0.0,0.0,0.0,0.0,0.0,0.0,0.0,0.0,0.0,0.0,0.0,0.0,0.0,0.0,0.0,0.0,0.0,0.0,0.0,0.0,0.0,0.0,0.0,0.0031590189928269938,9.22821452646168e-05,4.693295731489662e-05,1.1270645874916774e-07,-5.3236740882312006e-05,3.101565959617858e-06,0.0,0.0,0.0,0.0,0.0,0.0,0.0,0.0,0.0,0.0,0.0,0.0,0.0,0.0,0.0,0.0,0.0,0.0,0.0,0.0,0.0,0.0,0.0,0.0,0.0,0.0,0.0,0.0,0.0,0.0,0.0,0.0,0.0,0.0,0.0,0.0
84,698000000,odom,base_link,-1.657229533036198,0.09713364886234035,-0.10372704439154813,-1.8004728866600476e-05,0.0028417920039426683,-9.033042387718076e-06,0.9999959618980669,0.0,0.0,0.0,0.0,0.0,0.0,0.0,0.0,0.0,0.0,0.0,0.0,0.0,0.0,0.0,0.0,0.0,0.0,0.0,0.0,0.0,0.0,0.0,0.0,0.0,0.0,0.0,0.0,0.0,0.0,0.0,0.0,0.0,0.0,0.0,0.0,0.003157434210176028,9.229582818976465e-05,4.769576073960365e-05,8.875308959988004e-08,-5.444460065007206e-05,3.695698591599239e-06,0.0,0.0,0.0,0.0,0.0,0.0,0.0,0.0,0.0,0.0,0.0,0.0,0.0,0.0,0.0,0.0,0.0,0.0,0.0,0.0,0.0,0.0,0.0,0.0,0.0,0.0,0.0,0.0,0.0,0.0,0.0,0.0,0.0,0.0,0.0,0.0
84,732000000,odom,base_link,-1.657122207415996,0.09713678536830478,-0.103726036461,-1.8003166460866826e-05,0.0028408852505343936,-8.972205161144336e-06,0.9999959644750467,0.0,0.0,0.0,0.0,0.0,0.0,0.0,0.0,0.0,0.0,0.0,0.0,0.0,0.0,0.0,0.0,0.0,0.0,0.0,0.0,0.0,0.0,0.0,0.0,0.0,0.0,0.0,0.0,0.0,0.0,0.0,0.0,0.0,0.0,0.0,0.0,0.0031558597895311874,9.231120826217942e-05,4.74108425993014e-05,1.1344392578105378e-07,-5.2640523051650234e-05,3.3819366640486237e-06,0.0,0.0,0.0,0.0,0.0,0.0,0.0,0.0,0.0,0.0,0.0,0.0,0.0,0.0,0.0,0.0,0.0,0.0,0.0,0.0,0.0,0.0,0.0,0.0,0.0,0.0,0.0,0.0,0.0,0.0,0.0,0.0,0.0,0.0,0.0,0.0
84,766000000,odom,base_link,-1.6570149354153474,0.09713992241468991,-0.10372505021126519,-1.8001353710149765e-05,0.002839990516589596,-8.918336916807089e-06,0.9999959670170077,0.0,0.0,0.0,0.0,0.0,0.0,0.0,0.0,0.0,0.0,0.0,0.0,0.0,0.0,0.0,0.0,0.0,0.0,0.0,0.0,0.0,0.0,0.0,0.0,0.0,0.0,0.0,0.0,0.0,0.0,0.0,0.0,0.0,0.0,0.0,0.0,0.0031542833042430434,9.232624845701598e-05,4.703086196091777e-05,1.0830594823763029e-07,-5.335369444026128e-05,3.2302408969897556e-06,0.0,0.0,0.0,0.0,0.0,0.0,0.0,0.0,0.0,0.0,0.0,0.0,0.0,0.0,0.0,0.0,0.0,0.0,0.0,0.0,0.0,0.0,0.0,0.0,0.0,0.0,0.0,0.0,0.0,0.0,0.0,0.0,0.0,0.0,0.0,0.0
84,800000000,odom,base_link,-1.656907717132073,0.09714305994933123,-0.1037240427294724,-1.799995794618777e-05,0.002839068975439021,-8.857117083607778e-06,0.9999959696343309,0.0,0.0,0.0,0.0,0.0,0.0,0.0,0.0,0.0,0.0,0.0,0.0,0.0,0.0,0.0,0.0,0.0,0.0,0.0,0.0,0.0,0.0,0.0,0.0,0.0,0.0,0.0,0.0,0.0,0.0,0.0,0.0,0.0,0.0,0.0,0.0,0.0031526998819750166,9.233991054478023e-05,4.767919636160238e-05,8.74170492937143e-08,-5.437442531786019e-05,3.7933592045291675e-06,0.0,0.0,0.0,0.0,0.0,0.0,0.0,0.0,0.0,0.0,0.0,0.0,0.0,0.0,0.0,0.0,0.0,0.0,0.0,0.0,0.0,0.0,0.0,0.0,0.0,0.0,0.0,0.0,0.0,0.0,0.0,0.0,0.0,0.0,0.0,0.0
84,834000000,odom,base_link,-1.656800552524495,0.09714619796157181,-0.10372300834259081,-1.7998786443492353e-05,0.0028381415349522897,-8.785946731362805e-06,0.9999959722676278,0.0,0.0,0.0,0.0,0.0,0.0,0.0,0.0,0.0,0.0,0.0,0.0,0.0,0.0,0.0,0.0,0.0,0.0,0.0,0.0,0.0,0.0,0.0,0.0,0.0,0.0,0.0,0.0,0.0,0.0,0.0,0.0,0.0,0.0,0.0,0.0,0.003151115877474346,9.235342994511989e-05,4.866259804043369e-05,7.8782502743735e-08,-5.467558317207022e-05,4.408442810799329e-06,0.0,0.0,0.0,0.0,0.0,0.0,0.0,0.0,0.0,0.0,0.0,0.0,0.0,0.0,0.0,0.0,0.0,0.0,0.0,0.0,0.0,0.0,0.0,0.0,0.0,0.0,0.0,0.0,0.0,0.0,0.0,0.0,0.0,0.0,0.0,0.0
84,868000000,odom,base_link,-1.656693441583107,0.0971493364666713,-0.1037219585711135,-1.7997529378180073e-05,0.0028372211845881373,-8.708757376146696e-06,0.9999959748799974,0.0,0.0,0.0,0.0,0.0,0.0,0.0,0.0,0.0,0.0,0.0,0.0,0.0,0.0,0.0,0.0,0.0,0.0,0.0,0.0,0.0,0.0,0.0,0.0,0.0,0.0,0.0,0.0,0.0,0.0,0.0,0.0,0.0,0.0,0.0,0.0,0.003149538664411055,9.236824894023118e-05,4.867864893920245e-05,1.0354392065980988e-07,-5.3322683513101765e-05,4.332694514275204e-06,0.0,0.0,0.0,0.0,0.0,0.0,0.0,0.0,0.0,0.0,0.0,0.0,0.0,0.0,0.0,0.0,0.0,0.0,0.0,0.0,0.0,0.0,0.0,0.0,0.0,0.0,0.0,0.0,0.0,0.0,0.0,0.0,0.0,0.0,0.0,0.0
84,902000000,odom,base_link,-1.656586384219541,0.09715247554587493,-0.10372093343133468,-1.7995574043096406e-05,0.002836330176320739,-8.64644820307585e-06,0.9999959774081739,0.0,0.0,0.0,0.0,0.0,0.0,0.0,0.0,0.0,0.0,0.0,0.0,0.0,0.0,0.0,0.0,0.0,0.0,0.0,0.0,0.0,0.0,0.0,0.0,0.0,0.0,0.0,0.0,0.0,0.0,0.0,0.0,0.0,0.0,0.0,0.0,0.0031479689054057618,9.238493399279478e-05,4.75145795064209e-05,1.3317223712672188e-07,-5.211931615178855e-05,3.3248510389327635e-06,0.0,0.0,0.0,0.0,0.0,0.0,0.0,0.0,0.0,0.0,0.0,0.0,0.0,0.0,0.0,0.0,0.0,0.0,0.0,0.0,0.0,0.0,0.0,0.0,0.0,0.0,0.0,0.0,0.0,0.0,0.0,0.0,0.0,0.0,0.0,0.0
84,936000000,odom,base_link,-1.6564793805432954,0.09715561516332795,-0.10371991973515815,-1.7993801023722086e-05,0.002835419910801016,-8.590076152900476e-06,0.9999959799901014,0.0,0.0,0.0,0.0,0.0,0.0,0.0,0.0,0.0,0.0,0.0,0.0,0.0,0.0,0.0,0.0,0.0,0.0,0.0,0.0,0.0,0.0,0.0,0.0,0.0,0.0,0.0,0.0,0.0,0.0,0.0,0.0,0.0,0.0,0.0,0.0,0.0031463863557812596,9.239955377745816e-05,4.7942170812723764e-05,1.0180955800631608e-07,-5.4258691761788214e-05,3.433168593858227e-06,0.0,0.0,0.0,0.0,0.0,0.0,0.0,0.0,0.0,0.0,0.0,0.0,0.0,0.0,0.0,0.0,0.0,0.0,0.0,0.0,0.0,0.0,0.0,0.0,0.0,0.0,0.0,0.0,0.0,0.0,0.0,0.0,0.0,0.0,0.0,0.0
84,970000000,odom,base_link,-1.6563724305397112,0.09715875528903109,-0.10371889739601377,-1.7992292734447515e-05,0.002834503531380474,-8.531703417093218e-06,0.9999959825885393,0.0,0.0,0.0,0.0,0.0,0.0,0.0,0.0,0.0,0.0,0.0,0.0,0.0,0.0,0.0,0.0,0.0,0.0,0.0,0.0,0.0,0.0,0.0,0.0,0.0,0.0,0.0,0.0,0.0,0.0,0.0,0.0,0.0,0.0,0.0,0.0,0.0031448109179046608,9.241466529822726e-05,4.773317931317858e-05,1.0643646866648204e-07,-5.311021666898341e-05,3.239503931773413e-06,0.0,0.0,0.0,0.0,0.0,0.0,0.0,0.0,0.0,0.0,0.0,0.0,0.0,0.0,0.0,0.0,0.0,0.0,0.0,0.0,0.0,0.0,0.0,0.0,0.0,0.0,0.0,0.0,0.0,0.0,0.0,0.0,0.0,0.0,0.0,0.0
85,4000000,odom,base_link,-1.6562655341016048,0.09716189596945027,-0.10371790807436869,-1.7990470884126822e-05,0.0028336135448431467,-8.484693016940826e-06,0.999995985111256,0.0,0.0,0.0,0.0,0.0,0.0,0.0,0.0,0.0,0.0,0.0,0.0,0.0,0.0,0.0,0.0,0.0,0.0,0.0,0.0,0.0,0.0,0.0,0.0,0.0,0.0,0.0,0.0,0.0,0.0,0.0,0.0,0.0,0.0,0.0,0.0,0.0031432422549708813,9.243065550418933e-05,4.640364070974857e-05,1.1694423832087075e-07,-5.2209657397384035e-05,2.5491868171911847e-06,0.0,0.0,0.0,0.0,0.0,0.0,0.0,0.0,0.0,0.0,0.0,0.0,0.0,0.0,0.0,0.0,0.0,0.0,0.0,0.0,0.0,0.0,0.0,0.0,0.0,0.0,0.0,0.0,0.0,0.0,0.0,0.0,0.0,0.0,0.0,0.0
85,38000000,odom,base_link,-1.6561586913363116,0.09716503714885474,-0.10371691901628113,-1.79889865750572e-05,0.0028326993771740742,-8.434702747669977e-06,0.9999959877016961,0.0,0.0,0.0,0.0,0.0,0.0,0.0,0.0,0.0,0.0,0.0,0.0,0.0,0.0,0.0,0.0,0.0,0.0,0.0,0.0,0.0,0.0,0.0,0.0,0.0,0.0,0.0,0.0,0.0,0.0,0.0,0.0,0.0,0.0,0.0,0.0,0.0031416590810228557,9.244416183398196e-05,4.7099947586424906e-05,8.797731432252931e-08,-5.4199366772422763e-05,3.172643370241701e-06,0.0,0.0,0.0,0.0,0.0,0.0,0.0,0.0,0.0,0.0,0.0,0.0,0.0,0.0,0.0,0.0,0.0,0.0,0.0,0.0,0.0,0.0,0.0,0.0,0.0,0.0,0.0,0.0,0.0,0.0,0.0,0.0,0.0,0.0,0.0,0.0
85,72000000,odom,base_link,-1.6560519022010527,0.09716817880900366,-0.1037159258081387,-1.798760130209983e-05,0.002831787083133651,-8.377385055338043e-06,0.9999959902860518,0.0,0.0,0.0,0.0,0.0,0.0,0.0,0.0,0.0,0.0,0.0,0.0,0.0,0.0,0.0,0.0,0.0,0.0,0.0,0.0,0.0,0.0,0.0,0.0,0.0,0.0,0.0,0.0,0.0,0.0,0.0,0.0,0.0,0.0,0.0,0.0,0.0031400848833465734,9.245843422006733e-05,4.6860909907235735e-05,1.0202520772661927e-07,-5.2891656920905916e-05,3.321902064534754e-06,0.0,0.0,0.0,0.0,0.0,0.0,0.0,0.0,0.0,0.0,0.0,0.0,0.0,0.0,0.0,0.0,0.0,0.0,0.0,0.0,0.0,0.0,0.0,0.0,0.0,0.0,0.0,0.0,0.0,0.0,0.0,0.0,0.0,0.0,0.0,0.0
85,106000000,odom,base_link,-1.6559451666033695,0.09717132099182851,-0.10371496075973997,-1.7987332544288322e-05,0.002830899297323399,-8.32380279247416e-06,0.9999959928001405,0.0,0.0,0.0,0.0,0.0,0.0,0.0,0.0,0.0,0.0,0.0,0.0,0.0,0.0,0.0,0.0,0.0,0.0,0.0,0.0,0.0,0.0,0.0,0.0,0.0,0.0,0.0,0.0,0.0,0.0,0.0,0.0,0.0,0.0,0.0,0.0,0.0031385160356155023,9.247367571816047e-05,4.572946118521961e-05,-1.8417937730497158e-07,-5.2056359933772e-05,3.084293975774699e-06,0.0,0.0,0.0,0.0,0.0,0.0,0.0,0.0,0.0,0.0,0.0,0.0,0.0,0.0,0.0,0.0,0.0,0.0,0.0,0.0,0.0,0.0,0.0,0.0,0.0,0.0,0.0,0.0,0.0,0.0,0.0,0.0,0.0,0.0,0.0,0.0
85,140000000,odom,base_link,-1.6558384846426542,0.09717446367184487,-0.10371399153113965,-1.7991234136200165e-05,0.0028299881114961867,-8.265038834215777e-06,0.9999959953796282,0.0,0.0,0.0,0.0,0.0,0.0,0.0,0.0,0.0,0.0,0.0,0.0,0.0,0.0,0.0,0.0,0.0,0.0,0.0,0.0,0.0,0.0,0.0,0.0,0.0,0.0,0.0,0.0,0.0,0.0,0.0,0.0,0.0,0.0,0.0,0.0,0.003136933354368951,9.248712646854306e-05,4.647948607974877e-05,-1.1383794878971898e-07,-5.403874432374778e-05,3.6665006808433986e-06,0.0,0.0,0.0,0.0,0.0,0.0,0.0,0.0,0.0,0.0,0.0,0.0,0.0,0.0,0.0,0.0,0.0,0.0,0.0,0.0,0.0,0.0,0.0,0.0,0.0,0.0,0.0,0.0,0.0,0.0,0.0,0.0,0.0,0.0,0.0,0.0
85,174000000,odom,base_link,-1.6557318563551457,0.09717760683879995,-0.10371301694564168,-1.7991144789396494e-05,0.0028290792417697717,-8.201590995714825e-06,0.99999599795184,0.0,0.0,0.0,0.0,0.0,0.0,0.0,0.0,0.0,0.0,0.0,0.0,0.0,0.0,0.0,0.0,0.0,0.0,0.0,0.0,0.0,0.0,0.0,0.0,0.0,0.0,0.0,0.0,0.0,0.0,0.0,0.0,0.0,0.0,0.0,0.0,0.003135356758654763,9.250185820760055e-05,4.629237460466815e-05,9.146033305706958e-08,-5.2681416917721435e-05,3.5577774504247373e-06,0.0,0.0,0.0,0.0,0.0,0.0,0.0,0.0,0.0,0.0,0.0,0.0,0.0,0.0,0.0,0.0,0.0,0.0,0.0,0.0,0.0,0.0,0.0,0.0,0.0,0.0,0.0,0.0,0.0,0.0,0.0,0.0,0.0,0.0,0.0,0.0
85,208000000,odom,base_link,-1.655625281616048,0.09718075055090405,-0.10371206728533006,-1.7988545497365345e-05,0.002828193445393525,-8.147341855786577e-06,0.999996000457936,0.0,0.0,0.0,0.0,0.0,0.0,0.0,0.0,0.0,0.0,0.0,0.0,0.0,0.0,0.0,0.0,0.0,0.0,0.0,0.0,0.0,0.0,0.0,0.0,0.0,0.0,0.0,0.0,0.0,0.0,0.0,0.0,0.0,0.0,0.0,0.0,0.003133787308357376,9.251748371250155e-05,4.531345797261374e-05,1.8267049262110646e-07,-5.211590980991332e-05,3.0445783893995326e-06,0.0,0.0,0.0,0.0,0.0,0.0,0.0,0.0,0.0,0.0,0.0,0.0,0.0,0.0,0.0,0.0,0.0,0.0,0.0,0.0,0.0,0.0,0.0,0.0,0.0,0.0,0.0,0.0,0.0,0.0,0.0,0.0,0.0,0.0,0.0,0.0
85,242000000,odom,base_link,-1.6555187605075112,0.0971838947665766,-0.10371110792748367,-1.7986193657155006e-05,0.002827282182075886,-8.090323209567814e-06,0.9999960030352654,0.0,0.0,0.0,0.0,0.0,0.0,0.0,0.0,0.0,0.0,0.0,0.0,0.0,0.0,0.0,0.0,0.0,0.0,0.0,0.0,0.0,0.0,0.0,0.0,0.0,0.0,0.0,0.0,0.0,0.0,0.0,0.0,0.0,0.0,0.0,0.0,0.0031322045651504685,9.253133893930838e-05,4.616569340515493e-05,1.3498543949275188e-07,-5.396214213249095e-05,3.5233106654430912e-06,0.0,0.0,0.0,0.0,0.0,0.0,0.0,0.0,0.0,0.0,0.0,0.0,0.0,0.0,0.0,0.0,0.0,0.0,0.0,0.0,0.0,0.0,0.0,0.0,0.0,0.0,0.0,0.0,0.0,0.0,0.0,0.0,0.0,0.0,0.0,0.0
85,276000000,odom,base_link,-1.6554122929675263,0.09718703948574836,-0.10371014028537513,-1.798424113768076e-05,0.0028263779919469392,-8.030876873583889e-06,0.9999960055917817,0.0,0.0,0.0,0.0,0.0,0.0,0.0,0.0,0.0,0.0,0.0,0.0,0.0,0.0,0.0,0.0,0.0,0.0,0.0,0.0,0.0,0.0,0.0,0.0,0.0,0.0,0.0,0.0,0.0,0.0,0.0,0.0,0.0,0.0,0.0,0.0,0.0031306314305830827,9.254641785426533e-05,4.607982603517736e-05,1.2228613677223166e-07,-5.2410916495659876e-05,3.3082143024998345e-06,0.0,0.0,0.0,0.0,0.0,0.0,0.0,0.0,0.0,0.0,0.0,0.0,0.0,0.0,0.0,0.0,0.0,0.0,0.0,0.0,0.0,0.0,0.0,0.0,0.0,0.0,0.0,0.0,0.0,0.0,0.0,0.0,0.0,0.0,0.0,0.0
85,310000000,odom,base_link,-1.6553058789255726,0.0971901847472538,-0.10370919316597436,-1.798240728690696e-05,0.0028254942913319312,-7.980172941150963e-06,0.9999960080895122,0.0,0.0,0.0,0.0,0.0,0.0,0.0,0.0,0.0,0.0,0.0,0.0,0.0,0.0,0.0,0.0,0.0,0.0,0.0,0.0,0.0,0.0,0.0,0.0,0.0,0.0,0.0,0.0,0.0,0.0,0.0,0.0,0.0,0.0,0.0,0.0,0.003129061013109628,9.256179610027198e-05,4.532642247526934e-05,1.116751746632616e-07,-5.2173465547866726e-05,2.8872475965613376e-06,0.0,0.0,0.0,0.0,0.0,0.0,0.0,0.0,0.0,0.0,0.0,0.0,0.0,0.0,0.0,0.0,0.0,0.0,0.0,0.0,0.0,0.0,0.0,0.0,0.0,0.0,0.0,0.0,0.0,0.0,0.0,0.0,0.0,0.0,0.0,0.0
85,344000000,odom,base_link,-1.6551995184990753,0.09719333050010391,-0.10370822946641942,-1.798095560494104e-05,0.002824583466408839,-7.924747260940945e-06,0.9999960106631051,0.0,0.0,0.0,0.0,0.0,0.0,0.0,0.0,0.0,0.0,0.0,0.0,0.0,0.0,0.0,0.0,0.0,0.0,0.0,0.0,0.0,0.0,0.0,0.0,0.0,0.0,0.0,0.0,0.0,0.0,0.0,0.0,0.0,0.0,0.0,0.0,0.0031274783744722296,9.257532912492398e-05,4.62654304826748e-05,8.923813840655548e-08,-5.389169963621043e-05,3.454655117529626e-06,0.0,0.0,0.0,0.0,0.0,0.0,0.0,0.0,0.0,0.0,0.0,0.0,0.0,0.0,0.0,0.0,0.0,0.0,0.0,0.0,0.0,0.0,0.0,0.0,0.0,0.0,0.0,0.0,0.0,0.0,0.0,0.0,0.0,0.0,0.0,0.0
85,378000000,odom,base_link,-1.6550932116186765,0.09719647674823091,-0.10370725600699969,-1.797941832659552e-05,0.0028236816458894025,-7.866016573304023e-06,0.9999960132104673,0.0,0.0,0.0,0.0,0.0,0.0,0.0,0.0,0.0,0.0,0.0,0.0,0.0,0.0,0.0,0.0,0.0,0.0,0.0,0.0,0.0,0.0,0.0,0.0,0.0,0.0,0.0,0.0,0.0,0.0,0.0,0.0,0.0,0.0,0.0,0.0,0.0031259056496447876,9.259017992771354e-05,4.6217398266423036e-05,1.135422894593674e-07,-5.228241874988271e-05,3.290505823372314e-06,0.0,0.0,0.0,0.0,0.0,0.0,0.0,0.0,0.0,0.0,0.0,0.0,0.0,0.0,0.0,0.0,0.0,0.0,0.0,0.0,0.0,0.0,0.0,0.0,0.0,0.0,0.0,0.0,0.0,0.0,0.0,0.0,0.0,0.0,0.0,0.0
85,412000000,odom,base_link,-1.6549869582113075,0.0971996235294438,-0.10370630001937364,-1.797748883375515e-05,0.002822800279661062,-7.814616577522383e-06,0.999996015699224,0.0,0.0,0.0,0.0,0.0,0.0,0.0,0.0,0.0,0.0,0.0,0.0,0.0,0.0,0.0,0.0,0.0,0.0,0.0,0.0,0.0,0.0,0.0,0.0,0.0,0.0,0.0,0.0,0.0,0.0,0.0,0.0,0.0,0.0,0.0,0.0,0.0031243352378254813,9.260527245885584e-05,4.571389165986569e-05,1.205315236507687e-07,-5.1963037961400005e-05,2.9689160241375134e-06,0.0,0.0,0.0,0.0,0.0,0.0,0.0,0.0,0.0,0.0,0.0,0.0,0.0,0.0,0.0,0.0,0.0,0.0,0.0,0.0,0.0,0.0,0.0,0.0,0.0,0.0,0.0,0.0,0.0,0.0,0.0,0.0,0.0,0.0,0.0,0.0
85,446000000,odom,base_link,-1.6548807583849676,0.09720277079764066,-0.10370532183005103,-1.797591222027009e-05,0.002821891442718447,-7.7578958234061e-06,0.9999960182647565,0.0,0.0,0.0,0.0,0.0,0.0,0.0,0.0,0.0,0.0,0.0,0.0,0.0,0.0,0.0,0.0,0.0,0.0,0.0,0.0,0.0,0.0,0.0,0.0,0.0,0.0,0.0,0.0,0.0,0.0,0.0,0.0,0.0,0.0,0.0,0.0,0.0031227529675849275,9.26187521379836e-05,4.664281333356114e-05,9.631330941117788e-08,-5.3793326770801286e-05,3.5267639031388853e-06,0.0,0.0,0.0,0.0,0.0,0.0,0.0,0.0,0.0,0.0,0.0,0.0,0.0,0.0,0.0,0.0,0.0,0.0,0.0,0.0,0.0,0.0,0.0,0.0,0.0,0.0,0.0,0.0,0.0,0.0,0.0,0.0,0.0,0.0,0.0,0.0
85,480000000,odom,base_link,-1.6547746120756206,0.0972059185662405,-0.10370433432670637,-1.7974256978094455e-05,0.0028209933889848425,-7.69962071836097e-06,0.9999960207990536,0.0,0.0,0.0,0.0,0.0,0.0,0.0,0.0,0.0,0.0,0.0,0.0,0.0,0.0,0.0,0.0,0.0,0.0,0.0,0.0,0.0,0.0,0.0,0.0,0.0,0.0,0.0,0.0,0.0,0.0,0.0,0.0,0.0,0.0,0.0,0.0,0.003121181219819054,9.26338150811921e-05,4.656929116175793e-05,1.1740354799449904e-07,-5.213636882217543e-05,3.2320871978797072e-06,0.0,0.0,0.0,0.0,0.0,0.0,0.0,0.0,0.0,0.0,0.0,0.0,0.0,0.0,0.0,0.0,0.0,0.0,0.0,0.0,0.0,0.0,0.0,0.0,0.0,0.0,0.0,0.0,0.0,0.0,0.0,0.0,0.0,0.0,0.0,0.0
85,514000000,odom,base_link,-1.6546685192320532,0.09720906687490913,-0.10370336900803892,-1.7974530535911224e-05,0.0028201137354541385,-7.649874728109821e-06,0.9999960232805503,0.0,0.0,0.0,0.0,0.0,0.0,0.0,0.0,0.0,0.0,0.0,0.0,0.0,0.0,0.0,0.0,0.0,0.0,0.0,0.0,0.0,0.0,0.0,0.0,0.0,0.0,0.0,0.0,0.0,0.0,0.0,0.0,0.0,0.0,0.0,0.0,0.003119612568230408,9.264946925378696e-05,4.5739542432975195e-05,-3.226202457962124e-07,-5.180825439765613e-05,2.8260363382770493e-06,0.0,0.0,0.0,0.0,0.0,0.0,0.0,0.0,0.0,0.0,0.0,0.0,0.0,0.0,0.0,0.0,0.0,0.0,0.0,0.0,0.0,0.0,0.0,0.0,0.0,0.0,0.0,0.0,0.0,0.0,0.0,0.0,0.0,0.0,0.0,0.0
85,548000000,odom,base_link,-1.6545624799608007,0.09721221567667829,-0.10370239000192788,-1.7977783040441594e-05,0.002819206812558428,-7.595531651097897e-06,0.9999960258381306,0.0,0.0,0.0,0.0,0.0,0.0,0.0,0.0,0.0,0.0,0.0,0.0,0.0,0.0,0.0,0.0,0.0,0.0,0.0,0.0,0.0,0.0,0.0,0.0,0.0,0.0,0.0,0.0,0.0,0.0,0.0,0.0,0.0,0.0,0.0,0.0,0.00311803126836312,9.26626621228532e-05,4.660164738493769e-05,-8.805259854582914e-08,-5.3714010661565226e-05,3.3913957420139695e-06,0.0,0.0,0.0,0.0,0.0,0.0,0.0,0.0,0.0,0.0,0.0,0.0,0.0,0.0,0.0,0.0,0.0,0.0,0.0,0.0,0.0,0.0,0.0,0.0,0.0,0.0,0.0,0.0,0.0,0.0,0.0,0.0,0.0,0.0,0.0,0.0
85,582000000,odom,base_link,-1.6544564941772693,0.09721536497405768,-0.10370140325427334,-1.797701009540799e-05,0.002818311662397311,-7.539813043317526e-06,0.999996028361789,0.0,0.0,0.0,0.0,0.0,0.0,0.0,0.0,0.0,0.0,0.0,0.0,0.0,0.0,0.0,0.0,0.0,0.0,0.0,0.0,0.0,0.0,0.0,0.0,0.0,0.0,0.0,0.0,0.0,0.0,0.0,0.0,0.0,0.0,0.0,0.0,0.0031164606430035004,9.267764276170914e-05,4.6484870168132155e-05,1.2410399444218179e-07,-5.201802970589142e-05,3.107499457755125e-06,0.0,0.0,0.0,0.0,0.0,0.0,0.0,0.0,0.0,0.0,0.0,0.0,0.0,0.0,0.0,0.0,0.0,0.0,0.0,0.0,0.0,0.0,0.0,0.0,0.0,0.0,0.0,0.0,0.0,0.0,0.0,0.0,0.0,0.0,0.0,0.0
85,616000000,odom,base_link,-1.65435056185272,0.09721851479838328,-0.1037004336160725,-1.7974233123012062e-05,0.002817427889373569,-7.4901044529658015e-06,0.9999960308525797,0.0,0.0,0.0,0.0,0.0,0.0,0.0,0.0,0.0,0.0,0.0,0.0,0.0,0.0,0.0,0.0,0.0,0.0,0.0,0.0,0.0,0.0,0.0,0.0,0.0,0.0,0.0,0.0,0.0,0.0,0.0,0.0,0.0,0.0,0.0,0.0,0.0031148884912768197,9.269241176846908e-05,4.618431678169665e-05,1.6890260440272087e-07,-5.2659560623169455e-05,2.984213542944758e-06,0.0,0.0,0.0,0.0,0.0,0.0,0.0,0.0,0.0,0.0,0.0,0.0,0.0,0.0,0.0,0.0,0.0,0.0,0.0,0.0,0.0,0.0,0.0,0.0,0.0,0.0,0.0,0.0,0.0,0.0,0.0,0.0,0.0,0.0,0.0,0.0
85,650000000,odom,base_link,-1.6542446830861413,0.09722166510252583,-0.10369943905910652,-1.7972028968896147e-05,0.002816517180583136,-7.432806128080024e-06,0.9999960334184986,0.0,0.0,0.0,0.0,0.0,0.0,0.0,0.0,0.0,0.0,0.0,0.0,0.0,0.0,0.0,0.0,0.0,0.0,0.0,0.0,0.0,0.0,0.0,0.0,0.0,0.0,0.0,0.0,0.0,0.0,0.0,0.0,0.0,0.0,0.0,0.0,0.003113308831249841,9.270583894411978e-05,4.699225416302892e-05,1.2898865309196594e-07,-5.375286598052753e-05,3.5707143020147214e-06,0.0,0.0,0.0,0.0,0.0,0.0,0.0,0.0,0.0,0.0,0.0,0.0,0.0,0.0,0.0,0.0,0.0,0.0,0.0,0.0,0.0,0.0,0.0,0.0,0.0,0.0,0.0,0.0,0.0,0.0,0.0,0.0,0.0,0.0,0.0,0.0
85,684000000,odom,base_link,-1.654138857836683,0.09722481588961922,-0.10369841221037061,-1.7976765648026905e-05,0.002815600113516124,-7.365275810225019e-06,0.999996036001438,0.0,0.0,0.0,0.0,0.0,0.0,0.0,0.0,0.0,0.0,0.0,0.0,0.0,0.0,0.0,0.0,0.0,0.0,0.0,0.0,0.0,0.0,0.0,0.0,0.0,0.0,0.0,0.0,0.0,0.0,0.0,0.0,0.0,0.0,0.0,0.0,0.0031117286517705943,9.271944460115779e-05,4.812997977836585e-05,-1.4702261214027956e-07,-5.406819489905956e-05,4.192264624336417e-06,0.0,0.0,0.0,0.0,0.0,0.0,0.0,0.0,0.0,0.0,0.0,0.0,0.0,0.0,0.0,0.0,0.0,0.0,0.0,0.0,0.0,0.0,0.0,0.0,0.0,0.0,0.0,0.0,0.0,0.0,0.0,0.0,0.0,0.0,0.0,0.0
85,718000000,odom,base_link,-1.6540330860949433,0.0972279671553453,-0.10369736478138554,-1.7977189636556347e-05,0.0028146899215905244,-7.2916130836689476e-06,0.9999960385643027,0.0,0.0,0.0,0.0,0.0,0.0,0.0,0.0,0.0,0.0,0.0,0.0,0.0,0.0,0.0,0.0,0.0,0.0,0.0,0.0,0.0,0.0,0.0,0.0,0.0,0.0,0.0,0.0,0.0,0.0,0.0,0.0,0.0,0.0,0.0,0.0,0.0031101552301119693,9.273393971850262e-05,4.8299805897104183e-05,6.658549753235654e-08,-5.273923626702981e-05,4.140753251391516e-06,0.0,0.0,0.0,0.0,0.0,0.0,0.0,0.0,0.0,0.0,0.0,0.0,0.0,0.0,0.0,0.0,0.0,0.0,0.0,0.0,0.0,0.0,0.0,0.0,0.0,0.0,0.0,0.0,0.0,0.0,0.0,0.0,0.0,0.0,0.0,0.0
85,752000000,odom,base_link,-1.6539273677728201,0.09723111898460936,-0.1036963368855845,-1.797467657226555e-05,0.002813808578632405,-7.231896481286451e-06,0.9999960410451101,0.0,0.0,0.0,0.0,0.0,0.0,0.0,0.0,0.0,0.0,0.0,0.0,0.0,0.0,0.0,0.0,0.0,0.0,0.0,0.0,0.0,0.0,0.0,0.0,0.0,0.0,0.0,0.0,0.0,0.0,0.0,0.0,0.0,0.0,0.0,0.0,0.0031085892602347753,9.27503745742343e-05,4.728407695172192e-05,1.9110787674581076e-07,-5.155522089239639e-05,3.1927992250047055e-06,0.0,0.0,0.0,0.0,0.0,0.0,0.0,0.0,0.0,0.0,0.0,0.0,0.0,0.0,0.0,0.0,0.0,0.0,0.0,0.0,0.0,0.0,0.0,0.0,0.0,0.0,0.0,0.0,0.0,0.0,0.0,0.0,0.0,0.0,0.0,0.0
85,786000000,odom,base_link,-1.6538217029635454,0.09723427136191813,-0.10369531275344472,-1.7978258309188963e-05,0.0028129090120906043,-7.177734233282274e-06,0.9999960435762494,0.0,0.0,0.0,0.0,0.0,0.0,0.0,0.0,0.0,0.0,0.0,0.0,0.0,0.0,0.0,0.0,0.0,0.0,0.0,0.0,0.0,0.0,0.0,0.0,0.0,0.0,0.0,0.0,0.0,0.0,0.0,0.0,0.0,0.0,0.0,0.0,0.003107010946942432,9.276529675786875e-05,4.7872029335296675e-05,-7.70004591338358e-08,-5.35877600071899e-05,3.269587556253839e-06,0.0,0.0,0.0,0.0,0.0,0.0,0.0,0.0,0.0,0.0,0.0,0.0,0.0,0.0,0.0,0.0,0.0,0.0,0.0,0.0,0.0,0.0,0.0,0.0,0.0,0.0,0.0,0.0,0.0,0.0,0.0,0.0,0.0,0.0,0.0,0.0
85,820000000,odom,base_link,-1.653716091672899,0.09723742424208838,-0.1036942802446058,-1.7977648474483764e-05,0.002812002782945184,-7.122503831421764e-06,0.9999960461253948,0.0,0.0,0.0,0.0,0.0,0.0,0.0,0.0,0.0,0.0,0.0,0.0,0.0,0.0,0.0,0.0,0.0,0.0,0.0,0.0,0.0,0.0,0.0,0.0,0.0,0.0,0.0,0.0,0.0,0.0,0.0,0.0,0.0,0.0,0.0,0.0,0.003105439565787114,9.278028482225273e-05,4.7710574372781395e-05,1.0720841367439782e-07,-5.264398588167296e-05,3.076980625849046e-06,0.0,0.0,0.0,0.0,0.0,0.0,0.0,0.0,0.0,0.0,0.0,0.0,0.0,0.0,0.0,0.0,0.0,0.0,0.0,0.0,0.0,0.0,0.0,0.0,0.0,0.0,0.0,0.0,0.0,0.0,0.0,0.0,0.0,0.0,0.0,0.0
85,854000000,odom,base_link,-1.6536105338031208,0.09724057767034244,-0.10369327681681019,-1.79748911704053e-05,0.002811119588447848,-7.077345292643437e-06,0.9999960486089302,0.0,0.0,0.0,0.0,0.0,0.0,0.0,0.0,0.0,0.0,0.0,0.0,0.0,0.0,0.0,0.0,0.0,0.0,0.0,0.0,0.0,0.0,0.0,0.0,0.0,0.0,0.0,0.0,0.0,0.0,0.0,0.0,0.0,0.0,0.0,0.0,0.0031038749453341707,9.279616551015705e-05,4.64387952629428e-05,1.9236240378361913e-07,-5.172965344968361e-05,2.445639091241958e-06,0.0,0.0,0.0,0.0,0.0,0.0,0.0,0.0,0.0,0.0,0.0,0.0,0.0,0.0,0.0,0.0,0.0,0.0,0.0,0.0,0.0,0.0,0.0,0.0,0.0,0.0,0.0,0.0,0.0,0.0,0.0,0.0,0.0,0.0,0.0,0.0
85,888000000,odom,base_link,-1.65350502944816,0.09724373160193348,-0.10369227917072545,-1.797217267263049e-05,0.0028102158374120607,-7.03039222058222e-06,0.9999960511494641,0.0,0.0,0.0,0.0,0.0,0.0,0.0,0.0,0.0,0.0,0.0,0.0,0.0,0.0,0.0,0.0,0.0,0.0,0.0,0.0,0.0,0.0,0.0,0.0,0.0,0.0,0.0,0.0,0.0,0.0,0.0,0.0,0.0,0.0,0.0,0.0,0.0031022970381881557,9.280985343158803e-05,4.701721845821627e-05,1.5481919496407315e-07,-5.365940758395027e-05,2.993993986066812e-06,0.0,0.0,0.0,0.0,0.0,0.0,0.0,0.0,0.0,0.0,0.0,0.0,0.0,0.0,0.0,0.0,0.0,0.0,0.0,0.0,0.0,0.0,0.0,0.0,0.0,0.0,0.0,0.0,0.0,0.0,0.0,0.0,0.0,0.0,0.0,0.0
85,922000000,odom,base_link,-1.6533995785911342,0.09724688600879464,-0.10369127478944798,-1.796988351299713e-05,0.002809307484588792,-6.974660996483232e-06,0.9999960537021606,0.0,0.0,0.0,0.0,0.0,0.0,0.0,0.0,0.0,0.0,0.0,0.0,0.0,0.0,0.0,0.0,0.0,0.0,0.0,0.0,0.0,0.0,0.0,0.0,0.0,0.0,0.0,0.0,0.0,0.0,0.0,0.0,0.0,0.0,0.0,0.0,0.0031007257573534798,9.282381676126298e-05,4.688247069347544e-05,1.4103946344157237e-07,-5.2835643415960476e-05,3.308106211186157e-06,0.0,0.0,0.0,0.0,0.0,0.0,0.0,0.0,0.0,0.0,0.0,0.0,0.0,0.0,0.0,0.0,0.0,0.0,0.0,0.0,0.0,0.0,0.0,0.0,0.0,0.0,0.0,0.0,0.0,0.0,0.0,0.0,0.0,0.0,0.0,0.0
85,956000000,odom,base_link,-1.653294181128949,0.09725004092623166,-0.10369029065767926,-1.7967706322284494e-05,0.002808422329153475,-6.9203343930926385e-06,0.999996056188869,0.0,0.0,0.0,0.0,0.0,0.0,0.0,0.0,0.0,0.0,0.0,0.0,0.0,0.0,0.0,0.0,0.0,0.0,0.0,0.0,0.0,0.0,0.0,0.0,0.0,0.0,0.0,0.0,0.0,0.0,0.0,0.0,0.0,0.0,0.0,0.0,0.0030991600739679846,9.283858144922588e-05,4.6028845953886166e-05,1.3523592523601025e-07,-5.181956730382353e-05,3.1511747211609986e-06,0.0,0.0,0.0,0.0,0.0,0.0,0.0,0.0,0.0,0.0,0.0,0.0,0.0,0.0,0.0,0.0,0.0,0.0,0.0,0.0,0.0,0.0,0.0,0.0,0.0,0.0,0.0,0.0,0.0,0.0,0.0,0.0,0.0,0.0,0.0,0.0
85,990000000,odom,base_link,-1.653188837127023,0.09725319633664056,-0.10368930208722602,-1.79657769744893e-05,0.0028075216722958066,-6.862422096878226e-06,0.999996058718332,0.0,0.0,0.0,0.0,0.0,0.0,0.0,0.0,0.0,0.0,0.0,0.0,0.0,0.0,0.0,0.0,0.0,0.0,0.0,0.0,0.0,0.0,0.0,0.0,0.0,0.0,0.0,0.0,0.0,0.0,0.0,0.0,0.0,0.0,0.0,0.0,0.0030975835230852723,9.285238457864837e-05,4.661111707344095e-05,1.1889242368390285e-07,-5.332153527604078e-05,3.5526889874404333e-06,0.0,0.0,0.0,0.0,0.0,0.0,0.0,0.0,0.0,0.0,0.0,0.0,0.0,0.0,0.0,0.0,0.0,0.0,0.0,0.0,0.0,0.0,0.0,0.0,0.0,0.0,0.0,0.0,0.0,0.0,0.0,0.0,0.0,0.0,0.0,0.0
86,24000000,odom,base_link,-1.6530835465744969,0.09725635224492392,-0.10368831495576226,-1.796382868723983e-05,0.0028066243073512974,-6.802277907403135e-06,0.9999960612377568,0.0,0.0,0.0,0.0,0.0,0.0,0.0,0.0,0.0,0.0,0.0,0.0,0.0,0.0,0.0,0.0,0.0,0.0,0.0,0.0,0.0,0.0,0.0,0.0,0.0,0.0,0.0,0.0,0.0,0.0,0.0,0.0,0.0,0.0,0.0,0.0,0.0030960151817224202,9.286731566078794e-05,4.624305804124754e-05,1.3520325553573187e-07,-5.210012119505336e-05,3.332677001033346e-06,0.0,0.0,0.0,0.0,0.0,0.0,0.0,0.0,0.0,0.0,0.0,0.0,0.0,0.0,0.0,0.0,0.0,0.0,0.0,0.0,0.0,0.0,0.0,0.0,0.0,0.0,0.0,0.0,0.0,0.0,0.0,0.0,0.0,0.0,0.0,0.0
86,58000000,odom,base_link,-1.6529783093674735,0.09725950869789533,-0.10368735626466795,-1.7961529853538923e-05,0.002805747741717964,-6.75257903773902e-06,0.9999960636979508,0.0,0.0,0.0,0.0,0.0,0.0,0.0,0.0,0.0,0.0,0.0,0.0,0.0,0.0,0.0,0.0,0.0,0.0,0.0,0.0,0.0,0.0,0.0,0.0,0.0,0.0,0.0,0.0,0.0,0.0,0.0,0.0,0.0,0.0,0.0,0.0,0.003094452652578546,9.288285871981944e-05,4.529629270036966e-05,1.434559443458383e-07,-5.1509546494799e-05,2.7770050259334766e-06,0.0,0.0,0.0,0.0,0.0,0.0,0.0,0.0,0.0,0.0,0.0,0.0,0.0,0.0,0.0,0.0,0.0,0.0,0.0,0.0,0.0,0.0,0.0,0.0,0.0,0.0,0.0,0.0,0.0,0.0,0.0,0.0,0.0,0.0,0.0,0.0
86,92000000,odom,base_link,-1.652873125554409,0.09726266564628172,-0.10368638677234149,-1.7959552052155947e-05,0.002804846016061545,-6.7002000437434875e-06,0.9999960662279568,0.0,0.0,0.0,0.0,0.0,0.0,0.0,0.0,0.0,0.0,0.0,0.0,0.0,0.0,0.0,0.0,0.0,0.0,0.0,0.0,0.0,0.0,0.0,0.0,0.0,0.0,0.0,0.0,0.0,0.0,0.0,0.0,0.0,0.0,0.0,0.0,0.0030928754715307174,9.289651172469816e-05,4.6049519316853815e-05,1.188416920427926e-07,-5.341479258902382e-05,3.2418333129058396e-06,0.0,0.0,0.0,0.0,0.0,0.0,0.0,0.0,0.0,0.0,0.0,0.0,0.0,0.0,0.0,0.0,0.0,0.0,0.0,0.0,0.0,0.0,0.0,0.0,0.0,0.0,0.0,0.0,0.0,0.0,0.0,0.0,0.0,0.0,0.0,0.0
86,126000000,odom,base_link,-1.6527679951698986,0.09726582308453495,-0.10368541497505938,-1.7957203539207096e-05,0.0028039489669448455,-6.64456328698879e-06,0.9999960687440623,0.0,0.0,0.0,0.0,0.0,0.0,0.0,0.0,0.0,0.0,0.0,0.0,0.0,0.0,0.0,0.0,0.0,0.0,0.0,0.0,0.0,0.0,0.0,0.0,0.0,0.0,0.0,0.0,0.0,0.0,0.0,0.0,0.0,0.0,0.0,0.0,0.0030913074452740266,9.291112378332446e-05,4.577269020485888e-05,1.577470903901812e-07,-5.1991629845815623e-05,3.125614256305198e-06,0.0,0.0,0.0,0.0,0.0,0.0,0.0,0.0,0.0,0.0,0.0,0.0,0.0,0.0,0.0,0.0,0.0,0.0,0.0,0.0,0.0,0.0,0.0,0.0,0.0,0.0,0.0,0.0,0.0,0.0,0.0,0.0,0.0,0.0,0.0,0.0
86,160000000,odom,base_link,-1.6526629181279122,0.09726898105492876,-0.10368447203834022,-1.795632318500625e-05,0.0028030754548747407,-6.5965892345648916e-06,0.9999960711933071,0.0,0.0,0.0,0.0,0.0,0.0,0.0,0.0,0.0,0.0,0.0,0.0,0.0,0.0,0.0,0.0,0.0,0.0,0.0,0.0,0.0,0.0,0.0,0.0,0.0,0.0,0.0,0.0,0.0,0.0,0.0,0.0,0.0,0.0,0.0,0.0,0.0030897442676651385,9.292662536308204e-05,4.463193711728228e-05,-1.6542777286909782e-07,-5.123848616506166e-05,2.6894633187168893e-06,0.0,0.0,0.0,0.0,0.0,0.0,0.0,0.0,0.0,0.0,0.0,0.0,0.0,0.0,0.0,0.0,0.0,0.0,0.0,0.0,0.0,0.0,0.0,0.0,0.0,0.0,0.0,0.0,0.0,0.0,0.0,0.0,0.0,0.0,0.0,0.0
86,194000000,odom,base_link,-1.6525578945350867,0.09727213952013315,-0.10368352186008273,-1.796001975444894e-05,0.002802176011968974,-6.544611727438999e-06,0.9999960737143939,0.0,0.0,0.0,0.0,0.0,0.0,0.0,0.0,0.0,0.0,0.0,0.0,0.0,0.0,0.0,0.0,0.0,0.0,0.0,0.0,0.0,0.0,0.0,0.0,0.0,0.0,0.0,0.0,0.0,0.0,0.0,0.0,0.0,0.0,0.0,0.0,0.003088166267037918,9.293989661292449e-05,4.552450226786173e-05,-1.0073111580966021e-07,-5.338763386930623e-05,3.2690214091246617e-06,0.0,0.0,0.0,0.0,0.0,0.0,0.0,0.0,0.0,0.0,0.0,0.0,0.0,0.0,0.0,0.0,0.0,0.0,0.0,0.0,0.0,0.0,0.0,0.0,0.0,0.0,0.0,0.0,0.0,0.0,0.0,0.0,0.0,0.0,0.0,0.0
86,228000000,odom,base_link,-1.6524529243259667,0.09727529847091396,-0.10368256382559564,-1.7959387514922087e-05,0.0028012855376760735,-6.489789711428496e-06,0.9999960762096416,0.0,0.0,0.0,0.0,0.0,0.0,0.0,0.0,0.0,0.0,0.0,0.0,0.0,0.0,0.0,0.0,0.0,0.0,0.0,0.0,0.0,0.0,0.0,0.0,0.0,0.0,0.0,0.0,0.0,0.0,0.0,0.0,0.0,0.0,0.0,0.0,0.003086599624363138,9.295469023228367e-05,4.530923457962433e-05,1.258558389449771e-07,-5.150368558304308e-05,3.02090508164099e-06,0.0,0.0,0.0,0.0,0.0,0.0,0.0,0.0,0.0,0.0,0.0,0.0,0.0,0.0,0.0,0.0,0.0,0.0,0.0,0.0,0.0,0.0,0.0,0.0,0.0,0.0,0.0,0.0,0.0,0.0,0.0,0.0,0.0,0.0,0.0,0.0
86,262000000,odom,base_link,-1.6523480074332215,0.09727845795393462,-0.10368163147760766,-1.795629722651409e-05,0.0028004151519792028,-6.443543928943394e-06,0.9999960786478258,0.0,0.0,0.0,0.0,0.0,0.0,0.0,0.0,0.0,0.0,0.0,0.0,0.0,0.0,0.0,0.0,0.0,0.0,0.0,0.0,0.0,0.0,0.0,0.0,0.0,0.0,0.0,0.0,0.0,0.0,0.0,0.0,0.0,0.0,0.0,0.0,0.003085033748761979,9.296974331843371e-05,4.4616380612894996e-05,1.970961630015644e-07,-5.1710883397504404e-05,2.6905698113921517e-06,0.0,0.0,0.0,0.0,0.0,0.0,0.0,0.0,0.0,0.0,0.0,0.0,0.0,0.0,0.0,0.0,0.0,0.0,0.0,0.0,0.0,0.0,0.0,0.0,0.0,0.0,0.0,0.0,0.0,0.0,0.0,0.0,0.0,0.0,0.0,0.0
86,296000000,odom,base_link,-1.6522431439846241,0.09728161791992568,-0.10368067975210733,-1.7953617783257028e-05,0.002799514641831029,-6.391591500926692e-06,0.999996081169614,0.0,0.0,0.0,0.0,0.0,0.0,0.0,0.0,0.0,0.0,0.0,0.0,0.0,0.0,0.0,0.0,0.0,0.0,0.0,0.0,0.0,0.0,0.0,0.0,0.0,0.0,0.0,0.0,0.0,0.0,0.0,0.0,0.0,0.0,0.0,0.0,0.0030834568664459346,9.29831797310542e-05,4.548423154611255e-05,1.5547668569260154e-07,-5.3244833964072313e-05,3.2456477949693863e-06,0.0,0.0,0.0,0.0,0.0,0.0,0.0,0.0,0.0,0.0,0.0,0.0,0.0,0.0,0.0,0.0,0.0,0.0,0.0,0.0,0.0,0.0,0.0,0.0,0.0,0.0,0.0,0.0,0.0,0.0,0.0,0.0,0.0,0.0,0.0,0.0
86,330000000,odom,base_link,-1.6521383338891469,0.09728477837945788,-0.1036797196092999,-1.795128858762893e-05,0.002798626672846343,-6.337350242153215e-06,0.9999960836554987,0.0,0.0,0.0,0.0,0.0,0.0,0.0,0.0,0.0,0.0,0.0,0.0,0.0,0.0,0.0,0.0,0.0,0.0,0.0,0.0,0.0,0.0,0.0,0.0,0.0,0.0,0.0,0.0,0.0,0.0,0.0,0.0,0.0,0.0,0.0,0.0,0.0030818899341505846,9.299798162764872e-05,4.541166514270788e-05,1.4260154584944118e-07,-5.152523527840458e-05,3.033848328115596e-06,0.0,0.0,0.0,0.0,0.0,0.0,0.0,0.0,0.0,0.0,0.0,0.0,0.0,0.0,0.0,0.0,0.0,0.0,0.0,0.0,0.0,0.0,0.0,0.0,0.0,0.0,0.0,0.0,0.0,0.0,0.0,0.0,0.0,0.0,0.0,0.0
86,364000000,odom,base_link,-1.6520335771041121,0.09728793936066715,-0.10367877750017888,-1.7949116316524067e-05,0.002797754429183074,-6.289396137631157e-06,0.999996086096554,0.0,0.0,0.0,0.0,0.0,0.0,0.0,0.0,0.0,0.0,0.0,0.0,0.0,0.0,0.0,0.0,0.0,0.0,0.0,0.0,0.0,0.0,0.0,0.0,0.0,0.0,0.0,0.0,0.0,0.0,0.0,0.0,0.0,0.0,0.0,0.0,0.0030803233076989686,9.301268420235263e-05,4.491473924325575e-05,1.299645946417627e-07,-5.1787504418143726e-05,2.818809630156238e-06,0.0,0.0,0.0,0.0,0.0,0.0,0.0,0.0,0.0,0.0,0.0,0.0,0.0,0.0,0.0,0.0,0.0,0.0,0.0,0.0,0.0,0.0,0.0,0.0,0.0,0.0,0.0,0.0,0.0,0.0,0.0,0.0,0.0,0.0,0.0,0.0
86,398000000,odom,base_link,-1.6519288737430586,0.09729110081867358,-0.10367781369382008,-1.794726963731022e-05,0.0027968545720437232,-6.2354683656853794e-06,0.9999960886141092,0.0,0.0,0.0,0.0,0.0,0.0,0.0,0.0,0.0,0.0,0.0,0.0,0.0,0.0,0.0,0.0,0.0,0.0,0.0,0.0,0.0,0.0,0.0,0.0,0.0,0.0,0.0,0.0,0.0,0.0,0.0,0.0,0.0,0.0,0.0,0.0,0.003078746925227498,9.302599309539716e-05,4.5802772307877873e-05,1.1367023433628276e-07,-5.31763745925673e-05,3.355484867739733e-06,0.0,0.0,0.0,0.0,0.0,0.0,0.0,0.0,0.0,0.0,0.0,0.0,0.0,0.0,0.0,0.0,0.0,0.0,0.0,0.0,0.0,0.0,0.0,0.0,0.0,0.0,0.0,0.0,0.0,0.0,0.0,0.0,0.0,0.0,0.0,0.0
86,432000000,odom,base_link,-1.6518242237150267,0.0972942627710483,-0.10367684150558962,-1.7945230940171976e-05,0.0027959686276514337,-6.180522309195482e-06,0.9999960910919616,0.0,0.0,0.0,0.0,0.0,0.0,0.0,0.0,0.0,0.0,0.0,0.0,0.0,0.0,0.0,0.0,0.0,0.0,0.0,0.0,0.0,0.0,0.0,0.0,0.0,0.0,0.0,0.0,0.0,0.0,0.0,0.0,0.0,0.0,0.0,0.0,0.0030771806150089536,9.304088570026164e-05,4.571277290174888e-05,1.4013411958613275e-07,-5.1430602709956474e-05,3.040152685152009e-06,0.0,0.0,0.0,0.0,0.0,0.0,0.0,0.0,0.0,0.0,0.0,0.0,0.0,0.0,0.0,0.0,0.0,0.0,0.0,0.0,0.0,0.0,0.0,0.0,0.0,0.0,0.0,0.0,0.0,0.0,0.0,0.0,0.0,0.0,0.0,0.0
86,466000000,odom,base_link,-1.651719626980743,0.09729742525365238,-0.10367588375466459,-1.794658919705228e-05,0.0027950960098694425,-6.132661498904687e-06,0.9999960935316727,0.0,0.0,0.0,0.0,0.0,0.0,0.0,0.0,0.0,0.0,0.0,0.0,0.0,0.0,0.0,0.0,0.0,0.0,0.0,0.0,0.0,0.0,0.0,0.0,0.0,0.0,0.0,0.0,0.0,0.0,0.0,0.0,0.0,0.0,0.0,0.0,0.0030756128572187796,9.305596319177652e-05,4.552657088671563e-05,-3.0086645119720146e-07,-5.1963237623908753e-05,2.8489934189579458e-06,0.0,0.0,0.0,0.0,0.0,0.0,0.0,0.0,0.0,0.0,0.0,0.0,0.0,0.0,0.0,0.0,0.0,0.0,0.0,0.0,0.0,0.0,0.0,0.0,0.0,0.0,0.0,0.0,0.0,0.0,0.0,0.0,0.0,0.0,0.0,0.0
86,500000000,odom,base_link,-1.651615083646729,0.09730058821288343,-0.10367489892669714,-1.7948454926660187e-05,0.002794196068426789,-6.078617838209857e-06,0.9999960960469968,0.0,0.0,0.0,0.0,0.0,0.0,0.0,0.0,0.0,0.0,0.0,0.0,0.0,0.0,0.0,0.0,0.0,0.0,0.0,0.0,0.0,0.0,0.0,0.0,0.0,0.0,0.0,0.0,0.0,0.0,0.0,0.0,0.0,0.0,0.0,0.0,0.003074037463528936,9.30690564531799e-05,4.635597260035199e-05,-2.5611430164163007e-08,-5.313659308114893e-05,3.3497438600704754e-06,0.0,0.0,0.0,0.0,0.0,0.0,0.0,0.0,0.0,0.0,0.0,0.0,0.0,0.0,0.0,0.0,0.0,0.0,0.0,0.0,0.0,0.0,0.0,0.0,0.0,0.0,0.0,0.0,0.0,0.0,0.0,0.0,0.0,0.0,0.0,0.0
86,534000000,odom,base_link,-1.6515105936808996,0.09730375163411437,-0.10367388113611556,-1.7947564857432176e-05,0.0027932892454434304,-6.015589040919813e-06,0.9999960985808339,0.0,0.0,0.0,0.0,0.0,0.0,0.0,0.0,0.0,0.0,0.0,0.0,0.0,0.0,0.0,0.0,0.0,0.0,0.0,0.0,0.0,0.0,0.0,0.0,0.0,0.0,0.0,0.0,0.0,0.0,0.0,0.0,0.0,0.0,0.0,0.0,0.003072461604477818,9.308224063887315e-05,4.7513109269164074e-05,9.990580862595522e-08,-5.347078264605898e-05,3.9110016558652205e-06,0.0,0.0,0.0,0.0,0.0,0.0,0.0,0.0,0.0,0.0,0.0,0.0,0.0,0.0,0.0,0.0,0.0,0.0,0.0,0.0,0.0,0.0,0.0,0.0,0.0,0.0,0.0,0.0,0.0,0.0,0.0,0.0,0.0,0.0,0.0,0.0
86,568000000,odom,base_link,-1.6514061570843879,0.09730691552947403,-0.10367284117505038,-1.7945375911420517e-05,0.0027923861972706616,-5.945666798162189e-06,0.9999961011033682,0.0,0.0,0.0,0.0,0.0,0.0,0.0,0.0,0.0,0.0,0.0,0.0,0.0,0.0,0.0,0.0,0.0,0.0,0.0,0.0,0.0,0.0,0.0,0.0,0.0,0.0,0.0,0.0,0.0,0.0,0.0,0.0,0.0,0.0,0.0,0.0,0.0030708913402006975,9.309630427500784e-05,4.7782289485039765e-05,1.6730406365850214e-07,-5.250652641564102e-05,4.026146749325221e-06,0.0,0.0,0.0,0.0,0.0,0.0,0.0,0.0,0.0,0.0,0.0,0.0,0.0,0.0,0.0,0.0,0.0,0.0,0.0,0.0,0.0,0.0,0.0,0.0,0.0,0.0,0.0,0.0,0.0,0.0,0.0,0.0,0.0,0.0,0.0,0.0
86,602000000,odom,base_link,-1.6513017737716627,0.09731007996672966,-0.10367181172881153,-1.794207652869575e-05,0.002791508808496789,-5.8859622626687695e-06,0.9999961035534136,0.0,0.0,0.0,0.0,0.0,0.0,0.0,0.0,0.0,0.0,0.0,0.0,0.0,0.0,0.0,0.0,0.0,0.0,0.0,0.0,0.0,0.0,0.0,0.0,0.0,0.0,0.0,0.0,0.0,0.0,0.0,0.0,0.0,0.0,0.0,0.0,0.0030693278472327624,9.311216437662384e-05,4.7089903509818776e-05,2.1672329625355147e-07,-5.133411846713898e-05,3.252287084087868e-06,0.0,0.0,0.0,0.0,0.0,0.0,0.0,0.0,0.0,0.0,0.0,0.0,0.0,0.0,0.0,0.0,0.0,0.0,0.0,0.0,0.0,0.0,0.0,0.0,0.0,0.0,0.0,0.0,0.0,0.0,0.0,0.0,0.0,0.0,0.0,0.0
86,636000000,odom,base_link,-1.6511974438354855,0.09731324492612732,-0.10367077957489015,-1.7939187888590054e-05,0.0027906150040733686,-5.831114490335433e-06,0.9999961060484599,0.0,0.0,0.0,0.0,0.0,0.0,0.0,0.0,0.0,0.0,0.0,0.0,0.0,0.0,0.0,0.0,0.0,0.0,0.0,0.0,0.0,0.0,0.0,0.0,0.0,0.0,0.0,0.0,0.0,0.0,0.0,0.0,0.0,0.0,0.0,0.0,0.0030677536243336532,9.312664370305671e-05,4.771039914185737e-05,1.6026215216013995e-07,-5.30075297433541e-05,3.2560478535614834e-06,0.0,0.0,0.0,0.0,0.0,0.0,0.0,0.0,0.0,0.0,0.0,0.0,0.0,0.0,0.0,0.0,0.0,0.0,0.0,0.0,0.0,0.0,0.0,0.0,0.0,0.0,0.0,0.0,0.0,0.0,0.0,0.0,0.0,0.0,0.0,0.0
86,670000000,odom,base_link,-1.6510931672654365,0.09731641039112622,-0.1036697427780511,-1.793687451152965e-05,0.0027897192383569977,-5.777396123173283e-06,0.999996108548159,0.0,0.0,0.0,0.0,0.0,0.0,0.0,0.0,0.0,0.0,0.0,0.0,0.0,0.0,0.0,0.0,0.0,0.0,0.0,0.0,0.0,0.0,0.0,0.0,0.0,0.0,0.0,0.0,0.0,0.0,0.0,0.0,0.0,0.0,0.0,0.0,0.003066186901759042,9.314157445812397e-05,4.745045107537383e-05,1.4208717397101722e-07,-5.207295892262209e-05,2.952683364476627e-06,0.0,0.0,0.0,0.0,0.0,0.0,0.0,0.0,0.0,0.0,0.0,0.0,0.0,0.0,0.0,0.0,0.0,0.0,0.0,0.0,0.0,0.0,0.0,0.0,0.0,0.0,0.0,0.0,0.0,0.0,0.0,0.0,0.0,0.0,0.0,0.0
86,704000000,odom,base_link,-1.6509889439610377,0.097319576397945,-0.1036687361872149,-1.7934639142899394e-05,0.0027888457936633953,-5.735551847284711e-06,0.9999961109847334,0.0,0.0,0.0,0.0,0.0,0.0,0.0,0.0,0.0,0.0,0.0,0.0,0.0,0.0,0.0,0.0,0.0,0.0,0.0,0.0,0.0,0.0,0.0,0.0,0.0,0.0,0.0,0.0,0.0,0.0,0.0,0.0,0.0,0.0,0.0,0.0,0.003064627716958329,9.315722682211478e-05,4.623599562774658e-05,1.3632646261863002e-07,-5.11299596439585e-05,2.2299075475018526e-06,0.0,0.0,0.0,0.0,0.0,0.0,0.0,0.0,0.0,0.0,0.0,0.0,0.0,0.0,0.0,0.0,0.0,0.0,0.0,0.0,0.0,0.0,0.0,0.0,0.0,0.0,0.0,0.0,0.0,0.0,0.0,0.0,0.0,0.0,0.0,0.0
86,738000000,odom,base_link,-1.6508847739177694,0.09732274289402697,-0.10366772864509158,-1.793266248551251e-05,0.0027879520767184643,-5.692345515184935e-06,0.9999961134770649,0.0,0.0,0.0,0.0,0.0,0.0,0.0,0.0,0.0,0.0,0.0,0.0,0.0,0.0,0.0,0.0,0.0,0.0,0.0,0.0,0.0,0.0,0.0,0.0,0.0,0.0,0.0,0.0,0.0,0.0,0.0,0.0,0.0,0.0,0.0,0.0,0.003063055659452943,9.317053902342566e-05,4.6899128433235746e-05,1.1872230004650319e-07,-5.304754573387527e-05,2.7368395105753507e-06,0.0,0.0,0.0,0.0,0.0,0.0,0.0,0.0,0.0,0.0,0.0,0.0,0.0,0.0,0.0,0.0,0.0,0.0,0.0,0.0,0.0,0.0,0.0,0.0,0.0,0.0,0.0,0.0,0.0,0.0,0.0,0.0,0.0,0.0,0.0,0.0
86,772000000,odom,base_link,-1.650780657213363,0.0973259098588949,-0.1036667202232346,-1.7930682149961117e-05,0.0027870581948993504,-5.6429771215446036e-06,0.99999611596909,0.0,0.0,0.0,0.0,0.0,0.0,0.0,0.0,0.0,0.0,0.0,0.0,0.0,0.0,0.0,0.0,0.0,0.0,0.0,0.0,0.0,0.0,0.0,0.0,0.0,0.0,0.0,0.0,0.0,0.0,0.0,0.0,0.0,0.0,0.0,0.0,0.0030614906381740063,9.318442879357121e-05,4.6537927428325216e-05,1.3578379809420227e-07,-5.186042528748658e-05,2.8627108017431624e-06,0.0,0.0,0.0,0.0,0.0,0.0,0.0,0.0,0.0,0.0,0.0,0.0,0.0,0.0,0.0,0.0,0.0,0.0,0.0,0.0,0.0,0.0,0.0,0.0,0.0,0.0,0.0,0.0,0.0,0.0,0.0,0.0,0.0,0.0,0.0,0.0
86,806000000,odom,base_link,-1.6506765937596926,0.09732907732310689,-0.10366574504369928,-1.7928319816670625e-05,0.0027861866898891627,-5.596677870678747e-06,0.9999961183979574,0.0,0.0,0.0,0.0,0.0,0.0,0.0,0.0,0.0,0.0,0.0,0.0,0.0,0.0,0.0,0.0,0.0,0.0,0.0,0.0,0.0,0.0,0.0,0.0,0.0,0.0,0.0,0.0,0.0,0.0,0.0,0.0,0.0,0.0,0.0,0.0,0.0030599307822416722,9.319880370933881e-05,4.5261372228059044e-05,1.4918416640918863e-07,-5.120321269203032e-05,2.6762780658273755e-06,0.0,0.0,0.0,0.0,0.0,0.0,0.0,0.0,0.0,0.0,0.0,0.0,0.0,0.0,0.0,0.0,0.0,0.0,0.0,0.0,0.0,0.0,0.0,0.0,0.0,0.0,0.0,0.0,0.0,0.0,0.0,0.0,0.0,0.0,0.0,0.0
86,840000000,odom,base_link,-1.650572583656863,0.09733224525758856,-0.1036647704328637,-1.7926211382972853e-05,0.0027852921563477962,-5.54505112052411e-06,0.9999961208902298,0.0,0.0,0.0,0.0,0.0,0.0,0.0,0.0,0.0,0.0,0.0,0.0,0.0,0.0,0.0,0.0,0.0,0.0,0.0,0.0,0.0,0.0,0.0,0.0,0.0,0.0,0.0,0.0,0.0,0.0,0.0,0.0,0.0,0.0,0.0,0.0,0.003058357763927082,9.321190074248528e-05,4.586273193812588e-05,1.2657671299987072e-07,-5.297697178718863e-05,3.2352870160679004e-06,0.0,0.0,0.0,0.0,0.0,0.0,0.0,0.0,0.0,0.0,0.0,0.0,0.0,0.0,0.0,0.0,0.0,0.0,0.0,0.0,0.0,0.0,0.0,0.0,0.0,0.0,0.0,0.0,0.0,0.0,0.0,0.0,0.0,0.0,0.0,0.0
86,874000000,odom,base_link,-1.6504686268542668,0.09733541366539984,-0.10366379593148461,-1.7923939198317673e-05,0.002784402458925269,-5.488969605207676e-06,0.999996123368261,0.0,0.0,0.0,0.0,0.0,0.0,0.0,0.0,0.0,0.0,0.0,0.0,0.0,0.0,0.0,0.0,0.0,0.0,0.0,0.0,0.0,0.0,0.0,0.0,0.0,0.0,0.0,0.0,0.0,0.0,0.0,0.0,0.0,0.0,0.0,0.0,0.003056793881400721,9.322613018477062e-05,4.551050832530359e-05,1.5248908941112305e-07,-5.157311946391019e-05,3.1475626549593017e-06,0.0,0.0,0.0,0.0,0.0,0.0,0.0,0.0,0.0,0.0,0.0,0.0,0.0,0.0,0.0,0.0,0.0,0.0,0.0,0.0,0.0,0.0,0.0,0.0,0.0,0.0,0.0,0.0,0.0,0.0,0.0,0.0,0.0,0.0,0.0,0.0
86,908000000,odom,base_link,-1.6503647232731216,0.09733858259128113,-0.10366285178601582,-1.7921492501503277e-05,0.002783534277462151,-5.440685604038592e-06,0.9999961257855678,0.0,0.0,0.0,0.0,0.0,0.0,0.0,0.0,0.0,0.0,0.0,0.0,0.0,0.0,0.0,0.0,0.0,0.0,0.0,0.0,0.0,0.0,0.0,0.0,0.0,0.0,0.0,0.0,0.0,0.0,0.0,0.0,0.0,0.0,0.0,0.0,0.0030552336112043546,9.32409510712537e-05,4.4419781093400215e-05,1.4891549798834447e-07,-5.115330949934105e-05,2.7299103200206787e-06,0.0,0.0,0.0,0.0,0.0,0.0,0.0,0.0,0.0,0.0,0.0,0.0,0.0,0.0,0.0,0.0,0.0,0.0,0.0,0.0,0.0,0.0,0.0,0.0,0.0,0.0,0.0,0.0,0.0,0.0,0.0,0.0,0.0,0.0,0.0,0.0
86,942000000,odom,base_link,-1.6502608730223132,0.09734175199643572,-0.10366190140681726,-1.7919453712738907e-05,0.002782641243744415,-5.389504268171245e-06,0.9999961282712824,0.0,0.0,0.0,0.0,0.0,0.0,0.0,0.0,0.0,0.0,0.0,0.0,0.0,0.0,0.0,0.0,0.0,0.0,0.0,0.0,0.0,0.0,0.0,0.0,0.0,0.0,0.0,0.0,0.0,0.0,0.0,0.0,0.0,0.0,0.0,0.0,0.003053660696226626,9.32542535407954e-05,4.5124726713089794e-05,1.211965514058555e-07,-5.28477038130859e-05,3.160072470365094e-06,0.0,0.0,0.0,0.0,0.0,0.0,0.0,0.0,0.0,0.0,0.0,0.0,0.0,0.0,0.0,0.0,0.0,0.0,0.0,0.0,0.0,0.0,0.0,0.0,0.0,0.0,0.0,0.0,0.0,0.0,0.0,0.0,0.0,0.0,0.0,0.0
86,976000000,odom,base_link,-1.650157076054033,0.09734492187815685,-0.1036609482416605,-1.7917479046609165e-05,0.0027817529939456907,-5.335196179192829e-06,0.9999961307429046,0.0,0.0,0.0,0.0,0.0,0.0,0.0,0.0,0.0,0.0,0.0,0.0,0.0,0.0,0.0,0.0,0.0,0.0,0.0,0.0,0.0,0.0,0.0,0.0,0.0,0.0,0.0,0.0,0.0,0.0,0.0,0.0,0.0,0.0,0.0,0.0,0.0030520965387779253,9.326847109163952e-05,4.490361016653494e-05,1.335249466549726e-07,-5.1501623232752536e-05,3.0499331060696022e-06,0.0,0.0,0.0,0.0,0.0,0.0,0.0,0.0,0.0,0.0,0.0,0.0,0.0,0.0,0.0,0.0,0.0,0.0,0.0,0.0,0.0,0.0,0.0,0.0,0.0,0.0,0.0,0.0,0.0,0.0,0.0,0.0,0.0,0.0,0.0,0.0
87,10000000,odom,base_link,-1.65005333228721,0.0973480922741712,-0.10366001796066739,-1.7915246896224274e-05,0.0027808858301275052,-5.2883525688392055e-06,0.9999961331550623,0.0,0.0,0.0,0.0,0.0,0.0,0.0,0.0,0.0,0.0,0.0,0.0,0.0,0.0,0.0,0.0,0.0,0.0,0.0,0.0,0.0,0.0,0.0,0.0,0.0,0.0,0.0,0.0,0.0,0.0,0.0,0.0,0.0,0.0,0.0,0.0,0.003050535295721357,9.328316430592697e-05,4.408925602237337e-05,1.382636297120321e-07,-5.1152812474697384e-05,2.663885689813128e-06,0.0,0.0,0.0,0.0,0.0,0.0,0.0,0.0,0.0,0.0,0.0,0.0,0.0,0.0,0.0,0.0,0.0,0.0,0.0,0.0,0.0,0.0,0.0,0.0,0.0,0.0,0.0,0.0,0.0,0.0,0.0,0.0,0.0,0.0,0.0,0.0
87,44000000,odom,base_link,-1.6499496418303152,0.09735126314516189,-0.10365907570404242,-1.7913280139656087e-05,0.002779994939255274,-5.238221294511143e-06,0.9999961356324399,0.0,0.0,0.0,0.0,0.0,0.0,0.0,0.0,0.0,0.0,0.0,0.0,0.0,0.0,0.0,0.0,0.0,0.0,0.0,0.0,0.0,0.0,0.0,0.0,0.0,0.0,0.0,0.0,0.0,0.0,0.0,0.0,0.0,0.0,0.0,0.0,0.0030489626449686823,9.32963677462368e-05,4.4862692612457206e-05,1.1917863085297853e-07,-5.26805479239556e-05,3.097935685758557e-06,0.0,0.0,0.0,0.0,0.0,0.0,0.0,0.0,0.0,0.0,0.0,0.0,0.0,0.0,0.0,0.0,0.0,0.0,0.0,0.0,0.0,0.0,0.0,0.0,0.0,0.0,0.0,0.0,0.0,0.0,0.0,0.0,0.0,0.0,0.0,0.0
87,78000000,odom,base_link,-1.6498460046229162,0.09735443449501514,-0.10365812863837649,-1.7911269861205673e-05,0.0027791124392894345,-5.18629695984066e-06,0.9999961380857121,0.0,0.0,0.0,0.0,0.0,0.0,0.0,0.0,0.0,0.0,0.0,0.0,0.0,0.0,0.0,0.0,0.0,0.0,0.0,0.0,0.0,0.0,0.0,0.0,0.0,0.0,0.0,0.0,0.0,0.0,0.0,0.0,0.0,0.0,0.0,0.0,0.003047399254840049,9.331071585939199e-05,4.4691905825803996e-05,1.359574397508112e-07,-5.1158913905169356e-05,2.8837718657470646e-06,0.0,0.0,0.0,0.0,0.0,0.0,0.0,0.0,0.0,0.0,0.0,0.0,0.0,0.0,0.0,0.0,0.0,0.0,0.0,0.0,0.0,0.0,0.0,0.0,0.0,0.0,0.0,0.0,0.0,0.0,0.0,0.0,0.0,0.0,0.0,0.0
87,112000000,odom,base_link,-1.6497424206000364,0.09735760635582603,-0.10365720211353668,-1.790900447732979e-05,0.0027782485141495845,-5.141811454967717e-06,0.9999961404865636,0.0,0.0,0.0,0.0,0.0,0.0,0.0,0.0,0.0,0.0,0.0,0.0,0.0,0.0,0.0,0.0,0.0,0.0,0.0,0.0,0.0,0.0,0.0,0.0,0.0,0.0,0.0,0.0,0.0,0.0,0.0,0.0,0.0,0.0,0.0,0.0,0.0030458371100507567,9.332518870501494e-05,4.407514154065762e-05,1.375759992039427e-07,-5.118821420069253e-05,2.574789292886237e-06,0.0,0.0,0.0,0.0,0.0,0.0,0.0,0.0,0.0,0.0,0.0,0.0,0.0,0.0,0.0,0.0,0.0,0.0,0.0,0.0,0.0,0.0,0.0,0.0,0.0,0.0,0.0,0.0,0.0,0.0,0.0,0.0,0.0,0.0,0.0,0.0
87,146000000,odom,base_link,-1.6496388898772079,0.09736077868291358,-0.10365625664387648,-1.7907075838098225e-05,0.002777357912394416,-5.092459252264339e-06,0.9999961429607767,0.0,0.0,0.0,0.0,0.0,0.0,0.0,0.0,0.0,0.0,0.0,0.0,0.0,0.0,0.0,0.0,0.0,0.0,0.0,0.0,0.0,0.0,0.0,0.0,0.0,0.0,0.0,0.0,0.0,0.0,0.0,0.0,0.0,0.0,0.0,0.0,0.0030442643622226205,9.333817984216357e-05,4.494910597740246e-05,1.1622465975746898e-07,-5.264707496621668e-05,3.073550791654611e-06,0.0,0.0,0.0,0.0,0.0,0.0,0.0,0.0,0.0,0.0,0.0,0.0,0.0,0.0,0.0,0.0,0.0,0.0,0.0,0.0,0.0,0.0,0.0,0.0,0.0,0.0,0.0,0.0,0.0,0.0,0.0,0.0,0.0,0.0,0.0,0.0
87,180000000,odom,base_link,-1.649535412369477,0.09736395148657777,-0.10365530254533843,-1.7904862597997666e-05,0.0027764798830176942,-5.041496071422235e-06,0.9999961453993003,0.0,0.0,0.0,0.0,0.0,0.0,0.0,0.0,0.0,0.0,0.0,0.0,0.0,0.0,0.0,0.0,0.0,0.0,0.0,0.0,0.0,0.0,0.0,0.0,0.0,0.0,0.0,0.0,0.0,0.0,0.0,0.0,0.0,0.0,0.0,0.0,0.003042701424706084,9.335249523992231e-05,4.48818916862105e-05,1.4481065235827373e-07,-5.094931694316074e-05,2.8341398339293278e-06,0.0,0.0,0.0,0.0,0.0,0.0,0.0,0.0,0.0,0.0,0.0,0.0,0.0,0.0,0.0,0.0,0.0,0.0,0.0,0.0,0.0,0.0,0.0,0.0,0.0,0.0,0.0,0.0,0.0,0.0,0.0,0.0,0.0,0.0,0.0,0.0
87,214000000,odom,base_link,-1.6494319880367017,0.09736712479415137,-0.10365436383297612,-1.7902564386342656e-05,0.002775615810630316,-4.996789774330902e-06,0.9999961477982813,0.0,0.0,0.0,0.0,0.0,0.0,0.0,0.0,0.0,0.0,0.0,0.0,0.0,0.0,0.0,0.0,0.0,0.0,0.0,0.0,0.0,0.0,0.0,0.0,0.0,0.0,0.0,0.0,0.0,0.0,0.0,0.0,0.0,0.0,0.0,0.0,0.003041137584485089,9.336666373243205e-05,4.4577669722558745e-05,1.3500880136074755e-07,-5.1436766312917825e-05,2.653299202570736e-06,0.0,0.0,0.0,0.0,0.0,0.0,0.0,0.0,0.0,0.0,0.0,0.0,0.0,0.0,0.0,0.0,0.0,0.0,0.0,0.0,0.0,0.0,0.0,0.0,0.0,0.0,0.0,0.0,0.0,0.0,0.0,0.0,0.0,0.0,0.0,0.0
87,248000000,odom,base_link,-1.6493286169893084,0.0973702985619831,-0.10365339970036211,-1.7900698011897866e-05,0.0027747247285224864,-4.946160022150741e-06,0.9999961502714805,0.0,0.0,0.0,0.0,0.0,0.0,0.0,0.0,0.0,0.0,0.0,0.0,0.0,0.0,0.0,0.0,0.0,0.0,0.0,0.0,0.0,0.0,0.0,0.0,0.0,0.0,0.0,0.0,0.0,0.0,0.0,0.0,0.0,0.0,0.0,0.0,0.003039565523392419,9.337957406203322e-05,4.545480843302464e-05,1.124049471556976e-07,-5.261762368036216e-05,3.1468549543944846e-06,0.0,0.0,0.0,0.0,0.0,0.0,0.0,0.0,0.0,0.0,0.0,0.0,0.0,0.0,0.0,0.0,0.0,0.0,0.0,0.0,0.0,0.0,0.0,0.0,0.0,0.0,0.0,0.0,0.0,0.0,0.0,0.0,0.0,0.0,0.0,0.0
87,282000000,odom,base_link,-1.6492252991360048,0.09737347280746655,-0.10365242760211187,-1.7898733360625425e-05,0.0027738483830478692,-4.894731091391703e-06,0.9999961527030116,0.0,0.0,0.0,0.0,0.0,0.0,0.0,0.0,0.0,0.0,0.0,0.0,0.0,0.0,0.0,0.0,0.0,0.0,0.0,0.0,0.0,0.0,0.0,0.0,0.0,0.0,0.0,0.0,0.0,0.0,0.0,0.0,0.0,0.0,0.0,0.0,0.003038003329489981,9.339395485264315e-05,4.534741152631369e-05,1.3369091667048139e-07,-5.087546846027635e-05,2.842063340224854e-06,0.0,0.0,0.0,0.0,0.0,0.0,0.0,0.0,0.0,0.0,0.0,0.0,0.0,0.0,0.0,0.0,0.0,0.0,0.0,0.0,0.0,0.0,0.0,0.0,0.0,0.0,0.0,0.0,0.0,0.0,0.0,0.0,0.0,0.0,0.0,0.0
87,316000000,odom,base_link,-1.649122034448118,0.09737664755653463,-0.1036514719771886,-1.7896538551121944e-05,0.002772984417784512,-4.850121014445816e-06,0.9999961550994129,0.0,0.0,0.0,0.0,0.0,0.0,0.0,0.0,0.0,0.0,0.0,0.0,0.0,0.0,0.0,0.0,0.0,0.0,0.0,0.0,0.0,0.0,0.0,0.0,0.0,0.0,0.0,0.0,0.0,0.0,0.0,0.0,0.0,0.0,0.0,0.0,0.0030364396629109594,9.340807649747593e-05,4.505994917534745e-05,1.3079960864414986e-07,-5.148491446504977e-05,2.6529628494031954e-06,0.0,0.0,0.0,0.0,0.0,0.0,0.0,0.0,0.0,0.0,0.0,0.0,0.0,0.0,0.0,0.0,0.0,0.0,0.0,0.0,0.0,0.0,0.0,0.0,0.0,0.0,0.0,0.0,0.0,0.0,0.0,0.0,0.0,0.0,0.0,0.0
87,350000000,odom,base_link,-1.6490188230307097,0.09737982276423324,-0.10365049183394227,-1.7894684000611263e-05,0.0027720937826530654,-4.799749466427767e-06,0.9999961575690193,0.0,0.0,0.0,0.0,0.0,0.0,0.0,0.0,0.0,0.0,0.0,0.0,0.0,0.0,0.0,0.0,0.0,0.0,0.0,0.0,0.0,0.0,0.0,0.0,0.0,0.0,0.0,0.0,0.0,0.0,0.0,0.0,0.0,0.0,0.0,0.0,0.0030348685953581612,9.342096234484938e-05,4.585252359916881e-05,1.1291219695341859e-07,-5.257174677808507e-05,3.124047998070978e-06,0.0,0.0,0.0,0.0,0.0,0.0,0.0,0.0,0.0,0.0,0.0,0.0,0.0,0.0,0.0,0.0,0.0,0.0,0.0,0.0,0.0,0.0,0.0,0.0,0.0,0.0,0.0,0.0,0.0,0.0,0.0,0.0,0.0,0.0,0.0,0.0
87,384000000,odom,base_link,-1.6489156648586052,0.09738299841972255,-0.10364948061527028,-1.7893027532628785e-05,0.0027711954328402556,-4.740824079859664e-06,0.999996160059246,0.0,0.0,0.0,0.0,0.0,0.0,0.0,0.0,0.0,0.0,0.0,0.0,0.0,0.0,0.0,0.0,0.0,0.0,0.0,0.0,0.0,0.0,0.0,0.0,0.0,0.0,0.0,0.0,0.0,0.0,0.0,0.0,0.0,0.0,0.0,0.0,0.003033296733433953,9.343369969097675e-05,4.6953721094153636e-05,1.0512482481739305e-07,-5.29211362731985e-05,3.658298619590994e-06,0.0,0.0,0.0,0.0,0.0,0.0,0.0,0.0,0.0,0.0,0.0,0.0,0.0,0.0,0.0,0.0,0.0,0.0,0.0,0.0,0.0,0.0,0.0,0.0,0.0,0.0,0.0,0.0,0.0,0.0,0.0,0.0,0.0,0.0,0.0,0.0
87,418000000,odom,base_link,-1.648812559909082,0.097386174534792,-0.1036484493587933,-1.7891303550331283e-05,0.0027703040612630796,-4.676588117120221e-06,0.9999961625293564,0.0,0.0,0.0,0.0,0.0,0.0,0.0,0.0,0.0,0.0,0.0,0.0,0.0,0.0,0.0,0.0,0.0,0.0,0.0,0.0,0.0,0.0,0.0,0.0,0.0,0.0,0.0,0.0,0.0,0.0,0.0,0.0,0.0,0.0,0.0,0.0,0.003031731687999084,9.344748938618465e-05,4.710719457364728e-05,1.25847252063771e-07,-5.167290773044897e-05,3.61019825145803e-06,0.0,0.0,0.0,0.0,0.0,0.0,0.0,0.0,0.0,0.0,0.0,0.0,0.0,0.0,0.0,0.0,0.0,0.0,0.0,0.0,0.0,0.0,0.0,0.0,0.0,0.0,0.0,0.0,0.0,0.0,0.0,0.0,0.0,0.0,0.0,0.0
87,452000000,odom,base_link,-1.6487095080934826,0.0973893511758838,-0.10364743711488218,-1.7888990804625504e-05,0.002769441122332781,-4.6245122750315055e-06,0.99999616491988,0.0,0.0,0.0,0.0,0.0,0.0,0.0,0.0,0.0,0.0,0.0,0.0,0.0,0.0,0.0,0.0,0.0,0.0,0.0,0.0,0.0,0.0,0.0,0.0,0.0,0.0,0.0,0.0,0.0,0.0,0.0,0.0,0.0,0.0,0.0,0.0,0.0030301738108574994,9.346279585553593e-05,4.614688024955924e-05,1.5056729751883324e-07,-5.0505464344041684e-05,2.790385122963812e-06,0.0,0.0,0.0,0.0,0.0,0.0,0.0,0.0,0.0,0.0,0.0,0.0,0.0,0.0,0.0,0.0,0.0,0.0,0.0,0.0,0.0,0.0,0.0,0.0,0.0,0.0,0.0,0.0,0.0,0.0,0.0,0.0,0.0,0.0,0.0,0.0
87,486000000,odom,base_link,-1.6486065095243492,0.09739252831081341,-0.10364642163938605,-1.7886876972234548e-05,0.0027685564692051393,-4.575904874508245e-06,0.9999961673697543,0.0,0.0,0.0,0.0,0.0,0.0,0.0,0.0,0.0,0.0,0.0,0.0,0.0,0.0,0.0,0.0,0.0,0.0,0.0,0.0,0.0,0.0,0.0,0.0,0.0,0.0,0.0,0.0,0.0,0.0,0.0,0.0,0.0,0.0,0.0,0.0,0.0030286025962158623,9.347638892403889e-05,4.690385707072714e-05,1.2416811745463718e-07,-5.2527042626593357e-05,2.9360877285000697e-06,0.0,0.0,0.0,0.0,0.0,0.0,0.0,0.0,0.0,0.0,0.0,0.0,0.0,0.0,0.0,0.0,0.0,0.0,0.0,0.0,0.0,0.0,0.0,0.0,0.0,0.0,0.0,0.0,0.0,0.0,0.0,0.0,0.0,0.0,0.0,0.0
87,520000000,odom,base_link,-1.648503564180836,0.09739570592183586,-0.1036453980632648,-1.78849317717956e-05,0.002767669527244644,-4.5263508831535275e-06,0.9999961698251796,0.0,0.0,0.0,0.0,0.0,0.0,0.0,0.0,0.0,0.0,0.0,0.0,0.0,0.0,0.0,0.0,0.0,0.0,0.0,0.0,0.0,0.0,0.0,0.0,0.0,0.0,0.0,0.0,0.0,0.0,0.0,0.0,0.0,0.0,0.0,0.0,0.0030270396712440894,9.349048616053682e-05,4.673551365732754e-05,1.287134773764187e-07,-5.150466471093296e-05,2.7567016225304997e-06,0.0,0.0,0.0,0.0,0.0,0.0,0.0,0.0,0.0,0.0,0.0,0.0,0.0,0.0,0.0,0.0,0.0,0.0,0.0,0.0,0.0,0.0,0.0,0.0,0.0,0.0,0.0,0.0,0.0,0.0,0.0,0.0,0.0,0.0,0.0,0.0
87,554000000,odom,base_link,-1.648400671973191,0.09739888404344,-0.10364440389888258,-1.788273485466982e-05,0.0027668056876657635,-4.486096299409853e-06,0.9999961722158588,0.0,0.0,0.0,0.0,0.0,0.0,0.0,0.0,0.0,0.0,0.0,0.0,0.0,0.0,0.0,0.0,0.0,0.0,0.0,0.0,0.0,0.0,0.0,0.0,0.0,0.0,0.0,0.0,0.0,0.0,0.0,0.0,0.0,0.0,0.0,0.0,0.003025483442780589,9.350527422334293e-05,4.544671872315005e-05,1.3806202014965407e-07,-5.058028875737364e-05,2.170417023883431e-06,0.0,0.0,0.0,0.0,0.0,0.0,0.0,0.0,0.0,0.0,0.0,0.0,0.0,0.0,0.0,0.0,0.0,0.0,0.0,0.0,0.0,0.0,0.0,0.0,0.0,0.0,0.0,0.0,0.0,0.0,0.0,0.0,0.0,0.0,0.0,0.0
87,588000000,odom,base_link,-1.6482978329874052,0.0974020626425646,-0.1036434329723249,-1.788071830391588e-05,0.002765927883509543,-4.447307639282756e-06,0.9999961746444056,0.0,0.0,0.0,0.0,0.0,0.0,0.0,0.0,0.0,0.0,0.0,0.0,0.0,0.0,0.0,0.0,0.0,0.0,0.0,0.0,0.0,0.0,0.0,0.0,0.0,0.0,0.0,0.0,0.0,0.0,0.0,0.0,0.0,0.0,0.0,0.0,0.003023917021828853,9.351838063197228e-05,4.5480323715915054e-05,1.1614358710887451e-07,-5.22953179427077e-05,2.476969052089828e-06,0.0,0.0,0.0,0.0,0.0,0.0,0.0,0.0,0.0,0.0,0.0,0.0,0.0,0.0,0.0,0.0,0.0,0.0,0.0,0.0,0.0,0.0,0.0,0.0,0.0,0.0,0.0,0.0,0.0,0.0,0.0,0.0,0.0,0.0,0.0,0.0
87,622000000,odom,base_link,-1.648195047214734,0.0974052416876449,-0.10364245824769414,-1.787890114053418e-05,0.002765042605974153,-4.401391908188966e-06,0.9999961770928726,0.0,0.0,0.0,0.0,0.0,0.0,0.0,0.0,0.0,0.0,0.0,0.0,0.0,0.0,0.0,0.0,0.0,0.0,0.0,0.0,0.0,0.0,0.0,0.0,0.0,0.0,0.0,0.0,0.0,0.0,0.0,0.0,0.0,0.0,0.0,0.0,0.0030223548962753826,9.35315372880241e-05,4.5264464609543606e-05,1.212638947589717e-07,-5.144095034381735e-05,2.706176149835926e-06,0.0,0.0,0.0,0.0,0.0,0.0,0.0,0.0,0.0,0.0,0.0,0.0,0.0,0.0,0.0,0.0,0.0,0.0,0.0,0.0,0.0,0.0,0.0,0.0,0.0,0.0,0.0,0.0,0.0,0.0,0.0,0.0,0.0,0.0,0.0,0.0
87,656000000,odom,base_link,-1.6480923145499804,0.09740842120785068,-0.10364150857539313,-1.7876806994344477e-05,0.0027641791357484588,-4.357033167295757e-06,0.9999961794802726,0.0,0.0,0.0,0.0,0.0,0.0,0.0,0.0,0.0,0.0,0.0,0.0,0.0,0.0,0.0,0.0,0.0,0.0,0.0,0.0,0.0,0.0,0.0,0.0,0.0,0.0,0.0,0.0,0.0,0.0,0.0,0.0,0.0,0.0,0.0,0.0,0.0030207979336170257,9.354527272049263e-05,4.425277061569938e-05,1.3261819559184929e-07,-5.0706101717423735e-05,2.5809156367628816e-06,0.0,0.0,0.0,0.0,0.0,0.0,0.0,0.0,0.0,0.0,0.0,0.0,0.0,0.0,0.0,0.0,0.0,0.0,0.0,0.0,0.0,0.0,0.0,0.0,0.0,0.0,0.0,0.0,0.0,0.0,0.0,0.0,0.0,0.0,0.0,0.0
87,690000000,odom,base_link,-1.6479896350845717,0.09741160118077193,-0.10364055319888489,-1.7874925702852384e-05,0.0027632953124025338,-4.307471032632664e-06,0.9999961819231857,0.0,0.0,0.0,0.0,0.0,0.0,0.0,0.0,0.0,0.0,0.0,0.0,0.0,0.0,0.0,0.0,0.0,0.0,0.0,0.0,0.0,0.0,0.0,0.0,0.0,0.0,0.0,0.0,0.0,0.0,0.0,0.0,0.0,0.0,0.0,0.0,0.003019228609013664,9.355793374418267e-05,4.4996568522265304e-05,1.1380913711445118e-07,-5.230988868731856e-05,3.0989039778717142e-06,0.0,0.0,0.0,0.0,0.0,0.0,0.0,0.0,0.0,0.0,0.0,0.0,0.0,0.0,0.0,0.0,0.0,0.0,0.0,0.0,0.0,0.0,0.0,0.0,0.0,0.0,0.0,0.0,0.0,0.0,0.0,0.0,0.0,0.0,0.0,0.0
87,724000000,odom,base_link,-1.6478870087716055,0.0974147816117965,-0.10363959243313577,-1.7873045367237094e-05,0.002762416891272571,-4.253989775104969e-06,0.9999961843504087,0.0,0.0,0.0,0.0,0.0,0.0,0.0,0.0,0.0,0.0,0.0,0.0,0.0,0.0,0.0,0.0,0.0,0.0,0.0,0.0,0.0,0.0,0.0,0.0,0.0,0.0,0.0,0.0,0.0,0.0,0.0,0.0,0.0,0.0,0.0,0.0,0.0030176680106072822,9.357171631568585e-05,4.482466356733689e-05,1.2904021184922954e-07,-5.0930135842008895e-05,2.9913203025699886e-06,0.0,0.0,0.0,0.0,0.0,0.0,0.0,0.0,0.0,0.0,0.0,0.0,0.0,0.0,0.0,0.0,0.0,0.0,0.0,0.0,0.0,0.0,0.0,0.0,0.0,0.0,0.0,0.0,0.0,0.0,0.0,0.0,0.0,0.0,0.0,0.0
87,758000000,odom,base_link,-1.6477844355335318,0.09741796254424245,-0.10363865595033389,-1.7870845056484055e-05,0.0027615598316277174,-4.208518835534084e-06,0.9999961867178383,0.0,0.0,0.0,0.0,0.0,0.0,0.0,0.0,0.0,0.0,0.0,0.0,0.0,0.0,0.0,0.0,0.0,0.0,0.0,0.0,0.0,0.0,0.0,0.0,0.0,0.0,0.0,0.0,0.0,0.0,0.0,0.0,0.0,0.0,0.0,0.0,0.003016111353593791,9.3586088669166e-05,4.386435128932944e-05,1.3754989230951864e-07,-5.043651007952121e-05,2.547516886330925e-06,0.0,0.0,0.0,0.0,0.0,0.0,0.0,0.0,0.0,0.0,0.0,0.0,0.0,0.0,0.0,0.0,0.0,0.0,0.0,0.0,0.0,0.0,0.0,0.0,0.0,0.0,0.0,0.0,0.0,0.0,0.0,0.0,0.0,0.0,0.0,0.0
87,792000000,odom,base_link,-1.6476819154831301,0.09742114394144273,-0.10363771003795029,-1.786894419976491e-05,0.0027606778014426176,-4.160867599975202e-06,0.9999961891534711,0.0,0.0,0.0,0.0,0.0,0.0,0.0,0.0,0.0,0.0,0.0,0.0,0.0,0.0,0.0,0.0,0.0,0.0,0.0,0.0,0.0,0.0,0.0,0.0,0.0,0.0,0.0,0.0,0.0,0.0,0.0,0.0,0.0,0.0,0.0,0.0,0.0030145418297548862,9.35989857198869e-05,4.4697105347106685e-05,1.1316183545773129e-07,-5.2233063740914076e-05,2.9431354464648507e-06,0.0,0.0,0.0,0.0,0.0,0.0,0.0,0.0,0.0,0.0,0.0,0.0,0.0,0.0,0.0,0.0,0.0,0.0,0.0,0.0,0.0,0.0,0.0,0.0,0.0,0.0,0.0,0.0,0.0,0.0,0.0,0.0,0.0,0.0,0.0,0.0
87,826000000,odom,base_link,-1.6475794485783763,0.09742432579847028,-0.10363675723770618,-1.7867110473461346e-05,0.002759799160194461,-4.110105032699457e-06,0.9999961915789823,0.0,0.0,0.0,0.0,0.0,0.0,0.0,0.0,0.0,0.0,0.0,0.0,0.0,0.0,0.0,0.0,0.0,0.0,0.0,0.0,0.0,0.0,0.0,0.0,0.0,0.0,0.0,0.0,0.0,0.0,0.0,0.0,0.0,0.0,0.0,0.0,0.003012981217603786,9.361269506713473e-05,4.456058933965071e-05,1.2499468265980695e-07,-5.092304924403379e-05,2.850311986435372e-06,0.0,0.0,0.0,0.0,0.0,0.0,0.0,0.0,0.0,0.0,0.0,0.0,0.0,0.0,0.0,0.0,0.0,0.0,0.0,0.0,0.0,0.0,0.0,0.0,0.0,0.0,0.0,0.0,0.0,0.0,0.0,0.0,0.0,0.0,0.0,0.0
87,860000000,odom,base_link,-1.6474770347266867,0.09742750815192264,-0.10363582523385494,-1.7864979372798758e-05,0.002758943977454704,-4.066619983729356e-06,0.9999961939389741,0.0,0.0,0.0,0.0,0.0,0.0,0.0,0.0,0.0,0.0,0.0,0.0,0.0,0.0,0.0,0.0,0.0,0.0,0.0,0.0,0.0,0.0,0.0,0.0,0.0,0.0,0.0,0.0,0.0,0.0,0.0,0.0,0.0,0.0,0.0,0.0,0.0030114242082128237,9.36269073108089e-05,4.38409647977084e-05,1.3244212254681642e-07,-5.02352396125616e-05,2.468094950636157e-06,0.0,0.0,0.0,0.0,0.0,0.0,0.0,0.0,0.0,0.0,0.0,0.0,0.0,0.0,0.0,0.0,0.0,0.0,0.0,0.0,0.0,0.0,0.0,0.0,0.0,0.0,0.0,0.0,0.0,0.0,0.0,0.0,0.0,0.0,0.0,0.0
87,894000000,odom,base_link,-1.6473746740370971,0.09743069096343146,-0.1036348763913499,-1.7863129251637752e-05,0.0027580644891411618,-4.01966863471785e-06,0.9999961963652785,0.0,0.0,0.0,0.0,0.0,0.0,0.0,0.0,0.0,0.0,0.0,0.0,0.0,0.0,0.0,0.0,0.0,0.0,0.0,0.0,0.0,0.0,0.0,0.0,0.0,0.0,0.0,0.0,0.0,0.0,0.0,0.0,0.0,0.0,0.0,0.0,0.003009854706002539,9.363963895937205e-05,4.4752046090440405e-05,1.110179372043607e-07,-5.209849938125899e-05,2.9153304437201655e-06,0.0,0.0,0.0,0.0,0.0,0.0,0.0,0.0,0.0,0.0,0.0,0.0,0.0,0.0,0.0,0.0,0.0,0.0,0.0,0.0,0.0,0.0,0.0,0.0,0.0,0.0,0.0,0.0,0.0,0.0,0.0,0.0,0.0,0.0,0.0,0.0
87,928000000,odom,base_link,-1.6472723664490871,0.09743387423932627,-0.10363391865951792,-1.786122891255323e-05,0.0027571925142890388,-3.97122858395646e-06,0.9999961987700978,0.0,0.0,0.0,0.0,0.0,0.0,0.0,0.0,0.0,0.0,0.0,0.0,0.0,0.0,0.0,0.0,0.0,0.0,0.0,0.0,0.0,0.0,0.0,0.0,0.0,0.0,0.0,0.0,0.0,0.0,0.0,0.0,0.0,0.0,0.0,0.0,0.003008295163804045,9.365357690068786e-05,4.468261653270429e-05,1.2889441736163576e-07,-5.0593942546584e-05,2.687431877035351e-06,0.0,0.0,0.0,0.0,0.0,0.0,0.0,0.0,0.0,0.0,0.0,0.0,0.0,0.0,0.0,0.0,0.0,0.0,0.0,0.0,0.0,0.0,0.0,0.0,0.0,0.0,0.0,0.0,0.0,0.0,0.0,0.0,0.0,0.0,0.0,0.0
87,962000000,odom,base_link,-1.6471701119062923,0.09743705800729872,-0.1036329784810238,-1.7859082320734684e-05,0.0027563365342204585,-3.929434556849552e-06,0.9999962011300457,0.0,0.0,0.0,0.0,0.0,0.0,0.0,0.0,0.0,0.0,0.0,0.0,0.0,0.0,0.0,0.0,0.0,0.0,0.0,0.0,0.0,0.0,0.0,0.0,0.0,0.0,0.0,0.0,0.0,0.0,0.0,0.0,0.0,0.0,0.0,0.0,0.0030067362918621567,9.366749175132314e-05,4.420076875417052e-05,1.2927880571611539e-07,-5.080342226904122e-05,2.4436525913884566e-06,0.0,0.0,0.0,0.0,0.0,0.0,0.0,0.0,0.0,0.0,0.0,0.0,0.0,0.0,0.0,0.0,0.0,0.0,0.0,0.0,0.0,0.0,0.0,0.0,0.0,0.0,0.0,0.0,0.0,0.0,0.0,0.0,0.0,0.0,0.0,0.0
87,996000000,odom,base_link,-1.6470679105187735,0.0974402422254276,-0.10363201653450378,-1.785727568230949e-05,0.0027554542472608893,-3.882502682204512e-06,0.9999962035617611,0.0,0.0,0.0,0.0,0.0,0.0,0.0,0.0,0.0,0.0,0.0,0.0,0.0,0.0,0.0,0.0,0.0,0.0,0.0,0.0,0.0,0.0,0.0,0.0,0.0,0.0,0.0,0.0,0.0,0.0,0.0,0.0,0.0,0.0,0.0,0.0,0.003005167893692192,9.368008959165666e-05,4.5086990134655975e-05,1.087380394060311e-07,-5.21309736711828e-05,2.925239050988182e-06,0.0,0.0,0.0,0.0,0.0,0.0,0.0,0.0,0.0,0.0,0.0,0.0,0.0,0.0,0.0,0.0,0.0,0.0,0.0,0.0,0.0,0.0,0.0,0.0,0.0,0.0,0.0,0.0,0.0,0.0,0.0,0.0,0.0,0.0,0.0,0.0
88,30000000,odom,base_link,-1.646965762209469,0.09744342690332193,-0.10363104563026819,-1.7855404913679417e-05,0.0027545830429623968,-3.8334198482296726e-06,0.9999962059621771,0.0,0.0,0.0,0.0,0.0,0.0,0.0,0.0,0.0,0.0,0.0,0.0,0.0,0.0,0.0,0.0,0.0,0.0,0.0,0.0,0.0,0.0,0.0,0.0,0.0,0.0,0.0,0.0,0.0,0.0,0.0,0.0,0.0,0.0,0.0,0.0,0.0030036087535498723,9.369388007355319e-05,4.503819504248672e-05,1.2750860783894424e-07,-5.0579628663172116e-05,2.743706861707551e-06,0.0,0.0,0.0,0.0,0.0,0.0,0.0,0.0,0.0,0.0,0.0,0.0,0.0,0.0,0.0,0.0,0.0,0.0,0.0,0.0,0.0,0.0,0.0,0.0,0.0,0.0,0.0,0.0,0.0,0.0,0.0,0.0,0.0,0.0,0.0,0.0
88,64000000,odom,base_link,-1.6468636669331616,0.09744661206867898,-0.10363009190998174,-1.785327718596785e-05,0.002753727052164666,-3.7902552153955273e-06,0.9999962083199199,0.0,0.0,0.0,0.0,0.0,0.0,0.0,0.0,0.0,0.0,0.0,0.0,0.0,0.0,0.0,0.0,0.0,0.0,0.0,0.0,0.0,0.0,0.0,0.0,0.0,0.0,0.0,0.0,0.0,0.0,0.0,0.0,0.0,0.0,0.0,0.0,0.0030020503639557735,9.370768737627516e-05,4.454411278922267e-05,1.2891422512817385e-07,-5.077842892831086e-05,2.525414188880859e-06,0.0,0.0,0.0,0.0,0.0,0.0,0.0,0.0,0.0,0.0,0.0,0.0,0.0,0.0,0.0,0.0,0.0,0.0,0.0,0.0,0.0,0.0,0.0,0.0,0.0,0.0,0.0,0.0,0.0,0.0,0.0,0.0,0.0,0.0,0.0,0.0
88,98000000,odom,base_link,-1.646761624793907,0.09744979768482188,-0.10362911941473188,-1.785145904429137e-05,0.0027528462975415047,-3.7425614961800784e-06,0.9999962107451111,0.0,0.0,0.0,0.0,0.0,0.0,0.0,0.0,0.0,0.0,0.0,0.0,0.0,0.0,0.0,0.0,0.0,0.0,0.0,0.0,0.0,0.0,0.0,0.0,0.0,0.0,0.0,0.0,0.0,0.0,0.0,0.0,0.0,0.0,0.0,0.0,0.0030004831597681258,9.372034180000313e-05,4.5313791745901335e-05,1.0990211518624449e-07,-5.202379007585023e-05,2.9511023846851003e-06,0.0,0.0,0.0,0.0,0.0,0.0,0.0,0.0,0.0,0.0,0.0,0.0,0.0,0.0,0.0,0.0,0.0,0.0,0.0,0.0,0.0,0.0,0.0,0.0,0.0,0.0,0.0,0.0,0.0,0.0,0.0,0.0,0.0,0.0,0.0,0.0
88,132000000,odom,base_link,-1.6466596357059478,0.09745298376660565,-0.10362814269918401,-1.7849528461391876e-05,0.002751978928839931,-3.694624173226423e-06,0.9999962131326895,0.0,0.0,0.0,0.0,0.0,0.0,0.0,0.0,0.0,0.0,0.0,0.0,0.0,0.0,0.0,0.0,0.0,0.0,0.0,0.0,0.0,0.0,0.0,0.0,0.0,0.0,0.0,0.0,0.0,0.0,0.0,0.0,0.0,0.0,0.0,0.0,0.0029989257080409973,9.373434846866803e-05,4.509651959391793e-05,1.3061457748708705e-07,-5.0384360861244204e-05,2.6403682129583217e-06,0.0,0.0,0.0,0.0,0.0,0.0,0.0,0.0,0.0,0.0,0.0,0.0,0.0,0.0,0.0,0.0,0.0,0.0,0.0,0.0,0.0,0.0,0.0,0.0,0.0,0.0,0.0,0.0,0.0,0.0,0.0,0.0,0.0,0.0,0.0,0.0
88,166000000,odom,base_link,-1.6465576996250477,0.09745617033736796,-0.10362718400074798,-1.7847386205884907e-05,0.0027511247492582355,-3.6533620580435276e-06,0.9999962154832076,0.0,0.0,0.0,0.0,0.0,0.0,0.0,0.0,0.0,0.0,0.0,0.0,0.0,0.0,0.0,0.0,0.0,0.0,0.0,0.0,0.0,0.0,0.0,0.0,0.0,0.0,0.0,0.0,0.0,0.0,0.0,0.0,0.0,0.0,0.0,0.0,0.002997367093381625,9.374808090368455e-05,4.484305629695659e-05,1.2635096163782222e-07,-5.0809811469321176e-05,2.4556002342634997e-06,0.0,0.0,0.0,0.0,0.0,0.0,0.0,0.0,0.0,0.0,0.0,0.0,0.0,0.0,0.0,0.0,0.0,0.0,0.0,0.0,0.0,0.0,0.0,0.0,0.0,0.0,0.0,0.0,0.0,0.0,0.0,0.0,0.0,0.0,0.0,0.0
88,200000000,odom,base_link,-1.6464558166515944,0.09745935735345647,-0.1036262015862607,-1.7845608264803986e-05,0.002750244110034147,-3.6064486440999416e-06,0.9999962179057793,0.0,0.0,0.0,0.0,0.0,0.0,0.0,0.0,0.0,0.0,0.0,0.0,0.0,0.0,0.0,0.0,0.0,0.0,0.0,0.0,0.0,0.0,0.0,0.0,0.0,0.0,0.0,0.0,0.0,0.0,0.0,0.0,0.0,0.0,0.0,0.0,0.0029958008887451815,9.376061194487158e-05,4.5536617149291685e-05,1.0744166667464583e-07,-5.200694879192724e-05,2.917479036135262e-06,0.0,0.0,0.0,0.0,0.0,0.0,0.0,0.0,0.0,0.0,0.0,0.0,0.0,0.0,0.0,0.0,0.0,0.0,0.0,0.0,0.0,0.0,0.0,0.0,0.0,0.0,0.0,0.0,0.0,0.0,0.0,0.0,0.0,0.0,0.0,0.0
88,234000000,odom,base_link,-1.6463539867616521,0.0974625448043901,-0.10362519042372537,-1.7844026145367098e-05,0.002749357900593189,-3.551153243510378e-06,0.9999962203429144,0.0,0.0,0.0,0.0,0.0,0.0,0.0,0.0,0.0,0.0,0.0,0.0,0.0,0.0,0.0,0.0,0.0,0.0,0.0,0.0,0.0,0.0,0.0,0.0,0.0,0.0,0.0,0.0,0.0,0.0,0.0,0.0,0.0,0.0,0.0,0.0,0.0029942341644598625,9.377300461333747e-05,4.6567254990152796e-05,9.988766966340101e-08,-5.2297672681334006e-05,3.44080162140159e-06,0.0,0.0,0.0,0.0,0.0,0.0,0.0,0.0,0.0,0.0,0.0,0.0,0.0,0.0,0.0,0.0,0.0,0.0,0.0,0.0,0.0,0.0,0.0,0.0,0.0,0.0,0.0,0.0,0.0,0.0,0.0,0.0,0.0,0.0,0.0,0.0
88,268000000,odom,base_link,-1.6462522099474823,0.0974657327001401,-0.10362416268559423,-1.7842391852248223e-05,0.002748476181320282,-3.4902225606546994e-06,0.9999962227669403,0.0,0.0,0.0,0.0,0.0,0.0,0.0,0.0,0.0,0.0,0.0,0.0,0.0,0.0,0.0,0.0,0.0,0.0,0.0,0.0,0.0,0.0,0.0,0.0,0.0,0.0,0.0,0.0,0.0,0.0,0.0,0.0,0.0,0.0,0.0,0.0,0.002992674034387473,9.378632119345733e-05,4.662297683149287e-05,1.195690525757076e-07,-5.113415149082812e-05,3.4481467015012868e-06,0.0,0.0,0.0,0.0,0.0,0.0,0.0,0.0,0.0,0.0,0.0,0.0,0.0,0.0,0.0,0.0,0.0,0.0,0.0,0.0,0.0,0.0,0.0,0.0,0.0,0.0,0.0,0.0,0.0,0.0,0.0,0.0,0.0,0.0,0.0,0.0
88,302000000,odom,base_link,-1.6461504861178393,0.09746892110404122,-0.10362315789667297,-1.7840154998590913e-05,0.002747622044515245,-3.4403735674223845e-06,0.9999962251143717,0.0,0.0,0.0,0.0,0.0,0.0,0.0,0.0,0.0,0.0,0.0,0.0,0.0,0.0,0.0,0.0,0.0,0.0,0.0,0.0,0.0,0.0,0.0,0.0,0.0,0.0,0.0,0.0,0.0,0.0,0.0,0.0,0.0,0.0,0.0,0.0,0.0029911213682339297,9.38011706108617e-05,4.55177797497404e-05,1.4651232310702866e-07,-4.99578753476726e-05,2.669618193174017e-06,0.0,0.0,0.0,0.0,0.0,0.0,0.0,0.0,0.0,0.0,0.0,0.0,0.0,0.0,0.0,0.0,0.0,0.0,0.0,0.0,0.0,0.0,0.0,0.0,0.0,0.0,0.0,0.0,0.0,0.0,0.0,0.0,0.0,0.0,0.0,0.0
88,336000000,odom,base_link,-1.6460488152768693,0.0974721099908643,-0.103622157711971,-1.7838061207606245e-05,0.00274675224273139,-3.394903972020426e-06,0.9999962275040818,0.0,0.0,0.0,0.0,0.0,0.0,0.0,0.0,0.0,0.0,0.0,0.0,0.0,0.0,0.0,0.0,0.0,0.0,0.0,0.0,0.0,0.0,0.0,0.0,0.0,0.0,0.0,0.0,0.0,0.0,0.0,0.0,0.0,0.0,0.0,0.0,0.0029895586707720983,9.381451416912817e-05,4.60744658409456e-05,1.2156818468556096e-07,-5.184047431328054e-05,2.746992966429218e-06,0.0,0.0,0.0,0.0,0.0,0.0,0.0,0.0,0.0,0.0,0.0,0.0,0.0,0.0,0.0,0.0,0.0,0.0,0.0,0.0,0.0,0.0,0.0,0.0,0.0,0.0,0.0,0.0,0.0,0.0,0.0,0.0,0.0,0.0,0.0,0.0
88,370000000,odom,base_link,-1.6459471975154873,0.09747529934133965,-0.10362115212710164,-1.7836162799202996e-05,0.002745875303636897,-3.348569452105062e-06,0.9999962299126308,0.0,0.0,0.0,0.0,0.0,0.0,0.0,0.0,0.0,0.0,0.0,0.0,0.0,0.0,0.0,0.0,0.0,0.0,0.0,0.0,0.0,0.0,0.0,0.0,0.0,0.0,0.0,0.0,0.0,0.0,0.0,0.0,0.0,0.0,0.0,0.0,0.0029880005942247495,9.382825169224141e-05,4.584067213029223e-05,1.248718420332473e-07,-5.0950264451898875e-05,2.5745085618922303e-06,0.0,0.0,0.0,0.0,0.0,0.0,0.0,0.0,0.0,0.0,0.0,0.0,0.0,0.0,0.0,0.0,0.0,0.0,0.0,0.0,0.0,0.0,0.0,0.0,0.0,0.0,0.0,0.0,0.0,0.0,0.0,0.0,0.0,0.0,0.0,0.0
88,404000000,odom,base_link,-1.645845632731214,0.09747848918794003,-0.10362017690266734,-1.783402966481772e-05,0.002745020750628425,-3.3110839008020762e-06,0.9999962322589334,0.0,0.0,0.0,0.0,0.0,0.0,0.0,0.0,0.0,0.0,0.0,0.0,0.0,0.0,0.0,0.0,0.0,0.0,0.0,0.0,0.0,0.0,0.0,0.0,0.0,0.0,0.0,0.0,0.0,0.0,0.0,0.0,0.0,0.0,0.0,0.0,0.0029864491076314783,9.384263168071006e-05,4.4567005024325156e-05,1.334586732792964e-07,-5.000776504004989e-05,2.019718325918518e-06,0.0,0.0,0.0,0.0,0.0,0.0,0.0,0.0,0.0,0.0,0.0,0.0,0.0,0.0,0.0,0.0,0.0,0.0,0.0,0.0,0.0,0.0,0.0,0.0,0.0,0.0,0.0,0.0,0.0,0.0,0.0,0.0,0.0,0.0,0.0,0.0
88,438000000,odom,base_link,-1.6457441209887558,0.09748167949241156,-0.1036192058914224,-1.7832144629053618e-05,0.0027441488010141162,-3.272556809916968e-06,0.9999962346522425,0.0,0.0,0.0,0.0,0.0,0.0,0.0,0.0,0.0,0.0,0.0,0.0,0.0,0.0,0.0,0.0,0.0,0.0,0.0,0.0,0.0,0.0,0.0,0.0,0.0,0.0,0.0,0.0,0.0,0.0,0.0,0.0,0.0,0.0,0.0,0.0,0.002984884982649623,9.385520252692937e-05,4.5133792789107565e-05,1.0990505450170218e-07,-5.182254696478594e-05,2.4509365870173383e-06,0.0,0.0,0.0,0.0,0.0,0.0,0.0,0.0,0.0,0.0,0.0,0.0,0.0,0.0,0.0,0.0,0.0,0.0,0.0,0.0,0.0,0.0,0.0,0.0,0.0,0.0,0.0,0.0,0.0,0.0,0.0,0.0,0.0,0.0,0.0,0.0
88,472000000,odom,base_link,-1.6456426622852791,0.09748487023625331,-0.10361823230669627,-1.783035792117207e-05,0.002743275211264589,-3.2282196733295847e-06,0.9999962370493062,0.0,0.0,0.0,0.0,0.0,0.0,0.0,0.0,0.0,0.0,0.0,0.0,0.0,0.0,0.0,0.0,0.0,0.0,0.0,0.0,0.0,0.0,0.0,0.0,0.0,0.0,0.0,0.0,0.0,0.0,0.0,0.0,0.0,0.0,0.0,0.0,0.002983328410673289,9.386825030056066e-05,4.4851156757875846e-05,1.2125918463778973e-07,-5.068417259224134e-05,2.5677518777911246e-06,0.0,0.0,0.0,0.0,0.0,0.0,0.0,0.0,0.0,0.0,0.0,0.0,0.0,0.0,0.0,0.0,0.0,0.0,0.0,0.0,0.0,0.0,0.0,0.0,0.0,0.0,0.0,0.0,0.0,0.0,0.0,0.0,0.0,0.0,0.0,0.0
88,506000000,odom,base_link,-1.6455412565241723,0.09748806144860153,-0.10361728784874309,-1.7828249685079184e-05,0.002742424464515786,-3.18685786887758e-06,0.9999962393829558,0.0,0.0,0.0,0.0,0.0,0.0,0.0,0.0,0.0,0.0,0.0,0.0,0.0,0.0,0.0,0.0,0.0,0.0,0.0,0.0,0.0,0.0,0.0,0.0,0.0,0.0,0.0,0.0,0.0,0.0,0.0,0.0,0.0,0.0,0.0,0.0,0.002981776970590553,9.388175990687803e-05,4.37241237207675e-05,1.3300972129259847e-07,-4.983678678627257e-05,2.385832331697202e-06,0.0,0.0,0.0,0.0,0.0,0.0,0.0,0.0,0.0,0.0,0.0,0.0,0.0,0.0,0.0,0.0,0.0,0.0,0.0,0.0,0.0,0.0,0.0,0.0,0.0,0.0,0.0,0.0,0.0,0.0,0.0,0.0,0.0,0.0,0.0,0.0
88,540000000,odom,base_link,-1.6454399038009473,0.09749125310403675,-0.10361633918704136,-1.7826384315398765e-05,0.002741552396731591,-3.1409153538673524e-06,0.9999962417743432,0.0,0.0,0.0,0.0,0.0,0.0,0.0,0.0,0.0,0.0,0.0,0.0,0.0,0.0,0.0,0.0,0.0,0.0,0.0,0.0,0.0,0.0,0.0,0.0,0.0,0.0,0.0,0.0,0.0,0.0,0.0,0.0,0.0,0.0,0.0,0.0,0.0029802122067884426,9.389415957937477e-05,4.443656049636948e-05,1.1120012619048047e-07,-5.17366295582633e-05,2.877134974710316e-06,0.0,0.0,0.0,0.0,0.0,0.0,0.0,0.0,0.0,0.0,0.0,0.0,0.0,0.0,0.0,0.0,0.0,0.0,0.0,0.0,0.0,0.0,0.0,0.0,0.0,0.0,0.0,0.0,0.0,0.0,0.0,0.0,0.0,0.0,0.0,0.0
88,574000000,odom,base_link,-1.6453386040845794,0.09749444520447335,-0.10361538709861601,-1.7824390112931858e-05,0.0027406819608580923,-3.090813529850382e-06,0.9999962441605106,0.0,0.0,0.0,0.0,0.0,0.0,0.0,0.0,0.0,0.0,0.0,0.0,0.0,0.0,0.0,0.0,0.0,0.0,0.0,0.0,0.0,0.0,0.0,0.0,0.0,0.0,0.0,0.0,0.0,0.0,0.0,0.0,0.0,0.0,0.0,0.0,0.0029786563187604457,9.39075138085855e-05,4.4200032786907856e-05,1.36205453860061e-07,-5.047050670725639e-05,2.816244193404316e-06,0.0,0.0,0.0,0.0,0.0,0.0,0.0,0.0,0.0,0.0,0.0,0.0,0.0,0.0,0.0,0.0,0.0,0.0,0.0,0.0,0.0,0.0,0.0,0.0,0.0,0.0,0.0,0.0,0.0,0.0,0.0,0.0,0.0,0.0,0.0,0.0
88,608000000,odom,base_link,-1.6452373572880503,0.09749763779060291,-0.10361446064478558,-1.7822159833412754e-05,0.0027398326494180365,-3.0477509430904787e-06,0.9999962464880231,0.0,0.0,0.0,0.0,0.0,0.0,0.0,0.0,0.0,0.0,0.0,0.0,0.0,0.0,0.0,0.0,0.0,0.0,0.0,0.0,0.0,0.0,0.0,0.0,0.0,0.0,0.0,0.0,0.0,0.0,0.0,0.0,0.0,0.0,0.0,0.0,0.0029771041084589163,9.392145830382075e-05,4.325435424775236e-05,1.360609167000426e-07,-5.003701382122472e-05,2.430517120899367e-06,0.0,0.0,0.0,0.0,0.0,0.0,0.0,0.0,0.0,0.0,0.0,0.0,0.0,0.0,0.0,0.0,0.0,0.0,0.0,0.0,0.0,0.0,0.0,0.0,0.0,0.0,0.0,0.0,0.0,0.0,0.0,0.0,0.0,0.0,0.0,0.0
88,642000000,odom,base_link,-1.6451361635206891,0.09750083082923115,-0.10361352420658482,-1.782030474788816e-05,0.002738959119964411,-3.00223248409153e-06,0.9999962488811458,0.0,0.0,0.0,0.0,0.0,0.0,0.0,0.0,0.0,0.0,0.0,0.0,0.0,0.0,0.0,0.0,0.0,0.0,0.0,0.0,0.0,0.0,0.0,0.0,0.0,0.0,0.0,0.0,0.0,0.0,0.0,0.0,0.0,0.0,0.0,0.0,0.0029755395440994505,9.39340757530369e-05,4.405429134298799e-05,1.0951005727233287e-07,-5.1693360347826456e-05,2.809230115197181e-06,0.0,0.0,0.0,0.0,0.0,0.0,0.0,0.0,0.0,0.0,0.0,0.0,0.0,0.0,0.0,0.0,0.0,0.0,0.0,0.0,0.0,0.0,0.0,0.0,0.0,0.0,0.0,0.0,0.0,0.0,0.0,0.0,0.0,0.0,0.0,0.0
88,676000000,odom,base_link,-1.6450350227351664,0.09750402431856184,-0.10361258223156528,-1.78185242986578e-05,0.0027380907083325956,-2.9541752944037e-06,0.9999962512594965,0.0,0.0,0.0,0.0,0.0,0.0,0.0,0.0,0.0,0.0,0.0,0.0,0.0,0.0,0.0,0.0,0.0,0.0,0.0,0.0,0.0,0.0,0.0,0.0,0.0,0.0,0.0,0.0,0.0,0.0,0.0,0.0,0.0,0.0,0.0,0.0,0.00297398391535309,9.394754202006255e-05,4.388912337804014e-05,1.214426226248122e-07,-5.032239869251498e-05,2.6829027444108533e-06,0.0,0.0,0.0,0.0,0.0,0.0,0.0,0.0,0.0,0.0,0.0,0.0,0.0,0.0,0.0,0.0,0.0,0.0,0.0,0.0,0.0,0.0,0.0,0.0,0.0,0.0,0.0,0.0,0.0,0.0,0.0,0.0,0.0,0.0,0.0,0.0
88,710000000,odom,base_link,-1.644933934850666,0.09750721829290286,-0.10361166150675528,-1.7816450673369083e-05,0.0027372429911669775,-2.91335809933977e-06,0.9999962535804291,0.0,0.0,0.0,0.0,0.0,0.0,0.0,0.0,0.0,0.0,0.0,0.0,0.0,0.0,0.0,0.0,0.0,0.0,0.0,0.0,0.0,0.0,0.0,0.0,0.0,0.0,0.0,0.0,0.0,0.0,0.0,0.0,0.0,0.0,0.0,0.0,0.0029724307340143817,9.396140247538106e-05,4.318810203912594e-05,1.2747495975462542e-07,-5.010583343789676e-05,2.3276695682028503e-06,0.0,0.0,0.0,0.0,0.0,0.0,0.0,0.0,0.0,0.0,0.0,0.0,0.0,0.0,0.0,0.0,0.0,0.0,0.0,0.0,0.0,0.0,0.0,0.0,0.0,0.0,0.0,0.0,0.0,0.0,0.0,0.0,0.0,0.0,0.0,0.0
88,744000000,odom,base_link,-1.6448328999805855,0.09751041271467673,-0.10361072404281299,-1.7814649964140176e-05,0.0027363702565476357,-2.869121466017305e-06,0.9999962559691039,0.0,0.0,0.0,0.0,0.0,0.0,0.0,0.0,0.0,0.0,0.0,0.0,0.0,0.0,0.0,0.0,0.0,0.0,0.0,0.0,0.0,0.0,0.0,0.0,0.0,0.0,0.0,0.0,0.0,0.0,0.0,0.0,0.0,0.0,0.0,0.0,0.0029708663427811103,9.397389352692773e-05,4.40616942517699e-05,1.0816099335619889e-07,-5.160455600616842e-05,2.7446229511340903e-06,0.0,0.0,0.0,0.0,0.0,0.0,0.0,0.0,0.0,0.0,0.0,0.0,0.0,0.0,0.0,0.0,0.0,0.0,0.0,0.0,0.0,0.0,0.0,0.0,0.0,0.0,0.0,0.0,0.0,0.0,0.0,0.0,0.0,0.0,0.0,0.0
88,778000000,odom,base_link,-1.6447319180536033,0.09751360758916368,-0.10360977837599346,-1.781278916659643e-05,0.0027355075953163716,-2.823244541940797e-06,0.9999962583294649,0.0,0.0,0.0,0.0,0.0,0.0,0.0,0.0,0.0,0.0,0.0,0.0,0.0,0.0,0.0,0.0,0.0,0.0,0.0,0.0,0.0,0.0,0.0,0.0,0.0,0.0,0.0,0.0,0.0,0.0,0.0,0.0,0.0,0.0,0.0,0.0,0.002969311442312937,9.398746763917125e-05,4.398078235633386e-05,1.2648465747000515e-07,-5.003315237672723e-05,2.5472199460807587e-06,0.0,0.0,0.0,0.0,0.0,0.0,0.0,0.0,0.0,0.0,0.0,0.0,0.0,0.0,0.0,0.0,0.0,0.0,0.0,0.0,0.0,0.0,0.0,0.0,0.0,0.0,0.0,0.0,0.0,0.0,0.0,0.0,0.0,0.0,0.0,0.0
88,812000000,odom,base_link,-1.64463098901583,0.09751680294340143,-0.10360885045551324,-1.781066406180834e-05,0.002734661225965323,-2.7837005093290136e-06,0.9999962606445139,0.0,0.0,0.0,0.0,0.0,0.0,0.0,0.0,0.0,0.0,0.0,0.0,0.0,0.0,0.0,0.0,0.0,0.0,0.0,0.0,0.0,0.0,0.0,0.0,0.0,0.0,0.0,0.0,0.0,0.0,0.0,0.0,0.0,0.0,0.0,0.0,0.0029677571532531074,9.400106857045666e-05,4.349412595156973e-05,1.278010988703393e-07,-5.0235808757292943e-05,2.3093343015645473e-06,0.0,0.0,0.0,0.0,0.0,0.0,0.0,0.0,0.0,0.0,0.0,0.0,0.0,0.0,0.0,0.0,0.0,0.0,0.0,0.0,0.0,0.0,0.0,0.0,0.0,0.0,0.0,0.0,0.0,0.0,0.0,0.0,0.0,0.0,0.0,0.0
88,846000000,odom,base_link,-1.6445301129798542,0.09751999873879882,-0.10360790115012224,-1.7808870276226263e-05,0.0027337886315633533,-2.7394519714055303e-06,0.9999962630305462,0.0,0.0,0.0,0.0,0.0,0.0,0.0,0.0,0.0,0.0,0.0,0.0,0.0,0.0,0.0,0.0,0.0,0.0,0.0,0.0,0.0,0.0,0.0,0.0,0.0,0.0,0.0,0.0,0.0,0.0,0.0,0.0,0.0,0.0,0.0,0.0,0.002966193350906207,9.401344763475448e-05,4.4368899925181974e-05,1.0746621231794151e-07,-5.1560842706521726e-05,2.755300543277883e-06,0.0,0.0,0.0,0.0,0.0,0.0,0.0,0.0,0.0,0.0,0.0,0.0,0.0,0.0,0.0,0.0,0.0,0.0,0.0,0.0,0.0,0.0,0.0,0.0,0.0,0.0,0.0,0.0,0.0,0.0,0.0,0.0,0.0,0.0,0.0,0.0
88,880000000,odom,base_link,-1.6444292898718254,0.0975231949836449,-0.10360694416731515,-1.780702003615969e-05,0.0027329269187656388,-2.6932082288650126e-06,0.999996265386083,0.0,0.0,0.0,0.0,0.0,0.0,0.0,0.0,0.0,0.0,0.0,0.0,0.0,0.0,0.0,0.0,0.0,0.0,0.0,0.0,0.0,0.0,0.0,0.0,0.0,0.0,0.0,0.0,0.0,0.0,0.0,0.0,0.0,0.0,0.0,0.0,0.002964639006112285,9.402693987011205e-05,4.425878536724229e-05,1.2612462602090702e-07,-4.9976864602285787e-05,2.571878199297828e-06,0.0,0.0,0.0,0.0,0.0,0.0,0.0,0.0,0.0,0.0,0.0,0.0,0.0,0.0,0.0,0.0,0.0,0.0,0.0,0.0,0.0,0.0,0.0,0.0,0.0,0.0,0.0,0.0,0.0,0.0,0.0,0.0,0.0,0.0,0.0,0.0
88,914000000,odom,base_link,-1.6443285196411888,0.09752639170567146,-0.1036060053273273,-1.780490481108902e-05,0.002732080808310923,-2.6530488446209853e-06,0.9999962676982368,0.0,0.0,0.0,0.0,0.0,0.0,0.0,0.0,0.0,0.0,0.0,0.0,0.0,0.0,0.0,0.0,0.0,0.0,0.0,0.0,0.0,0.0,0.0,0.0,0.0,0.0,0.0,0.0,0.0,0.0,0.0,0.0,0.0,0.0,0.0,0.0,0.002963084775611955,9.40404528541572e-05,4.381640814769507e-05,1.2683079586572887e-07,-5.0284932839872454e-05,2.359171547006156e-06,0.0,0.0,0.0,0.0,0.0,0.0,0.0,0.0,0.0,0.0,0.0,0.0,0.0,0.0,0.0,0.0,0.0,0.0,0.0,0.0,0.0,0.0,0.0,0.0,0.0,0.0,0.0,0.0,0.0,0.0,0.0,0.0,0.0,0.0,0.0,0.0
88,948000000,odom,base_link,-1.644227802397087,0.09752958886794817,-0.10360504488329508,-1.7803111446547746e-05,0.002731208843626818,-2.6082503351446648e-06,0.9999962700802932,0.0,0.0,0.0,0.0,0.0,0.0,0.0,0.0,0.0,0.0,0.0,0.0,0.0,0.0,0.0,0.0,0.0,0.0,0.0,0.0,0.0,0.0,0.0,0.0,0.0,0.0,0.0,0.0,0.0,0.0,0.0,0.0,0.0,0.0,0.0,0.0,0.002961521823115365,9.40528402008797e-05,4.463528253591488e-05,1.0786628673598031e-07,-5.150124913200216e-05,2.778710372908222e-06,0.0,0.0,0.0,0.0,0.0,0.0,0.0,0.0,0.0,0.0,0.0,0.0,0.0,0.0,0.0,0.0,0.0,0.0,0.0,0.0,0.0,0.0,0.0,0.0,0.0,0.0,0.0,0.0,0.0,0.0,0.0,0.0,0.0,0.0,0.0,0.0
88,982000000,odom,base_link,-1.644127138044823,0.09753278648804803,-0.10360407850901736,-1.7801173158035847e-05,0.0027303513878375063,-2.56380271541917e-06,0.9999962724219746,0.0,0.0,0.0,0.0,0.0,0.0,0.0,0.0,0.0,0.0,0.0,0.0,0.0,0.0,0.0,0.0,0.0,0.0,0.0,0.0,0.0,0.0,0.0,0.0,0.0,0.0,0.0,0.0,0.0,0.0,0.0,0.0,0.0,0.0,0.0,0.0,0.002959968798406831,9.40666132305832e-05,4.446604871235982e-05,1.2998680326559153e-07,-4.981429135852977e-05,2.4460730108089024e-06,0.0,0.0,0.0,0.0,0.0,0.0,0.0,0.0,0.0,0.0,0.0,0.0,0.0,0.0,0.0,0.0,0.0,0.0,0.0,0.0,0.0,0.0,0.0,0.0,0.0,0.0,0.0,0.0,0.0,0.0,0.0,0.0,0.0,0.0,0.0,0.0
89,16000000,odom,base_link,-1.6440265265526526,0.09753598458432729,-0.103603130053546,-1.7799030394060238e-05,0.002729507436844062,-2.5255103933264915e-06,0.9999962747260455,0.0,0.0,0.0,0.0,0.0,0.0,0.0,0.0,0.0,0.0,0.0,0.0,0.0,0.0,0.0,0.0,0.0,0.0,0.0,0.0,0.0,0.0,0.0,0.0,0.0,0.0,0.0,0.0,0.0,0.0,0.0,0.0,0.0,0.0,0.0,0.0,0.0029584145512634723,9.408000460328276e-05,4.4162695719107583e-05,1.26280687295921e-07,-5.01435756916635e-05,2.2842819413781967e-06,0.0,0.0,0.0,0.0,0.0,0.0,0.0,0.0,0.0,0.0,0.0,0.0,0.0,0.0,0.0,0.0,0.0,0.0,0.0,0.0,0.0,0.0,0.0,0.0,0.0,0.0,0.0,0.0,0.0,0.0,0.0,0.0,0.0,0.0,0.0,0.0
89,50000000,odom,base_link,-1.6439259680253615,0.09753918311565095,-0.10360215849415169,-1.779725068459223e-05,0.0027286369001493288,-2.48163322112251e-06,0.9999962771019533,0.0,0.0,0.0,0.0,0.0,0.0,0.0,0.0,0.0,0.0,0.0,0.0,0.0,0.0,0.0,0.0,0.0,0.0,0.0,0.0,0.0,0.0,0.0,0.0,0.0,0.0,0.0,0.0,0.0,0.0,0.0,0.0,0.0,0.0,0.0,0.0,0.002956852587244609,9.409228189849624e-05,4.488727378033342e-05,1.0677534897918228e-07,-5.1432090941716524e-05,2.7351171327794077e-06,0.0,0.0,0.0,0.0,0.0,0.0,0.0,0.0,0.0,0.0,0.0,0.0,0.0,0.0,0.0,0.0,0.0,0.0,0.0,0.0,0.0,0.0,0.0,0.0,0.0,0.0,0.0,0.0,0.0,0.0,0.0,0.0,0.0,0.0,0.0,0.0
89,84000000,odom,base_link,-1.6438254624014423,0.09754238208963904,-0.10360118024119011,-1.779544261748128e-05,0.002727773680654146,-2.4347173663715924e-06,0.9999962794571495,0.0,0.0,0.0,0.0,0.0,0.0,0.0,0.0,0.0,0.0,0.0,0.0,0.0,0.0,0.0,0.0,0.0,0.0,0.0,0.0,0.0,0.0,0.0,0.0,0.0,0.0,0.0,0.0,0.0,0.0,0.0,0.0,0.0,0.0,0.0,0.0,0.0029552981788328906,9.410548328619928e-05,4.48761453953234e-05,1.2221163525616419e-07,-5.0235250625974004e-05,2.6690140320084765e-06,0.0,0.0,0.0,0.0,0.0,0.0,0.0,0.0,0.0,0.0,0.0,0.0,0.0,0.0,0.0,0.0,0.0,0.0,0.0,0.0,0.0,0.0,0.0,0.0,0.0,0.0,0.0,0.0,0.0,0.0,0.0,0.0,0.0,0.0,0.0,0.0
89,118000000,odom,base_link,-1.643725009638346,0.09754558152951004,-0.1036002088326023,-1.7793430640570218e-05,0.0027269201384881687,-2.391050497011403e-06,0.9999962817852049,0.0,0.0,0.0,0.0,0.0,0.0,0.0,0.0,0.0,0.0,0.0,0.0,0.0,0.0,0.0,0.0,0.0,0.0,0.0,0.0,0.0,0.0,0.0,0.0,0.0,0.0,0.0,0.0,0.0,0.0,0.0,0.0,0.0,0.0,0.0,0.0,0.0029537423052054786,9.411869908236537e-05,4.487135106525919e-05,1.2174989350022258e-07,-5.070280586494391e-05,2.6048632140174277e-06,0.0,0.0,0.0,0.0,0.0,0.0,0.0,0.0,0.0,0.0,0.0,0.0,0.0,0.0,0.0,0.0,0.0,0.0,0.0,0.0,0.0,0.0,0.0,0.0,0.0,0.0,0.0,0.0,0.0,0.0,0.0,0.0,0.0,0.0,0.0,0.0
89,152000000,odom,base_link,-1.6436246098066496,0.09754878141348004,-0.10359921893131878,-1.7791609839865567e-05,0.0027260507791126197,-2.3441000178979215e-06,0.999996284155653,0.0,0.0,0.0,0.0,0.0,0.0,0.0,0.0,0.0,0.0,0.0,0.0,0.0,0.0,0.0,0.0,0.0,0.0,0.0,0.0,0.0,0.0,0.0,0.0,0.0,0.0,0.0,0.0,0.0,0.0,0.0,0.0,0.0,0.0,0.0,0.0,0.002952183411171648,9.413134470371618e-05,4.52737382394687e-05,1.1219577281118553e-07,-5.120237922540127e-05,2.844622537523378e-06,0.0,0.0,0.0,0.0,0.0,0.0,0.0,0.0,0.0,0.0,0.0,0.0,0.0,0.0,0.0,0.0,0.0,0.0,0.0,0.0,0.0,0.0,0.0,0.0,0.0,0.0,0.0,0.0,0.0,0.0,0.0,0.0,0.0,0.0,0.0,0.0
89,186000000,odom,base_link,-1.6435242629004934,0.09755198173341446,-0.10359820583000477,-1.778994751415769e-05,0.002725173806501696,-2.2916827892746646e-06,0.9999962865461003,0.0,0.0,0.0,0.0,0.0,0.0,0.0,0.0,0.0,0.0,0.0,0.0,0.0,0.0,0.0,0.0,0.0,0.0,0.0,0.0,0.0,0.0,0.0,0.0,0.0,0.0,0.0,0.0,0.0,0.0,0.0,0.0,0.0,0.0,0.0,0.0,0.002950621909598712,9.414376366230171e-05,4.61800970525969e-05,1.0389691190715311e-07,-5.168582042358594e-05,3.21865427643786e-06,0.0,0.0,0.0,0.0,0.0,0.0,0.0,0.0,0.0,0.0,0.0,0.0,0.0,0.0,0.0,0.0,0.0,0.0,0.0,0.0,0.0,0.0,0.0,0.0,0.0,0.0,0.0,0.0,0.0,0.0,0.0,0.0,0.0,0.0,0.0,0.0
89,220000000,odom,base_link,-1.6434239688971488,0.09755518249858998,-0.10359718189011827,-1.7788216239861286e-05,0.0027243041833028073,-2.2364164983180425e-06,0.9999962889157613,0.0,0.0,0.0,0.0,0.0,0.0,0.0,0.0,0.0,0.0,0.0,0.0,0.0,0.0,0.0,0.0,0.0,0.0,0.0,0.0,0.0,0.0,0.0,0.0,0.0,0.0,0.0,0.0,0.0,0.0,0.0,0.0,0.0,0.0,0.0,0.0,0.002949067807981702,9.415714173211246e-05,4.6070652886927245e-05,1.2395584975122276e-07,-5.0405586904389565e-05,3.0598593658837103e-06,0.0,0.0,0.0,0.0,0.0,0.0,0.0,0.0,0.0,0.0,0.0,0.0,0.0,0.0,0.0,0.0,0.0,0.0,0.0,0.0,0.0,0.0,0.0,0.0,0.0,0.0,0.0,0.0,0.0,0.0,0.0,0.0,0.0,0.0,0.0,0.0
89,254000000,odom,base_link,-1.64332372771624,0.09755838376462186,-0.103596185905572,-1.778594886424373e-05,0.0027234601007428763,-2.1932166298627574e-06,0.9999962912150872,0.0,0.0,0.0,0.0,0.0,0.0,0.0,0.0,0.0,0.0,0.0,0.0,0.0,0.0,0.0,0.0,0.0,0.0,0.0,0.0,0.0,0.0,0.0,0.0,0.0,0.0,0.0,0.0,0.0,0.0,0.0,0.0,0.0,0.0,0.0,0.0,0.0029475202148703254,9.417169921999617e-05,4.4866783823553976e-05,1.450383049772519e-07,-4.946728893173713e-05,2.2876684324657504e-06,0.0,0.0,0.0,0.0,0.0,0.0,0.0,0.0,0.0,0.0,0.0,0.0,0.0,0.0,0.0,0.0,0.0,0.0,0.0,0.0,0.0,0.0,0.0,0.0,0.0,0.0,0.0,0.0,0.0,0.0,0.0,0.0,0.0,0.0,0.0,0.0
89,288000000,odom,base_link,-1.6432235394648567,0.09756158549691356,-0.10359519255687355,-1.778391335862297e-05,0.0027225941542252316,-2.1526829074697222e-06,0.9999962935732161,0.0,0.0,0.0,0.0,0.0,0.0,0.0,0.0,0.0,0.0,0.0,0.0,0.0,0.0,0.0,0.0,0.0,0.0,0.0,0.0,0.0,0.0,0.0,0.0,0.0,0.0,0.0,0.0,0.0,0.0,0.0,0.0,0.0,0.0,0.0,0.0,0.0029459595345168424,9.418458251502526e-05,4.5440137139750225e-05,1.1826431917105751e-07,-5.136710399256117e-05,2.464552628644867e-06,0.0,0.0,0.0,0.0,0.0,0.0,0.0,0.0,0.0,0.0,0.0,0.0,0.0,0.0,0.0,0.0,0.0,0.0,0.0,0.0,0.0,0.0,0.0,0.0,0.0,0.0,0.0,0.0,0.0,0.0,0.0,0.0,0.0,0.0,0.0,0.0
89,322000000,odom,base_link,-1.6431234041105636,0.09756478767978397,-0.1035941985277243,-1.7782010245282558e-05,0.002721728566612723,-2.1109940786729877e-06,0.9999962959296167,0.0,0.0,0.0,0.0,0.0,0.0,0.0,0.0,0.0,0.0,0.0,0.0,0.0,0.0,0.0,0.0,0.0,0.0,0.0,0.0,0.0,0.0,0.0,0.0,0.0,0.0,0.0,0.0,0.0,0.0,0.0,0.0,0.0,0.0,0.0,0.0,0.002944407382478957,9.419794026567952e-05,4.507491567010978e-05,1.254219547663915e-07,-5.023546592042294e-05,2.325261250213373e-06,0.0,0.0,0.0,0.0,0.0,0.0,0.0,0.0,0.0,0.0,0.0,0.0,0.0,0.0,0.0,0.0,0.0,0.0,0.0,0.0,0.0,0.0,0.0,0.0,0.0,0.0,0.0,0.0,0.0,0.0,0.0,0.0,0.0,0.0,0.0,0.0
89,356000000,odom,base_link,-1.6430233215689498,0.09756799033850057,-0.10359323779613185,-1.777986867343685e-05,0.0027208841638363007,-2.0761011921937787e-06,0.999996298227615,0.0,0.0,0.0,0.0,0.0,0.0,0.0,0.0,0.0,0.0,0.0,0.0,0.0,0.0,0.0,0.0,0.0,0.0,0.0,0.0,0.0,0.0,0.0,0.0,0.0,0.0,0.0,0.0,0.0,0.0,0.0,0.0,0.0,0.0,0.0,0.0,0.002942860302641007,9.421166839644348e-05,4.380067162291391e-05,1.322360942968004e-07,-4.961127793023934e-05,1.9394966077612708e-06,0.0,0.0,0.0,0.0,0.0,0.0,0.0,0.0,0.0,0.0,0.0,0.0,0.0,0.0,0.0,0.0,0.0,0.0,0.0,0.0,0.0,0.0,0.0,0.0,0.0,0.0,0.0,0.0,0.0,0.0,0.0,0.0,0.0,0.0,0.0,0.0
89,390000000,odom,base_link,-1.6429232919359575,0.09757119343623505,-0.10359227823251109,-1.7778002096306708e-05,0.0027200179440443804,-2.037865791526788e-06,0.999996300584244,0.0,0.0,0.0,0.0,0.0,0.0,0.0,0.0,0.0,0.0,0.0,0.0,0.0,0.0,0.0,0.0,0.0,0.0,0.0,0.0,0.0,0.0,0.0,0.0,0.0,0.0,0.0,0.0,0.0,0.0,0.0,0.0,0.0,0.0,0.0,0.0,0.002941300507222586,9.4223857339192e-05,4.4375307976132946e-05,1.098953622546972e-07,-5.1291924663132704e-05,2.4227180484004407e-06,0.0,0.0,0.0,0.0,0.0,0.0,0.0,0.0,0.0,0.0,0.0,0.0,0.0,0.0,0.0,0.0,0.0,0.0,0.0,0.0,0.0,0.0,0.0,0.0,0.0,0.0,0.0,0.0,0.0,0.0,0.0,0.0,0.0,0.0,0.0,0.0
89,424000000,odom,base_link,-1.6428233151749534,0.09757439696356808,-0.10359131927649233,-1.7776165488685324e-05,0.0027191538373197164,-1.9941047867546436e-06,0.999996302934386,0.0,0.0,0.0,0.0,0.0,0.0,0.0,0.0,0.0,0.0,0.0,0.0,0.0,0.0,0.0,0.0,0.0,0.0,0.0,0.0,0.0,0.0,0.0,0.0,0.0,0.0,0.0,0.0,0.0,0.0,0.0,0.0,0.0,0.0,0.0,0.0,0.0029397489214664984,9.423662093957136e-05,4.403127712993538e-05,1.2456033843255554e-07,-5.0136893392505044e-05,2.531406417816129e-06,0.0,0.0,0.0,0.0,0.0,0.0,0.0,0.0,0.0,0.0,0.0,0.0,0.0,0.0,0.0,0.0,0.0,0.0,0.0,0.0,0.0,0.0,0.0,0.0,0.0,0.0,0.0,0.0,0.0,0.0,0.0,0.0,0.0,0.0,0.0,0.0
89,458000000,odom,base_link,-1.642723391200594,0.09757760095042671,-0.1035903877077917,-1.777403681752438e-05,0.002718310378387306,-1.953471463892491e-06,0.9999963052276515,0.0,0.0,0.0,0.0,0.0,0.0,0.0,0.0,0.0,0.0,0.0,0.0,0.0,0.0,0.0,0.0,0.0,0.0,0.0,0.0,0.0,0.0,0.0,0.0,0.0,0.0,0.0,0.0,0.0,0.0,0.0,0.0,0.0,0.0,0.0,0.0,0.002938200661409633,9.42498677549726e-05,4.308904588195142e-05,1.3147712918382126e-07,-4.973036666910957e-05,2.359655848493958e-06,0.0,0.0,0.0,0.0,0.0,0.0,0.0,0.0,0.0,0.0,0.0,0.0,0.0,0.0,0.0,0.0,0.0,0.0,0.0,0.0,0.0,0.0,0.0,0.0,0.0,0.0,0.0,0.0,0.0,0.0,0.0,0.0,0.0,0.0,0.0,0.0
89,492000000,odom,base_link,-1.642623520111067,0.09758080537516318,-0.10358944858283038,-1.7772164161529187e-05,0.002717445325167753,-1.909075301475762e-06,0.9999963075788882,0.0,0.0,0.0,0.0,0.0,0.0,0.0,0.0,0.0,0.0,0.0,0.0,0.0,0.0,0.0,0.0,0.0,0.0,0.0,0.0,0.0,0.0,0.0,0.0,0.0,0.0,0.0,0.0,0.0,0.0,0.0,0.0,0.0,0.0,0.0,0.0,0.002936641339903612,9.426221555928087e-05,4.373318438641003e-05,1.123080843601354e-07,-5.113657302047159e-05,2.743231442003946e-06,0.0,0.0,0.0,0.0,0.0,0.0,0.0,0.0,0.0,0.0,0.0,0.0,0.0,0.0,0.0,0.0,0.0,0.0,0.0,0.0,0.0,0.0,0.0,0.0,0.0,0.0,0.0,0.0,0.0,0.0,0.0,0.0,0.0,0.0,0.0,0.0
89,526000000,odom,base_link,-1.6425237019063899,0.09758401024640737,-0.1035885090469275,-1.7770258453585157e-05,0.002716588578683864,-1.8633568230559715e-06,0.9999963099068115,0.0,0.0,0.0,0.0,0.0,0.0,0.0,0.0,0.0,0.0,0.0,0.0,0.0,0.0,0.0,0.0,0.0,0.0,0.0,0.0,0.0,0.0,0.0,0.0,0.0,0.0,0.0,0.0,0.0,0.0,0.0,0.0,0.0,0.0,0.0,0.0,0.002935088784872528,9.42756530374061e-05,4.342989621188772e-05,1.2851617131603987e-07,-4.967798297172976e-05,2.514667518660474e-06,0.0,0.0,0.0,0.0,0.0,0.0,0.0,0.0,0.0,0.0,0.0,0.0,0.0,0.0,0.0,0.0,0.0,0.0,0.0,0.0,0.0,0.0,0.0,0.0,0.0,0.0,0.0,0.0,0.0,0.0,0.0,0.0,0.0,0.0,0.0,0.0
89,560000000,odom,base_link,-1.6424239364743367,0.09758721559659189,-0.10358759521803383,-1.7768079975655608e-05,0.0027157519199035645,-1.8255574182822664e-06,0.9999963121794361,0.0,0.0,0.0,0.0,0.0,0.0,0.0,0.0,0.0,0.0,0.0,0.0,0.0,0.0,0.0,0.0,0.0,0.0,0.0,0.0,0.0,0.0,0.0,0.0,0.0,0.0,0.0,0.0,0.0,0.0,0.0,0.0,0.0,0.0,0.0,0.0,0.0029335407960466775,9.428931378287645e-05,4.2626336805407906e-05,1.3266908682751932e-07,-4.9239181620919226e-05,2.143479749250332e-06,0.0,0.0,0.0,0.0,0.0,0.0,0.0,0.0,0.0,0.0,0.0,0.0,0.0,0.0,0.0,0.0,0.0,0.0,0.0,0.0,0.0,0.0,0.0,0.0,0.0,0.0,0.0,0.0,0.0,0.0,0.0,0.0,0.0,0.0,0.0,0.0
89,594000000,odom,base_link,-1.6423242239070208,0.09759042138739221,-0.10358666816122862,-1.7766218669392498e-05,0.0027148903030255545,-1.7848237623744881e-06,0.9999963145191179,0.0,0.0,0.0,0.0,0.0,0.0,0.0,0.0,0.0,0.0,0.0,0.0,0.0,0.0,0.0,0.0,0.0,0.0,0.0,0.0,0.0,0.0,0.0,0.0,0.0,0.0,0.0,0.0,0.0,0.0,0.0,0.0,0.0,0.0,0.0,0.0,0.0029319810963249347,9.43016447545193e-05,4.337149733488949e-05,1.1016354703463627e-07,-5.101670375040612e-05,2.5273529491443014e-06,0.0,0.0,0.0,0.0,0.0,0.0,0.0,0.0,0.0,0.0,0.0,0.0,0.0,0.0,0.0,0.0,0.0,0.0,0.0,0.0,0.0,0.0,0.0,0.0,0.0,0.0,0.0,0.0,0.0,0.0,0.0,0.0,0.0,0.0,0.0,0.0
89,628000000,odom,base_link,-1.6422245641407187,0.09759362762208944,-0.10358573687478968,-1.7764334683096068e-05,0.002714036918566749,-1.7424907140009152e-06,0.9999963168357155,0.0,0.0,0.0,0.0,0.0,0.0,0.0,0.0,0.0,0.0,0.0,0.0,0.0,0.0,0.0,0.0,0.0,0.0,0.0,0.0,0.0,0.0,0.0,0.0,0.0,0.0,0.0,0.0,0.0,0.0,0.0,0.0,0.0,0.0,0.0,0.0,0.002930431015842688,9.431492970712763e-05,4.318427565640907e-05,1.2645375579989349e-07,-4.9503359278446624e-05,2.3560118078691517e-06,0.0,0.0,0.0,0.0,0.0,0.0,0.0,0.0,0.0,0.0,0.0,0.0,0.0,0.0,0.0,0.0,0.0,0.0,0.0,0.0,0.0,0.0,0.0,0.0,0.0,0.0,0.0,0.0,0.0,0.0,0.0,0.0,0.0,0.0,0.0,0.0
89,662000000,odom,base_link,-1.6421249571039531,0.09759683433568009,-0.10358482789039343,-1.7767124117144308e-05,0.002713202481270743,-1.7060458830710184e-06,0.9999963191000827,0.0,0.0,0.0,0.0,0.0,0.0,0.0,0.0,0.0,0.0,0.0,0.0,0.0,0.0,0.0,0.0,0.0,0.0,0.0,0.0,0.0,0.0,0.0,0.0,0.0,0.0,0.0,0.0,0.0,0.0,0.0,0.0,0.0,0.0,0.0,0.0,0.002928883546049784,9.43293541265984e-05,4.247931549859622e-05,-8.561249653649128e-07,-4.91204954045088e-05,2.0917703347222982e-06,0.0,0.0,0.0,0.0,0.0,0.0,0.0,0.0,0.0,0.0,0.0,0.0,0.0,0.0,0.0,0.0,0.0,0.0,0.0,0.0,0.0,0.0,0.0,0.0,0.0,0.0,0.0,0.0,0.0,0.0,0.0,0.0,0.0,0.0,0.0,0.0
89,696000000,odom,base_link,-1.6420254029011254,0.09760004149444583,-0.10358390323616302,-1.7774111039048317e-05,0.0027123425773938744,-1.6655927116908095e-06,0.9999963214327589,0.0,0.0,0.0,0.0,0.0,0.0,0.0,0.0,0.0,0.0,0.0,0.0,0.0,0.0,0.0,0.0,0.0,0.0,0.0,0.0,0.0,0.0,0.0,0.0,0.0,0.0,0.0,0.0,0.0,0.0,0.0,0.0,0.0,0.0,0.0,0.0,0.0029273240886339134,9.434099184775327e-05,4.328432308513344e-05,-2.248718933284266e-07,-5.091658223932427e-05,2.5284994986662923e-06,0.0,0.0,0.0,0.0,0.0,0.0,0.0,0.0,0.0,0.0,0.0,0.0,0.0,0.0,0.0,0.0,0.0,0.0,0.0,0.0,0.0,0.0,0.0,0.0,0.0,0.0,0.0,0.0,0.0,0.0,0.0,0.0,0.0,0.0,0.0,0.0
89,730000000,odom,base_link,-1.641925901474672,0.09760324908980783,-0.10358297185275045,-1.7773959971592592e-05,0.002711491676320833,-1.6231658320464645e-06,0.999996323740413,0.0,0.0,0.0,0.0,0.0,0.0,0.0,0.0,0.0,0.0,0.0,0.0,0.0,0.0,0.0,0.0,0.0,0.0,0.0,0.0,0.0,0.0,0.0,0.0,0.0,0.0,0.0,0.0,0.0,0.0,0.0,0.0,0.0,0.0,0.0,0.0,0.0029257743316465907,9.435424712116813e-05,4.3171134392317516e-05,1.3962517947385678e-07,-4.9377008437545555e-05,2.365759410594137e-06,0.0,0.0,0.0,0.0,0.0,0.0,0.0,0.0,0.0,0.0,0.0,0.0,0.0,0.0,0.0,0.0,0.0,0.0,0.0,0.0,0.0,0.0,0.0,0.0,0.0,0.0,0.0,0.0,0.0,0.0,0.0,0.0,0.0,0.0,0.0,0.0
89,764000000,odom,base_link,-1.6418264527727728,0.09760645715726117,-0.10358205800311276,-1.7770025110246972e-05,0.0027106552903285687,-1.58590455886687e-06,0.9999963260080549,0.0,0.0,0.0,0.0,0.0,0.0,0.0,0.0,0.0,0.0,0.0,0.0,0.0,0.0,0.0,0.0,0.0,0.0,0.0,0.0,0.0,0.0,0.0,0.0,0.0,0.0,0.0,0.0,0.0,0.0,0.0,0.0,0.0,0.0,0.0,0.0,0.002924224469563198,9.436773416643485e-05,4.275078488724736e-05,2.4618141414300965e-07,-4.971274663034819e-05,2.200606652458248e-06,0.0,0.0,0.0,0.0,0.0,0.0,0.0,0.0,0.0,0.0,0.0,0.0,0.0,0.0,0.0,0.0,0.0,0.0,0.0,0.0,0.0,0.0,0.0,0.0,0.0,0.0,0.0,0.0,0.0,0.0,0.0,0.0,0.0,0.0,0.0,0.0
89,798000000,odom,base_link,-1.6417270569045637,0.09760966566717309,-0.10358112188458411,-1.7766716463576264e-05,0.0027097932192466957,-1.5438129310625383e-06,0.9999963283445942,0.0,0.0,0.0,0.0,0.0,0.0,0.0,0.0,0.0,0.0,0.0,0.0,0.0,0.0,0.0,0.0,0.0,0.0,0.0,0.0,0.0,0.0,0.0,0.0,0.0,0.0,0.0,0.0,0.0,0.0,0.0,0.0,0.0,0.0,0.0,0.0,0.002922665910699475,9.438022183718941e-05,4.359256871714517e-05,1.849501357620298e-07,-5.0917557103957733e-05,2.6194326263606627e-06,0.0,0.0,0.0,0.0,0.0,0.0,0.0,0.0,0.0,0.0,0.0,0.0,0.0,0.0,0.0,0.0,0.0,0.0,0.0,0.0,0.0,0.0,0.0,0.0,0.0,0.0,0.0,0.0,0.0,0.0,0.0,0.0,0.0,0.0,0.0,0.0
89,832000000,odom,base_link,-1.6416277137794637,0.09761287463351567,-0.1035801782272576,-1.776412637743101e-05,0.0027089449343935053,-1.5014163533465433e-06,0.99999633064303,0.0,0.0,0.0,0.0,0.0,0.0,0.0,0.0,0.0,0.0,0.0,0.0,0.0,0.0,0.0,0.0,0.0,0.0,0.0,0.0,0.0,0.0,0.0,0.0,0.0,0.0,0.0,0.0,0.0,0.0,0.0,0.0,0.0,0.0,0.0,0.0,0.002921116939172423,9.439392972032231e-05,4.348977140270019e-05,1.4624532418405778e-07,-4.9248377109734065e-05,2.337584947831317e-06,0.0,0.0,0.0,0.0,0.0,0.0,0.0,0.0,0.0,0.0,0.0,0.0,0.0,0.0,0.0,0.0,0.0,0.0,0.0,0.0,0.0,0.0,0.0,0.0,0.0,0.0,0.0,0.0,0.0,0.0,0.0,0.0,0.0,0.0,0.0,0.0
89,866000000,odom,base_link,-1.6415284233638556,0.09761608407513034,-0.10357925262601791,-1.7761972619157446e-05,0.002708110194792945,-1.4651164413877355e-06,0.9999963329040454,0.0,0.0,0.0,0.0,0.0,0.0,0.0,0.0,0.0,0.0,0.0,0.0,0.0,0.0,0.0,0.0,0.0,0.0,0.0,0.0,0.0,0.0,0.0,0.0,0.0,0.0,0.0,0.0,0.0,0.0,0.0,0.0,0.0,0.0,0.0,0.0,0.0029195676279737013,9.440737500170205e-05,4.3047968305348016e-05,1.2624161715990567e-07,-4.962982771417046e-05,2.134259480257583e-06,0.0,0.0,0.0,0.0,0.0,0.0,0.0,0.0,0.0,0.0,0.0,0.0,0.0,0.0,0.0,0.0,0.0,0.0,0.0,0.0,0.0,0.0,0.0,0.0,0.0,0.0,0.0,0.0,0.0,0.0,0.0,0.0,0.0,0.0,0.0,0.0
89,900000000,odom,base_link,-1.6414291857665917,0.09761929395371027,-0.10357830570788795,-1.7760051485323745e-05,0.002707249282368705,-1.4241557837937542e-06,0.9999963352352225,0.0,0.0,0.0,0.0,0.0,0.0,0.0,0.0,0.0,0.0,0.0,0.0,0.0,0.0,0.0,0.0,0.0,0.0,0.0,0.0,0.0,0.0,0.0,0.0,0.0,0.0,0.0,0.0,0.0,0.0,0.0,0.0,0.0,0.0,0.0,0.0,0.0029180097111890864,9.441969999184982e-05,4.385794040208316e-05,1.173760741379759e-07,-5.0853174116127775e-05,2.5525342728371925e-06,0.0,0.0,0.0,0.0,0.0,0.0,0.0,0.0,0.0,0.0,0.0,0.0,0.0,0.0,0.0,0.0,0.0,0.0,0.0,0.0,0.0,0.0,0.0,0.0,0.0,0.0,0.0,0.0,0.0,0.0,0.0,0.0,0.0,0.0,0.0,0.0
89,934000000,odom,base_link,-1.6413300009679805,0.09762250425844692,-0.10357732919742949,-1.7758188607469783e-05,0.002706379935679414,-1.3756110109549216e-06,0.9999963375884925,0.0,0.0,0.0,0.0,0.0,0.0,0.0,0.0,0.0,0.0,0.0,0.0,0.0,0.0,0.0,0.0,0.0,0.0,0.0,0.0,0.0,0.0,0.0,0.0,0.0,0.0,0.0,0.0,0.0,0.0,0.0,0.0,0.0,0.0,0.0,0.0,0.002916451202667881,9.443188586281566e-05,4.4938777572726526e-05,1.1804588834207763e-07,-5.125004456374427e-05,3.0324576627549504e-06,0.0,0.0,0.0,0.0,0.0,0.0,0.0,0.0,0.0,0.0,0.0,0.0,0.0,0.0,0.0,0.0,0.0,0.0,0.0,0.0,0.0,0.0,0.0,0.0,0.0,0.0,0.0,0.0,0.0,0.0,0.0,0.0,0.0,0.0,0.0,0.0
89,968000000,odom,base_link,-1.6412308689382753,0.09762571499821189,-0.10357632915231464,-1.7755682011352106e-05,0.002705517615893763,-1.3220313041272297e-06,0.999996339922011,0.0,0.0,0.0,0.0,0.0,0.0,0.0,0.0,0.0,0.0,0.0,0.0,0.0,0.0,0.0,0.0,0.0,0.0,0.0,0.0,0.0,0.0,0.0,0.0,0.0,0.0,0.0,0.0,0.0,0.0,0.0,0.0,0.0,0.0,0.0,0.0,0.0029148991277153104,9.444492520312853e-05,4.5193132727519966e-05,1.875430505338116e-07,-4.9917838396140723e-05,3.0117063065659977e-06,0.0,0.0,0.0,0.0,0.0,0.0,0.0,0.0,0.0,0.0,0.0,0.0,0.0,0.0,0.0,0.0,0.0,0.0,0.0,0.0,0.0,0.0,0.0,0.0,0.0,0.0,0.0,0.0,0.0,0.0,0.0,0.0,0.0,0.0,0.0,0.0
90,2000000,odom,base_link,-1.6411317895800597,0.09762892623084016,-0.10357534561098371,-1.7752688421822815e-05,0.0027046845735276947,-1.2788016089296691e-06,0.9999963421755924,0.0,0.0,0.0,0.0,0.0,0.0,0.0,0.0,0.0,0.0,0.0,0.0,0.0,0.0,0.0,0.0,0.0,0.0,0.0,0.0,0.0,0.0,0.0,0.0,0.0,0.0,0.0,0.0,0.0,0.0,0.0,0.0,0.0,0.0,0.0,0.0,0.0029133544730031843,9.44593282885746e-05,4.431236046193794e-05,1.802980265086518e-07,-4.868469929419916e-05,2.3063036147519256e-06,0.0,0.0,0.0,0.0,0.0,0.0,0.0,0.0,0.0,0.0,0.0,0.0,0.0,0.0,0.0,0.0,0.0,0.0,0.0,0.0,0.0,0.0,0.0,0.0,0.0,0.0,0.0,0.0,0.0,0.0,0.0,0.0,0.0,0.0,0.0,0.0
90,36000000,odom,base_link,-1.6410327629836152,0.09763213793075222,-0.10357435489454883,-1.7750216539469018e-05,0.0027038320559559063,-1.2388315469944304e-06,0.9999963444811227,0.0,0.0,0.0,0.0,0.0,0.0,0.0,0.0,0.0,0.0,0.0,0.0,0.0,0.0,0.0,0.0,0.0,0.0,0.0,0.0,0.0,0.0,0.0,0.0,0.0,0.0,0.0,0.0,0.0,0.0,0.0,0.0,0.0,0.0,0.0,0.0,0.0029117966335661873,9.447230017765991e-05,4.517807304790353e-05,1.3902938938992193e-07,-5.0748862534533146e-05,2.420392575253061e-06,0.0,0.0,0.0,0.0,0.0,0.0,0.0,0.0,0.0,0.0,0.0,0.0,0.0,0.0,0.0,0.0,0.0,0.0,0.0,0.0,0.0,0.0,0.0,0.0,0.0,0.0,0.0,0.0,0.0,0.0,0.0,0.0,0.0,0.0,0.0,0.0
90,70000000,odom,base_link,-1.640933789164184,0.097635350080974,-0.1035733531344656,-1.774807673515326e-05,0.002702973881894546,-1.1978582880459667e-06,0.9999963468012094,0.0,0.0,0.0,0.0,0.0,0.0,0.0,0.0,0.0,0.0,0.0,0.0,0.0,0.0,0.0,0.0,0.0,0.0,0.0,0.0,0.0,0.0,0.0,0.0,0.0,0.0,0.0,0.0,0.0,0.0,0.0,0.0,0.0,0.0,0.0,0.0,0.002910246433774464,9.448562535775352e-05,4.51068771678302e-05,1.3528680953278638e-07,-4.986747654811552e-05,2.281960531647087e-06,0.0,0.0,0.0,0.0,0.0,0.0,0.0,0.0,0.0,0.0,0.0,0.0,0.0,0.0,0.0,0.0,0.0,0.0,0.0,0.0,0.0,0.0,0.0,0.0,0.0,0.0,0.0,0.0,0.0,0.0,0.0,0.0,0.0,0.0,0.0,0.0
90,104000000,odom,base_link,-1.6408348680277283,0.09763856270863473,-0.10357237629340804,-1.7745803140905446e-05,0.002702136644726916,-1.1643942395434188e-06,0.9999963490639773,0.0,0.0,0.0,0.0,0.0,0.0,0.0,0.0,0.0,0.0,0.0,0.0,0.0,0.0,0.0,0.0,0.0,0.0,0.0,0.0,0.0,0.0,0.0,0.0,0.0,0.0,0.0,0.0,0.0,0.0,0.0,0.0,0.0,0.0,0.0,0.0,0.002908702384092814,9.449946217078312e-05,4.4006064714922344e-05,1.3963211975553946e-07,-4.909506934325236e-05,1.8199623363912565e-06,0.0,0.0,0.0,0.0,0.0,0.0,0.0,0.0,0.0,0.0,0.0,0.0,0.0,0.0,0.0,0.0,0.0,0.0,0.0,0.0,0.0,0.0,0.0,0.0,0.0,0.0,0.0,0.0,0.0,0.0,0.0,0.0,0.0,0.0,0.0,0.0
90,138000000,odom,base_link,-1.640735999666198,0.09764177577873495,-0.10357139853004207,-1.7743708279684952e-05,0.002701279169549937,-1.1290998409150596e-06,0.9999963513807109,0.0,0.0,0.0,0.0,0.0,0.0,0.0,0.0,0.0,0.0,0.0,0.0,0.0,0.0,0.0,0.0,0.0,0.0,0.0,0.0,0.0,0.0,0.0,0.0,0.0,0.0,0.0,0.0,0.0,0.0,0.0,0.0,0.0,0.0,0.0,0.0,0.00290714585115505,9.451172758913733e-05,4.4684270946452944e-05,1.2457947590194252e-07,-5.082836729286555e-05,2.2375524100226585e-06,0.0,0.0,0.0,0.0,0.0,0.0,0.0,0.0,0.0,0.0,0.0,0.0,0.0,0.0,0.0,0.0,0.0,0.0,0.0,0.0,0.0,0.0,0.0,0.0,0.0,0.0,0.0,0.0,0.0,0.0,0.0,0.0,0.0,0.0,0.0,0.0
90,172000000,odom,base_link,-1.64063718404785,0.09764498927766314,-0.10357041619797906,-1.7741403048570493e-05,0.002700422483068374,-1.08871496913415e-06,0.9999963536945874,0.0,0.0,0.0,0.0,0.0,0.0,0.0,0.0,0.0,0.0,0.0,0.0,0.0,0.0,0.0,0.0,0.0,0.0,0.0,0.0,0.0,0.0,0.0,0.0,0.0,0.0,0.0,0.0,0.0,0.0,0.0,0.0,0.0,0.0,0.0,0.0,0.002905597506000831,9.452445238630778e-05,4.444040512543049e-05,1.5533070385487235e-07,-4.970677984772465e-05,2.3322798581304482e-06,0.0,0.0,0.0,0.0,0.0,0.0,0.0,0.0,0.0,0.0,0.0,0.0,0.0,0.0,0.0,0.0,0.0,0.0,0.0,0.0,0.0,0.0,0.0,0.0,0.0,0.0,0.0,0.0,0.0,0.0,0.0,0.0,0.0,0.0,0.0,0.0
90,206000000,odom,base_link,-1.6405384210848928,0.09764820323337667,-0.10356946315441375,-1.773883723498612e-05,0.0026995879477203196,-1.0516541137350642e-06,0.9999963559479306,0.0,0.0,0.0,0.0,0.0,0.0,0.0,0.0,0.0,0.0,0.0,0.0,0.0,0.0,0.0,0.0,0.0,0.0,0.0,0.0,0.0,0.0,0.0,0.0,0.0,0.0,0.0,0.0,0.0,0.0,0.0,0.0,0.0,0.0,0.0,0.0,0.0029040546155475718,9.453768810049585e-05,4.3251815984163325e-05,1.5611967413287076e-07,-4.897460677000254e-05,2.1162119612228025e-06,0.0,0.0,0.0,0.0,0.0,0.0,0.0,0.0,0.0,0.0,0.0,0.0,0.0,0.0,0.0,0.0,0.0,0.0,0.0,0.0,0.0,0.0,0.0,0.0,0.0,0.0,0.0,0.0,0.0,0.0,0.0,0.0,0.0,0.0,0.0,0.0
90,240000000,odom,base_link,-1.640439710876207,0.09765141762404593,-0.10356851012232662,-1.773662196946261e-05,0.002698732132482518,-1.0112997249597563e-06,0.9999963582580021,0.0,0.0,0.0,0.0,0.0,0.0,0.0,0.0,0.0,0.0,0.0,0.0,0.0,0.0,0.0,0.0,0.0,0.0,0.0,0.0,0.0,0.0,0.0,0.0,0.0,0.0,0.0,0.0,0.0,0.0,0.0,0.0,0.0,0.0,0.0,0.0,0.0029024989517149853,9.454991483888923e-05,4.388429360944652e-05,1.2909633084756678e-07,-5.071010988899616e-05,2.522218434108936e-06,0.0,0.0,0.0,0.0,0.0,0.0,0.0,0.0,0.0,0.0,0.0,0.0,0.0,0.0,0.0,0.0,0.0,0.0,0.0,0.0,0.0,0.0,0.0,0.0,0.0,0.0,0.0,0.0,0.0,0.0,0.0,0.0,0.0,0.0,0.0,0.0
90,274000000,odom,base_link,-1.6403410533840925,0.09765463244791846,-0.10356755472164891,-1.773434627708478e-05,0.002697878543928921,-9.67262678346532e-07,0.9999963605613371,0.0,0.0,0.0,0.0,0.0,0.0,0.0,0.0,0.0,0.0,0.0,0.0,0.0,0.0,0.0,0.0,0.0,0.0,0.0,0.0,0.0,0.0,0.0,0.0,0.0,0.0,0.0,0.0,0.0,0.0,0.0,0.0,0.0,0.0,0.0,0.0,0.0029009516685909865,9.456287185266144e-05,4.360346724932792e-05,1.5037438239051681e-07,-4.9501064580681486e-05,2.478233951386244e-06,0.0,0.0,0.0,0.0,0.0,0.0,0.0,0.0,0.0,0.0,0.0,0.0,0.0,0.0,0.0,0.0,0.0,0.0,0.0,0.0,0.0,0.0,0.0,0.0,0.0,0.0,0.0,0.0,0.0,0.0,0.0,0.0,0.0,0.0,0.0,0.0
90,308000000,odom,base_link,-1.6402424485229492,0.0976578477401962,-0.10356662682806753,-1.7731896891875218e-05,0.0026970459712867437,-9.295311042588705e-07,0.9999963628072577,0.0,0.0,0.0,0.0,0.0,0.0,0.0,0.0,0.0,0.0,0.0,0.0,0.0,0.0,0.0,0.0,0.0,0.0,0.0,0.0,0.0,0.0,0.0,0.0,0.0,0.0,0.0,0.0,0.0,0.0,0.0,0.0,0.0,0.0,0.0,0.0,0.002899408264263283,9.457637557329985e-05,4.26029150785914e-05,1.4750717175493477e-07,-4.903901604791372e-05,2.125835085742267e-06,0.0,0.0,0.0,0.0,0.0,0.0,0.0,0.0,0.0,0.0,0.0,0.0,0.0,0.0,0.0,0.0,0.0,0.0,0.0,0.0,0.0,0.0,0.0,0.0,0.0,0.0,0.0,0.0,0.0,0.0,0.0,0.0,0.0,0.0,0.0,0.0
90,342000000,odom,base_link,-1.640143896396871,0.09766106347172968,-0.103565691025289,-1.7729778119602493e-05,0.0026961904344204885,-8.895753663452833e-07,0.9999963651143963,0.0,0.0,0.0,0.0,0.0,0.0,0.0,0.0,0.0,0.0,0.0,0.0,0.0,0.0,0.0,0.0,0.0,0.0,0.0,0.0,0.0,0.0,0.0,0.0,0.0,0.0,0.0,0.0,0.0,0.0,0.0,0.0,0.0,0.0,0.0,0.0,0.002897852772380451,9.458869484375835e-05,4.333981273976279e-05,1.2499248858155454e-07,-5.0619807367979774e-05,2.470197291160048e-06,0.0,0.0,0.0,0.0,0.0,0.0,0.0,0.0,0.0,0.0,0.0,0.0,0.0,0.0,0.0,0.0,0.0,0.0,0.0,0.0,0.0,0.0,0.0,0.0,0.0,0.0,0.0,0.0,0.0,0.0,0.0,0.0,0.0,0.0,0.0,0.0
90,376000000,odom,base_link,-1.6400453970044273,0.09766427964085655,-0.10356475217169354,-1.7727698173002753e-05,0.0026953397812564434,-8.473731950610719e-07,0.9999963674076393,0.0,0.0,0.0,0.0,0.0,0.0,0.0,0.0,0.0,0.0,0.0,0.0,0.0,0.0,0.0,0.0,0.0,0.0,0.0,0.0,0.0,0.0,0.0,0.0,0.0,0.0,0.0,0.0,0.0,0.0,0.0,0.0,0.0,0.0,0.0,0.0,0.0028963041986508073,9.460176656560408e-05,4.3094259913492954e-05,1.3725649228302217e-07,-4.930446841910907e-05,2.3535849713596235e-06,0.0,0.0,0.0,0.0,0.0,0.0,0.0,0.0,0.0,0.0,0.0,0.0,0.0,0.0,0.0,0.0,0.0,0.0,0.0,0.0,0.0,0.0,0.0,0.0,0.0,0.0,0.0,0.0,0.0,0.0,0.0,0.0,0.0,0.0,0.0,0.0
90,410000000,odom,base_link,-1.639946950235693,0.0976674962769147,-0.10356383684215764,-1.7725356275971345e-05,0.0026945108564711954,-8.115490610618152e-07,0.999996369641609,0.0,0.0,0.0,0.0,0.0,0.0,0.0,0.0,0.0,0.0,0.0,0.0,0.0,0.0,0.0,0.0,0.0,0.0,0.0,0.0,0.0,0.0,0.0,0.0,0.0,0.0,0.0,0.0,0.0,0.0,0.0,0.0,0.0,0.0,0.0,0.0,0.0028947603850833143,9.461514992682423e-05,4.235955302135193e-05,1.42653780454971e-07,-4.8757030057799966e-05,2.044754654484393e-06,0.0,0.0,0.0,0.0,0.0,0.0,0.0,0.0,0.0,0.0,0.0,0.0,0.0,0.0,0.0,0.0,0.0,0.0,0.0,0.0,0.0,0.0,0.0,0.0,0.0,0.0,0.0,0.0,0.0,0.0,0.0,0.0,0.0,0.0,0.0,0.0
90,444000000,odom,base_link,-1.6398485561774447,0.09767071334709043,-0.10356290646675552,-1.7723267551870825e-05,0.002693658203497257,-7.725533624840051e-07,0.9999963719388044,0.0,0.0,0.0,0.0,0.0,0.0,0.0,0.0,0.0,0.0,0.0,0.0,0.0,0.0,0.0,0.0,0.0,0.0,0.0,0.0,0.0,0.0,0.0,0.0,0.0,0.0,0.0,0.0,0.0,0.0,0.0,0.0,0.0,0.0,0.0,0.0,0.0028932049914555816,9.462734498493518e-05,4.315191779493444e-05,1.242612748808547e-07,-5.047801998614432e-05,2.423373679505403e-06,0.0,0.0,0.0,0.0,0.0,0.0,0.0,0.0,0.0,0.0,0.0,0.0,0.0,0.0,0.0,0.0,0.0,0.0,0.0,0.0,0.0,0.0,0.0,0.0,0.0,0.0,0.0,0.0,0.0,0.0,0.0,0.0,0.0,0.0,0.0,0.0
90,478000000,odom,base_link,-1.6397502147733327,0.09767393085467052,-0.10356197083334681,-1.7721152619015047e-05,0.002692812819923208,-7.317210724993539e-07,0.9999963742156979,0.0,0.0,0.0,0.0,0.0,0.0,0.0,0.0,0.0,0.0,0.0,0.0,0.0,0.0,0.0,0.0,0.0,0.0,0.0,0.0,0.0,0.0,0.0,0.0,0.0,0.0,0.0,0.0,0.0,0.0,0.0,0.0,0.0,0.0,0.0,0.0,0.0028916590524686136,9.464044269567644e-05,4.298464731068352e-05,1.391786644266979e-07,-4.9037041094379674e-05,2.271097554462642e-06,0.0,0.0,0.0,0.0,0.0,0.0,0.0,0.0,0.0,0.0,0.0,0.0,0.0,0.0,0.0,0.0,0.0,0.0,0.0,0.0,0.0,0.0,0.0,0.0,0.0,0.0,0.0,0.0,0.0,0.0,0.0,0.0,0.0,0.0,0.0,0.0
90,512000000,odom,base_link,-1.6396519259618076,0.09767714882434367,-0.10356105550675565,-1.7718804949422983e-05,0.0026919835707836792,-6.96490215117164e-07,0.9999963764484416,0.0,0.0,0.0,0.0,0.0,0.0,0.0,0.0,0.0,0.0,0.0,0.0,0.0,0.0,0.0,0.0,0.0,0.0,0.0,0.0,0.0,0.0,0.0,0.0,0.0,0.0,0.0,0.0,0.0,0.0,0.0,0.0,0.0,0.0,0.0,0.0,0.0028901139127426494,9.465360739119146e-05,4.242623008665306e-05,1.4055384217614986e-07,-4.920440375144608e-05,2.0561120583906245e-06,0.0,0.0,0.0,0.0,0.0,0.0,0.0,0.0,0.0,0.0,0.0,0.0,0.0,0.0,0.0,0.0,0.0,0.0,0.0,0.0,0.0,0.0,0.0,0.0,0.0,0.0,0.0,0.0,0.0,0.0,0.0,0.0,0.0,0.0,0.0,0.0
90,546000000,odom,base_link,-1.6395536898515148,0.09768036722320102,-0.10356012139705219,-1.77167424430866e-05,0.0026911293440437254,-6.571723338765255e-07,0.9999963787477126,0.0,0.0,0.0,0.0,0.0,0.0,0.0,0.0,0.0,0.0,0.0,0.0,0.0,0.0,0.0,0.0,0.0,0.0,0.0,0.0,0.0,0.0,0.0,0.0,0.0,0.0,0.0,0.0,0.0,0.0,0.0,0.0,0.0,0.0,0.0,0.0,0.0028885594277054554,9.46657186613726e-05,4.322574761017241e-05,1.2297703966268614e-07,-5.0468791457092266e-05,2.446394486987913e-06,0.0,0.0,0.0,0.0,0.0,0.0,0.0,0.0,0.0,0.0,0.0,0.0,0.0,0.0,0.0,0.0,0.0,0.0,0.0,0.0,0.0,0.0,0.0,0.0,0.0,0.0,0.0,0.0,0.0,0.0,0.0,0.0,0.0,0.0,0.0,0.0
90,580000000,odom,base_link,-1.639455506359795,0.09768358606113967,-0.10355918124814109,-1.7714600653303324e-05,0.002690287522130794,-6.168679435014373e-07,0.9999963810128818,0.0,0.0,0.0,0.0,0.0,0.0,0.0,0.0,0.0,0.0,0.0,0.0,0.0,0.0,0.0,0.0,0.0,0.0,0.0,0.0,0.0,0.0,0.0,0.0,0.0,0.0,0.0,0.0,0.0,0.0,0.0,0.0,0.0,0.0,0.0,0.0,0.002887014346798962,9.467890012401058e-05,4.3079021804473265e-05,1.406680896764989e-07,-4.886073909915467e-05,2.228779893975741e-06,0.0,0.0,0.0,0.0,0.0,0.0,0.0,0.0,0.0,0.0,0.0,0.0,0.0,0.0,0.0,0.0,0.0,0.0,0.0,0.0,0.0,0.0,0.0,0.0,0.0,0.0,0.0,0.0,0.0,0.0,0.0,0.0,0.0,0.0,0.0,0.0
90,614000000,odom,base_link,-1.6393573754473114,0.09768680535923786,-0.10355825930387828,-1.771225158307287e-05,0.00268945887786145,-5.820529630851501e-07,0.9999963832419003,0.0,0.0,0.0,0.0,0.0,0.0,0.0,0.0,0.0,0.0,0.0,0.0,0.0,0.0,0.0,0.0,0.0,0.0,0.0,0.0,0.0,0.0,0.0,0.0,0.0,0.0,0.0,0.0,0.0,0.0,0.0,0.0,0.0,0.0,0.0,0.0,0.002885468534329346,9.469194561612977e-05,4.2688940352885405e-05,1.3901351458844857e-07,-4.931434460786477e-05,2.06071186781287e-06,0.0,0.0,0.0,0.0,0.0,0.0,0.0,0.0,0.0,0.0,0.0,0.0,0.0,0.0,0.0,0.0,0.0,0.0,0.0,0.0,0.0,0.0,0.0,0.0,0.0,0.0,0.0,0.0,0.0,0.0,0.0,0.0,0.0,0.0,0.0,0.0
90,648000000,odom,base_link,-1.6392592972202025,0.09769002508343243,-0.10355731552398424,-1.7710206585808618e-05,0.0026886049358480347,-5.42677572860112e-07,0.9999963855382443,0.0,0.0,0.0,0.0,0.0,0.0,0.0,0.0,0.0,0.0,0.0,0.0,0.0,0.0,0.0,0.0,0.0,0.0,0.0,0.0,0.0,0.0,0.0,0.0,0.0,0.0,0.0,0.0,0.0,0.0,0.0,0.0,0.0,0.0,0.0,0.0,0.0028839148398944045,9.470400561019828e-05,4.345971330738295e-05,1.221206857859869e-07,-5.041896606883256e-05,2.4491595862485838e-06,0.0,0.0,0.0,0.0,0.0,0.0,0.0,0.0,0.0,0.0,0.0,0.0,0.0,0.0,0.0,0.0,0.0,0.0,0.0,0.0,0.0,0.0,0.0,0.0,0.0,0.0,0.0,0.0,0.0,0.0,0.0,0.0,0.0,0.0,0.0,0.0
90,682000000,odom,base_link,-1.63916127159954,0.09769324524365909,-0.10355636737976294,-1.7708084424615272e-05,0.00268776332618015,-5.020490580523258e-07,0.9999963878007131,0.0,0.0,0.0,0.0,0.0,0.0,0.0,0.0,0.0,0.0,0.0,0.0,0.0,0.0,0.0,0.0,0.0,0.0,0.0,0.0,0.0,0.0,0.0,0.0,0.0,0.0,0.0,0.0,0.0,0.0,0.0,0.0,0.0,0.0,0.0,0.0,0.002882370401319963,9.471709674318305e-05,4.325224354529992e-05,1.4005905463188029e-07,-4.882771449388201e-05,2.247992392234721e-06,0.0,0.0,0.0,0.0,0.0,0.0,0.0,0.0,0.0,0.0,0.0,0.0,0.0,0.0,0.0,0.0,0.0,0.0,0.0,0.0,0.0,0.0,0.0,0.0,0.0,0.0,0.0,0.0,0.0,0.0,0.0,0.0,0.0,0.0,0.0,0.0
90,716000000,odom,base_link,-1.6390632985068079,0.0976964658632576,-0.10355544088109121,-1.7705720284008508e-05,0.00268693877873783,-4.673016539918381e-07,0.9999963900166282,0.0,0.0,0.0,0.0,0.0,0.0,0.0,0.0,0.0,0.0,0.0,0.0,0.0,0.0,0.0,0.0,0.0,0.0,0.0,0.0,0.0,0.0,0.0,0.0,0.0,0.0,0.0,0.0,0.0,0.0,0.0,0.0,0.0,0.0,0.0,0.0,0.0028808289405353664,9.473016497334275e-05,4.271516847456097e-05,1.413187483700895e-07,-4.875790757807863e-05,2.0252697741085512e-06,0.0,0.0,0.0,0.0,0.0,0.0,0.0,0.0,0.0,0.0,0.0,0.0,0.0,0.0,0.0,0.0,0.0,0.0,0.0,0.0,0.0,0.0,0.0,0.0,0.0,0.0,0.0,0.0,0.0,0.0,0.0,0.0,0.0,0.0,0.0,0.0
90,750000000,odom,base_link,-1.638965378028974,0.09769968690695545,-0.10355449065183439,-1.7703680117061447e-05,0.0026860860759195565,-4.2789054840491603e-07,0.9999963923074869,0.0,0.0,0.0,0.0,0.0,0.0,0.0,0.0,0.0,0.0,0.0,0.0,0.0,0.0,0.0,0.0,0.0,0.0,0.0,0.0,0.0,0.0,0.0,0.0,0.0,0.0,0.0,0.0,0.0,0.0,0.0,0.0,0.0,0.0,0.0,0.0,0.0028792741546922597,9.474210004274334e-05,4.367578676329363e-05,1.2094474866053417e-07,-5.0472724666406066e-05,2.4705758105980635e-06,0.0,0.0,0.0,0.0,0.0,0.0,0.0,0.0,0.0,0.0,0.0,0.0,0.0,0.0,0.0,0.0,0.0,0.0,0.0,0.0,0.0,0.0,0.0,0.0,0.0,0.0,0.0,0.0,0.0,0.0,0.0,0.0,0.0,0.0,0.0,0.0
90,784000000,odom,base_link,-1.6388675101831272,0.09770290836720827,-0.10355350944268717,-1.7701808581278324e-05,0.002685227137351052,-3.816519227417239e-07,0.9999963946143612,0.0,0.0,0.0,0.0,0.0,0.0,0.0,0.0,0.0,0.0,0.0,0.0,0.0,0.0,0.0,0.0,0.0,0.0,0.0,0.0,0.0,0.0,0.0,0.0,0.0,0.0,0.0,0.0,0.0,0.0,0.0,0.0,0.0,0.0,0.0,0.0,0.00287772143455067,9.475411021298859e-05,4.464307496873945e-05,1.1627083115750558e-07,-5.0548273478057126e-05,2.850811031684941e-06,0.0,0.0,0.0,0.0,0.0,0.0,0.0,0.0,0.0,0.0,0.0,0.0,0.0,0.0,0.0,0.0,0.0,0.0,0.0,0.0,0.0,0.0,0.0,0.0,0.0,0.0,0.0,0.0,0.0,0.0,0.0,0.0,0.0,0.0,0.0,0.0
90,818000000,odom,base_link,-1.638769694950105,0.09770613025555207,-0.10355251360275927,-1.769969558884054e-05,0.002684376202457913,-3.3205660966060026e-07,0.999996396899016,0.0,0.0,0.0,0.0,0.0,0.0,0.0,0.0,0.0,0.0,0.0,0.0,0.0,0.0,0.0,0.0,0.0,0.0,0.0,0.0,0.0,0.0,0.0,0.0,0.0,0.0,0.0,0.0,0.0,0.0,0.0,0.0,0.0,0.0,0.0,0.0,0.002876174845952785,9.476690768304207e-05,4.468971369694017e-05,1.49780712832559e-07,-4.936394972787639e-05,2.777620355942645e-06,0.0,0.0,0.0,0.0,0.0,0.0,0.0,0.0,0.0,0.0,0.0,0.0,0.0,0.0,0.0,0.0,0.0,0.0,0.0,0.0,0.0,0.0,0.0,0.0,0.0,0.0,0.0,0.0,0.0,0.0,0.0,0.0,0.0,0.0,0.0,0.0
90,852000000,odom,base_link,-1.6386719322498,0.09770935262097692,-0.1035515377343076,-1.7697107596705427e-05,0.0026835501129484195,-2.922510446325661e-07,0.999996399116276,0.0,0.0,0.0,0.0,0.0,0.0,0.0,0.0,0.0,0.0,0.0,0.0,0.0,0.0,0.0,0.0,0.0,0.0,0.0,0.0,0.0,0.0,0.0,0.0,0.0,0.0,0.0,0.0,0.0,0.0,0.0,0.0,0.0,0.0,0.0,0.0,0.002874634651552076,9.478083393646097e-05,4.371028603885649e-05,1.6092975285708633e-07,-4.835365281508075e-05,2.1214638490363313e-06,0.0,0.0,0.0,0.0,0.0,0.0,0.0,0.0,0.0,0.0,0.0,0.0,0.0,0.0,0.0,0.0,0.0,0.0,0.0,0.0,0.0,0.0,0.0,0.0,0.0,0.0,0.0,0.0,0.0,0.0,0.0,0.0,0.0,0.0,0.0,0.0
90,886000000,odom,base_link,-1.6385742221874404,0.09771257543835414,-0.10355056209388379,-1.7694796298716893e-05,0.002682703668452074,-2.552767985359244e-07,0.9999964013874532,0.0,0.0,0.0,0.0,0.0,0.0,0.0,0.0,0.0,0.0,0.0,0.0,0.0,0.0,0.0,0.0,0.0,0.0,0.0,0.0,0.0,0.0,0.0,0.0,0.0,0.0,0.0,0.0,0.0,0.0,0.0,0.0,0.0,0.0,0.0,0.0,0.0028730819215802184,9.479341918951758e-05,4.43699108038718e-05,1.3266712728388086e-07,-5.029357126318246e-05,2.246648622694636e-06,0.0,0.0,0.0,0.0,0.0,0.0,0.0,0.0,0.0,0.0,0.0,0.0,0.0,0.0,0.0,0.0,0.0,0.0,0.0,0.0,0.0,0.0,0.0,0.0,0.0,0.0,0.0,0.0,0.0,0.0,0.0,0.0,0.0,0.0,0.0,0.0
90,920000000,odom,base_link,-1.6384765647516006,0.09771579869051944,-0.10354957848955315,-1.769270898555683e-05,0.002681852951398586,-2.1668621563343059e-07,0.9999964036693673,0.0,0.0,0.0,0.0,0.0,0.0,0.0,0.0,0.0,0.0,0.0,0.0,0.0,0.0,0.0,0.0,0.0,0.0,0.0,0.0,0.0,0.0,0.0,0.0,0.0,0.0,0.0,0.0,0.0,0.0,0.0,0.0,0.0,0.0,0.0,0.0,0.0028715364229496524,9.480625463078747e-05,4.421581222920368e-05,1.3315221564225155e-07,-4.9429714010784664e-05,2.1732877053537436e-06,0.0,0.0,0.0,0.0,0.0,0.0,0.0,0.0,0.0,0.0,0.0,0.0,0.0,0.0,0.0,0.0,0.0,0.0,0.0,0.0,0.0,0.0,0.0,0.0,0.0,0.0,0.0,0.0,0.0,0.0,0.0,0.0,0.0,0.0,0.0,0.0
90,954000000,odom,base_link,-1.638378959835737,0.09771902240332983,-0.10354862145997168,-1.7690416453363017e-05,0.002681025204507968,-1.846186582685365e-07,0.9999964058889751,0.0,0.0,0.0,0.0,0.0,0.0,0.0,0.0,0.0,0.0,0.0,0.0,0.0,0.0,0.0,0.0,0.0,0.0,0.0,0.0,0.0,0.0,0.0,0.0,0.0,0.0,0.0,0.0,0.0,0.0,0.0,0.0,0.0,0.0,0.0,0.0,0.0028699980411167315,9.481965836284647e-05,4.309188797175686e-05,1.4164382028392097e-07,-4.842075540523183e-05,1.7479973801748372e-06,0.0,0.0,0.0,0.0,0.0,0.0,0.0,0.0,0.0,0.0,0.0,0.0,0.0,0.0,0.0,0.0,0.0,0.0,0.0,0.0,0.0,0.0,0.0,0.0,0.0,0.0,0.0,0.0,0.0,0.0,0.0,0.0,0.0,0.0,0.0,0.0
90,988000000,odom,base_link,-1.6382814074576493,0.09772224654727275,-0.10354766328728568,-1.7688311973525762e-05,0.002680180037124459,-1.5101916210224526e-07,0.999996408154584,0.0,0.0,0.0,0.0,0.0,0.0,0.0,0.0,0.0,0.0,0.0,0.0,0.0,0.0,0.0,0.0,0.0,0.0,0.0,0.0,0.0,0.0,0.0,0.0,0.0,0.0,0.0,0.0,0.0,0.0,0.0,0.0,0.0,0.0,0.0,0.0,0.002868447705904582,9.483165796710693e-05,4.376827968767724e-05,1.2367688678738276e-07,-5.0192695866257964e-05,2.1263021565687268e-06,0.0,0.0,0.0,0.0,0.0,0.0,0.0,0.0,0.0,0.0,0.0,0.0,0.0,0.0,0.0,0.0,0.0,0.0,0.0,0.0,0.0,0.0,0.0,0.0,0.0,0.0,0.0,0.0,0.0,0.0,0.0,0.0,0.0,0.0,0.0,0.0
91,22000000,odom,base_link,-1.6381839076741538,0.09772547111049176,-0.10354670089273899,-1.7686268116768726e-05,0.0026793333369153666,-1.1279441942907192e-07,0.9999964104235839,0.0,0.0,0.0,0.0,0.0,0.0,0.0,0.0,0.0,0.0,0.0,0.0,0.0,0.0,0.0,0.0,0.0,0.0,0.0,0.0,0.0,0.0,0.0,0.0,0.0,0.0,0.0,0.0,0.0,0.0,0.0,0.0,0.0,0.0,0.0,0.0,0.0028669037842635084,9.484411414507795e-05,4.353086166201903e-05,1.3435470097578062e-07,-4.9139415025933886e-05,2.199580384498745e-06,0.0,0.0,0.0,0.0,0.0,0.0,0.0,0.0,0.0,0.0,0.0,0.0,0.0,0.0,0.0,0.0,0.0,0.0,0.0,0.0,0.0,0.0,0.0,0.0,0.0,0.0,0.0,0.0,0.0,0.0,0.0,0.0,0.0,0.0,0.0,0.0
91,56000000,odom,base_link,-1.6380864603920287,0.09772869611969255,-0.10354576715011438,-1.7683918179355443e-05,0.0026785084466117515,-7.815343057267827e-08,0.9999964126334525,0.0,0.0,0.0,0.0,0.0,0.0,0.0,0.0,0.0,0.0,0.0,0.0,0.0,0.0,0.0,0.0,0.0,0.0,0.0,0.0,0.0,0.0,0.0,0.0,0.0,0.0,0.0,0.0,0.0,0.0,0.0,0.0,0.0,0.0,0.0,0.0,0.0028653654231558094,9.485705009175796e-05,4.2342514357560534e-05,1.4624233768412154e-07,-4.837359668385943e-05,1.9642956372578624e-06,0.0,0.0,0.0,0.0,0.0,0.0,0.0,0.0,0.0,0.0,0.0,0.0,0.0,0.0,0.0,0.0,0.0,0.0,0.0,0.0,0.0,0.0,0.0,0.0,0.0,0.0,0.0,0.0,0.0,0.0,0.0,0.0,0.0,0.0,0.0,0.0
91,90000000,odom,base_link,-1.63798906571279,0.09773192155324668,-0.10354483256212996,-1.7681785227098887e-05,0.0026776617056637458,-4.050548969063054e-08,0.999996414901145,0.0,0.0,0.0,0.0,0.0,0.0,0.0,0.0,0.0,0.0,0.0,0.0,0.0,0.0,0.0,0.0,0.0,0.0,0.0,0.0,0.0,0.0,0.0,0.0,0.0,0.0,0.0,0.0,0.0,0.0,0.0,0.0,0.0,0.0,0.0,0.0,0.0028638136322978905,9.486897464450956e-05,4.3066775725513065e-05,1.2519271036515178e-07,-5.0226423553567656e-05,2.3657965364520805e-06,0.0,0.0,0.0,0.0,0.0,0.0,0.0,0.0,0.0,0.0,0.0,0.0,0.0,0.0,0.0,0.0,0.0,0.0,0.0,0.0,0.0,0.0,0.0,0.0,0.0,0.0,0.0,0.0,0.0,0.0,0.0,0.0,0.0,0.0,0.0,0.0
91,124000000,odom,base_link,-1.6378917236005375,0.09773514740845383,-0.10354389165067279,-1.7679727909498974e-05,0.0026768165320576877,1.075879797044018e-09,0.9999964171639222,0.0,0.0,0.0,0.0,0.0,0.0,0.0,0.0,0.0,0.0,0.0,0.0,0.0,0.0,0.0,0.0,0.0,0.0,0.0,0.0,0.0,0.0,0.0,0.0,0.0,0.0,0.0,0.0,0.0,0.0,0.0,0.0,0.0,0.0,0.0,0.0,0.002862270580277215,9.488160869661564e-05,4.284354403402625e-05,1.3606589743808684e-07,-4.8915986283759594e-05,2.332962334428146e-06,0.0,0.0,0.0,0.0,0.0,0.0,0.0,0.0,0.0,0.0,0.0,0.0,0.0,0.0,0.0,0.0,0.0,0.0,0.0,0.0,0.0,0.0,0.0,0.0,0.0,0.0,0.0,0.0,0.0,0.0,0.0,0.0,0.0,0.0,0.0,0.0
91,158000000,odom,base_link,-1.63779443395683,0.09773837372170444,-0.10354297929459301,-1.7677360409800146e-05,0.0026759955188750623,3.595621395604276e-08,0.9999964193613358,0.0,0.0,0.0,0.0,0.0,0.0,0.0,0.0,0.0,0.0,0.0,0.0,0.0,0.0,0.0,0.0,0.0,0.0,0.0,0.0,0.0,0.0,0.0,0.0,0.0,0.0,0.0,0.0,0.0,0.0,0.0,0.0,0.0,0.0,0.0,0.0,0.0028607320592688515,9.489484809294468e-05,4.180817017414895e-05,1.4529663167062168e-07,-4.835142561887551e-05,1.947178285277573e-06,0.0,0.0,0.0,0.0,0.0,0.0,0.0,0.0,0.0,0.0,0.0,0.0,0.0,0.0,0.0,0.0,0.0,0.0,0.0,0.0,0.0,0.0,0.0,0.0,0.0,0.0,0.0,0.0,0.0,0.0,0.0,0.0,0.0,0.0,0.0,0.0
91,192000000,odom,base_link,-1.6376971968978917,0.09774160046442804,-0.10354205831765617,-1.7675239699895328e-05,0.0026751501832511897,7.268266645562955e-08,0.9999964216231364,0.0,0.0,0.0,0.0,0.0,0.0,0.0,0.0,0.0,0.0,0.0,0.0,0.0,0.0,0.0,0.0,0.0,0.0,0.0,0.0,0.0,0.0,0.0,0.0,0.0,0.0,0.0,0.0,0.0,0.0,0.0,0.0,0.0,0.0,0.0,0.0,0.0028591806667438296,9.490690147038542e-05,4.2593310075893784e-05,1.2512583746904227e-07,-5.004396506080866e-05,2.2744694350151917e-06,0.0,0.0,0.0,0.0,0.0,0.0,0.0,0.0,0.0,0.0,0.0,0.0,0.0,0.0,0.0,0.0,0.0,0.0,0.0,0.0,0.0,0.0,0.0,0.0,0.0,0.0,0.0,0.0,0.0,0.0,0.0,0.0,0.0,0.0,0.0,0.0
91,226000000,odom,base_link,-1.6376000123645202,0.09774482763636942,-0.10354113134353436,-1.767313230951111e-05,0.0026743113132215693,1.1107264777026161e-07,0.9999964238669297,0.0,0.0,0.0,0.0,0.0,0.0,0.0,0.0,0.0,0.0,0.0,0.0,0.0,0.0,0.0,0.0,0.0,0.0,0.0,0.0,0.0,0.0,0.0,0.0,0.0,0.0,0.0,0.0,0.0,0.0,0.0,0.0,0.0,0.0,0.0,0.0,0.002857638335828712,9.491973072134199e-05,4.2453896118990605e-05,1.375886071741661e-07,-4.8647041239746613e-05,2.133837484485923e-06,0.0,0.0,0.0,0.0,0.0,0.0,0.0,0.0,0.0,0.0,0.0,0.0,0.0,0.0,0.0,0.0,0.0,0.0,0.0,0.0,0.0,0.0,0.0,0.0,0.0,0.0,0.0,0.0,0.0,0.0,0.0,0.0,0.0,0.0,0.0,0.0
91,260000000,odom,base_link,-1.6375028802821174,0.0977480552613299,-0.1035402247317083,-1.767079361113106e-05,0.0026734919690787613,1.4378860547133994e-07,0.9999964260578202,0.0,0.0,0.0,0.0,0.0,0.0,0.0,0.0,0.0,0.0,0.0,0.0,0.0,0.0,0.0,0.0,0.0,0.0,0.0,0.0,0.0,0.0,0.0,0.0,0.0,0.0,0.0,0.0,0.0,0.0,0.0,0.0,0.0,0.0,0.0,0.0,0.0028560984367987713,9.493269545077855e-05,4.1802765260059074e-05,1.4147116811358273e-07,-4.82182496597261e-05,1.87756207248313e-06,0.0,0.0,0.0,0.0,0.0,0.0,0.0,0.0,0.0,0.0,0.0,0.0,0.0,0.0,0.0,0.0,0.0,0.0,0.0,0.0,0.0,0.0,0.0,0.0,0.0,0.0,0.0,0.0,0.0,0.0,0.0,0.0,0.0,0.0,0.0,0.0
91,294000000,odom,base_link,-1.6374058007595695,0.09775128330773097,-0.10353930085059497,-1.766872202920844e-05,0.0026726484145498395,1.8005534368485362e-07,0.9999964283127395,0.0,0.0,0.0,0.0,0.0,0.0,0.0,0.0,0.0,0.0,0.0,0.0,0.0,0.0,0.0,0.0,0.0,0.0,0.0,0.0,0.0,0.0,0.0,0.0,0.0,0.0,0.0,0.0,0.0,0.0,0.0,0.0,0.0,0.0,0.0,0.0,0.0028545471987368063,9.494457125845305e-05,4.265388786308329e-05,1.226076504212692e-07,-4.9944262769940906e-05,2.2662463017297796e-06,0.0,0.0,0.0,0.0,0.0,0.0,0.0,0.0,0.0,0.0,0.0,0.0,0.0,0.0,0.0,0.0,0.0,0.0,0.0,0.0,0.0,0.0,0.0,0.0,0.0,0.0,0.0,0.0,0.0,0.0,0.0,0.0,0.0,0.0,0.0,0.0
91,328000000,odom,base_link,-1.6373087737443894,0.09775451177814479,-0.10353836984894103,-1.7666639258760696e-05,0.0026718111361826264,2.1879251148850592e-07,0.9999964305501767,0.0,0.0,0.0,0.0,0.0,0.0,0.0,0.0,0.0,0.0,0.0,0.0,0.0,0.0,0.0,0.0,0.0,0.0,0.0,0.0,0.0,0.0,0.0,0.0,0.0,0.0,0.0,0.0,0.0,0.0,0.0,0.0,0.0,0.0,0.0,0.0,0.0028530052628808833,9.4957257629765e-05,4.2539940174147784e-05,1.3700506562575043e-07,-4.8557267362525636e-05,2.167792012564007e-06,0.0,0.0,0.0,0.0,0.0,0.0,0.0,0.0,0.0,0.0,0.0,0.0,0.0,0.0,0.0,0.0,0.0,0.0,0.0,0.0,0.0,0.0,0.0,0.0,0.0,0.0,0.0,0.0,0.0,0.0,0.0,0.0,0.0,0.0,0.0,0.0
91,362000000,odom,base_link,-1.637211799170252,0.0977577406970947,-0.10353745717593772,-1.766431236387751e-05,0.0026709903751821937,2.526343105685627e-07,0.9999964327427994,0.0,0.0,0.0,0.0,0.0,0.0,0.0,0.0,0.0,0.0,0.0,0.0,0.0,0.0,0.0,0.0,0.0,0.0,0.0,0.0,0.0,0.0,0.0,0.0,0.0,0.0,0.0,0.0,0.0,0.0,0.0,0.0,0.0,0.0,0.0,0.0,0.0028514642812814414,9.497007347828697e-05,4.2038721645092946e-05,1.3946381272056385e-07,-4.869336507340449e-05,1.9776197790477568e-06,0.0,0.0,0.0,0.0,0.0,0.0,0.0,0.0,0.0,0.0,0.0,0.0,0.0,0.0,0.0,0.0,0.0,0.0,0.0,0.0,0.0,0.0,0.0,0.0,0.0,0.0,0.0,0.0,0.0,0.0,0.0,0.0,0.0,0.0,0.0,0.0
91,396000000,odom,base_link,-1.637114877145878,0.09776097003618638,-0.10353652429144818,-1.7662249312213328e-05,0.0026701451274092677,2.9025247307656206e-07,0.999996435000125,0.0,0.0,0.0,0.0,0.0,0.0,0.0,0.0,0.0,0.0,0.0,0.0,0.0,0.0,0.0,0.0,0.0,0.0,0.0,0.0,0.0,0.0,0.0,0.0,0.0,0.0,0.0,0.0,0.0,0.0,0.0,0.0,0.0,0.0,0.0,0.0,0.002849914077041461,9.498196437278104e-05,4.2875080325313816e-05,1.2290232165312887e-07,-4.993668589747813e-05,2.3353649902801976e-06,0.0,0.0,0.0,0.0,0.0,0.0,0.0,0.0,0.0,0.0,0.0,0.0,0.0,0.0,0.0,0.0,0.0,0.0,0.0,0.0,0.0,0.0,0.0,0.0,0.0,0.0,0.0,0.0,0.0,0.0,0.0,0.0,0.0,0.0,0.0,0.0
91,430000000,odom,base_link,-1.6370180075950593,0.09776419980439055,-0.10353558449036152,-1.7660114611833984e-05,0.002669311198256813,3.287930424481394e-07,0.9999964372265229,0.0,0.0,0.0,0.0,0.0,0.0,0.0,0.0,0.0,0.0,0.0,0.0,0.0,0.0,0.0,0.0,0.0,0.0,0.0,0.0,0.0,0.0,0.0,0.0,0.0,0.0,0.0,0.0,0.0,0.0,0.0,0.0,0.0,0.0,0.0,0.0,0.0028483731156245164,9.499484838857995e-05,4.27490710004742e-05,1.3999654213669999e-07,-4.839106573228946e-05,2.1238034886295054e-06,0.0,0.0,0.0,0.0,0.0,0.0,0.0,0.0,0.0,0.0,0.0,0.0,0.0,0.0,0.0,0.0,0.0,0.0,0.0,0.0,0.0,0.0,0.0,0.0,0.0,0.0,0.0,0.0,0.0,0.0,0.0,0.0,0.0,0.0,0.0,0.0
91,464000000,odom,base_link,-1.636921190465709,0.09776743002340121,-0.10353466154522226,-1.7657759941091016e-05,0.002668492911620784,3.6166583122179484e-07,0.9999964394104878,0.0,0.0,0.0,0.0,0.0,0.0,0.0,0.0,0.0,0.0,0.0,0.0,0.0,0.0,0.0,0.0,0.0,0.0,0.0,0.0,0.0,0.0,0.0,0.0,0.0,0.0,0.0,0.0,0.0,0.0,0.0,0.0,0.0,0.0,0.0,0.0,0.002846831923044442,9.500765001130801e-05,4.242367906859505e-05,1.395506196710805e-07,-4.8529063079172374e-05,1.937908411520084e-06,0.0,0.0,0.0,0.0,0.0,0.0,0.0,0.0,0.0,0.0,0.0,0.0,0.0,0.0,0.0,0.0,0.0,0.0,0.0,0.0,0.0,0.0,0.0,0.0,0.0,0.0,0.0,0.0,0.0,0.0,0.0,0.0,0.0,0.0,0.0,0.0
91,498000000,odom,base_link,-1.636824425866324,0.09777066066070915,-0.10353371557123,-1.765569894708507e-05,0.0026676492648187843,3.985705227816334e-07,0.9999964416614278,0.0,0.0,0.0,0.0,0.0,0.0,0.0,0.0,0.0,0.0,0.0,0.0,0.0,0.0,0.0,0.0,0.0,0.0,0.0,0.0,0.0,0.0,0.0,0.0,0.0,0.0,0.0,0.0,0.0,0.0,0.0,0.0,0.0,0.0,0.0,0.0,0.0028452824602484975,9.5019506562368e-05,4.319827360727801e-05,1.225364504309212e-07,-4.9860752326935653e-05,2.292255407709831e-06,0.0,0.0,0.0,0.0,0.0,0.0,0.0,0.0,0.0,0.0,0.0,0.0,0.0,0.0,0.0,0.0,0.0,0.0,0.0,0.0,0.0,0.0,0.0,0.0,0.0,0.0,0.0,0.0,0.0,0.0,0.0,0.0,0.0,0.0,0.0,0.0
91,532000000,odom,base_link,-1.6367277137179639,0.09777389172682038,-0.10353276374433734,-1.7653549905851468e-05,0.0026668169391813974,4.3612860170898646e-07,0.9999964438814645,0.0,0.0,0.0,0.0,0.0,0.0,0.0,0.0,0.0,0.0,0.0,0.0,0.0,0.0,0.0,0.0,0.0,0.0,0.0,0.0,0.0,0.0,0.0,0.0,0.0,0.0,0.0,0.0,0.0,0.0,0.0,0.0,0.0,0.0,0.0,0.0,0.0028437421524635993,9.503235711968493e-05,4.306050242226906e-05,1.4004348236618114e-07,-4.838054046274465e-05,2.0819321822074244e-06,0.0,0.0,0.0,0.0,0.0,0.0,0.0,0.0,0.0,0.0,0.0,0.0,0.0,0.0,0.0,0.0,0.0,0.0,0.0,0.0,0.0,0.0,0.0,0.0,0.0,0.0,0.0,0.0,0.0,0.0,0.0,0.0,0.0,0.0,0.0,0.0
91,566000000,odom,base_link,-1.6366310539814786,0.09777712324592772,-0.10353182804875458,-1.7654586534663616e-05,0.0026659961114817365,4.689961431521673e-07,0.9999964460700994,0.0,0.0,0.0,0.0,0.0,0.0,0.0,0.0,0.0,0.0,0.0,0.0,0.0,0.0,0.0,0.0,0.0,0.0,0.0,0.0,0.0,0.0,0.0,0.0,0.0,0.0,0.0,0.0,0.0,0.0,0.0,0.0,0.0,0.0,0.0,0.0,0.0028422009346252626,9.504543678902916e-05,4.2789949400444566e-05,-2.6579675405091763e-07,-4.8817647169130396e-05,1.9580370436145245e-06,0.0,0.0,0.0,0.0,0.0,0.0,0.0,0.0,0.0,0.0,0.0,0.0,0.0,0.0,0.0,0.0,0.0,0.0,0.0,0.0,0.0,0.0,0.0,0.0,0.0,0.0,0.0,0.0,0.0,0.0,0.0,0.0,0.0,0.0,0.0,0.0
91,600000000,odom,base_link,-1.636534446751281,0.09778035518343203,-0.10353087146343477,-1.765603099817145e-05,0.002665152189126432,5.060848914478823e-07,0.9999964483196014,0.0,0.0,0.0,0.0,0.0,0.0,0.0,0.0,0.0,0.0,0.0,0.0,0.0,0.0,0.0,0.0,0.0,0.0,0.0,0.0,0.0,0.0,0.0,0.0,0.0,0.0,0.0,0.0,0.0,0.0,0.0,0.0,0.0,0.0,0.0,0.0,0.0028406531265784676,9.505708678573595e-05,4.341956283891816e-05,-9.498525251928902e-09,-4.9805772661670744e-05,2.297776990900502e-06,0.0,0.0,0.0,0.0,0.0,0.0,0.0,0.0,0.0,0.0,0.0,0.0,0.0,0.0,0.0,0.0,0.0,0.0,0.0,0.0,0.0,0.0,0.0,0.0,0.0,0.0,0.0,0.0,0.0,0.0,0.0,0.0,0.0,0.0,0.0,0.0
91,634000000,odom,base_link,-1.6364378920140448,0.09778358752893584,-0.10352988915732037,-1.7654907095645065e-05,0.0026643007917772385,5.49466913759415e-07,0.9999964505883475,0.0,0.0,0.0,0.0,0.0,0.0,0.0,0.0,0.0,0.0,0.0,0.0,0.0,0.0,0.0,0.0,0.0,0.0,0.0,0.0,0.0,0.0,0.0,0.0,0.0,0.0,0.0,0.0,0.0,0.0,0.0,0.0,0.0,0.0,0.0,0.0,0.0028391043817488338,9.506886110880754e-05,4.436626858030965e-05,1.0726110208358897e-07,-5.016416828595993e-05,2.6957594378984595e-06,0.0,0.0,0.0,0.0,0.0,0.0,0.0,0.0,0.0,0.0,0.0,0.0,0.0,0.0,0.0,0.0,0.0,0.0,0.0,0.0,0.0,0.0,0.0,0.0,0.0,0.0,0.0,0.0,0.0,0.0,0.0,0.0,0.0,0.0,0.0,0.0
91,668000000,odom,base_link,-1.6363413897479397,0.09778682029349085,-0.10352889131075549,-1.7652207879887434e-05,0.002663455660173678,5.970512829042845e-07,0.9999964528397035,0.0,0.0,0.0,0.0,0.0,0.0,0.0,0.0,0.0,0.0,0.0,0.0,0.0,0.0,0.0,0.0,0.0,0.0,0.0,0.0,0.0,0.0,0.0,0.0,0.0,0.0,0.0,0.0,0.0,0.0,0.0,0.0,0.0,0.0,0.0,0.0,0.002837562035524466,9.508139397807448e-05,4.440449217461302e-05,2.076368979531118e-07,-4.901088566100498e-05,2.6847485345982136e-06,0.0,0.0,0.0,0.0,0.0,0.0,0.0,0.0,0.0,0.0,0.0,0.0,0.0,0.0,0.0,0.0,0.0,0.0,0.0,0.0,0.0,0.0,0.0,0.0,0.0,0.0,0.0,0.0,0.0,0.0,0.0,0.0,0.0,0.0,0.0,0.0
91,702000000,odom,base_link,-1.636244939865193,0.09779005352772804,-0.10352791592727041,-1.7648471438927807e-05,0.0026626369054550117,6.355238460265086e-07,0.9999964550201351,0.0,0.0,0.0,0.0,0.0,0.0,0.0,0.0,0.0,0.0,0.0,0.0,0.0,0.0,0.0,0.0,0.0,0.0,0.0,0.0,0.0,0.0,0.0,0.0,0.0,0.0,0.0,0.0,0.0,0.0,0.0,0.0,0.0,0.0,0.0,0.0,0.002836026719254957,9.509517118587432e-05,4.334028983952994e-05,2.3144778593664483e-07,-4.7901859900889576e-05,2.050595582225867e-06,0.0,0.0,0.0,0.0,0.0,0.0,0.0,0.0,0.0,0.0,0.0,0.0,0.0,0.0,0.0,0.0,0.0,0.0,0.0,0.0,0.0,0.0,0.0,0.0,0.0,0.0,0.0,0.0,0.0,0.0,0.0,0.0,0.0,0.0,0.0,0.0
91,736000000,odom,base_link,-1.6361485424689688,0.09779328721077621,-0.10352694366110791,-1.7645412391681514e-05,0.0026617989993796575,6.709557914959749e-07,0.9999964572508625,0.0,0.0,0.0,0.0,0.0,0.0,0.0,0.0,0.0,0.0,0.0,0.0,0.0,0.0,0.0,0.0,0.0,0.0,0.0,0.0,0.0,0.0,0.0,0.0,0.0,0.0,0.0,0.0,0.0,0.0,0.0,0.0,0.0,0.0,0.0,0.0,0.002834478926426643,9.510771971793748e-05,4.391536665536309e-05,1.631269938573432e-07,-4.977422030094658e-05,2.142607757882331e-06,0.0,0.0,0.0,0.0,0.0,0.0,0.0,0.0,0.0,0.0,0.0,0.0,0.0,0.0,0.0,0.0,0.0,0.0,0.0,0.0,0.0,0.0,0.0,0.0,0.0,0.0,0.0,0.0,0.0,0.0,0.0,0.0,0.0,0.0,0.0,0.0
91,770000000,odom,base_link,-1.6360521975425322,0.09779652132730111,-0.10352596600007366,-1.764304452143983e-05,0.002660958296483383,7.070942545497808e-07,0.9999964594883161,0.0,0.0,0.0,0.0,0.0,0.0,0.0,0.0,0.0,0.0,0.0,0.0,0.0,0.0,0.0,0.0,0.0,0.0,0.0,0.0,0.0,0.0,0.0,0.0,0.0,0.0,0.0,0.0,0.0,0.0,0.0,0.0,0.0,0.0,0.0,0.0,0.0028329384815149123,9.512054732745549e-05,4.369244220398313e-05,1.4009837734363373e-07,-4.8826929699430366e-05,2.005873689370219e-06,0.0,0.0,0.0,0.0,0.0,0.0,0.0,0.0,0.0,0.0,0.0,0.0,0.0,0.0,0.0,0.0,0.0,0.0,0.0,0.0,0.0,0.0,0.0,0.0,0.0,0.0,0.0,0.0,0.0,0.0,0.0,0.0,0.0,0.0,0.0,0.0
91,804000000,odom,base_link,-1.6359559049942942,0.09779975590043552,-0.10352501746170029,-1.7640821479674355e-05,0.0026601388127962494,7.362560281841284e-07,0.9999964616686181,0.0,0.0,0.0,0.0,0.0,0.0,0.0,0.0,0.0,0.0,0.0,0.0,0.0,0.0,0.0,0.0,0.0,0.0,0.0,0.0,0.0,0.0,0.0,0.0,0.0,0.0,0.0,0.0,0.0,0.0,0.0,0.0,0.0,0.0,0.0,0.0,0.002831403903645079,9.513380292576884e-05,4.2481516116744356e-05,1.3285448435818026e-07,-4.804954656378868e-05,1.5776418060831077e-06,0.0,0.0,0.0,0.0,0.0,0.0,0.0,0.0,0.0,0.0,0.0,0.0,0.0,0.0,0.0,0.0,0.0,0.0,0.0,0.0,0.0,0.0,0.0,0.0,0.0,0.0,0.0,0.0,0.0,0.0,0.0,0.0,0.0,0.0,0.0,0.0
91,838000000,odom,base_link,-1.6358596649165766,0.09780299089861594,-0.1035240714472341,-1.763874632688519e-05,0.0026592997255800955,7.669360878665409e-07,0.999996463900376,0.0,0.0,0.0,0.0,0.0,0.0,0.0,0.0,0.0,0.0,0.0,0.0,0.0,0.0,0.0,0.0,0.0,0.0,0.0,0.0,0.0,0.0,0.0,0.0,0.0,0.0,0.0,0.0,0.0,0.0,0.0,0.0,0.0,0.0,0.0,0.0,0.0028298568617483137,9.514565819676567e-05,4.30637547418889e-05,1.246543743227413e-07,-4.973639349259429e-05,1.9485253854867324e-06,0.0,0.0,0.0,0.0,0.0,0.0,0.0,0.0,0.0,0.0,0.0,0.0,0.0,0.0,0.0,0.0,0.0,0.0,0.0,0.0,0.0,0.0,0.0,0.0,0.0,0.0,0.0,0.0,0.0,0.0,0.0,0.0,0.0,0.0,0.0,0.0
91,872000000,odom,base_link,-1.635763477274032,0.09780622631060568,-0.1035231228512159,-1.7636601534703425e-05,0.002658462304968103,8.02007950954556e-07,0.9999964661269959,0.0,0.0,0.0,0.0,0.0,0.0,0.0,0.0,0.0,0.0,0.0,0.0,0.0,0.0,0.0,0.0,0.0,0.0,0.0,0.0,0.0,0.0,0.0,0.0,0.0,0.0,0.0,0.0,0.0,0.0,0.0,0.0,0.0,0.0,0.0,0.0,0.00282831778257343,9.515795015275198e-05,4.279008918061602e-05,1.4213532295581643e-07,-4.857414239722857e-05,2.021640210791986e-06,0.0,0.0,0.0,0.0,0.0,0.0,0.0,0.0,0.0,0.0,0.0,0.0,0.0,0.0,0.0,0.0,0.0,0.0,0.0,0.0,0.0,0.0,0.0,0.0,0.0,0.0,0.0,0.0,0.0,0.0,0.0,0.0,0.0,0.0,0.0,0.0
91,906000000,odom,base_link,-1.6356673419785357,0.09780946215944822,-0.10352220405678644,-1.7634074336033745e-05,0.0026576468890671455,8.341285678900429e-07,0.9999964682944419,0.0,0.0,0.0,0.0,0.0,0.0,0.0,0.0,0.0,0.0,0.0,0.0,0.0,0.0,0.0,0.0,0.0,0.0,0.0,0.0,0.0,0.0,0.0,0.0,0.0,0.0,0.0,0.0,0.0,0.0,0.0,0.0,0.0,0.0,0.0,0.0,0.0028267841717268924,9.517062951011032e-05,4.154903194904934e-05,1.5725535318367179e-07,-4.7788609691679085e-05,1.8271693824623014e-06,0.0,0.0,0.0,0.0,0.0,0.0,0.0,0.0,0.0,0.0,0.0,0.0,0.0,0.0,0.0,0.0,0.0,0.0,0.0,0.0,0.0,0.0,0.0,0.0,0.0,0.0,0.0,0.0,0.0,0.0,0.0,0.0,0.0,0.0,0.0,0.0
91,940000000,odom,base_link,-1.635571259131258,0.09781269842633925,-0.10352128921182616,-1.7631739116455164e-05,0.002656810955015118,8.69054602442528e-07,0.9999964705157293,0.0,0.0,0.0,0.0,0.0,0.0,0.0,0.0,0.0,0.0,0.0,0.0,0.0,0.0,0.0,0.0,0.0,0.0,0.0,0.0,0.0,0.0,0.0,0.0,0.0,0.0,0.0,0.0,0.0,0.0,0.0,0.0,0.0,0.0,0.0,0.0,0.002825237633774845,9.51824331420538e-05,4.21346354885214e-05,1.3627862172072014e-07,-4.96105627689758e-05,2.1984172704492266e-06,0.0,0.0,0.0,0.0,0.0,0.0,0.0,0.0,0.0,0.0,0.0,0.0,0.0,0.0,0.0,0.0,0.0,0.0,0.0,0.0,0.0,0.0,0.0,0.0,0.0,0.0,0.0,0.0,0.0,0.0,0.0,0.0,0.0,0.0,0.0,0.0
91,974000000,odom,base_link,-1.6354752286890195,0.09781593511148076,-0.10352036899251985,-1.7629484545792036e-05,0.002655977640672468,9.071513758620437e-07,0.9999964727293544,0.0,0.0,0.0,0.0,0.0,0.0,0.0,0.0,0.0,0.0,0.0,0.0,0.0,0.0,0.0,0.0,0.0,0.0,0.0,0.0,0.0,0.0,0.0,0.0,0.0,0.0,0.0,0.0,0.0,0.0,0.0,0.0,0.0,0.0,0.0,0.0,0.0028236992742893827,9.519498263845462e-05,4.193880355244521e-05,1.452019407488514e-07,-4.8276499242660975e-05,2.1275209816096208e-06,0.0,0.0,0.0,0.0,0.0,0.0,0.0,0.0,0.0,0.0,0.0,0.0,0.0,0.0,0.0,0.0,0.0,0.0,0.0,0.0,0.0,0.0,0.0,0.0,0.0,0.0,0.0,0.0,0.0,0.0,0.0,0.0,0.0,0.0,0.0,0.0
92,8000000,odom,base_link,-1.6353792505634779,0.09781917224513226,-0.10351947468454539,-1.7627007846845863e-05,0.00265516569667593,9.393367106538457e-07,0.9999964748855514,0.0,0.0,0.0,0.0,0.0,0.0,0.0,0.0,0.0,0.0,0.0,0.0,0.0,0.0,0.0,0.0,0.0,0.0,0.0,0.0,0.0,0.0,0.0,0.0,0.0,0.0,0.0,0.0,0.0,0.0,0.0,0.0,0.0,0.0,0.0,0.0,0.002822164973332582,9.520792564700497e-05,4.094139049815731e-05,1.5079496817893556e-07,-4.7776072875649334e-05,1.8010363977971622e-06,0.0,0.0,0.0,0.0,0.0,0.0,0.0,0.0,0.0,0.0,0.0,0.0,0.0,0.0,0.0,0.0,0.0,0.0,0.0,0.0,0.0,0.0,0.0,0.0,0.0,0.0,0.0,0.0,0.0,0.0,0.0,0.0,0.0,0.0,0.0,0.0
92,42000000,odom,base_link,-1.6352833248679033,0.09782240980044957,-0.10351857206846025,-1.7624768878415854e-05,0.002654330031901739,9.735712147269032e-07,0.9999964771040454,0.0,0.0,0.0,0.0,0.0,0.0,0.0,0.0,0.0,0.0,0.0,0.0,0.0,0.0,0.0,0.0,0.0,0.0,0.0,0.0,0.0,0.0,0.0,0.0,0.0,0.0,0.0,0.0,0.0,0.0,0.0,0.0,0.0,0.0,0.0,0.0,0.00282061799850704,9.521979400433461e-05,4.174650998849096e-05,1.318659501037267e-07,-4.9490175157984595e-05,2.1304302988411905e-06,0.0,0.0,0.0,0.0,0.0,0.0,0.0,0.0,0.0,0.0,0.0,0.0,0.0,0.0,0.0,0.0,0.0,0.0,0.0,0.0,0.0,0.0,0.0,0.0,0.0,0.0,0.0,0.0,0.0,0.0,0.0,0.0,0.0,0.0,0.0,0.0
92,76000000,odom,base_link,-1.6351874515445246,0.09782564777690358,-0.10351766141673362,-1.762240642655514e-05,0.0026535004152416428,1.0097535466224903e-06,0.9999964793057912,0.0,0.0,0.0,0.0,0.0,0.0,0.0,0.0,0.0,0.0,0.0,0.0,0.0,0.0,0.0,0.0,0.0,0.0,0.0,0.0,0.0,0.0,0.0,0.0,0.0,0.0,0.0,0.0,0.0,0.0,0.0,0.0,0.0,0.0,0.0,0.0,0.0028190798235687375,9.523237856879941e-05,4.167872225288289e-05,1.5166033567881598e-07,-4.810433864577135e-05,2.017348843530442e-06,0.0,0.0,0.0,0.0,0.0,0.0,0.0,0.0,0.0,0.0,0.0,0.0,0.0,0.0,0.0,0.0,0.0,0.0,0.0,0.0,0.0,0.0,0.0,0.0,0.0,0.0,0.0,0.0,0.0,0.0,0.0,0.0,0.0,0.0,0.0,0.0
92,110000000,odom,base_link,-1.6350916305208942,0.09782888619771826,-0.10351676940290301,-1.7619888269976577e-05,0.002652689218501847,1.0407529511167558e-06,0.9999964814579931,0.0,0.0,0.0,0.0,0.0,0.0,0.0,0.0,0.0,0.0,0.0,0.0,0.0,0.0,0.0,0.0,0.0,0.0,0.0,0.0,0.0,0.0,0.0,0.0,0.0,0.0,0.0,0.0,0.0,0.0,0.0,0.0,0.0,0.0,0.0,0.0,0.0028175442052104983,9.524514358418794e-05,4.0992242473981286e-05,1.50478367266782e-07,-4.788774745634328e-05,1.7695318987875908e-06,0.0,0.0,0.0,0.0,0.0,0.0,0.0,0.0,0.0,0.0,0.0,0.0,0.0,0.0,0.0,0.0,0.0,0.0,0.0,0.0,0.0,0.0,0.0,0.0,0.0,0.0,0.0,0.0,0.0,0.0,0.0,0.0,0.0,0.0,0.0,0.0
92,144000000,odom,base_link,-1.6349958619101035,0.09783212503467424,-0.10351586078537185,-1.7617676752713694e-05,0.0026518537207030663,1.0749332249229844e-06,0.9999964836739708,0.0,0.0,0.0,0.0,0.0,0.0,0.0,0.0,0.0,0.0,0.0,0.0,0.0,0.0,0.0,0.0,0.0,0.0,0.0,0.0,0.0,0.0,0.0,0.0,0.0,0.0,0.0,0.0,0.0,0.0,0.0,0.0,0.0,0.0,0.0,0.0,0.002815997311599538,9.525688050199122e-05,4.190933716213313e-05,1.299411980792975e-07,-4.942736673285708e-05,2.1368063984894548e-06,0.0,0.0,0.0,0.0,0.0,0.0,0.0,0.0,0.0,0.0,0.0,0.0,0.0,0.0,0.0,0.0,0.0,0.0,0.0,0.0,0.0,0.0,0.0,0.0,0.0,0.0,0.0,0.0,0.0,0.0,0.0,0.0,0.0,0.0,0.0,0.0
92,178000000,odom,base_link,-1.6349001457410934,0.09783536429042537,-0.10351494227965803,-1.7615460603253844e-05,0.0026510253823311208,1.111183252454157e-06,0.999996485870267,0.0,0.0,0.0,0.0,0.0,0.0,0.0,0.0,0.0,0.0,0.0,0.0,0.0,0.0,0.0,0.0,0.0,0.0,0.0,0.0,0.0,0.0,0.0,0.0,0.0,0.0,0.0,0.0,0.0,0.0,0.0,0.0,0.0,0.0,0.0,0.0,0.0028144560933174414,9.52694116489343e-05,4.1884099865612464e-05,1.4360583000527782e-07,-4.802452160390658e-05,2.022525347200599e-06,0.0,0.0,0.0,0.0,0.0,0.0,0.0,0.0,0.0,0.0,0.0,0.0,0.0,0.0,0.0,0.0,0.0,0.0,0.0,0.0,0.0,0.0,0.0,0.0,0.0,0.0,0.0,0.0,0.0,0.0,0.0,0.0,0.0,0.0,0.0,0.0
92,212000000,odom,base_link,-1.634804481882664,0.09783860398712886,-0.10351403854370546,-1.7613029971632634e-05,0.0026502137699890415,1.1427047831504538e-06,0.9999964880215574,0.0,0.0,0.0,0.0,0.0,0.0,0.0,0.0,0.0,0.0,0.0,0.0,0.0,0.0,0.0,0.0,0.0,0.0,0.0,0.0,0.0,0.0,0.0,0.0,0.0,0.0,0.0,0.0,0.0,0.0,0.0,0.0,0.0,0.0,0.0,0.0,0.002812919076988009,9.528201815384351e-05,4.1488281652361e-05,1.4518892615944523e-07,-4.815330036933574e-05,1.8427393388975588e-06,0.0,0.0,0.0,0.0,0.0,0.0,0.0,0.0,0.0,0.0,0.0,0.0,0.0,0.0,0.0,0.0,0.0,0.0,0.0,0.0,0.0,0.0,0.0,0.0,0.0,0.0,0.0,0.0,0.0,0.0,0.0,0.0,0.0,0.0,0.0,0.0
92,246000000,odom,base_link,-1.6347088704217798,0.09784184409740408,-0.10351311158573517,-1.7610844331395374e-05,0.002649377727341002,1.1779062200842066e-06,0.9999964902369051,0.0,0.0,0.0,0.0,0.0,0.0,0.0,0.0,0.0,0.0,0.0,0.0,0.0,0.0,0.0,0.0,0.0,0.0,0.0,0.0,0.0,0.0,0.0,0.0,0.0,0.0,0.0,0.0,0.0,0.0,0.0,0.0,0.0,0.0,0.0,0.0,0.0028113729245913396,9.529374243161415e-05,4.240793124014476e-05,1.3001146964564114e-07,-4.939545057425221e-05,2.1894765778185388e-06,0.0,0.0,0.0,0.0,0.0,0.0,0.0,0.0,0.0,0.0,0.0,0.0,0.0,0.0,0.0,0.0,0.0,0.0,0.0,0.0,0.0,0.0,0.0,0.0,0.0,0.0,0.0,0.0,0.0,0.0,0.0,0.0,0.0,0.0,0.0,0.0
92,280000000,odom,base_link,-1.6346133112824297,0.09784508463055784,-0.10351217502497455,-1.7608576639299086e-05,0.002648552598911787,1.2138394615002583e-06,0.9999964924226462,0.0,0.0,0.0,0.0,0.0,0.0,0.0,0.0,0.0,0.0,0.0,0.0,0.0,0.0,0.0,0.0,0.0,0.0,0.0,0.0,0.0,0.0,0.0,0.0,0.0,0.0,0.0,0.0,0.0,0.0,0.0,0.0,0.0,0.0,0.0,0.0,0.0028098360043572546,9.530643125071568e-05,4.2359288518219616e-05,1.4677969811804914e-07,-4.788478058515011e-05,1.9801650763540124e-06,0.0,0.0,0.0,0.0,0.0,0.0,0.0,0.0,0.0,0.0,0.0,0.0,0.0,0.0,0.0,0.0,0.0,0.0,0.0,0.0,0.0,0.0,0.0,0.0,0.0,0.0,0.0,0.0,0.0,0.0,0.0,0.0,0.0,0.0,0.0,0.0
92,314000000,odom,base_link,-1.6345178043872848,0.09784832560555849,-0.10351125266219861,-1.7606106521927618e-05,0.002647742867760855,1.2445038587910563e-06,0.9999964945669472,0.0,0.0,0.0,0.0,0.0,0.0,0.0,0.0,0.0,0.0,0.0,0.0,0.0,0.0,0.0,0.0,0.0,0.0,0.0,0.0,0.0,0.0,0.0,0.0,0.0,0.0,0.0,0.0,0.0,0.0,0.0,0.0,0.0,0.0,0.0,0.0,0.0028083008366885675,9.531900305558008e-05,4.2107670149734366e-05,1.460857157464801e-07,-4.8020521603575617e-05,1.8048552319349653e-06,0.0,0.0,0.0,0.0,0.0,0.0,0.0,0.0,0.0,0.0,0.0,0.0,0.0,0.0,0.0,0.0,0.0,0.0,0.0,0.0,0.0,0.0,0.0,0.0,0.0,0.0,0.0,0.0,0.0,0.0,0.0,0.0,0.0,0.0,0.0,0.0
92,348000000,odom,base_link,-1.634422349830403,0.09785156699200612,-0.10351030534710143,-1.76039160908837e-05,0.002646908022908282,1.2790598993528444e-06,0.9999964967770559,0.0,0.0,0.0,0.0,0.0,0.0,0.0,0.0,0.0,0.0,0.0,0.0,0.0,0.0,0.0,0.0,0.0,0.0,0.0,0.0,0.0,0.0,0.0,0.0,0.0,0.0,0.0,0.0,0.0,0.0,0.0,0.0,0.0,0.0,0.0,0.0,0.0028067555564912938,9.53306819784632e-05,4.29335669247123e-05,1.2991514114490954e-07,-4.9341088370624675e-05,2.151493849744668e-06,0.0,0.0,0.0,0.0,0.0,0.0,0.0,0.0,0.0,0.0,0.0,0.0,0.0,0.0,0.0,0.0,0.0,0.0,0.0,0.0,0.0,0.0,0.0,0.0,0.0,0.0,0.0,0.0,0.0,0.0,0.0,0.0,0.0,0.0,0.0,0.0
92,382000000,odom,base_link,-1.6343269475773317,0.09785480879994271,-0.10350935239001612,-1.760163692349097e-05,0.002646084076007322,1.3142013647310158e-06,0.9999964989576303,0.0,0.0,0.0,0.0,0.0,0.0,0.0,0.0,0.0,0.0,0.0,0.0,0.0,0.0,0.0,0.0,0.0,0.0,0.0,0.0,0.0,0.0,0.0,0.0,0.0,0.0,0.0,0.0,0.0,0.0,0.0,0.0,0.0,0.0,0.0,0.0,0.002805219838372758,9.534332376281582e-05,4.2749838257394935e-05,1.4717626145577256e-07,-4.785027378773066e-05,1.939958016450305e-06,0.0,0.0,0.0,0.0,0.0,0.0,0.0,0.0,0.0,0.0,0.0,0.0,0.0,0.0,0.0,0.0,0.0,0.0,0.0,0.0,0.0,0.0,0.0,0.0,0.0,0.0,0.0,0.0,0.0,0.0,0.0,0.0,0.0,0.0,0.0,0.0
92,416000000,odom,base_link,-1.6342315975829491,0.09785805105312928,-0.10350841859880072,-1.7602482092285087e-05,0.0026452732008260464,1.3445274911826702e-06,0.9999965011028978,0.0,0.0,0.0,0.0,0.0,0.0,0.0,0.0,0.0,0.0,0.0,0.0,0.0,0.0,0.0,0.0,0.0,0.0,0.0,0.0,0.0,0.0,0.0,0.0,0.0,0.0,0.0,0.0,0.0,0.0,0.0,0.0,0.0,0.0,0.0,0.0,0.0028036837501958225,9.535624623377382e-05,4.2363971580786724e-05,-2.8677300256685356e-07,-4.819748404827351e-05,1.7988426304071936e-06,0.0,0.0,0.0,0.0,0.0,0.0,0.0,0.0,0.0,0.0,0.0,0.0,0.0,0.0,0.0,0.0,0.0,0.0,0.0,0.0,0.0,0.0,0.0,0.0,0.0,0.0,0.0,0.0,0.0,0.0,0.0,0.0,0.0,0.0,0.0,0.0
92,450000000,odom,base_link,-1.6341362999465125,0.09786129371797381,-0.10350746440192161,-1.7604043962646365e-05,0.002644438048119282,1.3790195288403847e-06,0.9999965033116893,0.0,0.0,0.0,0.0,0.0,0.0,0.0,0.0,0.0,0.0,0.0,0.0,0.0,0.0,0.0,0.0,0.0,0.0,0.0,0.0,0.0,0.0,0.0,0.0,0.0,0.0,0.0,0.0,0.0,0.0,0.0,0.0,0.0,0.0,0.0,0.0,0.0028021399756846034,9.536766739288194e-05,4.304684495769269e-05,-1.1922704078355661e-08,-4.93176038673937e-05,2.1483124168497625e-06,0.0,0.0,0.0,0.0,0.0,0.0,0.0,0.0,0.0,0.0,0.0,0.0,0.0,0.0,0.0,0.0,0.0,0.0,0.0,0.0,0.0,0.0,0.0,0.0,0.0,0.0,0.0,0.0,0.0,0.0,0.0,0.0,0.0,0.0,0.0,0.0
92,484000000,odom,base_link,-1.6340410546526167,0.09786453678328501,-0.1035064832526877,-1.760287859060421e-05,0.0026435951387481908,1.4198321078456174e-06,0.9999965055403269,0.0,0.0,0.0,0.0,0.0,0.0,0.0,0.0,0.0,0.0,0.0,0.0,0.0,0.0,0.0,0.0,0.0,0.0,0.0,0.0,0.0,0.0,0.0,0.0,0.0,0.0,0.0,0.0,0.0,0.0,0.0,0.0,0.0,0.0,0.0,0.0,0.0028005956047750208,9.537925297193361e-05,4.401757871807476e-05,1.1080212442005077e-07,-4.965768916065372e-05,2.542503407809704e-06,0.0,0.0,0.0,0.0,0.0,0.0,0.0,0.0,0.0,0.0,0.0,0.0,0.0,0.0,0.0,0.0,0.0,0.0,0.0,0.0,0.0,0.0,0.0,0.0,0.0,0.0,0.0,0.0,0.0,0.0,0.0,0.0,0.0,0.0,0.0,0.0
92,518000000,odom,base_link,-1.6339458616710574,0.09786778026313912,-0.10350548576829324,-1.760036639560014e-05,0.002642759896984798,1.464351952462038e-06,0.999996507748007,0.0,0.0,0.0,0.0,0.0,0.0,0.0,0.0,0.0,0.0,0.0,0.0,0.0,0.0,0.0,0.0,0.0,0.0,0.0,0.0,0.0,0.0,0.0,0.0,0.0,0.0,0.0,0.0,0.0,0.0,0.0,0.0,0.0,0.0,0.0,0.0,0.0027990579230485666,9.539171990780958e-05,4.4082718389613756e-05,1.8464515888494404e-07,-4.840161444974456e-05,2.4880218330025627e-06,0.0,0.0,0.0,0.0,0.0,0.0,0.0,0.0,0.0,0.0,0.0,0.0,0.0,0.0,0.0,0.0,0.0,0.0,0.0,0.0,0.0,0.0,0.0,0.0,0.0,0.0,0.0,0.0,0.0,0.0,0.0,0.0,0.0,0.0,0.0,0.0
92,552000000,odom,base_link,-1.6338507209187285,0.09787102420426086,-0.10350451034308798,-1.759673594738707e-05,0.0026419500161829644,1.5000402030591164e-06,0.9999965098880179,0.0,0.0,0.0,0.0,0.0,0.0,0.0,0.0,0.0,0.0,0.0,0.0,0.0,0.0,0.0,0.0,0.0,0.0,0.0,0.0,0.0,0.0,0.0,0.0,0.0,0.0,0.0,0.0,0.0,0.0,0.0,0.0,0.0,0.0,0.0,0.0,0.0027975269831763097,9.540518675616382e-05,4.3014183077603735e-05,2.3108188834664034e-07,-4.7391088742188e-05,1.9020783725842705e-06,0.0,0.0,0.0,0.0,0.0,0.0,0.0,0.0,0.0,0.0,0.0,0.0,0.0,0.0,0.0,0.0,0.0,0.0,0.0,0.0,0.0,0.0,0.0,0.0,0.0,0.0,0.0,0.0,0.0,0.0,0.0,0.0,0.0,0.0,0.0,0.0
92,586000000,odom,base_link,-1.6337556324978997,0.09787426858577879,-0.10350354091482684,-1.759353426524298e-05,0.0026411216797661025,1.5328000973518179e-06,0.9999965120761125,0.0,0.0,0.0,0.0,0.0,0.0,0.0,0.0,0.0,0.0,0.0,0.0,0.0,0.0,0.0,0.0,0.0,0.0,0.0,0.0,0.0,0.0,0.0,0.0,0.0,0.0,0.0,0.0,0.0,0.0,0.0,0.0,0.0,0.0,0.0,0.0,0.002795984171584988,9.541754392906277e-05,4.350965927291547e-05,1.7282133363272223e-07,-4.9245147693000035e-05,1.988371511885134e-06,0.0,0.0,0.0,0.0,0.0,0.0,0.0,0.0,0.0,0.0,0.0,0.0,0.0,0.0,0.0,0.0,0.0,0.0,0.0,0.0,0.0,0.0,0.0,0.0,0.0,0.0,0.0,0.0,0.0,0.0,0.0,0.0,0.0,0.0,0.0,0.0
92,620000000,odom,base_link,-1.63366059639192,0.09787751339338265,-0.1035025661116207,-1.7590973892266303e-05,0.0026402901230732725,1.5663649805523031e-06,0.9999965142720099,0.0,0.0,0.0,0.0,0.0,0.0,0.0,0.0,0.0,0.0,0.0,0.0,0.0,0.0,0.0,0.0,0.0,0.0,0.0,0.0,0.0,0.0,0.0,0.0,0.0,0.0,0.0,0.0,0.0,0.0,0.0,0.0,0.0,0.0,0.0,0.0,0.002794448331875241,9.543016134636728e-05,4.328794424759382e-05,1.507014665835804e-07,-4.8300284660740544e-05,1.863303211724343e-06,0.0,0.0,0.0,0.0,0.0,0.0,0.0,0.0,0.0,0.0,0.0,0.0,0.0,0.0,0.0,0.0,0.0,0.0,0.0,0.0,0.0,0.0,0.0,0.0,0.0,0.0,0.0,0.0,0.0,0.0,0.0,0.0,0.0,0.0,0.0,0.0
92,654000000,odom,base_link,-1.6335656125109779,0.09788075864737752,-0.10350162015395471,-1.7588576340983132e-05,0.0026394785912133016,1.5937245539828817e-06,0.9999965164143666,0.0,0.0,0.0,0.0,0.0,0.0,0.0,0.0,0.0,0.0,0.0,0.0,0.0,0.0,0.0,0.0,0.0,0.0,0.0,0.0,0.0,0.0,0.0,0.0,0.0,0.0,0.0,0.0,0.0,0.0,0.0,0.0,0.0,0.0,0.0,0.0,0.0027929179702198127,9.544310486258057e-05,4.211201576634497e-05,1.424415044248839e-07,-4.7630652488805936e-05,1.4952856841610185e-06,0.0,0.0,0.0,0.0,0.0,0.0,0.0,0.0,0.0,0.0,0.0,0.0,0.0,0.0,0.0,0.0,0.0,0.0,0.0,0.0,0.0,0.0,0.0,0.0,0.0,0.0,0.0,0.0,0.0,0.0,0.0,0.0,0.0,0.0,0.0,0.0
92,688000000,odom,base_link,-1.633470680946442,0.09788400431765878,-0.10350067434809798,-1.758634790205481e-05,0.0026386471460961183,1.6231537528253586e-06,0.9999965186086021,0.0,0.0,0.0,0.0,0.0,0.0,0.0,0.0,0.0,0.0,0.0,0.0,0.0,0.0,0.0,0.0,0.0,0.0,0.0,0.0,0.0,0.0,0.0,0.0,0.0,0.0,0.0,0.0,0.0,0.0,0.0,0.0,0.0,0.0,0.0,0.0,0.0027913753561347836,9.545476678732051e-05,4.273200752811527e-05,1.3309730817478993e-07,-4.9250713374249244e-05,1.8707026039344044e-06,0.0,0.0,0.0,0.0,0.0,0.0,0.0,0.0,0.0,0.0,0.0,0.0,0.0,0.0,0.0,0.0,0.0,0.0,0.0,0.0,0.0,0.0,0.0,0.0,0.0,0.0,0.0,0.0,0.0,0.0,0.0,0.0,0.0,0.0,0.0,0.0
92,722000000,odom,base_link,-1.6333758016674733,0.09788725039458678,-0.1034997269497747,-1.7584081248131012e-05,0.002637816739554938,1.6569888066426272e-06,0.999996520799399,0.0,0.0,0.0,0.0,0.0,0.0,0.0,0.0,0.0,0.0,0.0,0.0,0.0,0.0,0.0,0.0,0.0,0.0,0.0,0.0,0.0,0.0,0.0,0.0,0.0,0.0,0.0,0.0,0.0,0.0,0.0,0.0,0.0,0.0,0.0,0.0,0.0027898407488320506,9.546684124716605e-05,4.241938960727292e-05,1.4806279813317502e-07,-4.817874419416057e-05,1.953581918456848e-06,0.0,0.0,0.0,0.0,0.0,0.0,0.0,0.0,0.0,0.0,0.0,0.0,0.0,0.0,0.0,0.0,0.0,0.0,0.0,0.0,0.0,0.0,0.0,0.0,0.0,0.0,0.0,0.0,0.0,0.0,0.0,0.0,0.0,0.0,0.0,0.0
92,756000000,odom,base_link,-1.633280974583931,0.09789049690084116,-0.10349880923110799,-1.7581461845294555e-05,0.0026370081835616196,1.6880208366393762e-06,0.9999965229318962,0.0,0.0,0.0,0.0,0.0,0.0,0.0,0.0,0.0,0.0,0.0,0.0,0.0,0.0,0.0,0.0,0.0,0.0,0.0,0.0,0.0,0.0,0.0,0.0,0.0,0.0,0.0,0.0,0.0,0.0,0.0,0.0,0.0,0.0,0.0,0.0,0.0027883110441167362,9.547930615510405e-05,4.127331227367916e-05,1.6133130387174788e-07,-4.748750406236013e-05,1.776774849471252e-06,0.0,0.0,0.0,0.0,0.0,0.0,0.0,0.0,0.0,0.0,0.0,0.0,0.0,0.0,0.0,0.0,0.0,0.0,0.0,0.0,0.0,0.0,0.0,0.0,0.0,0.0,0.0,0.0,0.0,0.0,0.0,0.0,0.0,0.0,0.0,0.0
92,790000000,odom,base_link,-1.6331861997960682,0.09789374381905418,-0.10349788977775745,-1.757902724251792e-05,0.0026361788434100366,1.7219656115870816e-06,0.9999965251185217,0.0,0.0,0.0,0.0,0.0,0.0,0.0,0.0,0.0,0.0,0.0,0.0,0.0,0.0,0.0,0.0,0.0,0.0,0.0,0.0,0.0,0.0,0.0,0.0,0.0,0.0,0.0,0.0,0.0,0.0,0.0,0.0,0.0,0.0,0.0,0.0,0.0027867689100865827,9.549099037200845e-05,4.191260576107856e-05,1.433807877981863e-07,-4.9111961430980955e-05,2.119359132635168e-06,0.0,0.0,0.0,0.0,0.0,0.0,0.0,0.0,0.0,0.0,0.0,0.0,0.0,0.0,0.0,0.0,0.0,0.0,0.0,0.0,0.0,0.0,0.0,0.0,0.0,0.0,0.0,0.0,0.0,0.0,0.0,0.0,0.0,0.0,0.0,0.0
92,824000000,odom,base_link,-1.63309147725828,0.09789699115106788,-0.1034969678234648,-1.7576639501860242e-05,0.002635353882712989,1.7583764059843425e-06,0.9999965272929116,0.0,0.0,0.0,0.0,0.0,0.0,0.0,0.0,0.0,0.0,0.0,0.0,0.0,0.0,0.0,0.0,0.0,0.0,0.0,0.0,0.0,0.0,0.0,0.0,0.0,0.0,0.0,0.0,0.0,0.0,0.0,0.0,0.0,0.0,0.0,0.0,0.002785235188605594,9.550338777522027e-05,4.166273575996482e-05,1.5219535909327675e-07,-4.783532254748479e-05,2.0286632818056205e-06,0.0,0.0,0.0,0.0,0.0,0.0,0.0,0.0,0.0,0.0,0.0,0.0,0.0,0.0,0.0,0.0,0.0,0.0,0.0,0.0,0.0,0.0,0.0,0.0,0.0,0.0,0.0,0.0,0.0,0.0,0.0,0.0,0.0,0.0,0.0,0.0
92,858000000,odom,base_link,-1.6329968068723175,0.09790023892415994,-0.10349607053863012,-1.757405188471285e-05,0.0026345494193908124,1.7890614741246743e-06,0.9999965294126318,0.0,0.0,0.0,0.0,0.0,0.0,0.0,0.0,0.0,0.0,0.0,0.0,0.0,0.0,0.0,0.0,0.0,0.0,0.0,0.0,0.0,0.0,0.0,0.0,0.0,0.0,0.0,0.0,0.0,0.0,0.0,0.0,0.0,0.0,0.0,0.0,0.002783706200177102,9.551610130252102e-05,4.082882482477256e-05,1.56369894810382e-07,-4.7262244251555785e-05,1.728440934822828e-06,0.0,0.0,0.0,0.0,0.0,0.0,0.0,0.0,0.0,0.0,0.0,0.0,0.0,0.0,0.0,0.0,0.0,0.0,0.0,0.0,0.0,0.0,0.0,0.0,0.0,0.0,0.0,0.0,0.0,0.0,0.0,0.0,0.0,0.0,0.0,0.0
92,892000000,odom,base_link,-1.6329021887100617,0.0979034871124508,-0.10349516117369481,-1.7571692854938676e-05,0.0026337224271710045,1.8217972172490216e-06,0.9999965315910316,0.0,0.0,0.0,0.0,0.0,0.0,0.0,0.0,0.0,0.0,0.0,0.0,0.0,0.0,0.0,0.0,0.0,0.0,0.0,0.0,0.0,0.0,0.0,0.0,0.0,0.0,0.0,0.0,0.0,0.0,0.0,0.0,0.0,0.0,0.0,0.0,0.0027821642268172544,9.552783440285236e-05,4.1595315569422275e-05,1.391522494453845e-07,-4.89825687566281e-05,2.0303547731970184e-06,0.0,0.0,0.0,0.0,0.0,0.0,0.0,0.0,0.0,0.0,0.0,0.0,0.0,0.0,0.0,0.0,0.0,0.0,0.0,0.0,0.0,0.0,0.0,0.0,0.0,0.0,0.0,0.0,0.0,0.0,0.0,0.0,0.0,0.0,0.0,0.0
92,926000000,odom,base_link,-1.632807622766005,0.09790673571759088,-0.10349424680398242,-1.756932536333053e-05,0.0026329018263699724,1.855829166474484e-06,0.9999965337519162,0.0,0.0,0.0,0.0,0.0,0.0,0.0,0.0,0.0,0.0,0.0,0.0,0.0,0.0,0.0,0.0,0.0,0.0,0.0,0.0,0.0,0.0,0.0,0.0,0.0,0.0,0.0,0.0,0.0,0.0,0.0,0.0,0.0,0.0,0.0,0.0,0.0027806310653738,9.554029909927119e-05,4.143113433986792e-05,1.514087313858603e-07,-4.760598031339214e-05,1.8851558758470333e-06,0.0,0.0,0.0,0.0,0.0,0.0,0.0,0.0,0.0,0.0,0.0,0.0,0.0,0.0,0.0,0.0,0.0,0.0,0.0,0.0,0.0,0.0,0.0,0.0,0.0,0.0,0.0,0.0,0.0,0.0,0.0,0.0,0.0,0.0,0.0,0.0
92,960000000,odom,base_link,-1.6327131089722968,0.09790998476027638,-0.10349335563320086,-1.7566745700481518e-05,0.0026320990157624427,1.8844849887054595e-06,0.9999965358653146,0.0,0.0,0.0,0.0,0.0,0.0,0.0,0.0,0.0,0.0,0.0,0.0,0.0,0.0,0.0,0.0,0.0,0.0,0.0,0.0,0.0,0.0,0.0,0.0,0.0,0.0,0.0,0.0,0.0,0.0,0.0,0.0,0.0,0.0,0.0,0.0,0.002779100877651701,9.555289122175186e-05,4.055939967625596e-05,1.556012291237252e-07,-4.733135519074949e-05,1.6193041463274938e-06,0.0,0.0,0.0,0.0,0.0,0.0,0.0,0.0,0.0,0.0,0.0,0.0,0.0,0.0,0.0,0.0,0.0,0.0,0.0,0.0,0.0,0.0,0.0,0.0,0.0,0.0,0.0,0.0,0.0,0.0,0.0,0.0,0.0,0.0,0.0,0.0
92,994000000,odom,base_link,-1.632618647440612,0.09791323421254863,-0.10349245254415565,-1.7564404599596404e-05,0.0026312717583434108,1.916065509655673e-06,0.9999965380423845,0.0,0.0,0.0,0.0,0.0,0.0,0.0,0.0,0.0,0.0,0.0,0.0,0.0,0.0,0.0,0.0,0.0,0.0,0.0,0.0,0.0,0.0,0.0,0.0,0.0,0.0,0.0,0.0,0.0,0.0,0.0,0.0,0.0,0.0,0.0,0.0,0.0027775587178095287,9.556444564082368e-05,4.14114028033546e-05,1.37760849949764e-07,-4.89699296224444e-05,1.98441196808119e-06,0.0,0.0,0.0,0.0,0.0,0.0,0.0,0.0,0.0,0.0,0.0,0.0,0.0,0.0,0.0,0.0,0.0,0.0,0.0,0.0,0.0,0.0,0.0,0.0,0.0,0.0,0.0,0.0,0.0,0.0,0.0,0.0,0.0,0.0,0.0,0.0
